-- phpMyAdmin SQL Dump
-- version 4.3.11
-- http://www.phpmyadmin.net
--
-- Host: 127.0.0.1
-- Generation Time: Oct 01, 2017 at 05:25 AM
-- Server version: 5.6.24
-- PHP Version: 5.6.8

SET SQL_MODE = "NO_AUTO_VALUE_ON_ZERO";
SET time_zone = "+00:00";


/*!40101 SET @OLD_CHARACTER_SET_CLIENT=@@CHARACTER_SET_CLIENT */;
/*!40101 SET @OLD_CHARACTER_SET_RESULTS=@@CHARACTER_SET_RESULTS */;
/*!40101 SET @OLD_COLLATION_CONNECTION=@@COLLATION_CONNECTION */;
/*!40101 SET NAMES utf8 */;

--
-- Database: `akademik`
--

-- --------------------------------------------------------

--
-- Table structure for table `akademik_jadwal_kuliah`
--

CREATE TABLE IF NOT EXISTS `akademik_jadwal_kuliah` (
  `jadwal_id` int(11) NOT NULL,
  `tahun_akademik_id` int(11) NOT NULL,
  `konsentrasi_id` int(11) NOT NULL,
  `makul_id` int(11) NOT NULL,
  `hari_id` int(11) NOT NULL,
  `waktu_id` int(11) NOT NULL,
  `ruangan_id` int(11) NOT NULL,
  `dosen_id` int(11) NOT NULL,
  `semester` int(11) NOT NULL,
  `jam_mulai` varchar(9) NOT NULL,
  `jam_selesai` varchar(9) NOT NULL
) ENGINE=InnoDB AUTO_INCREMENT=109 DEFAULT CHARSET=latin1;

--
-- Dumping data for table `akademik_jadwal_kuliah`
--

INSERT INTO `akademik_jadwal_kuliah` (`jadwal_id`, `tahun_akademik_id`, `konsentrasi_id`, `makul_id`, `hari_id`, `waktu_id`, `ruangan_id`, `dosen_id`, `semester`, `jam_mulai`, `jam_selesai`) VALUES
(73, 1, 3, 1, 3, 0, 5, 11, 1, '08:00', '11:20'),
(74, 1, 3, 2, 1, 0, 5, 25, 1, '11:21', '14:41'),
(75, 1, 3, 3, 3, 0, 0, 19, 1, '08:00', '11:20'),
(76, 1, 3, 4, 1, 0, 1, 17, 1, '13:00', '16:20'),
(77, 1, 3, 5, 0, 0, 0, 7, 1, '', ''),
(78, 1, 3, 6, 0, 0, 0, 12, 1, '', ''),
(79, 1, 3, 7, 0, 0, 0, 0, 2, '', ''),
(80, 1, 3, 8, 0, 0, 0, 0, 2, '', ''),
(81, 1, 3, 9, 0, 0, 0, 0, 2, '', ''),
(82, 1, 3, 10, 0, 0, 0, 0, 2, '', ''),
(83, 1, 3, 11, 0, 0, 0, 0, 2, '', ''),
(84, 1, 3, 12, 0, 0, 0, 0, 2, '', ''),
(85, 1, 3, 13, 0, 0, 0, 1, 3, '', ''),
(86, 1, 3, 14, 0, 0, 0, 5, 3, '', ''),
(87, 1, 3, 15, 0, 0, 0, 18, 3, '', ''),
(88, 1, 3, 16, 0, 0, 0, 26, 3, '', ''),
(89, 1, 3, 17, 0, 0, 0, 21, 3, '', ''),
(90, 1, 3, 18, 0, 0, 0, 18, 3, '', ''),
(91, 1, 3, 19, 0, 0, 0, 0, 4, '', ''),
(92, 1, 3, 20, 0, 0, 0, 0, 4, '', ''),
(93, 1, 3, 21, 0, 0, 0, 0, 4, '', ''),
(94, 1, 3, 22, 0, 0, 0, 0, 4, '', ''),
(95, 1, 3, 23, 0, 0, 0, 0, 4, '', ''),
(96, 1, 3, 24, 0, 0, 0, 0, 4, '', ''),
(97, 1, 3, 25, 0, 0, 0, 0, 5, '', ''),
(98, 1, 3, 26, 0, 0, 0, 0, 5, '', ''),
(99, 1, 3, 27, 0, 0, 0, 0, 5, '', ''),
(100, 1, 3, 28, 0, 0, 0, 0, 5, '', ''),
(101, 1, 3, 29, 0, 0, 0, 0, 5, '', ''),
(102, 1, 3, 30, 0, 0, 0, 0, 5, '', ''),
(103, 1, 3, 31, 0, 0, 0, 0, 6, '', ''),
(104, 1, 3, 32, 0, 0, 0, 0, 6, '', ''),
(105, 1, 3, 33, 0, 0, 0, 0, 6, '', ''),
(106, 1, 3, 34, 0, 0, 0, 0, 6, '', ''),
(107, 1, 3, 35, 0, 0, 0, 0, 6, '', ''),
(108, 1, 3, 36, 0, 0, 0, 0, 6, '', '');

-- --------------------------------------------------------

--
-- Table structure for table `akademik_khs`
--

CREATE TABLE IF NOT EXISTS `akademik_khs` (
  `khs_id` int(11) NOT NULL,
  `krs_id` int(11) NOT NULL,
  `mutu` int(11) NOT NULL,
  `kehadiran` int(11) NOT NULL,
  `tugas` int(11) NOT NULL,
  `grade` varchar(1) NOT NULL,
  `confirm` int(11) NOT NULL COMMENT '1=ya 2=tidak'
) ENGINE=InnoDB AUTO_INCREMENT=162 DEFAULT CHARSET=latin1;

--
-- Dumping data for table `akademik_khs`
--

INSERT INTO `akademik_khs` (`khs_id`, `krs_id`, `mutu`, `kehadiran`, `tugas`, `grade`, `confirm`) VALUES
(1, 1, 0, 0, 0, '', 2),
(2, 2, 0, 0, 0, '', 2),
(3, 3, 0, 0, 0, '', 2),
(4, 4, 0, 0, 0, '', 2),
(5, 5, 0, 0, 0, '', 2),
(6, 6, 0, 0, 0, '', 2),
(7, 7, 0, 0, 0, '', 1),
(8, 8, 0, 0, 0, '', 2),
(9, 9, 0, 0, 0, '', 2),
(10, 10, 0, 0, 0, '', 2),
(11, 11, 0, 0, 0, '', 2),
(12, 12, 0, 0, 0, '', 2),
(13, 13, 0, 0, 0, '', 2),
(14, 14, 0, 0, 0, '', 2),
(15, 15, 0, 0, 0, '', 2),
(16, 16, 0, 0, 0, '', 2),
(17, 17, 0, 0, 0, '', 2),
(18, 18, 0, 0, 0, '', 2),
(21, 21, 0, 0, 0, '', 2),
(22, 22, 0, 0, 0, '', 2),
(23, 23, 0, 0, 0, '', 2),
(24, 24, 0, 0, 0, '', 2),
(25, 25, 0, 0, 0, '', 2),
(26, 26, 0, 0, 0, '', 2),
(27, 27, 0, 0, 0, '', 2),
(28, 28, 0, 0, 0, '', 2),
(29, 29, 0, 0, 0, '', 2),
(30, 30, 0, 0, 0, '', 2),
(31, 31, 0, 0, 0, '', 2),
(32, 32, 0, 0, 0, '', 2),
(33, 33, 0, 0, 0, '', 2),
(34, 34, 0, 0, 0, '', 2),
(35, 35, 0, 0, 0, '', 2),
(36, 36, 0, 0, 0, '', 2),
(37, 37, 0, 0, 0, '', 2),
(38, 38, 0, 0, 0, '', 2),
(39, 39, 0, 0, 0, '', 2),
(40, 40, 0, 0, 0, '', 2),
(41, 41, 0, 0, 0, '', 2),
(42, 42, 0, 0, 0, '', 2),
(43, 43, 0, 0, 0, '', 2),
(44, 44, 0, 0, 0, '', 2),
(45, 45, 0, 0, 0, '', 2),
(46, 46, 0, 0, 0, '', 2),
(47, 47, 0, 0, 0, '', 2),
(48, 48, 0, 0, 0, '', 2),
(49, 49, 0, 0, 0, '', 2),
(50, 50, 0, 0, 0, '', 2),
(51, 51, 0, 0, 0, '', 2),
(52, 52, 0, 0, 0, '', 2),
(53, 53, 0, 0, 0, '', 2),
(54, 54, 0, 0, 0, '', 2),
(55, 55, 0, 0, 0, '', 2),
(56, 56, 0, 0, 0, '', 2),
(57, 57, 0, 0, 0, '', 2),
(58, 58, 0, 0, 0, '', 2),
(59, 59, 0, 0, 0, '', 2),
(60, 60, 0, 0, 0, '', 2),
(61, 61, 0, 0, 0, '', 2),
(62, 62, 0, 0, 0, '', 2),
(63, 63, 0, 0, 0, '', 2),
(64, 64, 0, 0, 0, '', 2),
(65, 65, 0, 0, 0, '', 2),
(66, 66, 0, 0, 0, '', 2),
(67, 67, 0, 0, 0, '', 2),
(68, 68, 0, 0, 0, '', 2),
(69, 69, 0, 0, 0, '', 2),
(70, 70, 0, 0, 0, '', 2),
(71, 71, 0, 0, 0, '', 2),
(72, 72, 0, 0, 0, '', 2),
(73, 73, 0, 0, 0, '', 2),
(74, 74, 0, 0, 0, '', 2),
(75, 75, 0, 0, 0, '', 2),
(76, 76, 0, 0, 0, '', 2),
(77, 77, 0, 0, 0, '', 2),
(78, 78, 0, 0, 0, '', 2),
(79, 79, 0, 0, 0, '', 2),
(80, 80, 0, 0, 0, '', 2),
(81, 81, 0, 0, 0, '', 2),
(82, 82, 0, 0, 0, '', 2),
(83, 83, 0, 0, 0, '', 2),
(84, 84, 0, 0, 0, '', 2),
(85, 85, 0, 0, 0, '', 2),
(86, 86, 0, 0, 0, '', 2),
(87, 87, 0, 0, 0, '', 2),
(88, 88, 0, 0, 0, '', 2),
(89, 89, 0, 0, 0, '', 2),
(90, 90, 0, 0, 0, '', 2),
(91, 91, 0, 0, 0, '', 2),
(92, 92, 0, 0, 0, '', 2),
(93, 93, 0, 0, 0, '', 2),
(94, 94, 0, 0, 0, '', 2),
(95, 95, 0, 0, 0, '', 2),
(96, 96, 0, 0, 0, '', 2),
(97, 97, 0, 0, 0, '', 2),
(98, 98, 0, 0, 0, '', 2),
(100, 100, 0, 0, 0, '', 1),
(102, 102, 0, 0, 0, '', 1),
(103, 103, 0, 0, 0, '', 1),
(104, 104, 0, 0, 0, '', 1),
(105, 105, 6, 6, 6, 'D', 2),
(106, 106, 0, 0, 0, '', 2),
(107, 107, 0, 0, 0, '', 2),
(108, 108, 0, 0, 0, '', 2),
(109, 109, 0, 0, 0, '', 2),
(110, 110, 0, 0, 0, '', 2),
(111, 111, 0, 0, 0, '', 2),
(112, 112, 0, 0, 0, '', 2),
(113, 113, 0, 0, 0, '', 2),
(114, 114, 0, 0, 0, '', 2),
(115, 115, 0, 0, 0, '', 2),
(116, 116, 0, 0, 0, '', 2),
(117, 117, 0, 0, 0, '', 2),
(118, 118, 0, 0, 0, '', 2),
(119, 119, 0, 0, 0, '', 2),
(120, 120, 0, 0, 0, '', 2),
(121, 121, 0, 0, 0, '', 2),
(122, 122, 0, 0, 0, '', 2),
(123, 123, 0, 0, 0, '', 1),
(124, 124, 0, 0, 0, '', 2),
(125, 125, 0, 0, 0, '', 2),
(126, 126, 0, 0, 0, '', 2),
(127, 127, 0, 0, 0, '', 2),
(128, 128, 0, 0, 0, '', 2),
(129, 129, 0, 0, 0, '', 2),
(130, 130, 0, 0, 0, '', 2),
(131, 131, 0, 0, 0, '', 2),
(132, 132, 0, 0, 0, '', 2),
(133, 133, 0, 0, 0, '', 2),
(134, 134, 0, 0, 0, '', 2),
(135, 135, 0, 0, 0, '', 2),
(136, 136, 0, 0, 0, '', 2),
(137, 137, 0, 0, 0, '', 2),
(138, 138, 0, 0, 0, '', 2),
(139, 139, 0, 0, 0, '', 2),
(140, 140, 0, 0, 0, '', 2),
(141, 141, 0, 0, 0, '', 2),
(142, 142, 0, 0, 0, '', 2),
(143, 143, 0, 0, 0, '', 2),
(144, 144, 0, 0, 0, '', 2),
(145, 145, 0, 0, 0, '', 2),
(146, 146, 0, 0, 0, '', 2),
(147, 147, 0, 0, 0, '', 2),
(148, 148, 0, 0, 0, '', 2),
(149, 149, 0, 0, 0, '', 2),
(150, 150, 0, 0, 0, '', 2),
(151, 151, 0, 0, 0, '', 2),
(152, 152, 0, 0, 0, '', 2),
(153, 153, 0, 0, 0, '', 2),
(154, 154, 0, 0, 0, '', 2),
(155, 155, 0, 0, 0, '', 2),
(156, 156, 0, 0, 0, '', 2),
(157, 157, 0, 0, 0, '', 2),
(158, 158, 0, 0, 0, '', 2),
(159, 159, 0, 0, 0, '', 2),
(160, 160, 0, 0, 0, '', 2),
(161, 161, 0, 0, 0, '', 2);

-- --------------------------------------------------------

--
-- Table structure for table `akademik_konsentrasi`
--

CREATE TABLE IF NOT EXISTS `akademik_konsentrasi` (
  `konsentrasi_id` int(11) NOT NULL,
  `nama_konsentrasi` varchar(100) NOT NULL,
  `ketua` varchar(50) NOT NULL,
  `jenjang` varchar(3) NOT NULL COMMENT '1=D1,2=D2,3=D3,4=D4',
  `jml_semester` int(11) NOT NULL,
  `kode_nomor` varchar(20) NOT NULL,
  `gelar` varchar(40) NOT NULL,
  `prodi_id` int(11) NOT NULL
) ENGINE=InnoDB AUTO_INCREMENT=18 DEFAULT CHARSET=latin1;

--
-- Dumping data for table `akademik_konsentrasi`
--

INSERT INTO `akademik_konsentrasi` (`konsentrasi_id`, `nama_konsentrasi`, `ketua`, `jenjang`, `jml_semester`, `kode_nomor`, `gelar`, `prodi_id`) VALUES
(1, 'teknik inormatika', 'sample text', 'd4', 8, '23323232', 'd4', 6),
(2, 'multimedia', 'hasan sadikin', 'd4', 5, 'dsdsd', 'sst', 1),
(3, 'teknik mesin produksi', 'sample text', 'd3', 6, '', 'D4', 2),
(4, 'rekamedik dan infokes', 'sample text', 'd4', 8, '', 'sst', 6),
(5, 'teknik sipil', '', 'd3', 6, '', '', 3),
(6, 'teknik kontruksi bangunan', '', 'd4', 8, '', '', 7),
(7, 'teknik komputer', '', 'd3', 6, '', '', 15),
(8, 'mekatronika', '', 'd4', 8, '', '', 8),
(9, 'mekanik industri & desain', '', 'd4', 8, '', '', 8),
(10, 'alamat berat', '', 'd3', 6, '', '', 4),
(11, 'teknik otomotif', '', 'd3', 6, '', '', 9),
(12, 'teknik otomasi', '', 'd4', 8, '', '', 14),
(13, 'teknik otomasi industri', '', 'd4', 8, '', '', 13),
(14, 'analisis kesehatan', '', 'd3', 6, '', '', 12),
(15, 'perpajakan', '', 'd3', 6, '', '', 5),
(16, 'komputerisasi akutansi', '', 'd4', 8, '', '', 10),
(17, 'rekamedik dan infokes', '', 'd3', 6, '', '', 11);

-- --------------------------------------------------------

--
-- Table structure for table `akademik_krs`
--

CREATE TABLE IF NOT EXISTS `akademik_krs` (
  `krs_id` int(11) NOT NULL,
  `nim` varchar(10) NOT NULL,
  `jadwal_id` int(11) NOT NULL,
  `semester` int(11) NOT NULL COMMENT 'semester mahasiswa waktu pengambilan krs'
) ENGINE=InnoDB AUTO_INCREMENT=162 DEFAULT CHARSET=latin1;

--
-- Dumping data for table `akademik_krs`
--

INSERT INTO `akademik_krs` (`krs_id`, `nim`, `jadwal_id`, `semester`) VALUES
(7, 'ti102134', 7, 2),
(8, 'ti102134', 8, 2),
(9, 'ti102134', 9, 2),
(10, 'ti102134', 10, 2),
(11, 'ti102134', 11, 2),
(12, 'ti102134', 12, 2),
(13, 'KA131002', 7, 2),
(14, 'KA131002', 8, 2),
(15, 'KA131002', 9, 2),
(16, 'KA131002', 10, 2),
(17, 'KA131002', 11, 2),
(18, 'KA131002', 12, 2),
(21, 'KA131003', 7, 2),
(22, 'KA131003', 8, 2),
(23, 'KA131003', 9, 2),
(24, 'KA131003', 10, 2),
(25, 'KA131003', 11, 2),
(26, 'KA131003', 12, 2),
(27, 'KA131004', 7, 2),
(28, 'KA131004', 8, 2),
(29, 'KA131004', 9, 2),
(30, 'KA131004', 10, 2),
(31, 'KA131004', 11, 2),
(32, 'KA131004', 12, 2),
(33, 'KA131005', 7, 2),
(34, 'KA131005', 8, 2),
(35, 'KA131005', 9, 2),
(36, 'KA131005', 10, 2),
(37, 'KA131005', 11, 2),
(38, 'KA131005', 12, 2),
(39, 'KA131006', 7, 2),
(40, 'KA131006', 8, 2),
(41, 'KA131006', 9, 2),
(42, 'KA131006', 10, 2),
(43, 'KA131006', 11, 2),
(44, 'KA131006', 12, 2),
(45, 'KA131007', 7, 2),
(46, 'KA131007', 8, 2),
(47, 'KA131007', 9, 2),
(48, 'KA131007', 10, 2),
(49, 'KA131007', 11, 2),
(50, 'KA131007', 12, 2),
(51, 'KA131008', 7, 2),
(52, 'KA131008', 8, 2),
(53, 'KA131008', 9, 2),
(54, 'KA131008', 10, 2),
(55, 'KA131008', 11, 2),
(56, 'KA131008', 12, 2),
(57, 'KA131010', 7, 2),
(58, 'KA131010', 8, 2),
(59, 'KA131010', 9, 2),
(60, 'KA131010', 10, 2),
(61, 'KA131010', 11, 2),
(62, 'KA131010', 12, 2),
(63, 'KA131009', 7, 2),
(64, 'KA131009', 8, 2),
(65, 'KA131009', 9, 2),
(66, 'KA131009', 10, 2),
(67, 'KA131009', 11, 2),
(68, 'KA131009', 12, 2),
(69, 'KA131011', 7, 2),
(70, 'KA131011', 8, 2),
(71, 'KA131011', 9, 2),
(72, 'KA131011', 10, 2),
(73, 'KA131011', 11, 2),
(74, 'KA131011', 12, 2),
(75, 'KA131012', 7, 2),
(76, 'KA131012', 8, 2),
(77, 'KA131012', 9, 2),
(78, 'KA131012', 10, 2),
(79, 'KA131012', 11, 2),
(80, 'KA131012', 12, 2),
(81, 'KA131003', 13, 3),
(82, 'KA131003', 14, 3),
(83, 'KA131003', 15, 3),
(84, 'KA131003', 16, 3),
(85, 'KA131003', 17, 3),
(86, 'KA131003', 18, 3),
(87, 'KA131003', 19, 4),
(88, 'KA131003', 20, 4),
(89, 'KA131003', 21, 4),
(90, 'KA131003', 22, 4),
(91, 'KA131003', 23, 4),
(92, 'KA131003', 24, 4),
(93, 'KA131003', 25, 5),
(94, 'KA131003', 26, 5),
(95, 'KA131003', 27, 5),
(96, 'KA131003', 28, 5),
(97, 'KA131003', 29, 5),
(98, 'KA131003', 30, 5),
(100, 'ti102134', 86, 3),
(102, 'ti102134', 88, 3),
(103, 'ti102134', 89, 3),
(104, 'ti102134', 90, 3),
(105, 'KA131002', 85, 3),
(106, 'KA131002', 86, 3),
(107, 'KA131002', 87, 3),
(108, 'KA131002', 88, 3),
(109, 'KA131002', 89, 3),
(110, 'KA131002', 90, 3),
(111, 'KA131003', 103, 6),
(112, 'KA131003', 104, 6),
(113, 'KA131003', 105, 6),
(114, 'KA131003', 106, 6),
(115, 'KA131003', 107, 6),
(116, 'KA131003', 108, 6),
(117, 'KA131004', 85, 3),
(118, 'KA131004', 86, 3),
(119, 'KA131004', 87, 3),
(120, 'KA131004', 88, 3),
(121, 'KA131004', 89, 3),
(122, 'KA131004', 90, 3),
(123, 'ti102134', 76, 3),
(124, 'KA131005', 85, 3),
(125, 'KA131005', 86, 3),
(126, 'KA131005', 87, 3),
(127, 'KA131005', 88, 3),
(128, 'KA131005', 89, 3),
(129, 'KA131005', 90, 3),
(130, 'ti102134', 75, 3),
(131, 'KA131006', 85, 3),
(132, 'KA131006', 86, 3),
(133, 'KA131006', 87, 3),
(134, 'KA131006', 88, 3),
(135, 'KA131006', 89, 3),
(136, 'KA131006', 90, 3),
(137, 'ti102134', 91, 4),
(138, 'ti102134', 92, 4),
(139, 'ti102134', 93, 4),
(140, 'ti102134', 94, 4),
(141, 'ti102134', 95, 4),
(142, 'ti102134', 96, 4),
(143, 'KA131006', 91, 4),
(144, 'KA131006', 92, 4),
(145, 'KA131006', 93, 4),
(146, 'KA131006', 94, 4),
(147, 'KA131006', 95, 4),
(148, 'KA131006', 96, 4),
(149, 'ti102134', 97, 5),
(150, 'ti102134', 98, 5),
(151, 'ti102134', 99, 5),
(152, 'ti102134', 100, 5),
(153, 'ti102134', 101, 5),
(154, 'ti102134', 102, 5),
(155, 'KA131002', 91, 4),
(156, 'KA131002', 92, 4),
(157, 'KA131002', 93, 4),
(158, 'KA131002', 94, 4),
(159, 'KA131002', 95, 4),
(160, 'KA131002', 96, 4),
(161, 'ti102134', 79, 5);

-- --------------------------------------------------------

--
-- Table structure for table `akademik_prodi`
--

CREATE TABLE IF NOT EXISTS `akademik_prodi` (
  `prodi_id` int(11) NOT NULL,
  `nama_prodi` varchar(100) NOT NULL,
  `ketua` varchar(70) NOT NULL,
  `no_izin` varchar(40) NOT NULL,
  `status` int(11) NOT NULL COMMENT '1=aktif ,2=g aktif'
) ENGINE=InnoDB AUTO_INCREMENT=16 DEFAULT CHARSET=latin1;

--
-- Dumping data for table `akademik_prodi`
--

INSERT INTO `akademik_prodi` (`prodi_id`, `nama_prodi`, `ketua`, `no_izin`, `status`) VALUES
(2, 'teknik mesin', 'sample text', '1169/D/T/2008', 2),
(3, 'teknik sipil', '', '', 2),
(4, 'teknik otomotif', '', '', 2),
(5, 'akutansi', '', '', 2),
(6, 'teknik informatika', '', '', 2),
(7, 'teknik kontruksi bangunan', '', '', 2),
(8, 'mekanik industri dan desain', '', '', 2),
(9, 'mesin otomotif', '', '', 2),
(10, 'komputerisasi akutansi', '', '', 2),
(11, 'rekamedis dan infokes', '', '', 2),
(12, 'teknik kimia', '', '', 2),
(13, 'teknik otomasi', '', '', 2),
(14, 'teknik elektro', '', '', 2),
(15, 'teknik komputer', '', '', 2);

-- --------------------------------------------------------

--
-- Table structure for table `akademik_registrasi`
--

CREATE TABLE IF NOT EXISTS `akademik_registrasi` (
  `registrasi_id` int(11) NOT NULL,
  `nim` varchar(10) NOT NULL,
  `tanggal_registrasi` datetime NOT NULL,
  `tahun_akademik_id` int(11) NOT NULL,
  `semester` int(11) NOT NULL
) ENGINE=InnoDB AUTO_INCREMENT=26 DEFAULT CHARSET=latin1;

--
-- Dumping data for table `akademik_registrasi`
--

INSERT INTO `akademik_registrasi` (`registrasi_id`, `nim`, `tanggal_registrasi`, `tahun_akademik_id`, `semester`) VALUES
(18, 'KA131002', '2014-07-21 08:12:15', 1, 3),
(19, 'KA131003', '2014-07-21 08:12:16', 1, 6),
(20, 'KA131004', '2014-07-21 11:51:59', 1, 3),
(21, 'KA131005', '2014-09-05 17:01:43', 1, 3),
(22, 'ti102134', '2014-09-08 16:33:19', 1, 4),
(23, 'KA131006', '2014-09-08 16:33:35', 1, 4),
(24, 'ti102134', '2014-09-08 17:09:26', 6, 5),
(25, 'KA131002', '2014-09-08 17:12:59', 6, 4);

-- --------------------------------------------------------

--
-- Table structure for table `akademik_tahun_akademik`
--

CREATE TABLE IF NOT EXISTS `akademik_tahun_akademik` (
  `tahun_akademik_id` int(11) NOT NULL,
  `keterangan` varchar(15) NOT NULL,
  `batas_registrasi` date NOT NULL,
  `status` enum('n','y') NOT NULL,
  `tahun` int(11) NOT NULL
) ENGINE=InnoDB AUTO_INCREMENT=7 DEFAULT CHARSET=latin1;

--
-- Dumping data for table `akademik_tahun_akademik`
--

INSERT INTO `akademik_tahun_akademik` (`tahun_akademik_id`, `keterangan`, `batas_registrasi`, `status`, `tahun`) VALUES
(1, '20141', '2014-09-06', 'n', 2014),
(6, '20142', '2014-09-25', 'y', 0);

-- --------------------------------------------------------

--
-- Table structure for table `akademik_waktu_kuliah`
--

CREATE TABLE IF NOT EXISTS `akademik_waktu_kuliah` (
  `waktu_id` int(11) NOT NULL,
  `keterangan` varchar(20) NOT NULL
) ENGINE=InnoDB DEFAULT CHARSET=latin1;

-- --------------------------------------------------------

--
-- Table structure for table `app_agama`
--

CREATE TABLE IF NOT EXISTS `app_agama` (
  `agama_id` int(11) NOT NULL,
  `keterangan` varchar(15) COLLATE utf8_bin DEFAULT NULL
) ENGINE=MyISAM DEFAULT CHARSET=utf8 COLLATE=utf8_bin;

--
-- Dumping data for table `app_agama`
--

INSERT INTO `app_agama` (`agama_id`, `keterangan`) VALUES
(1, 'Islam'),
(2, 'Kristen'),
(3, 'Katolik'),
(4, 'Budha'),
(5, 'Hindu'),
(6, 'Kepercayaan');

-- --------------------------------------------------------

--
-- Table structure for table `app_dosen`
--

CREATE TABLE IF NOT EXISTS `app_dosen` (
  `dosen_id` int(11) NOT NULL,
  `nama_lengkap` varchar(70) NOT NULL,
  `nidn` varchar(20) NOT NULL,
  `nip` varchar(22) NOT NULL,
  `no_ktp` varchar(20) NOT NULL,
  `tempat_lahir` varchar(30) NOT NULL,
  `tanggal_lahir` date NOT NULL,
  `gender` enum('1','2') NOT NULL,
  `agama_id` int(1) NOT NULL,
  `status_kawin` int(1) NOT NULL COMMENT '1=kawin ,2=belum kawin',
  `gelar_pendidikan` varchar(10) NOT NULL,
  `alamat` text NOT NULL,
  `hp` varchar(12) NOT NULL,
  `email` varchar(40) NOT NULL,
  `prodi_id` int(11) NOT NULL
) ENGINE=InnoDB AUTO_INCREMENT=34 DEFAULT CHARSET=latin1;

--
-- Dumping data for table `app_dosen`
--

INSERT INTO `app_dosen` (`dosen_id`, `nama_lengkap`, `nidn`, `nip`, `no_ktp`, `tempat_lahir`, `tanggal_lahir`, `gender`, `agama_id`, `status_kawin`, `gelar_pendidikan`, `alamat`, `hp`, `email`, `prodi_id`) VALUES
(0, 'not set', '', '', '', '', '0000-00-00', '', 0, 0, '', '', '', '', 6),
(1, 'nuris akbar sst', '748343', '196105041987032002', '43434', 'langsa', '2014-03-06', '1', 1, 1, 'sst', 'dsdsd', '081212123454', 'nu@gmail.com', 6),
(6, 'Dr. Ciek Juliati Hisyam, MM.,M.Si', '', '196204121987032001', '', '', '0000-00-00', '1', 1, 1, '', '', '089690987654', 'saidatunnafsiah@gmail.com', 6),
(7, 'Dr. Etin Solihatin, M.Pd.', '', '196601011989032003', '', '', '0000-00-00', '1', 1, 1, '', '', '089690987654', 'sampleemail@gmail.com', 6),
(8, 'Alex Iskandar, Drs.,M.Pd.', '0423085601', '', '', '', '0000-00-00', '1', 0, 0, '', '', '', '', 6),
(11, 'Indra Hermawan, SE.', '0403077902', '', '', '', '0000-00-00', '1', 0, 0, '', '', '', '', 6),
(17, 'Anton Gultom, SST.,M.Pd.', '0420075701', '', '', '', '0000-00-00', '1', 0, 0, '', '', '', '', 6),
(18, 'Berayan Munthe, MT.', '0426055402', '', '', '', '0000-00-00', '1', 0, 0, '', '', '', '', 6),
(19, 'Rahmat Kuswandy, Drs.', '0412034601', '', '', '', '0000-00-00', '1', 0, 0, '', '', '', '', 6),
(20, 'Chrestian Maxi Adri Mamesah', '0424035101', '', '', '', '0000-00-00', '1', 0, 0, '', '', '', '', 6),
(21, 'Ahadiat, SST.,M.Pd.', '0423065703', '', '', '', '0000-00-00', '1', 0, 0, '', '', '', '', 6),
(22, 'Rahmat Gunawan, SST.,M.Pd.', '0416056602', '', '', '', '0000-00-00', '1', 0, 0, '', '', '', '', 6),
(23, 'Hernawati, M.Si.', '0403027206', '', '', '', '0000-00-00', '1', 0, 0, '', '', '', '', 6),
(24, 'Darsono, M.T.', '0413016101', '', '', '', '0000-00-00', '1', 0, 0, '', '', '', '', 6),
(25, 'Sutandi, M.Pd.', '0402037305', '', '', '', '0000-00-00', '1', 0, 0, '', '', '', '', 6),
(26, 'Sueb, Drs.,M.Si.,M.Pd.', '0025035803', '', '', '', '0000-00-00', '1', 0, 0, '', '', '', '', 6),
(27, 'Theresia Florens Meliala, SST.,M.Pd.', '0419108101', '', '', '', '0000-00-00', '1', 0, 0, '', '', '', '', 6),
(28, 'Dini Arianti, ST.', '0401097702', '', '', '', '0000-00-00', '1', 0, 0, '', '', '', '', 6),
(29, 'Dadan Saeful Ramdhan, SST', '', '', '', '', '0000-00-00', '1', 0, 0, '', '', '', '', 6),
(30, 'Ganar Afin Nendriyawan, SST', '', '', '', '', '0000-00-00', '1', 0, 0, '', '', '', '', 6),
(31, 'Dian Rosdiana, SST', '', '', '', '', '0000-00-00', '1', 0, 0, '', '', '', '', 6),
(32, 'Riri Damayanti Apnena, SST', '', '', '', '', '0000-00-00', '1', 0, 0, '', '', '', '', 6),
(33, 'sample dosen', '2323', '444444', '', 'langsa', '2014-08-23', '1', 1, 1, '', 'sample alamat', '085654987654', 'nuris.akbar@gmail.com', 0);

-- --------------------------------------------------------

--
-- Table structure for table `app_gedung`
--

CREATE TABLE IF NOT EXISTS `app_gedung` (
  `gedung_id` int(11) NOT NULL,
  `nama_gedung` varchar(50) NOT NULL
) ENGINE=InnoDB AUTO_INCREMENT=5 DEFAULT CHARSET=latin1;

--
-- Dumping data for table `app_gedung`
--

INSERT INTO `app_gedung` (`gedung_id`, `nama_gedung`) VALUES
(2, 'gedung 1'),
(3, 'gedung 2'),
(4, 'gedung 31');

-- --------------------------------------------------------

--
-- Table structure for table `app_hari`
--

CREATE TABLE IF NOT EXISTS `app_hari` (
  `hari_id` int(11) NOT NULL,
  `hari` varchar(15) NOT NULL
) ENGINE=InnoDB AUTO_INCREMENT=8 DEFAULT CHARSET=latin1;

--
-- Dumping data for table `app_hari`
--

INSERT INTO `app_hari` (`hari_id`, `hari`) VALUES
(0, 'not set'),
(1, 'senin'),
(2, 'selasa'),
(3, 'rabu'),
(4, 'kamis'),
(5, 'jumat'),
(6, 'sabtu'),
(7, 'minggu');

-- --------------------------------------------------------

--
-- Table structure for table `app_nilai_grade`
--

CREATE TABLE IF NOT EXISTS `app_nilai_grade` (
  `nilai_id` int(11) NOT NULL,
  `dari` float NOT NULL,
  `sampai` float NOT NULL,
  `grade` varchar(1) NOT NULL,
  `keterangan` text NOT NULL
) ENGINE=InnoDB AUTO_INCREMENT=7 DEFAULT CHARSET=latin1;

--
-- Dumping data for table `app_nilai_grade`
--

INSERT INTO `app_nilai_grade` (`nilai_id`, `dari`, `sampai`, `grade`, `keterangan`) VALUES
(1, 9.5, 10, 'A', ''),
(2, 8.5, 9.4, 'B', ''),
(3, 7.5, 8.4, 'C', ''),
(4, 6, 7.4, 'D', 'perbaikan'),
(5, 0, 5.9, 'E', 'tidak lulus'),
(6, 8.5, 9.3, 'a', ' ');

-- --------------------------------------------------------

--
-- Table structure for table `app_pekerjaan`
--

CREATE TABLE IF NOT EXISTS `app_pekerjaan` (
  `pekerjaan_id` varchar(2) NOT NULL,
  `keterangan` varchar(30) NOT NULL
) ENGINE=InnoDB DEFAULT CHARSET=latin1;

--
-- Dumping data for table `app_pekerjaan`
--

INSERT INTO `app_pekerjaan` (`pekerjaan_id`, `keterangan`) VALUES
('01', 'tidak bekerja'),
('02', 'nelayan'),
('03', 'petani'),
('04', 'peternak'),
('05', 'PNS/ TNI/ Polri'),
('06', 'Karyawan Swasta'),
('07', 'Pedagang Kecil'),
('08', 'Pedagang Besar'),
('09', 'Wiraswasta'),
('10', 'Wirausaha'),
('11', 'buruh'),
('12', 'pensiunan'),
('99', 'lainya');

-- --------------------------------------------------------

--
-- Table structure for table `app_ruangan`
--

CREATE TABLE IF NOT EXISTS `app_ruangan` (
  `ruangan_id` int(11) NOT NULL,
  `nama_ruangan` varchar(20) NOT NULL,
  `gedung_id` int(11) NOT NULL,
  `kapasitas` int(11) NOT NULL,
  `keterangan` varchar(100) NOT NULL
) ENGINE=InnoDB AUTO_INCREMENT=28 DEFAULT CHARSET=latin1;

--
-- Dumping data for table `app_ruangan`
--

INSERT INTO `app_ruangan` (`ruangan_id`, `nama_ruangan`, `gedung_id`, `kapasitas`, `keterangan`) VALUES
(0, 'not set', 0, 0, ''),
(1, 'L1.R06', 2, 25, ''),
(2, 'L1.R05', 2, 25, ''),
(3, 'L1.R02', 2, 60, ''),
(4, 'L1.R07', 2, 25, ''),
(5, 'L1.R08', 2, 50, ''),
(6, 'L1.R09', 2, 25, ''),
(7, 'L2.R02', 2, 20, ''),
(8, 'L2.R03', 2, 20, ''),
(9, 'L2.R04', 2, 20, ''),
(10, 'L2.R05', 2, 20, ''),
(11, 'L2.R06', 2, 20, ''),
(12, 'L2.R07', 2, 25, ''),
(13, 'L2.R08', 2, 25, ''),
(14, 'L2.R09', 2, 20, ''),
(15, 'L2.R10', 2, 20, ''),
(16, 'L3.R03', 2, 60, ''),
(17, 'L1.R01', 2, 0, 'lab elektro'),
(18, 'L1.R03-4', 2, 0, 'lab elektro'),
(19, 'L1.R10', 2, 0, 'lab elektro'),
(20, 'L2.R02', 2, 0, 'lab bahasa'),
(21, 'L3.R02', 2, 0, 'lab jaringan'),
(22, 'L3.R05', 2, 0, 'lab dasar'),
(23, 'L3.R06', 2, 0, 'lab AK'),
(24, 'L3.R07', 2, 0, 'lab multimedia'),
(25, 'L2.R03', 2, 25, ''),
(26, 'L3.R01', 2, 30, ''),
(27, 'ruangan test', 2, 45, 'sampe');

-- --------------------------------------------------------

--
-- Table structure for table `app_users`
--

CREATE TABLE IF NOT EXISTS `app_users` (
  `id_users` int(11) NOT NULL,
  `username` varchar(20) NOT NULL,
  `nama` varchar(50) NOT NULL,
  `password` varchar(32) NOT NULL,
  `level` int(1) NOT NULL COMMENT '1=admin ,2=pihak jurusan ,3=pegawai ,4=mahasiswa',
  `keterangan` varchar(5) NOT NULL,
  `last_login` datetime NOT NULL
) ENGINE=InnoDB AUTO_INCREMENT=10 DEFAULT CHARSET=latin1;

--
-- Dumping data for table `app_users`
--

INSERT INTO `app_users` (`id_users`, `username`, `nama`, `password`, `level`, `keterangan`, `last_login`) VALUES
(1, 'admin', 'admin', '21232f297a57a5a743894a0e4a801fc3', 1, '', '2014-09-22 15:45:22'),
(4, 'informatika', '', '270007185d0f4b290ded51f9345a7f29', 2, '6', '2014-09-06 10:57:51'),
(6, 'nuris', 'nuris akbar', '74d7273be4b0ddeac49bfa169b288c5b', 3, '1', '2014-09-06 11:12:14'),
(7, 'mesin', '', '9c6bd054e8eebbc99bb4d655caad4b3c', 2, '2', '2014-09-08 16:31:32'),
(8, 'admin', '', '21232f297a57a5a743894a0e4a801fc3', 3, '33', '2014-09-22 15:45:22'),
(9, 'mesin', '', '9c6bd054e8eebbc99bb4d655caad4b3c', 2, '2', '2014-09-08 16:31:32');

-- --------------------------------------------------------

--
-- Table structure for table `daemons`
--

CREATE TABLE IF NOT EXISTS `daemons` (
  `Start` text NOT NULL,
  `Info` text NOT NULL
) ENGINE=MyISAM DEFAULT CHARSET=utf8;

-- --------------------------------------------------------

--
-- Table structure for table `gammu`
--

CREATE TABLE IF NOT EXISTS `gammu` (
  `Version` int(11) NOT NULL DEFAULT '0'
) ENGINE=MyISAM DEFAULT CHARSET=utf8;

--
-- Dumping data for table `gammu`
--

INSERT INTO `gammu` (`Version`) VALUES
(11),
(11),
(11);

-- --------------------------------------------------------

--
-- Table structure for table `inbox`
--

CREATE TABLE IF NOT EXISTS `inbox` (
  `UpdatedInDB` timestamp NOT NULL DEFAULT CURRENT_TIMESTAMP ON UPDATE CURRENT_TIMESTAMP,
  `ReceivingDateTime` timestamp NOT NULL DEFAULT '0000-00-00 00:00:00',
  `Text` text NOT NULL,
  `SenderNumber` varchar(20) NOT NULL DEFAULT '',
  `Coding` enum('Default_No_Compression','Unicode_No_Compression','8bit','Default_Compression','Unicode_Compression') NOT NULL DEFAULT 'Default_No_Compression',
  `UDH` text NOT NULL,
  `SMSCNumber` varchar(20) NOT NULL DEFAULT '',
  `Class` int(11) NOT NULL DEFAULT '-1',
  `TextDecoded` text NOT NULL,
  `ID` int(10) unsigned NOT NULL,
  `RecipientID` text NOT NULL,
  `Processed` enum('false','true') NOT NULL DEFAULT 'false'
) ENGINE=MyISAM DEFAULT CHARSET=utf8;

-- --------------------------------------------------------

--
-- Table structure for table `keuangan_biaya_kuliah`
--

CREATE TABLE IF NOT EXISTS `keuangan_biaya_kuliah` (
  `biaya_kuliah_id` int(11) NOT NULL,
  `jenis_bayar_id` int(3) NOT NULL,
  `konsentrasi_id` int(3) NOT NULL,
  `angkatan_id` int(3) NOT NULL,
  `jumlah` int(11) NOT NULL
) ENGINE=InnoDB AUTO_INCREMENT=943 DEFAULT CHARSET=latin1;

--
-- Dumping data for table `keuangan_biaya_kuliah`
--

INSERT INTO `keuangan_biaya_kuliah` (`biaya_kuliah_id`, `jenis_bayar_id`, `konsentrasi_id`, `angkatan_id`, `jumlah`) VALUES
(227, 1, 1, 2, 500000),
(228, 2, 1, 2, 500000),
(229, 3, 1, 2, 500000),
(230, 9, 1, 2, 500000),
(231, 10, 1, 2, 500000),
(232, 11, 1, 2, 500000),
(233, 19, 1, 2, 500000),
(234, 1, 1, 1, 500000),
(235, 2, 1, 1, 500000),
(236, 3, 1, 1, 500000),
(237, 9, 1, 1, 500000),
(238, 10, 1, 1, 500000),
(239, 11, 1, 1, 500000),
(240, 19, 1, 1, 500000),
(241, 1, 1, 2, 0),
(242, 2, 1, 2, 0),
(243, 3, 1, 2, 0),
(244, 9, 1, 2, 0),
(245, 10, 1, 2, 0),
(246, 11, 1, 2, 0),
(247, 19, 1, 2, 0),
(248, 1, 2, 2, 600000),
(249, 2, 2, 2, 0),
(250, 3, 2, 2, 0),
(251, 9, 2, 2, 0),
(252, 10, 2, 2, 0),
(253, 11, 2, 2, 0),
(254, 19, 2, 2, 0),
(255, 1, 3, 2, 0),
(256, 2, 3, 2, 0),
(257, 3, 3, 2, 0),
(258, 9, 3, 2, 0),
(259, 10, 3, 2, 0),
(260, 11, 3, 2, 0),
(261, 19, 3, 2, 0),
(262, 1, 4, 2, 0),
(263, 2, 4, 2, 0),
(264, 3, 4, 2, 0),
(265, 9, 4, 2, 0),
(266, 10, 4, 2, 0),
(267, 11, 4, 2, 0),
(268, 19, 4, 2, 0),
(269, 1, 5, 2, 0),
(270, 2, 5, 2, 0),
(271, 3, 5, 2, 0),
(272, 9, 5, 2, 0),
(273, 10, 5, 2, 0),
(274, 11, 5, 2, 0),
(275, 19, 5, 2, 0),
(276, 1, 6, 2, 0),
(277, 2, 6, 2, 0),
(278, 3, 6, 2, 0),
(279, 9, 6, 2, 0),
(280, 10, 6, 2, 0),
(281, 11, 6, 2, 0),
(282, 19, 6, 2, 0),
(283, 1, 7, 2, 0),
(284, 2, 7, 2, 0),
(285, 3, 7, 2, 0),
(286, 9, 7, 2, 0),
(287, 10, 7, 2, 0),
(288, 11, 7, 2, 0),
(289, 19, 7, 2, 0),
(290, 1, 8, 2, 0),
(291, 2, 8, 2, 0),
(292, 3, 8, 2, 0),
(293, 9, 8, 2, 0),
(294, 10, 8, 2, 0),
(295, 11, 8, 2, 0),
(296, 19, 8, 2, 0),
(297, 1, 9, 2, 0),
(298, 2, 9, 2, 0),
(299, 3, 9, 2, 0),
(300, 9, 9, 2, 0),
(301, 10, 9, 2, 0),
(302, 11, 9, 2, 0),
(303, 19, 9, 2, 0),
(304, 1, 10, 2, 0),
(305, 2, 10, 2, 0),
(306, 3, 10, 2, 0),
(307, 9, 10, 2, 0),
(308, 10, 10, 2, 0),
(309, 11, 10, 2, 0),
(310, 19, 10, 2, 0),
(311, 1, 11, 2, 0),
(312, 2, 11, 2, 0),
(313, 3, 11, 2, 0),
(314, 9, 11, 2, 0),
(315, 10, 11, 2, 0),
(316, 11, 11, 2, 0),
(317, 19, 11, 2, 0),
(318, 1, 12, 2, 0),
(319, 2, 12, 2, 0),
(320, 3, 12, 2, 0),
(321, 9, 12, 2, 0),
(322, 10, 12, 2, 0),
(323, 11, 12, 2, 0),
(324, 19, 12, 2, 0),
(325, 1, 13, 2, 0),
(326, 2, 13, 2, 0),
(327, 3, 13, 2, 0),
(328, 9, 13, 2, 0),
(329, 10, 13, 2, 0),
(330, 11, 13, 2, 0),
(331, 19, 13, 2, 0),
(332, 1, 14, 2, 0),
(333, 2, 14, 2, 0),
(334, 3, 14, 2, 0),
(335, 9, 14, 2, 0),
(336, 10, 14, 2, 0),
(337, 11, 14, 2, 0),
(338, 19, 14, 2, 0),
(339, 1, 15, 2, 0),
(340, 2, 15, 2, 0),
(341, 3, 15, 2, 0),
(342, 9, 15, 2, 0),
(343, 10, 15, 2, 0),
(344, 11, 15, 2, 0),
(345, 19, 15, 2, 0),
(346, 1, 16, 2, 0),
(347, 2, 16, 2, 0),
(348, 3, 16, 2, 0),
(349, 9, 16, 2, 0),
(350, 10, 16, 2, 0),
(351, 11, 16, 2, 0),
(352, 19, 16, 2, 0),
(353, 1, 17, 2, 0),
(354, 2, 17, 2, 0),
(355, 3, 17, 2, 0),
(356, 9, 17, 2, 0),
(357, 10, 17, 2, 0),
(358, 11, 17, 2, 0),
(359, 19, 17, 2, 0),
(360, 1, 2, 1, 600000),
(361, 2, 2, 1, 0),
(362, 3, 2, 1, 0),
(363, 9, 2, 1, 0),
(364, 10, 2, 1, 600000),
(365, 11, 2, 1, 0),
(366, 19, 2, 1, 0),
(367, 1, 3, 1, 400000),
(368, 2, 3, 1, 300000),
(369, 3, 3, 1, 3400000),
(370, 9, 3, 1, 200000),
(371, 10, 3, 1, 100000),
(372, 11, 3, 1, 100000),
(373, 19, 3, 1, 950000),
(374, 1, 10, 1, 0),
(375, 2, 10, 1, 0),
(376, 3, 10, 1, 0),
(377, 9, 10, 1, 0),
(378, 10, 10, 1, 0),
(379, 11, 10, 1, 0),
(380, 19, 10, 1, 0),
(381, 1, 1, 2, 0),
(382, 2, 1, 2, 0),
(383, 3, 1, 2, 0),
(384, 9, 1, 2, 0),
(385, 10, 1, 2, 0),
(386, 11, 1, 2, 0),
(387, 19, 1, 2, 0),
(388, 1, 2, 2, 0),
(389, 2, 2, 2, 0),
(390, 3, 2, 2, 0),
(391, 9, 2, 2, 0),
(392, 10, 2, 2, 0),
(393, 11, 2, 2, 0),
(394, 19, 2, 2, 0),
(395, 1, 3, 2, 0),
(396, 2, 3, 2, 0),
(397, 3, 3, 2, 0),
(398, 9, 3, 2, 0),
(399, 10, 3, 2, 0),
(400, 11, 3, 2, 0),
(401, 19, 3, 2, 0),
(402, 1, 4, 2, 0),
(403, 2, 4, 2, 0),
(404, 3, 4, 2, 0),
(405, 9, 4, 2, 0),
(406, 10, 4, 2, 0),
(407, 11, 4, 2, 0),
(408, 19, 4, 2, 0),
(409, 1, 5, 2, 0),
(410, 2, 5, 2, 0),
(411, 3, 5, 2, 0),
(412, 9, 5, 2, 0),
(413, 10, 5, 2, 0),
(414, 11, 5, 2, 0),
(415, 19, 5, 2, 0),
(416, 1, 6, 2, 0),
(417, 2, 6, 2, 0),
(418, 3, 6, 2, 0),
(419, 9, 6, 2, 0),
(420, 10, 6, 2, 0),
(421, 11, 6, 2, 0),
(422, 19, 6, 2, 0),
(423, 1, 7, 2, 0),
(424, 2, 7, 2, 0),
(425, 3, 7, 2, 0),
(426, 9, 7, 2, 0),
(427, 10, 7, 2, 0),
(428, 11, 7, 2, 0),
(429, 19, 7, 2, 0),
(430, 1, 8, 2, 0),
(431, 2, 8, 2, 0),
(432, 3, 8, 2, 0),
(433, 9, 8, 2, 0),
(434, 10, 8, 2, 0),
(435, 11, 8, 2, 0),
(436, 19, 8, 2, 0),
(437, 1, 9, 2, 0),
(438, 2, 9, 2, 0),
(439, 3, 9, 2, 0),
(440, 9, 9, 2, 0),
(441, 10, 9, 2, 0),
(442, 11, 9, 2, 0),
(443, 19, 9, 2, 0),
(444, 1, 10, 2, 0),
(445, 2, 10, 2, 0),
(446, 3, 10, 2, 0),
(447, 9, 10, 2, 0),
(448, 10, 10, 2, 0),
(449, 11, 10, 2, 0),
(450, 19, 10, 2, 0),
(451, 1, 11, 2, 0),
(452, 2, 11, 2, 0),
(453, 3, 11, 2, 0),
(454, 9, 11, 2, 0),
(455, 10, 11, 2, 0),
(456, 11, 11, 2, 0),
(457, 19, 11, 2, 0),
(458, 1, 12, 2, 0),
(459, 2, 12, 2, 0),
(460, 3, 12, 2, 0),
(461, 9, 12, 2, 0),
(462, 10, 12, 2, 0),
(463, 11, 12, 2, 0),
(464, 19, 12, 2, 0),
(465, 1, 13, 2, 0),
(466, 2, 13, 2, 0),
(467, 3, 13, 2, 0),
(468, 9, 13, 2, 0),
(469, 10, 13, 2, 0),
(470, 11, 13, 2, 0),
(471, 19, 13, 2, 0),
(472, 1, 14, 2, 0),
(473, 2, 14, 2, 0),
(474, 3, 14, 2, 0),
(475, 9, 14, 2, 0),
(476, 10, 14, 2, 0),
(477, 11, 14, 2, 0),
(478, 19, 14, 2, 0),
(479, 1, 15, 2, 0),
(480, 2, 15, 2, 0),
(481, 3, 15, 2, 0),
(482, 9, 15, 2, 0),
(483, 10, 15, 2, 0),
(484, 11, 15, 2, 0),
(485, 19, 15, 2, 0),
(486, 1, 16, 2, 0),
(487, 2, 16, 2, 0),
(488, 3, 16, 2, 0),
(489, 9, 16, 2, 0),
(490, 10, 16, 2, 0),
(491, 11, 16, 2, 0),
(492, 19, 16, 2, 0),
(493, 1, 17, 2, 0),
(494, 2, 17, 2, 0),
(495, 3, 17, 2, 0),
(496, 9, 17, 2, 0),
(497, 10, 17, 2, 0),
(498, 11, 17, 2, 0),
(499, 19, 17, 2, 0),
(500, 20, 1, 1, 0),
(501, 20, 2, 1, 0),
(502, 20, 3, 1, 0),
(503, 20, 4, 1, 0),
(504, 20, 5, 1, 0),
(505, 20, 6, 1, 0),
(506, 20, 7, 1, 0),
(507, 20, 8, 1, 0),
(508, 20, 9, 1, 0),
(509, 20, 10, 1, 0),
(510, 20, 11, 1, 0),
(511, 20, 12, 1, 0),
(512, 20, 13, 1, 0),
(513, 20, 14, 1, 0),
(514, 20, 15, 1, 0),
(515, 20, 16, 1, 0),
(516, 20, 17, 1, 0),
(517, 22, 1, 1, 0),
(518, 22, 2, 1, 0),
(519, 22, 3, 1, 0),
(520, 22, 4, 1, 0),
(521, 22, 5, 1, 0),
(522, 22, 6, 1, 0),
(523, 22, 7, 1, 0),
(524, 22, 8, 1, 0),
(525, 22, 9, 1, 0),
(526, 22, 10, 1, 0),
(527, 22, 11, 1, 0),
(528, 22, 12, 1, 0),
(529, 22, 13, 1, 0),
(530, 22, 14, 1, 0),
(531, 22, 15, 1, 0),
(532, 22, 16, 1, 0),
(533, 22, 17, 1, 0),
(534, 22, 2, 2, 0),
(535, 1, 1, 2, 0),
(536, 2, 1, 2, 0),
(537, 3, 1, 2, 0),
(538, 9, 1, 2, 0),
(539, 10, 1, 2, 0),
(540, 11, 1, 2, 0),
(541, 19, 1, 2, 0),
(542, 22, 1, 2, 0),
(543, 1, 2, 2, 0),
(544, 2, 2, 2, 0),
(545, 3, 2, 2, 0),
(546, 9, 2, 2, 0),
(547, 10, 2, 2, 0),
(548, 11, 2, 2, 0),
(549, 19, 2, 2, 0),
(550, 22, 2, 2, 0),
(551, 1, 3, 2, 0),
(552, 2, 3, 2, 0),
(553, 3, 3, 2, 0),
(554, 9, 3, 2, 0),
(555, 10, 3, 2, 0),
(556, 11, 3, 2, 0),
(557, 19, 3, 2, 0),
(558, 22, 3, 2, 0),
(559, 1, 4, 2, 0),
(560, 2, 4, 2, 0),
(561, 3, 4, 2, 0),
(562, 9, 4, 2, 0),
(563, 10, 4, 2, 0),
(564, 11, 4, 2, 0),
(565, 19, 4, 2, 0),
(566, 22, 4, 2, 0),
(567, 1, 5, 2, 0),
(568, 2, 5, 2, 0),
(569, 3, 5, 2, 0),
(570, 9, 5, 2, 0),
(571, 10, 5, 2, 0),
(572, 11, 5, 2, 0),
(573, 19, 5, 2, 0),
(574, 22, 5, 2, 0),
(575, 1, 6, 2, 0),
(576, 2, 6, 2, 0),
(577, 3, 6, 2, 0),
(578, 9, 6, 2, 0),
(579, 10, 6, 2, 0),
(580, 11, 6, 2, 0),
(581, 19, 6, 2, 0),
(582, 22, 6, 2, 0),
(583, 1, 7, 2, 0),
(584, 2, 7, 2, 0),
(585, 3, 7, 2, 0),
(586, 9, 7, 2, 0),
(587, 10, 7, 2, 0),
(588, 11, 7, 2, 0),
(589, 19, 7, 2, 0),
(590, 22, 7, 2, 0),
(591, 1, 8, 2, 0),
(592, 2, 8, 2, 0),
(593, 3, 8, 2, 0),
(594, 9, 8, 2, 0),
(595, 10, 8, 2, 0),
(596, 11, 8, 2, 0),
(597, 19, 8, 2, 0),
(598, 22, 8, 2, 0),
(599, 1, 9, 2, 0),
(600, 2, 9, 2, 0),
(601, 3, 9, 2, 0),
(602, 9, 9, 2, 0),
(603, 10, 9, 2, 0),
(604, 11, 9, 2, 0),
(605, 19, 9, 2, 0),
(606, 22, 9, 2, 0),
(607, 1, 10, 2, 0),
(608, 2, 10, 2, 0),
(609, 3, 10, 2, 0),
(610, 9, 10, 2, 0),
(611, 10, 10, 2, 0),
(612, 11, 10, 2, 0),
(613, 19, 10, 2, 0),
(614, 22, 10, 2, 0),
(615, 1, 11, 2, 0),
(616, 2, 11, 2, 0),
(617, 3, 11, 2, 0),
(618, 9, 11, 2, 0),
(619, 10, 11, 2, 0),
(620, 11, 11, 2, 0),
(621, 19, 11, 2, 0),
(622, 22, 11, 2, 0),
(623, 1, 12, 2, 0),
(624, 2, 12, 2, 0),
(625, 3, 12, 2, 0),
(626, 9, 12, 2, 0),
(627, 10, 12, 2, 0),
(628, 11, 12, 2, 0),
(629, 19, 12, 2, 0),
(630, 22, 12, 2, 0),
(631, 1, 13, 2, 0),
(632, 2, 13, 2, 0),
(633, 3, 13, 2, 0),
(634, 9, 13, 2, 0),
(635, 10, 13, 2, 0),
(636, 11, 13, 2, 0),
(637, 19, 13, 2, 0),
(638, 22, 13, 2, 0),
(639, 1, 14, 2, 0),
(640, 2, 14, 2, 0),
(641, 3, 14, 2, 0),
(642, 9, 14, 2, 0),
(643, 10, 14, 2, 0),
(644, 11, 14, 2, 0),
(645, 19, 14, 2, 0),
(646, 22, 14, 2, 0),
(647, 1, 15, 2, 0),
(648, 2, 15, 2, 0),
(649, 3, 15, 2, 0),
(650, 9, 15, 2, 0),
(651, 10, 15, 2, 0),
(652, 11, 15, 2, 0),
(653, 19, 15, 2, 0),
(654, 22, 15, 2, 0),
(655, 1, 16, 2, 0),
(656, 2, 16, 2, 0),
(657, 3, 16, 2, 0),
(658, 9, 16, 2, 0),
(659, 10, 16, 2, 0),
(660, 11, 16, 2, 0),
(661, 19, 16, 2, 0),
(662, 22, 16, 2, 0),
(663, 1, 17, 2, 0),
(664, 2, 17, 2, 0),
(665, 3, 17, 2, 0),
(666, 9, 17, 2, 0),
(667, 10, 17, 2, 0),
(668, 11, 17, 2, 0),
(669, 19, 17, 2, 0),
(670, 22, 17, 2, 0),
(671, 1, 1, 2, 0),
(672, 2, 1, 2, 0),
(673, 3, 1, 2, 0),
(674, 9, 1, 2, 0),
(675, 10, 1, 2, 0),
(676, 11, 1, 2, 0),
(677, 19, 1, 2, 0),
(678, 22, 1, 2, 0),
(679, 1, 2, 2, 0),
(680, 2, 2, 2, 0),
(681, 3, 2, 2, 0),
(682, 9, 2, 2, 0),
(683, 10, 2, 2, 0),
(684, 11, 2, 2, 0),
(685, 19, 2, 2, 0),
(686, 22, 2, 2, 0),
(687, 1, 3, 2, 0),
(688, 2, 3, 2, 0),
(689, 3, 3, 2, 0),
(690, 9, 3, 2, 0),
(691, 10, 3, 2, 0),
(692, 11, 3, 2, 0),
(693, 19, 3, 2, 0),
(694, 22, 3, 2, 0),
(695, 1, 4, 2, 0),
(696, 2, 4, 2, 0),
(697, 3, 4, 2, 0),
(698, 9, 4, 2, 0),
(699, 10, 4, 2, 0),
(700, 11, 4, 2, 0),
(701, 19, 4, 2, 0),
(702, 22, 4, 2, 0),
(703, 1, 5, 2, 0),
(704, 2, 5, 2, 0),
(705, 3, 5, 2, 0),
(706, 9, 5, 2, 0),
(707, 10, 5, 2, 0),
(708, 11, 5, 2, 0),
(709, 19, 5, 2, 0),
(710, 22, 5, 2, 0),
(711, 1, 6, 2, 0),
(712, 2, 6, 2, 0),
(713, 3, 6, 2, 0),
(714, 9, 6, 2, 0),
(715, 10, 6, 2, 0),
(716, 11, 6, 2, 0),
(717, 19, 6, 2, 0),
(718, 22, 6, 2, 0),
(719, 1, 7, 2, 0),
(720, 2, 7, 2, 0),
(721, 3, 7, 2, 0),
(722, 9, 7, 2, 0),
(723, 10, 7, 2, 0),
(724, 11, 7, 2, 0),
(725, 19, 7, 2, 0),
(726, 22, 7, 2, 0),
(727, 1, 8, 2, 0),
(728, 2, 8, 2, 0),
(729, 3, 8, 2, 0),
(730, 9, 8, 2, 0),
(731, 10, 8, 2, 0),
(732, 11, 8, 2, 0),
(733, 19, 8, 2, 0),
(734, 22, 8, 2, 0),
(735, 1, 9, 2, 0),
(736, 2, 9, 2, 0),
(737, 3, 9, 2, 0),
(738, 9, 9, 2, 0),
(739, 10, 9, 2, 0),
(740, 11, 9, 2, 0),
(741, 19, 9, 2, 0),
(742, 22, 9, 2, 0),
(743, 1, 10, 2, 0),
(744, 2, 10, 2, 0),
(745, 3, 10, 2, 0),
(746, 9, 10, 2, 0),
(747, 10, 10, 2, 0),
(748, 11, 10, 2, 0),
(749, 19, 10, 2, 0),
(750, 22, 10, 2, 0),
(751, 1, 11, 2, 0),
(752, 2, 11, 2, 0),
(753, 3, 11, 2, 0),
(754, 9, 11, 2, 0),
(755, 10, 11, 2, 0),
(756, 11, 11, 2, 0),
(757, 19, 11, 2, 0),
(758, 22, 11, 2, 0),
(759, 1, 12, 2, 0),
(760, 2, 12, 2, 0),
(761, 3, 12, 2, 0),
(762, 9, 12, 2, 0),
(763, 10, 12, 2, 0),
(764, 11, 12, 2, 0),
(765, 19, 12, 2, 0),
(766, 22, 12, 2, 0),
(767, 1, 13, 2, 0),
(768, 2, 13, 2, 0),
(769, 3, 13, 2, 0),
(770, 9, 13, 2, 0),
(771, 10, 13, 2, 0),
(772, 11, 13, 2, 0),
(773, 19, 13, 2, 0),
(774, 22, 13, 2, 0),
(775, 1, 14, 2, 0),
(776, 2, 14, 2, 0),
(777, 3, 14, 2, 0),
(778, 9, 14, 2, 0),
(779, 10, 14, 2, 0),
(780, 11, 14, 2, 0),
(781, 19, 14, 2, 0),
(782, 22, 14, 2, 0),
(783, 1, 15, 2, 0),
(784, 2, 15, 2, 0),
(785, 3, 15, 2, 0),
(786, 9, 15, 2, 0),
(787, 10, 15, 2, 0),
(788, 11, 15, 2, 0),
(789, 19, 15, 2, 0),
(790, 22, 15, 2, 0),
(791, 1, 16, 2, 0),
(792, 2, 16, 2, 0),
(793, 3, 16, 2, 0),
(794, 9, 16, 2, 0),
(795, 10, 16, 2, 0),
(796, 11, 16, 2, 0),
(797, 19, 16, 2, 0),
(798, 22, 16, 2, 0),
(799, 1, 17, 2, 0),
(800, 2, 17, 2, 0),
(801, 3, 17, 2, 0),
(802, 9, 17, 2, 0),
(803, 10, 17, 2, 0),
(804, 11, 17, 2, 0),
(805, 19, 17, 2, 0),
(806, 22, 17, 2, 0),
(807, 1, 1, 2, 0),
(808, 2, 1, 2, 0),
(809, 3, 1, 2, 0),
(810, 9, 1, 2, 0),
(811, 10, 1, 2, 0),
(812, 11, 1, 2, 0),
(813, 19, 1, 2, 0),
(814, 22, 1, 2, 0),
(815, 1, 2, 2, 0),
(816, 2, 2, 2, 0),
(817, 3, 2, 2, 0),
(818, 9, 2, 2, 0),
(819, 10, 2, 2, 0),
(820, 11, 2, 2, 0),
(821, 19, 2, 2, 0),
(822, 22, 2, 2, 0),
(823, 1, 3, 2, 0),
(824, 2, 3, 2, 0),
(825, 3, 3, 2, 0),
(826, 9, 3, 2, 0),
(827, 10, 3, 2, 0),
(828, 11, 3, 2, 0),
(829, 19, 3, 2, 0),
(830, 22, 3, 2, 0),
(831, 1, 4, 2, 0),
(832, 2, 4, 2, 0),
(833, 3, 4, 2, 0),
(834, 9, 4, 2, 0),
(835, 10, 4, 2, 0),
(836, 11, 4, 2, 0),
(837, 19, 4, 2, 0),
(838, 22, 4, 2, 0),
(839, 1, 5, 2, 0),
(840, 2, 5, 2, 0),
(841, 3, 5, 2, 0),
(842, 9, 5, 2, 0),
(843, 10, 5, 2, 0),
(844, 11, 5, 2, 0),
(845, 19, 5, 2, 0),
(846, 22, 5, 2, 0),
(847, 1, 6, 2, 0),
(848, 2, 6, 2, 0),
(849, 3, 6, 2, 0),
(850, 9, 6, 2, 0),
(851, 10, 6, 2, 0),
(852, 11, 6, 2, 0),
(853, 19, 6, 2, 0),
(854, 22, 6, 2, 0),
(855, 1, 7, 2, 0),
(856, 2, 7, 2, 0),
(857, 3, 7, 2, 0),
(858, 9, 7, 2, 0),
(859, 10, 7, 2, 0),
(860, 11, 7, 2, 0),
(861, 19, 7, 2, 0),
(862, 22, 7, 2, 0),
(863, 1, 8, 2, 0),
(864, 2, 8, 2, 0),
(865, 3, 8, 2, 0),
(866, 9, 8, 2, 0),
(867, 10, 8, 2, 0),
(868, 11, 8, 2, 0),
(869, 19, 8, 2, 0),
(870, 22, 8, 2, 0),
(871, 1, 9, 2, 0),
(872, 2, 9, 2, 0),
(873, 3, 9, 2, 0),
(874, 9, 9, 2, 0),
(875, 10, 9, 2, 0),
(876, 11, 9, 2, 0),
(877, 19, 9, 2, 0),
(878, 22, 9, 2, 0),
(879, 1, 10, 2, 0),
(880, 2, 10, 2, 0),
(881, 3, 10, 2, 0),
(882, 9, 10, 2, 0),
(883, 10, 10, 2, 0),
(884, 11, 10, 2, 0),
(885, 19, 10, 2, 0),
(886, 22, 10, 2, 0),
(887, 1, 11, 2, 0),
(888, 2, 11, 2, 0),
(889, 3, 11, 2, 0),
(890, 9, 11, 2, 0),
(891, 10, 11, 2, 0),
(892, 11, 11, 2, 0),
(893, 19, 11, 2, 0),
(894, 22, 11, 2, 0),
(895, 1, 12, 2, 0),
(896, 2, 12, 2, 0),
(897, 3, 12, 2, 0),
(898, 9, 12, 2, 0),
(899, 10, 12, 2, 0),
(900, 11, 12, 2, 0),
(901, 19, 12, 2, 0),
(902, 22, 12, 2, 0),
(903, 1, 13, 2, 0),
(904, 2, 13, 2, 0),
(905, 3, 13, 2, 0),
(906, 9, 13, 2, 0),
(907, 10, 13, 2, 0),
(908, 11, 13, 2, 0),
(909, 19, 13, 2, 0),
(910, 22, 13, 2, 0),
(911, 1, 14, 2, 0),
(912, 2, 14, 2, 0),
(913, 3, 14, 2, 0),
(914, 9, 14, 2, 0),
(915, 10, 14, 2, 0),
(916, 11, 14, 2, 0),
(917, 19, 14, 2, 0),
(918, 22, 14, 2, 0),
(919, 1, 15, 2, 0),
(920, 2, 15, 2, 0),
(921, 3, 15, 2, 0),
(922, 9, 15, 2, 0),
(923, 10, 15, 2, 0),
(924, 11, 15, 2, 0),
(925, 19, 15, 2, 0),
(926, 22, 15, 2, 0),
(927, 1, 16, 2, 0),
(928, 2, 16, 2, 0),
(929, 3, 16, 2, 0),
(930, 9, 16, 2, 0),
(931, 10, 16, 2, 0),
(932, 11, 16, 2, 0),
(933, 19, 16, 2, 0),
(934, 22, 16, 2, 0),
(935, 1, 17, 2, 0),
(936, 2, 17, 2, 0),
(937, 3, 17, 2, 0),
(938, 9, 17, 2, 0),
(939, 10, 17, 2, 0),
(940, 11, 17, 2, 0),
(941, 19, 17, 2, 0),
(942, 22, 17, 2, 0);

-- --------------------------------------------------------

--
-- Table structure for table `keuangan_jenis_bayar`
--

CREATE TABLE IF NOT EXISTS `keuangan_jenis_bayar` (
  `jenis_bayar_id` int(11) NOT NULL,
  `keterangan` varchar(50) NOT NULL
) ENGINE=InnoDB AUTO_INCREMENT=23 DEFAULT CHARSET=latin1;

--
-- Dumping data for table `keuangan_jenis_bayar`
--

INSERT INTO `keuangan_jenis_bayar` (`jenis_bayar_id`, `keterangan`) VALUES
(1, 'pendaftaran'),
(2, 'peka'),
(3, 'spp'),
(9, 'dsp'),
(10, 'kemahasiswaan'),
(11, 'asuransi'),
(19, 'wisuda'),
(22, 'xzxzxdsd');

-- --------------------------------------------------------

--
-- Table structure for table `keuangan_pembayaran`
--

CREATE TABLE IF NOT EXISTS `keuangan_pembayaran` (
  `pembayaran_id` int(11) NOT NULL,
  `mahasiswa_id` int(11) NOT NULL,
  `semester` int(11) NOT NULL,
  `no_bayar` varchar(10) NOT NULL
) ENGINE=InnoDB DEFAULT CHARSET=latin1;

-- --------------------------------------------------------

--
-- Table structure for table `keuangan_pembayaran_detail`
--

CREATE TABLE IF NOT EXISTS `keuangan_pembayaran_detail` (
  `pembayara_detail_id` int(11) NOT NULL,
  `tanggal` datetime NOT NULL,
  `nim` varchar(11) NOT NULL,
  `jenis_bayar_id` int(11) NOT NULL,
  `id_users` int(11) NOT NULL,
  `jumlah` int(11) NOT NULL,
  `semester` int(11) NOT NULL
) ENGINE=InnoDB AUTO_INCREMENT=20 DEFAULT CHARSET=latin1;

--
-- Dumping data for table `keuangan_pembayaran_detail`
--

INSERT INTO `keuangan_pembayaran_detail` (`pembayara_detail_id`, `tanggal`, `nim`, `jenis_bayar_id`, `id_users`, `jumlah`, `semester`) VALUES
(13, '2014-06-04 14:03:51', 'TI102134', 1, 1, 400000, 0),
(14, '2014-06-04 14:07:16', 'TI102134', 3, 1, 3400000, 1),
(15, '2014-06-04 14:07:37', 'TI102134', 3, 1, 3400000, 2),
(16, '2014-06-04 14:07:49', 'TI102134', 2, 1, 150000, 0),
(17, '2014-06-14 10:09:00', 'KA131002', 3, 1, 3400000, 1),
(18, '2014-06-14 10:09:37', 'KA131002', 3, 1, 3400000, 2),
(19, '2014-06-14 14:57:34', 'ti102134', 10, 1, 100000, 0);

-- --------------------------------------------------------

--
-- Table structure for table `keuangan_transaksi`
--

CREATE TABLE IF NOT EXISTS `keuangan_transaksi` (
  `transaksi_id` int(11) NOT NULL,
  `tanggal` datetime NOT NULL,
  `nim` varchar(8) NOT NULL,
  `biaya_kuliah_id` int(11) NOT NULL,
  `jumlah` int(11) NOT NULL,
  `keterangan` text NOT NULL,
  `added_by` int(11) NOT NULL,
  `semester` int(11) NOT NULL,
  `status` int(11) NOT NULL COMMENT 'L=lunas ,1= cicilan ke 1 ,2=cicilan ke 2, 3=cicilan ke 3'
) ENGINE=InnoDB DEFAULT CHARSET=latin1;

-- --------------------------------------------------------

--
-- Table structure for table `mainmenu`
--

CREATE TABLE IF NOT EXISTS `mainmenu` (
  `id_mainmenu` int(11) NOT NULL,
  `nama_mainmenu` varchar(100) NOT NULL,
  `icon` varchar(30) NOT NULL,
  `aktif` enum('y','t') NOT NULL,
  `link` varchar(50) NOT NULL,
  `level` int(11) NOT NULL COMMENT '1= admin,2=jurusan,3 dosen'
) ENGINE=InnoDB AUTO_INCREMENT=41 DEFAULT CHARSET=latin1;

--
-- Dumping data for table `mainmenu`
--

INSERT INTO `mainmenu` (`id_mainmenu`, `nama_mainmenu`, `icon`, `aktif`, `link`, `level`) VALUES
(26, 'master data', 'fa fa-bar-chart-o', 'y', '#', 1),
(27, 'mahassiwa', 'gi gi-group', 'y', 'mahasiswa', 1),
(28, 'akademik', 'fa fa-building-o', 'y', '#', 1),
(29, 'keuangan', 'gi gi-money', 'y', '#', 1),
(30, 'pengguna sistem', 'gi gi-qrcode', 'y', 'users', 1),
(31, 'Mahasiswa', 'gi gi-group', 'y', 'mahasiswa', 2),
(32, 'dosen', 'gi gi-user', 'y', 'dosen', 2),
(33, 'matakuliah', 'gi gi-address_book', 'y', 'matakuliah', 2),
(34, 'registrasi', 'hi hi-qrcode', 'y', 'registrasi', 2),
(35, 'krs & khs', 'gi gi-display', 'y', '#', 2),
(36, 'jadwal kuliah', 'gi gi-calendar', 'y', 'jadwalkuliah', 2),
(37, 'jadwal', 'gi gi-calendar', 'y', 'jadwalkuliah/jadwalngajar', 3),
(38, 'absen mahasiswa', 'gi gi-notes_2', 'y', 'absensi', 3),
(39, 'nilai', 'gi gi-stats', 'y', 'khs/berinilai', 3),
(40, 'bodata', 'gi gi-user', 'y', 'users/account', 3);

-- --------------------------------------------------------

--
-- Table structure for table `makul_kelompok`
--

CREATE TABLE IF NOT EXISTS `makul_kelompok` (
  `kelompok_id` int(11) NOT NULL,
  `kode_kelompok` varchar(5) NOT NULL,
  `nama` varchar(50) NOT NULL
) ENGINE=InnoDB AUTO_INCREMENT=6 DEFAULT CHARSET=latin1;

--
-- Dumping data for table `makul_kelompok`
--

INSERT INTO `makul_kelompok` (`kelompok_id`, `kode_kelompok`, `nama`) VALUES
(1, 'mpk', 'mata kuliah pengembangan keperibadian'),
(2, 'mkk', 'mata kuliah pengembangan keilmuan dan keterampilan'),
(3, 'mkb', 'mata kuliah keahlian berkarya'),
(4, 'mpb', 'mata kuliah perilaku berkarya'),
(5, 'mbb', 'matakuliah berkehidupan bermasyarakat');

-- --------------------------------------------------------

--
-- Table structure for table `makul_matakuliah`
--

CREATE TABLE IF NOT EXISTS `makul_matakuliah` (
  `makul_id` int(11) NOT NULL,
  `kode_makul` varchar(11) NOT NULL,
  `nama_makul` varchar(60) NOT NULL,
  `sks` int(11) NOT NULL,
  `semester` int(1) NOT NULL,
  `konsentrasi_id` int(3) NOT NULL,
  `kelompok_id` int(1) NOT NULL,
  `aktif` enum('y','n') NOT NULL,
  `jam` int(11) NOT NULL
) ENGINE=InnoDB AUTO_INCREMENT=50 DEFAULT CHARSET=latin1;

--
-- Dumping data for table `makul_matakuliah`
--

INSERT INTO `makul_matakuliah` (`makul_id`, `kode_makul`, `nama_makul`, `sks`, `semester`, `konsentrasi_id`, `kelompok_id`, `aktif`, `jam`) VALUES
(1, 'DTIKB01', 'STRUKTUR DATA', 4, 1, 3, 2, 'n', 4),
(2, 'DTIKB011', 'KONSEP PEMROGRAMAN', 4, 1, 3, 2, 'y', 4),
(3, 'DTIKB012', 'PRAKTEK KONSEP PEMROGRAMAN', 4, 1, 3, 2, 'y', 4),
(4, 'DTIKB02', 'SISTEM OPERASI 1', 4, 1, 3, 2, 'y', 4),
(5, 'DTIKB03', 'SISTEM OPERASI 2', 4, 1, 3, 2, 'y', 4),
(6, 'DTIKB04', 'PEMROGRAMAN DELPHI', 4, 1, 3, 2, 'y', 4),
(7, 'DTIKB05', 'JARINGAN KOMPUTER 1', 4, 2, 3, 2, 'y', 4),
(8, 'DTIKB06', 'APLIKASI DAN TEKNOLOGI WEB', 4, 2, 3, 2, 'y', 4),
(9, 'DTIKB07', 'KOMUNIKASI DATA', 4, 2, 3, 2, 'y', 4),
(10, 'DTIKB08', 'DESAIN BERBASIS KOMPUTER', 4, 2, 3, 2, 'y', 4),
(11, 'DTIKB09', 'MIKROPROSESOR', 4, 2, 3, 2, 'y', 4),
(12, 'DTIKB10', 'INTERFACING PERIPHERAL KOMPUTER', 4, 2, 3, 2, 'y', 4),
(13, 'DTIKB11', 'ARSITEKTUR KOMPUTER 1', 4, 3, 3, 2, 'y', 4),
(14, 'DTIKB12', 'ARSITEKTUR KOMPUTER 2', 4, 3, 3, 2, 'y', 4),
(15, 'DTIKB13', 'PERALATAN ELEKTRONIKA', 4, 3, 3, 2, 'y', 4),
(16, 'DTIKB14', 'TROUBLESHOOTING', 4, 3, 3, 2, 'y', 4),
(17, 'DTIKB15', 'PEMROGRAMAN BASIS DATA', 4, 3, 3, 2, 'y', 4),
(18, 'DTIKB16', 'SISTEM INFORMASI MANAJEMEN', 4, 3, 3, 2, 'y', 4),
(19, 'DTIKB17', 'PERANCANGAN SISTEM INFORMASI', 4, 4, 3, 2, 'y', 4),
(20, 'DTIKB18', 'PENGOLAHAN CITRA DIGITAL', 4, 4, 3, 2, 'y', 4),
(21, 'DTIKB19', 'RANGKAIAN DIGITAL', 4, 4, 3, 2, 'y', 4),
(22, 'DTIKB20', 'PEMROGRAMAN BAHASA C++', 4, 4, 3, 2, 'y', 4),
(23, 'DTIKB21', 'PEMROGRAMAN VISUAL', 4, 4, 3, 2, 'y', 4),
(24, 'DTIKB22', 'KOMPUTER GRAFIS', 4, 4, 3, 2, 'y', 4),
(25, 'DTIKB23', 'WIRELESS & MOBILE COMM', 4, 5, 3, 2, 'y', 4),
(26, 'DTIKB24', 'REKAYASA PERANGKAT LUNAK', 4, 5, 3, 2, 'y', 4),
(27, 'DTIKB25', 'SISTEM KEAMANAN JARINGAN', 4, 5, 3, 2, 'y', 4),
(28, 'DTIKB26', 'PEMROGRAMAN BERBASIS OBJEK', 4, 5, 3, 2, 'y', 4),
(29, 'DTIKB27', 'ROBOTIK', 4, 5, 3, 2, 'y', 4),
(30, 'DTIKB28', 'SISTEM MULTIMEDIA', 4, 5, 3, 2, 'y', 4),
(31, 'DTIKB29', 'KOMPUTER ANIMASI', 4, 6, 3, 2, 'y', 4),
(32, 'DTIKB30', 'SIMULASI & PEMODELAN', 4, 6, 3, 2, 'y', 4),
(33, 'DTIKB31', 'PENGOLAHAN SINYAL DIGITAL', 4, 6, 3, 2, 'y', 4),
(34, 'DTIKB32', 'KECERDASAN BUATAN', 4, 6, 3, 2, 'y', 4),
(35, 'DTIKB33', 'DATA WAREHOUSE', 4, 6, 3, 2, 'y', 4),
(36, 'DTIKB34', 'JARINGAN KOMPUTER 2', 4, 6, 3, 2, 'y', 4),
(37, 'DTIKB35', 'PRAKTEK BASIS DATA', 4, 7, 3, 2, 'y', 4),
(38, 'DTIKB36', 'PRAKTEK JARINGAN', 4, 7, 3, 2, 'y', 4),
(39, 'DTIKB37', 'PRAKTEK PEMOGRAMAN', 4, 7, 3, 2, 'y', 4),
(40, 'DTIKB38', 'PRAKTEK PEMOGRAMAN WEB', 4, 7, 3, 2, 'y', 4),
(41, 'DTIKB39', 'DATA MINING', 4, 7, 3, 2, 'y', 4),
(42, 'DTIKB40', 'MACHINE LEARNING', 4, 7, 3, 2, 'y', 4),
(43, 'DTIKB41', 'KEAMANAN DATA', 4, 8, 3, 2, 'y', 4),
(44, 'DTIKB42', 'PRAKTEK KEAMANAN DATA', 4, 8, 3, 2, 'y', 4),
(45, 'DTIKB43', 'ISSU PROFESIONAL DAN SOSIAL IT', 4, 8, 3, 2, 'y', 4),
(46, 'DTIKK01', 'MATEMATIKA 1', 4, 8, 3, 2, 'y', 4),
(47, 'DTIKK02', 'MATEMATIKA 2', 4, 8, 3, 2, 'y', 4),
(48, 'DTIKK03', 'STATISTIK & PROBABILITAS', 4, 8, 3, 2, 'y', 4),
(49, 'DTIKK04', 'PERANGKAT LUNAK APLIKASI', 4, 9, 3, 2, 'y', 4);

-- --------------------------------------------------------

--
-- Table structure for table `outbox`
--

CREATE TABLE IF NOT EXISTS `outbox` (
  `UpdatedInDB` timestamp NOT NULL DEFAULT CURRENT_TIMESTAMP ON UPDATE CURRENT_TIMESTAMP,
  `InsertIntoDB` timestamp NOT NULL DEFAULT '0000-00-00 00:00:00',
  `SendingDateTime` timestamp NOT NULL DEFAULT '0000-00-00 00:00:00',
  `Text` text,
  `DestinationNumber` varchar(20) NOT NULL DEFAULT '',
  `Coding` enum('Default_No_Compression','Unicode_No_Compression','8bit','Default_Compression','Unicode_Compression') NOT NULL DEFAULT 'Default_No_Compression',
  `UDH` text,
  `Class` int(11) DEFAULT '-1',
  `TextDecoded` text NOT NULL,
  `ID` int(10) unsigned NOT NULL,
  `MultiPart` enum('false','true') DEFAULT 'false',
  `RelativeValidity` int(11) DEFAULT '-1',
  `SenderID` varchar(255) DEFAULT NULL,
  `SendingTimeOut` timestamp NULL DEFAULT '0000-00-00 00:00:00',
  `DeliveryReport` enum('default','yes','no') DEFAULT 'default',
  `CreatorID` text NOT NULL
) ENGINE=MyISAM AUTO_INCREMENT=51 DEFAULT CHARSET=utf8;

--
-- Dumping data for table `outbox`
--

INSERT INTO `outbox` (`UpdatedInDB`, `InsertIntoDB`, `SendingDateTime`, `Text`, `DestinationNumber`, `Coding`, `UDH`, `Class`, `TextDecoded`, `ID`, `MultiPart`, `RelativeValidity`, `SenderID`, `SendingTimeOut`, `DeliveryReport`, `CreatorID`) VALUES
('2014-05-12 09:23:21', '0000-00-00 00:00:00', '0000-00-00 00:00:00', NULL, '082121473036', 'Default_No_Compression', NULL, -1, 'Biaya Tunggakan Keuangan anak anda adalah 3500000', 46, 'false', -1, 'keuangan', '0000-00-00 00:00:00', 'default', 'Nuris'),
('2014-05-12 09:23:21', '0000-00-00 00:00:00', '0000-00-00 00:00:00', NULL, '082121473036', 'Default_No_Compression', NULL, -1, 'Biaya Tunggakan Keuangan anak anda adalah 3500000', 45, 'false', -1, 'keuangan', '0000-00-00 00:00:00', 'default', 'Nuris'),
('2014-05-12 09:23:17', '0000-00-00 00:00:00', '0000-00-00 00:00:00', NULL, '082121473036', 'Default_No_Compression', NULL, -1, 'Biaya Tunggakan Keuangan anak anda adalah 3500000', 44, 'false', -1, 'keuangan', '0000-00-00 00:00:00', 'default', 'Nuris'),
('2014-05-12 09:23:02', '0000-00-00 00:00:00', '0000-00-00 00:00:00', NULL, '082121473036', 'Default_No_Compression', NULL, -1, 'Biaya Tunggakan Keuangan anak anda adalah 3500000', 42, 'false', -1, 'keuangan', '0000-00-00 00:00:00', 'default', 'Nuris'),
('2014-05-12 09:23:17', '0000-00-00 00:00:00', '0000-00-00 00:00:00', NULL, '082121473036', 'Default_No_Compression', NULL, -1, 'Biaya Tunggakan Keuangan anak anda adalah 3500000', 43, 'false', -1, 'keuangan', '0000-00-00 00:00:00', 'default', 'Nuris'),
('2014-05-12 09:23:02', '0000-00-00 00:00:00', '0000-00-00 00:00:00', NULL, '082121473036', 'Default_No_Compression', NULL, -1, 'Biaya Tunggakan Keuangan anak anda adalah 3500000', 41, 'false', -1, 'keuangan', '0000-00-00 00:00:00', 'default', 'Nuris'),
('2014-05-12 09:24:02', '0000-00-00 00:00:00', '0000-00-00 00:00:00', NULL, '082121473036', 'Default_No_Compression', NULL, -1, 'Biaya Tunggakan Keuangan anak anda adalah 3500000', 47, 'false', -1, 'keuangan', '0000-00-00 00:00:00', 'default', 'Nuris'),
('2014-05-12 09:24:02', '0000-00-00 00:00:00', '0000-00-00 00:00:00', NULL, '082121473036', 'Default_No_Compression', NULL, -1, 'Biaya Tunggakan Keuangan anak anda adalah 3500000', 48, 'false', -1, 'keuangan', '0000-00-00 00:00:00', 'default', 'Nuris'),
('2014-05-22 03:14:25', '0000-00-00 00:00:00', '0000-00-00 00:00:00', NULL, '082121473036', 'Default_No_Compression', NULL, -1, 'Biaya Tunggakan Keuangan anak anda adalah -500000', 49, 'false', -1, 'keuangan', '0000-00-00 00:00:00', 'default', 'Nuris'),
('2014-05-22 03:14:25', '0000-00-00 00:00:00', '0000-00-00 00:00:00', NULL, '082121473036', 'Default_No_Compression', NULL, -1, 'Biaya Tunggakan Keuangan anak anda adalah 4750000', 50, 'false', -1, 'keuangan', '0000-00-00 00:00:00', 'default', 'Nuris');

-- --------------------------------------------------------

--
-- Table structure for table `outbox_multipart`
--

CREATE TABLE IF NOT EXISTS `outbox_multipart` (
  `Text` text,
  `Coding` enum('Default_No_Compression','Unicode_No_Compression','8bit','Default_Compression','Unicode_Compression') NOT NULL DEFAULT 'Default_No_Compression',
  `UDH` text,
  `Class` int(11) DEFAULT '-1',
  `TextDecoded` text,
  `ID` int(10) unsigned NOT NULL DEFAULT '0',
  `SequencePosition` int(11) NOT NULL DEFAULT '1'
) ENGINE=MyISAM DEFAULT CHARSET=utf8;

-- --------------------------------------------------------

--
-- Table structure for table `pbk`
--

CREATE TABLE IF NOT EXISTS `pbk` (
  `ID` int(11) NOT NULL,
  `GroupID` int(11) NOT NULL DEFAULT '-1',
  `Name` text NOT NULL,
  `Number` text NOT NULL
) ENGINE=MyISAM DEFAULT CHARSET=utf8;

-- --------------------------------------------------------

--
-- Table structure for table `pbk_groups`
--

CREATE TABLE IF NOT EXISTS `pbk_groups` (
  `Name` text NOT NULL,
  `ID` int(11) NOT NULL
) ENGINE=MyISAM DEFAULT CHARSET=utf8;

-- --------------------------------------------------------

--
-- Table structure for table `phones`
--

CREATE TABLE IF NOT EXISTS `phones` (
  `ID` text NOT NULL,
  `UpdatedInDB` timestamp NOT NULL DEFAULT CURRENT_TIMESTAMP ON UPDATE CURRENT_TIMESTAMP,
  `InsertIntoDB` timestamp NOT NULL DEFAULT '0000-00-00 00:00:00',
  `TimeOut` timestamp NOT NULL DEFAULT '0000-00-00 00:00:00',
  `Send` enum('yes','no') NOT NULL DEFAULT 'no',
  `Receive` enum('yes','no') NOT NULL DEFAULT 'no',
  `IMEI` varchar(35) NOT NULL,
  `Client` text NOT NULL,
  `Battery` int(11) NOT NULL DEFAULT '0',
  `Signal` int(11) NOT NULL DEFAULT '0',
  `Sent` int(11) NOT NULL DEFAULT '0',
  `Received` int(11) NOT NULL DEFAULT '0'
) ENGINE=MyISAM DEFAULT CHARSET=utf8;

--
-- Dumping data for table `phones`
--

INSERT INTO `phones` (`ID`, `UpdatedInDB`, `InsertIntoDB`, `TimeOut`, `Send`, `Receive`, `IMEI`, `Client`, `Battery`, `Signal`, `Sent`, `Received`) VALUES
('keuangan', '2014-05-12 01:27:43', '2014-05-11 23:20:24', '2014-05-12 01:27:53', 'yes', 'yes', '354058180822796', 'Gammu 1.28.90, Windows Server 2007, GCC 4.4, MinGW 3.13', 0, 0, 3, 0);

-- --------------------------------------------------------

--
-- Table structure for table `sentitems`
--

CREATE TABLE IF NOT EXISTS `sentitems` (
  `UpdatedInDB` timestamp NOT NULL DEFAULT CURRENT_TIMESTAMP ON UPDATE CURRENT_TIMESTAMP,
  `InsertIntoDB` timestamp NOT NULL DEFAULT '0000-00-00 00:00:00',
  `SendingDateTime` timestamp NOT NULL DEFAULT '0000-00-00 00:00:00',
  `DeliveryDateTime` timestamp NULL DEFAULT NULL,
  `Text` text NOT NULL,
  `DestinationNumber` varchar(20) NOT NULL DEFAULT '',
  `Coding` enum('Default_No_Compression','Unicode_No_Compression','8bit','Default_Compression','Unicode_Compression') NOT NULL DEFAULT 'Default_No_Compression',
  `UDH` text NOT NULL,
  `SMSCNumber` varchar(20) NOT NULL DEFAULT '',
  `Class` int(11) NOT NULL DEFAULT '-1',
  `TextDecoded` text NOT NULL,
  `ID` int(10) unsigned NOT NULL DEFAULT '0',
  `SenderID` varchar(255) NOT NULL,
  `SequencePosition` int(11) NOT NULL DEFAULT '1',
  `Status` enum('SendingOK','SendingOKNoReport','SendingError','DeliveryOK','DeliveryFailed','DeliveryPending','DeliveryUnknown','Error') NOT NULL DEFAULT 'SendingOK',
  `StatusError` int(11) NOT NULL DEFAULT '-1',
  `TPMR` int(11) NOT NULL DEFAULT '-1',
  `RelativeValidity` int(11) NOT NULL DEFAULT '-1',
  `CreatorID` text NOT NULL
) ENGINE=MyISAM DEFAULT CHARSET=utf8;

--
-- Dumping data for table `sentitems`
--

INSERT INTO `sentitems` (`UpdatedInDB`, `InsertIntoDB`, `SendingDateTime`, `DeliveryDateTime`, `Text`, `DestinationNumber`, `Coding`, `UDH`, `SMSCNumber`, `Class`, `TextDecoded`, `ID`, `SenderID`, `SequencePosition`, `Status`, `StatusError`, `TPMR`, `RelativeValidity`, `CreatorID`) VALUES
('2014-04-27 23:08:17', '0000-00-00 00:00:00', '2014-04-27 23:08:17', NULL, '00740065007300740069006E006700200073006D0073002000700065007200740061006D0061', '082121473036', 'Default_No_Compression', '', '+6289644000001', -1, 'testing sms pertama', 1, 'testingSMS', 1, 'SendingOKNoReport', -1, 19, 255, 'Gammu 1.28.90'),
('2014-04-27 23:26:31', '0000-00-00 00:00:00', '2014-04-27 23:26:31', NULL, '007400650073007400200073006D00730020006B0065006400750061', '082121473036', 'Default_No_Compression', '', '+6289644000001', -1, 'test sms kedua', 2, 'testingSMS', 1, 'SendingError', -1, -1, 255, 'nuris'),
('2014-04-27 23:28:50', '0000-00-00 00:00:00', '2014-04-27 23:28:50', NULL, '006800680068006800680068', '082121473036', 'Default_No_Compression', '', '+6289644000001', -1, 'hhhhhh', 8, 'testingSMS', 1, 'SendingOKNoReport', -1, 20, 255, 'Gammu 1.28.90'),
('2014-04-27 23:28:53', '0000-00-00 00:00:00', '2014-04-27 23:28:53', NULL, '00680061006C006C006F0020006E0075007200690073', '082121473036', 'Default_No_Compression', '', '+6289644000001', -1, 'hallo nuris', 3, 'testingSMS', 1, 'SendingOKNoReport', -1, 21, 255, 'Gammu'),
('2014-04-27 23:28:56', '0000-00-00 00:00:00', '2014-04-27 23:28:56', NULL, '00680061006C006C006F0020006E0075007200690073', '082121473036', 'Default_No_Compression', '', '+6289644000001', -1, 'hallo nuris', 4, 'testingSMS', 1, 'SendingOKNoReport', -1, 22, 255, 'Gammu'),
('2014-04-27 23:29:00', '0000-00-00 00:00:00', '2014-04-27 23:29:00', NULL, '0068006100690020006E007500720069007300200061006B006200610072', '082121473036', 'Default_No_Compression', '', '+6289644000001', -1, 'hai nuris akbar', 5, 'testingSMS', 1, 'SendingOKNoReport', -1, 23, 255, 'Gammu 1.28.90'),
('2014-04-27 23:29:03', '0000-00-00 00:00:00', '2014-04-27 23:29:03', NULL, '0068006100690020006E007500720069007300200061006B0062006100720032', '082121473036', 'Default_No_Compression', '', '+6289644000001', -1, 'hai nuris akbar2', 6, 'testingSMS', 1, 'SendingOKNoReport', -1, 24, 255, 'Gammu 1.28.90'),
('2014-04-27 23:29:06', '0000-00-00 00:00:00', '2014-04-27 23:29:06', NULL, '00630063006300630063', '082121473036', 'Default_No_Compression', '', '+6289644000001', -1, 'ccccc', 7, 'testingSMS', 1, 'SendingOKNoReport', -1, 25, 255, 'Gammu 1.28.90'),
('2014-04-27 23:29:09', '0000-00-00 00:00:00', '2014-04-27 23:29:09', NULL, '006B006B006B006B006B', '082121473036', 'Default_No_Compression', '', '+6289644000001', -1, 'kkkkk', 9, 'testingSMS', 1, 'SendingOKNoReport', -1, 26, 255, 'Gammu 1.28.90'),
('2014-04-27 23:45:17', '0000-00-00 00:00:00', '2014-04-27 23:45:17', NULL, '0063006F006200610020006B006900720069006D0020006400610072006900200063006F0064006500690067006E0069007400650072', '082121473036', 'Default_No_Compression', '', '+6289644000001', -1, 'coba kirim dari codeigniter', 10, 'testingSMS', 1, 'SendingOKNoReport', -1, 27, 255, 'Gammu 1.28.90'),
('2014-04-27 23:45:21', '0000-00-00 00:00:00', '2014-04-27 23:45:21', NULL, '0063006F006200610020006B006900720069006D0020006400610072006900200063006F0064006500690067006E00690074006500720020006B0065006400750061', '082121473036', 'Default_No_Compression', '', '+6289644000001', -1, 'coba kirim dari codeigniter kedua', 11, 'testingSMS', 1, 'SendingOKNoReport', -1, 28, 255, 'Gammu 1.28.90'),
('2014-04-27 23:45:56', '0000-00-00 00:00:00', '2014-04-27 23:45:56', NULL, '0063006F006200610020006B006900720069006D0020006400610072006900200063006F0064006500690067006E00690074006500720020006B00650074006900670061', '082121473036', 'Default_No_Compression', '', '+6289644000001', -1, 'coba kirim dari codeigniter ketiga', 12, 'testingSMS', 1, 'SendingOKNoReport', -1, 29, 255, 'Gammu 1.28.90'),
('2014-04-27 23:49:01', '0000-00-00 00:00:00', '2014-04-27 23:49:01', NULL, '006800610069002000620072006F', '082121473036', 'Default_No_Compression', '', '+6289644000001', -1, 'hai bro', 13, 'testingSMS', 1, 'SendingOKNoReport', -1, 30, 255, 'Gammu 1.28.90'),
('2014-04-28 00:30:10', '0000-00-00 00:00:00', '2014-04-28 00:30:10', NULL, '0057006500620020006F006600200049006E0066006F0072006D006100740069006F006E002000530079007300740065006D0020006F006600200041006B006100640065006D00690063002000500072006F006700720061006D00200053007400750064007900200049006E0073007400720075006D0065006E0074006100740069006F006E000D000A00200020002000200020002000200020002000200020002000200020002000200061006E006400200045006C0065006300740072006F006E006900630073002000680061007600650020006200650065006E002000640065007300690067006E0065006400200061006E0064002000630061006E0020006200650020006100630063006500730073006500640020007400680072006F00750067006800200069006E007400650072', '082121473036', 'Default_No_Compression', '0500038C0301', '+6289644000001', -1, 'Web of Information System of Akademic Program Study Instrumentation\r\n                and Electronics have been designed and can be accessed through inter', 15, 'testingSMS', 1, 'SendingOKNoReport', -1, 31, 255, 'Gammu'),
('2014-04-28 00:30:14', '0000-00-00 00:00:00', '2014-04-28 00:30:14', NULL, '006E00650074002E0020004200790020007700650062000D000A002000200020002000200020002000200020002000200020002000200020002000740068006500200061006C006C00200069006E0066006F0072006D006100740069006F006E002000610062006F007500740020006B006E006F007700610062006C006500200061006B006100640065006D00690063002E000D000A0020002000200020002000200020002000200020002000200020002000200020005700650062002000640065007300690067006E0065006400200072006500700072006500730065006E0074002000640079006E0061006D00690063002000770065006200200073006F00200074006800610074002000630061006E0020006D0061006B0065002000610020006300680061006E0067006500200064', '082121473036', 'Default_No_Compression', '0500038C0302', '+6289644000001', -1, 'net. By web\r\n                the all information about knowable akademic.\r\n                Web designed represent dynamic web so that can make a change d', 15, 'testingSMS', 2, 'SendingOKNoReport', -1, 32, 255, 'Gammu'),
('2014-04-28 00:30:16', '0000-00-00 00:00:00', '2014-04-28 00:30:16', NULL, '006100740061002000610074002E', '082121473036', 'Default_No_Compression', '0500038C0303', '+6289644000001', -1, 'ata at.', 15, 'testingSMS', 3, 'SendingOKNoReport', -1, 33, 255, 'Gammu'),
('2014-05-11 09:21:47', '0000-00-00 00:00:00', '2014-05-11 09:21:47', NULL, '0067006600670066006700660067', '082121473036', 'Default_No_Compression', '', '+6289644000001', -1, 'gfgfgfg', 23, 'keuangan', 1, 'SendingOKNoReport', -1, 134, 255, 'Gammu 1.28.90'),
('2014-05-11 23:20:58', '0000-00-00 00:00:00', '2014-05-11 23:20:58', NULL, '0074006500730020006B006900720069006D00200073006D0073', '082121473036', 'Default_No_Compression', '', '+6289644000001', -1, 'tes kirim sms', 36, 'keuangan', 1, 'SendingOKNoReport', -1, 160, 255, 'Gammu 1.28.90'),
('2014-05-11 23:25:35', '0000-00-00 00:00:00', '2014-05-11 23:25:35', NULL, '00420069006100790061002000540075006E006700670061006B0061006E0020004B006500750061006E00670061006E00200061006E0061006B00200061006E006400610020006100640061006C0061006800200033003500300030003000300030', '082121473036', 'Default_No_Compression', '', '+6289644000001', -1, 'Biaya Tunggakan Keuangan anak anda adalah 3500000', 40, 'keuangan', 1, 'SendingOKNoReport', -1, 161, 255, 'Nuris'),
('2014-05-11 23:25:38', '0000-00-00 00:00:00', '2014-05-11 23:25:38', NULL, '00420069006100790061002000540075006E006700670061006B0061006E0020004B006500750061006E00670061006E00200061006E0061006B00200061006E006400610020006100640061006C0061006800200031003400300030003000300030', '082121473036', 'Default_No_Compression', '', '+6289644000001', -1, 'Biaya Tunggakan Keuangan anak anda adalah 1400000', 39, 'keuangan', 1, 'SendingOKNoReport', -1, 162, 255, 'Nuris');

-- --------------------------------------------------------

--
-- Table structure for table `setting`
--

CREATE TABLE IF NOT EXISTS `setting` (
  `id` int(11) NOT NULL,
  `nama_kampus` varchar(160) NOT NULL,
  `alamat_kampus` text NOT NULL,
  `telpon` varchar(12) NOT NULL
) ENGINE=InnoDB DEFAULT CHARSET=latin1;

--
-- Dumping data for table `setting`
--

INSERT INTO `setting` (`id`, `nama_kampus`, `alamat_kampus`, `telpon`) VALUES
(1, 'politeknik tedc bandung1', 'cimahi', '0218765431');

-- --------------------------------------------------------

--
-- Table structure for table `student_absen`
--

CREATE TABLE IF NOT EXISTS `student_absen` (
  `absen_id` int(11) NOT NULL,
  `jadwal_id` int(11) NOT NULL,
  `tanggal` date NOT NULL,
  `keterangan` text NOT NULL
) ENGINE=InnoDB AUTO_INCREMENT=10 DEFAULT CHARSET=latin1;

--
-- Dumping data for table `student_absen`
--

INSERT INTO `student_absen` (`absen_id`, `jadwal_id`, `tanggal`, `keterangan`) VALUES
(4, 7, '2014-06-08', 'sample materi'),
(5, 1, '2014-06-08', 'sample aja'),
(6, 85, '2014-07-21', 'trobleshooting jaringan'),
(7, 73, '2014-07-25', 'sample materi'),
(8, 85, '2014-09-05', 'sample'),
(9, 85, '2014-09-06', 'vggvgv');

-- --------------------------------------------------------

--
-- Table structure for table `student_absen_detail`
--

CREATE TABLE IF NOT EXISTS `student_absen_detail` (
  `detail_id` int(11) NOT NULL,
  `absen_id` int(11) NOT NULL,
  `nim` varchar(10) NOT NULL,
  `kehadiran` varchar(1) NOT NULL,
  `keterangan` text NOT NULL
) ENGINE=InnoDB AUTO_INCREMENT=25 DEFAULT CHARSET=latin1;

--
-- Dumping data for table `student_absen_detail`
--

INSERT INTO `student_absen_detail` (`detail_id`, `absen_id`, `nim`, `kehadiran`, `keterangan`) VALUES
(2, 4, 'ti102134', 'i', ''),
(3, 4, 'KA131002', 'i', ''),
(4, 4, 'KA131003', 'i', ''),
(5, 4, 'KA131004', 'i', ''),
(6, 4, 'KA131005', 'i', ''),
(7, 4, 'KA131006', 'i', ''),
(8, 4, 'KA131007', 'a', ''),
(9, 4, 'KA131008', 'i', ''),
(10, 4, 'KA131010', 'i', ''),
(11, 4, 'KA131009', 'i', ''),
(12, 4, 'KA131011', 'i', ''),
(13, 4, 'KA131012', 'i', ''),
(14, 5, 'ti102134', 'h', ''),
(15, 6, 'ti102134', 'h', ''),
(16, 6, 'KA131002', 'h', ''),
(17, 8, 'KA131002', 'h', ''),
(18, 8, 'KA131004', 'h', ''),
(19, 8, 'KA131005', 'h', ''),
(20, 8, 'KA131006', 'h', ''),
(21, 9, 'KA131002', 'a', ''),
(22, 9, 'KA131004', 'h', ''),
(23, 9, 'KA131005', 'h', ''),
(24, 9, 'KA131006', 'h', '');

-- --------------------------------------------------------

--
-- Table structure for table `student_angkatan`
--

CREATE TABLE IF NOT EXISTS `student_angkatan` (
  `angkatan_id` int(11) NOT NULL,
  `keterangan` varchar(15) NOT NULL,
  `aktif` varchar(1) NOT NULL COMMENT 'y = aktif dan n = tidak'
) ENGINE=InnoDB AUTO_INCREMENT=3 DEFAULT CHARSET=latin1;

--
-- Dumping data for table `student_angkatan`
--

INSERT INTO `student_angkatan` (`angkatan_id`, `keterangan`, `aktif`) VALUES
(1, '2013-2014', 'n'),
(2, '2014-2015', 'y');

-- --------------------------------------------------------

--
-- Table structure for table `student_mahasiswa`
--

CREATE TABLE IF NOT EXISTS `student_mahasiswa` (
  `mahasiswa_id` int(11) NOT NULL,
  `nim` varchar(13) NOT NULL,
  `nama` varchar(50) NOT NULL,
  `konsentrasi_id` int(2) NOT NULL,
  `angkatan_id` int(4) NOT NULL COMMENT 'tahun akademik ketika masuk',
  `alamat` text NOT NULL,
  `semester` int(11) NOT NULL,
  `gender` varchar(1) NOT NULL,
  `agama_id` int(11) NOT NULL,
  `tempat_lahir` varchar(100) NOT NULL,
  `tanggal_lahir` date NOT NULL,
  `nama_ibu` varchar(100) NOT NULL,
  `nama_ayah` varchar(100) NOT NULL,
  `no_hp_ortu` varchar(12) NOT NULL,
  `pekerjaan_id_ibu` int(11) NOT NULL,
  `pekerjaan_id_ayah` int(11) NOT NULL,
  `alamat_ayah` text NOT NULL,
  `alamat_ibu` text NOT NULL,
  `penghasilan_ayah` int(11) NOT NULL,
  `penghasilan_ibu` int(11) NOT NULL,
  `sekolah_nama` varchar(50) NOT NULL,
  `sekolah_telpon` varchar(12) NOT NULL,
  `sekolah_alamat` text NOT NULL,
  `sekolah_jurusan` varchar(80) NOT NULL,
  `sekolah_tahun_lulus` int(4) NOT NULL,
  `kampus_nama` varchar(50) NOT NULL,
  `kampus_telpon` varchar(12) NOT NULL,
  `kampus_alamat` text NOT NULL,
  `kampus_jurusan` varchar(80) NOT NULL,
  `kampus_tahun_lulus` int(4) NOT NULL,
  `institusi_nama` varchar(80) NOT NULL,
  `institusi_telpon` varchar(12) NOT NULL,
  `institusi_alamat` text NOT NULL,
  `instansi_nama` varchar(80) NOT NULL,
  `instansi_telpon` varchar(12) NOT NULL,
  `instansi_alamat` text NOT NULL,
  `instansi_mulai` int(4) NOT NULL,
  `instansi_sampai` int(4) NOT NULL,
  `semester_aktif` int(11) NOT NULL
) ENGINE=InnoDB AUTO_INCREMENT=16 DEFAULT CHARSET=latin1;

--
-- Dumping data for table `student_mahasiswa`
--

INSERT INTO `student_mahasiswa` (`mahasiswa_id`, `nim`, `nama`, `konsentrasi_id`, `angkatan_id`, `alamat`, `semester`, `gender`, `agama_id`, `tempat_lahir`, `tanggal_lahir`, `nama_ibu`, `nama_ayah`, `no_hp_ortu`, `pekerjaan_id_ibu`, `pekerjaan_id_ayah`, `alamat_ayah`, `alamat_ibu`, `penghasilan_ayah`, `penghasilan_ibu`, `sekolah_nama`, `sekolah_telpon`, `sekolah_alamat`, `sekolah_jurusan`, `sekolah_tahun_lulus`, `kampus_nama`, `kampus_telpon`, `kampus_alamat`, `kampus_jurusan`, `kampus_tahun_lulus`, `institusi_nama`, `institusi_telpon`, `institusi_alamat`, `instansi_nama`, `instansi_telpon`, `instansi_alamat`, `instansi_mulai`, `instansi_sampai`, `semester_aktif`) VALUES
(1, 'ti102134', 'nuris akbar', 3, 1, 'jl.pesantren km 2', 0, '1', 1, 'langsa', '1992-08-24', 'nurhayati', 'ishak husein', '082121473036', 1, 9, 'telaga meku', 'telaga meku', 2, 0, 'smkn 2 langsa', '02121456', 'jl pb.seleumak', 'rpl', 2010, 'smkn 2 langsa', '02121456', 'jl pb.seleumak', 'rpl', 2010, 'reka pancatama', '02134567', 'jl soekarno hataa', 'sample text', '02145675', 'saple', 2010, 2014, 5),
(5, 'KA131002', 'Etika Cahya Pribadi', 3, 1, '', 0, 'l', 0, '', '0000-00-00', '', '', '', 0, 0, '', '', 0, 0, '', '', '', '', 0, '', '', '', '', 0, '', '', '', '', '', '', 0, 0, 4),
(6, 'KA131003', 'Indira Nuaisyah', 3, 1, '', 0, 'l', 0, '', '0000-00-00', '', '', '', 0, 0, '', '', 0, 0, '', '', '', '', 0, '', '', '', '', 0, '', '', '', '', '', '', 0, 0, 6),
(7, 'KA131004', 'Irmawati Sipahutar', 3, 1, '', 0, 'l', 0, '', '0000-00-00', '', '', '', 0, 0, '', '', 0, 0, '', '', '', '', 0, '', '', '', '', 0, '', '', '', '', '', '', 0, 0, 3),
(8, 'KA131005', 'Lutfhyyah Nadia Zulfikrie', 3, 1, '', 0, 'l', 0, '', '0000-00-00', '', '', '', 0, 0, '', '', 0, 0, '', '', '', '', 0, '', '', '', '', 0, '', '', '', '', '', '', 0, 0, 3),
(9, 'KA131006', 'Nabila Ladysthya Taufiq', 3, 1, '', 0, 'l', 0, '', '0000-00-00', '', '', '', 0, 0, '', '', 0, 0, '', '', '', '', 0, '', '', '', '', 0, '', '', '', '', '', '', 0, 0, 4),
(10, 'KA131007', 'Tiara Nur Cahya', 3, 1, '', 0, 'l', 0, '', '0000-00-00', '', '', '', 0, 0, '', '', 0, 0, '', '', '', '', 0, '', '', '', '', 0, '', '', '', '', '', '', 0, 0, 2),
(13, 'KA131010', 'Andhyka Adiguna Sujana', 3, 1, '', 0, 'l', 0, '', '0000-00-00', '', '', '', 0, 0, '', '', 0, 0, '', '', '', '', 0, '', '', '', '', 0, '', '', '', '', '', '', 0, 0, 2),
(14, 'KA131011', 'Nunu Suherna Nusuri', 3, 1, '', 0, 'l', 0, '', '0000-00-00', '', '', '', 0, 0, '', '', 0, 0, '', '', '', '', 0, '', '', '', '', 0, '', '', '', '', '', '', 0, 0, 2),
(15, 'KA131012', 'Nurul Rahmatun Putri Rustama', 3, 1, '', 0, 'l', 0, '', '0000-00-00', '', '', '', 0, 0, '', '', 0, 0, '', '', '', '', 0, '', '', '', '', 0, '', '', '', '', '', '', 0, 0, 2);

-- --------------------------------------------------------

--
-- Table structure for table `submenu`
--

CREATE TABLE IF NOT EXISTS `submenu` (
  `id_submenu` int(11) NOT NULL,
  `id_mainmenu` int(11) NOT NULL,
  `nama_submenu` varchar(50) NOT NULL,
  `link` varchar(50) NOT NULL,
  `aktif` enum('y','t') NOT NULL,
  `icon` varchar(30) NOT NULL,
  `level` int(11) NOT NULL
) ENGINE=InnoDB AUTO_INCREMENT=90 DEFAULT CHARSET=latin1;

--
-- Dumping data for table `submenu`
--

INSERT INTO `submenu` (`id_submenu`, `id_mainmenu`, `nama_submenu`, `link`, `aktif`, `icon`, `level`) VALUES
(70, 28, 'tahun akademik', 'tahunakademik', 'y', 'gi gi-calendar', 1),
(71, 26, 'gedung', 'gedung', 'y', 'gi gi-cargo', 1),
(72, 26, 'ruangan', 'ruangan', 'y', 'gi gi-bank', 1),
(73, 28, 'matakuliah', 'matakuliah', 'y', 'gi gi-book_open', 1),
(74, 26, 'prodi', 'prodi', 'y', 'gi gi-table', 1),
(75, 26, 'konsentrasi', 'konsentrasi', 'y', 'fa fa-credit-card', 1),
(76, 26, 'dosen', 'dosen', 'y', 'gi gi-parents', 1),
(77, 28, 'jadwal kuliah', 'jadwalkuliah', 'y', 'fa fa-calendar', 1),
(78, 26, 'kelompok matakuliah', 'kelompokmatakuliah', 'y', 'gi gi-address_book', 1),
(79, 29, 'form pembayaran', 'keuangan/pembayaran', 'y', 'gi gi-coins', 1),
(80, 29, 'jenis pembayaran', 'jenisbayar', 'y', 'fa fa-puzzle-piece', 1),
(81, 29, 'biaya kuliah', 'setupbiayakuliah', 'y', 'fa fa-money', 1),
(82, 29, 'laporan keuangan', 'keuangan/laporan', 'y', 'gi gi-notes_2', 1),
(83, 28, 'registrasi', 'registrasi', 'y', 'fa fa-keyboard-o', 1),
(84, 28, 'kartu rencana studi', 'krs/lihat', 'y', 'gi gi-cart_in', 1),
(85, 35, 'kartu rencana studi', 'krs/lihat', 'y', 'gi gi-notes_2', 0),
(86, 35, 'kartu rencana studi', 'khs', 'y', 'hi hi-list-alt', 0),
(87, 26, 'grade nilai', 'grade', 'y', 'gi gi-credit_card', 0),
(88, 28, 'kartu hasil studi', 'khs', 'y', 'gi gi-notes', 0),
(89, 26, 'tahun angkatan', 'tahunangkatan', 'y', 'gi gi-calendar', 0);

--
-- Indexes for dumped tables
--

--
-- Indexes for table `akademik_jadwal_kuliah`
--
ALTER TABLE `akademik_jadwal_kuliah`
  ADD PRIMARY KEY (`jadwal_id`);

--
-- Indexes for table `akademik_khs`
--
ALTER TABLE `akademik_khs`
  ADD PRIMARY KEY (`khs_id`);

--
-- Indexes for table `akademik_konsentrasi`
--
ALTER TABLE `akademik_konsentrasi`
  ADD PRIMARY KEY (`konsentrasi_id`);

--
-- Indexes for table `akademik_krs`
--
ALTER TABLE `akademik_krs`
  ADD PRIMARY KEY (`krs_id`);

--
-- Indexes for table `akademik_prodi`
--
ALTER TABLE `akademik_prodi`
  ADD PRIMARY KEY (`prodi_id`);

--
-- Indexes for table `akademik_registrasi`
--
ALTER TABLE `akademik_registrasi`
  ADD PRIMARY KEY (`registrasi_id`);

--
-- Indexes for table `akademik_tahun_akademik`
--
ALTER TABLE `akademik_tahun_akademik`
  ADD PRIMARY KEY (`tahun_akademik_id`);

--
-- Indexes for table `akademik_waktu_kuliah`
--
ALTER TABLE `akademik_waktu_kuliah`
  ADD PRIMARY KEY (`waktu_id`);

--
-- Indexes for table `app_agama`
--
ALTER TABLE `app_agama`
  ADD PRIMARY KEY (`agama_id`);

--
-- Indexes for table `app_dosen`
--
ALTER TABLE `app_dosen`
  ADD PRIMARY KEY (`dosen_id`);

--
-- Indexes for table `app_gedung`
--
ALTER TABLE `app_gedung`
  ADD PRIMARY KEY (`gedung_id`);

--
-- Indexes for table `app_hari`
--
ALTER TABLE `app_hari`
  ADD PRIMARY KEY (`hari_id`);

--
-- Indexes for table `app_nilai_grade`
--
ALTER TABLE `app_nilai_grade`
  ADD PRIMARY KEY (`nilai_id`);

--
-- Indexes for table `app_pekerjaan`
--
ALTER TABLE `app_pekerjaan`
  ADD PRIMARY KEY (`pekerjaan_id`);

--
-- Indexes for table `app_ruangan`
--
ALTER TABLE `app_ruangan`
  ADD PRIMARY KEY (`ruangan_id`);

--
-- Indexes for table `app_users`
--
ALTER TABLE `app_users`
  ADD PRIMARY KEY (`id_users`);

--
-- Indexes for table `inbox`
--
ALTER TABLE `inbox`
  ADD PRIMARY KEY (`ID`);

--
-- Indexes for table `keuangan_biaya_kuliah`
--
ALTER TABLE `keuangan_biaya_kuliah`
  ADD PRIMARY KEY (`biaya_kuliah_id`);

--
-- Indexes for table `keuangan_jenis_bayar`
--
ALTER TABLE `keuangan_jenis_bayar`
  ADD PRIMARY KEY (`jenis_bayar_id`);

--
-- Indexes for table `keuangan_pembayaran`
--
ALTER TABLE `keuangan_pembayaran`
  ADD PRIMARY KEY (`pembayaran_id`);

--
-- Indexes for table `keuangan_pembayaran_detail`
--
ALTER TABLE `keuangan_pembayaran_detail`
  ADD PRIMARY KEY (`pembayara_detail_id`);

--
-- Indexes for table `mainmenu`
--
ALTER TABLE `mainmenu`
  ADD PRIMARY KEY (`id_mainmenu`);

--
-- Indexes for table `makul_kelompok`
--
ALTER TABLE `makul_kelompok`
  ADD PRIMARY KEY (`kelompok_id`);

--
-- Indexes for table `makul_matakuliah`
--
ALTER TABLE `makul_matakuliah`
  ADD PRIMARY KEY (`makul_id`);

--
-- Indexes for table `outbox`
--
ALTER TABLE `outbox`
  ADD PRIMARY KEY (`ID`), ADD KEY `outbox_date` (`SendingDateTime`,`SendingTimeOut`), ADD KEY `outbox_sender` (`SenderID`);

--
-- Indexes for table `outbox_multipart`
--
ALTER TABLE `outbox_multipart`
  ADD PRIMARY KEY (`ID`,`SequencePosition`);

--
-- Indexes for table `pbk`
--
ALTER TABLE `pbk`
  ADD PRIMARY KEY (`ID`);

--
-- Indexes for table `pbk_groups`
--
ALTER TABLE `pbk_groups`
  ADD PRIMARY KEY (`ID`);

--
-- Indexes for table `phones`
--
ALTER TABLE `phones`
  ADD PRIMARY KEY (`IMEI`);

--
-- Indexes for table `sentitems`
--
ALTER TABLE `sentitems`
  ADD PRIMARY KEY (`ID`,`SequencePosition`), ADD KEY `sentitems_date` (`DeliveryDateTime`), ADD KEY `sentitems_tpmr` (`TPMR`), ADD KEY `sentitems_dest` (`DestinationNumber`), ADD KEY `sentitems_sender` (`SenderID`);

--
-- Indexes for table `student_absen`
--
ALTER TABLE `student_absen`
  ADD PRIMARY KEY (`absen_id`);

--
-- Indexes for table `student_absen_detail`
--
ALTER TABLE `student_absen_detail`
  ADD PRIMARY KEY (`detail_id`);

--
-- Indexes for table `student_angkatan`
--
ALTER TABLE `student_angkatan`
  ADD PRIMARY KEY (`angkatan_id`);

--
-- Indexes for table `student_mahasiswa`
--
ALTER TABLE `student_mahasiswa`
  ADD PRIMARY KEY (`mahasiswa_id`);

--
-- Indexes for table `submenu`
--
ALTER TABLE `submenu`
  ADD PRIMARY KEY (`id_submenu`);

--
-- AUTO_INCREMENT for dumped tables
--

--
-- AUTO_INCREMENT for table `akademik_jadwal_kuliah`
--
ALTER TABLE `akademik_jadwal_kuliah`
  MODIFY `jadwal_id` int(11) NOT NULL AUTO_INCREMENT,AUTO_INCREMENT=109;
--
-- AUTO_INCREMENT for table `akademik_khs`
--
ALTER TABLE `akademik_khs`
  MODIFY `khs_id` int(11) NOT NULL AUTO_INCREMENT,AUTO_INCREMENT=162;
--
-- AUTO_INCREMENT for table `akademik_konsentrasi`
--
ALTER TABLE `akademik_konsentrasi`
  MODIFY `konsentrasi_id` int(11) NOT NULL AUTO_INCREMENT,AUTO_INCREMENT=18;
--
-- AUTO_INCREMENT for table `akademik_krs`
--
ALTER TABLE `akademik_krs`
  MODIFY `krs_id` int(11) NOT NULL AUTO_INCREMENT,AUTO_INCREMENT=162;
--
-- AUTO_INCREMENT for table `akademik_prodi`
--
ALTER TABLE `akademik_prodi`
  MODIFY `prodi_id` int(11) NOT NULL AUTO_INCREMENT,AUTO_INCREMENT=16;
--
-- AUTO_INCREMENT for table `akademik_registrasi`
--
ALTER TABLE `akademik_registrasi`
  MODIFY `registrasi_id` int(11) NOT NULL AUTO_INCREMENT,AUTO_INCREMENT=26;
--
-- AUTO_INCREMENT for table `akademik_tahun_akademik`
--
ALTER TABLE `akademik_tahun_akademik`
  MODIFY `tahun_akademik_id` int(11) NOT NULL AUTO_INCREMENT,AUTO_INCREMENT=7;
--
-- AUTO_INCREMENT for table `akademik_waktu_kuliah`
--
ALTER TABLE `akademik_waktu_kuliah`
  MODIFY `waktu_id` int(11) NOT NULL AUTO_INCREMENT;
--
-- AUTO_INCREMENT for table `app_dosen`
--
ALTER TABLE `app_dosen`
  MODIFY `dosen_id` int(11) NOT NULL AUTO_INCREMENT,AUTO_INCREMENT=34;
--
-- AUTO_INCREMENT for table `app_gedung`
--
ALTER TABLE `app_gedung`
  MODIFY `gedung_id` int(11) NOT NULL AUTO_INCREMENT,AUTO_INCREMENT=5;
--
-- AUTO_INCREMENT for table `app_hari`
--
ALTER TABLE `app_hari`
  MODIFY `hari_id` int(11) NOT NULL AUTO_INCREMENT,AUTO_INCREMENT=8;
--
-- AUTO_INCREMENT for table `app_nilai_grade`
--
ALTER TABLE `app_nilai_grade`
  MODIFY `nilai_id` int(11) NOT NULL AUTO_INCREMENT,AUTO_INCREMENT=7;
--
-- AUTO_INCREMENT for table `app_ruangan`
--
ALTER TABLE `app_ruangan`
  MODIFY `ruangan_id` int(11) NOT NULL AUTO_INCREMENT,AUTO_INCREMENT=28;
--
-- AUTO_INCREMENT for table `app_users`
--
ALTER TABLE `app_users`
  MODIFY `id_users` int(11) NOT NULL AUTO_INCREMENT,AUTO_INCREMENT=10;
--
-- AUTO_INCREMENT for table `inbox`
--
ALTER TABLE `inbox`
  MODIFY `ID` int(10) unsigned NOT NULL AUTO_INCREMENT;
--
-- AUTO_INCREMENT for table `keuangan_biaya_kuliah`
--
ALTER TABLE `keuangan_biaya_kuliah`
  MODIFY `biaya_kuliah_id` int(11) NOT NULL AUTO_INCREMENT,AUTO_INCREMENT=943;
--
-- AUTO_INCREMENT for table `keuangan_jenis_bayar`
--
ALTER TABLE `keuangan_jenis_bayar`
  MODIFY `jenis_bayar_id` int(11) NOT NULL AUTO_INCREMENT,AUTO_INCREMENT=23;
--
-- AUTO_INCREMENT for table `keuangan_pembayaran`
--
ALTER TABLE `keuangan_pembayaran`
  MODIFY `pembayaran_id` int(11) NOT NULL AUTO_INCREMENT;
--
-- AUTO_INCREMENT for table `keuangan_pembayaran_detail`
--
ALTER TABLE `keuangan_pembayaran_detail`
  MODIFY `pembayara_detail_id` int(11) NOT NULL AUTO_INCREMENT,AUTO_INCREMENT=20;
--
-- AUTO_INCREMENT for table `mainmenu`
--
ALTER TABLE `mainmenu`
  MODIFY `id_mainmenu` int(11) NOT NULL AUTO_INCREMENT,AUTO_INCREMENT=41;
--
-- AUTO_INCREMENT for table `makul_kelompok`
--
ALTER TABLE `makul_kelompok`
  MODIFY `kelompok_id` int(11) NOT NULL AUTO_INCREMENT,AUTO_INCREMENT=6;
--
-- AUTO_INCREMENT for table `makul_matakuliah`
--
ALTER TABLE `makul_matakuliah`
  MODIFY `makul_id` int(11) NOT NULL AUTO_INCREMENT,AUTO_INCREMENT=50;
--
-- AUTO_INCREMENT for table `outbox`
--
ALTER TABLE `outbox`
  MODIFY `ID` int(10) unsigned NOT NULL AUTO_INCREMENT,AUTO_INCREMENT=51;
--
-- AUTO_INCREMENT for table `pbk`
--
ALTER TABLE `pbk`
  MODIFY `ID` int(11) NOT NULL AUTO_INCREMENT;
--
-- AUTO_INCREMENT for table `pbk_groups`
--
ALTER TABLE `pbk_groups`
  MODIFY `ID` int(11) NOT NULL AUTO_INCREMENT;
--
-- AUTO_INCREMENT for table `student_absen`
--
ALTER TABLE `student_absen`
  MODIFY `absen_id` int(11) NOT NULL AUTO_INCREMENT,AUTO_INCREMENT=10;
--
-- AUTO_INCREMENT for table `student_absen_detail`
--
ALTER TABLE `student_absen_detail`
  MODIFY `detail_id` int(11) NOT NULL AUTO_INCREMENT,AUTO_INCREMENT=25;
--
-- AUTO_INCREMENT for table `student_angkatan`
--
ALTER TABLE `student_angkatan`
  MODIFY `angkatan_id` int(11) NOT NULL AUTO_INCREMENT,AUTO_INCREMENT=3;
--
-- AUTO_INCREMENT for table `student_mahasiswa`
--
ALTER TABLE `student_mahasiswa`
  MODIFY `mahasiswa_id` int(11) NOT NULL AUTO_INCREMENT,AUTO_INCREMENT=16;
--
-- AUTO_INCREMENT for table `submenu`
--
ALTER TABLE `submenu`
  MODIFY `id_submenu` int(11) NOT NULL AUTO_INCREMENT,AUTO_INCREMENT=90;--
-- Database: `aplikasiyii`
--

-- --------------------------------------------------------

--
-- Table structure for table `tbl_user`
--

CREATE TABLE IF NOT EXISTS `tbl_user` (
  `id` int(11) NOT NULL,
  `username` varchar(128) NOT NULL,
  `password` varchar(128) NOT NULL,
  `email` varchar(128) NOT NULL
) ENGINE=InnoDB AUTO_INCREMENT=25455 DEFAULT CHARSET=latin1;

--
-- Dumping data for table `tbl_user`
--

INSERT INTO `tbl_user` (`id`, `username`, `password`, `email`) VALUES
(1, 'zulham', 'aamgaul724698', 'asegaf@ymail.com'),
(2, 'ela', 'khusna2103', 'khusna@gmail.com'),
(3, 'lynxs', 'aamgaul', 'lakulaku@ymail.com'),
(25453, 'admin', 'aamgaul724698', 'lk'),
(25454, 'mhgk`', 'gtqmh', 'hg\r\n');

--
-- Indexes for dumped tables
--

--
-- Indexes for table `tbl_user`
--
ALTER TABLE `tbl_user`
  ADD PRIMARY KEY (`id`);

--
-- AUTO_INCREMENT for dumped tables
--

--
-- AUTO_INCREMENT for table `tbl_user`
--
ALTER TABLE `tbl_user`
  MODIFY `id` int(11) NOT NULL AUTO_INCREMENT,AUTO_INCREMENT=25455;--
-- Database: `beli2`
--

-- --------------------------------------------------------

--
-- Table structure for table `atribut`
--

CREATE TABLE IF NOT EXISTS `atribut` (
  `no` int(5) NOT NULL,
  `id_barang` int(5) NOT NULL,
  `atribut` varchar(30) NOT NULL
) ENGINE=InnoDB DEFAULT CHARSET=latin1;

-- --------------------------------------------------------

--
-- Table structure for table `barang`
--

CREATE TABLE IF NOT EXISTS `barang` (
  `id_barang` int(5) NOT NULL,
  `nama` varchar(30) NOT NULL,
  `deskripsi` varchar(100) NOT NULL,
  `harga` int(9) NOT NULL,
  `kuantitas` int(5) NOT NULL,
  `diskon` int(6) NOT NULL,
  `url_foto` varchar(100) NOT NULL,
  `email_supplier` varchar(30) NOT NULL
) ENGINE=InnoDB AUTO_INCREMENT=2 DEFAULT CHARSET=latin1;

--
-- Dumping data for table `barang`
--

INSERT INTO `barang` (`id_barang`, `nama`, `deskripsi`, `harga`, `kuantitas`, `diskon`, `url_foto`, `email_supplier`) VALUES
(1, 'Lampu', 'Lampu LED', 50000, 100, 10, 'NULL', 'asegaf@ymail.com');

-- --------------------------------------------------------

--
-- Table structure for table `cod`
--

CREATE TABLE IF NOT EXISTS `cod` (
  `no` int(5) NOT NULL,
  `id_pemesanan` int(5) NOT NULL,
  `tgl_terima` date NOT NULL
) ENGINE=InnoDB DEFAULT CHARSET=latin1;

-- --------------------------------------------------------

--
-- Table structure for table `distribusi`
--

CREATE TABLE IF NOT EXISTS `distribusi` (
  `no` int(5) NOT NULL,
  `id_pemesanan` int(5) NOT NULL,
  `jenis_distribusi` varchar(50) NOT NULL,
  `resi` varchar(20) NOT NULL
) ENGINE=InnoDB DEFAULT CHARSET=latin1;

-- --------------------------------------------------------

--
-- Table structure for table `kategori`
--

CREATE TABLE IF NOT EXISTS `kategori` (
  `no` int(5) NOT NULL,
  `id_barang` int(5) NOT NULL,
  `kategori` varchar(30) NOT NULL
) ENGINE=InnoDB DEFAULT CHARSET=latin1;

-- --------------------------------------------------------

--
-- Table structure for table `komentar`
--

CREATE TABLE IF NOT EXISTS `komentar` (
  `id_komentar` int(5) NOT NULL,
  `email_pembeli` varchar(30) NOT NULL,
  `id_barang` int(5) NOT NULL,
  `isi_komen` varchar(100) NOT NULL,
  `rating` int(5) NOT NULL
) ENGINE=InnoDB DEFAULT CHARSET=latin1;

-- --------------------------------------------------------

--
-- Table structure for table `kredit`
--

CREATE TABLE IF NOT EXISTS `kredit` (
  `no` int(5) NOT NULL,
  `id_pemesanan` int(5) NOT NULL,
  `nmr_krtu_kredit` varchar(20) NOT NULL
) ENGINE=InnoDB DEFAULT CHARSET=latin1;

-- --------------------------------------------------------

--
-- Table structure for table `login`
--

CREATE TABLE IF NOT EXISTS `login` (
  `nama` varchar(30) NOT NULL,
  `password` varchar(30) NOT NULL,
  `level` int(2) NOT NULL
) ENGINE=InnoDB DEFAULT CHARSET=latin1;

-- --------------------------------------------------------

--
-- Table structure for table `pembeli`
--

CREATE TABLE IF NOT EXISTS `pembeli` (
  `email_pembeli` varchar(30) NOT NULL,
  `password` varchar(20) NOT NULL,
  `nama` varchar(30) NOT NULL,
  `nomor_ktp` varchar(20) NOT NULL,
  `jln` varchar(20) NOT NULL,
  `kodepos` varchar(20) NOT NULL,
  `kota` varchar(30) NOT NULL,
  `level` int(2) NOT NULL
) ENGINE=InnoDB DEFAULT CHARSET=latin1;

--
-- Dumping data for table `pembeli`
--

INSERT INTO `pembeli` (`email_pembeli`, `password`, `nama`, `nomor_ktp`, `jln`, `kodepos`, `kota`, `level`) VALUES
('anis', '1', 'jnf', '4444444', 'jdvb', '224', 'djg', 0),
('fitri', '1', 'fitri', '325', 'cfj', '214', 'ghfg', 0),
('hjfh', 'jhfj', 'jhfj', '13', 'dfn', '872', 'jdhfj', 0);

-- --------------------------------------------------------

--
-- Table structure for table `pemesanan`
--

CREATE TABLE IF NOT EXISTS `pemesanan` (
  `id_pemesanan` int(5) NOT NULL,
  `email_pembeli` varchar(30) NOT NULL,
  `id_barang` int(5) NOT NULL,
  `jumlah_barang` int(5) NOT NULL,
  `tanggal` date NOT NULL,
  `metode_pembayaran` varchar(30) NOT NULL
) ENGINE=InnoDB DEFAULT CHARSET=latin1;

-- --------------------------------------------------------

--
-- Table structure for table `status`
--

CREATE TABLE IF NOT EXISTS `status` (
  `no` int(5) NOT NULL,
  `id_pemesanan` int(5) NOT NULL,
  `status` varchar(50) NOT NULL
) ENGINE=InnoDB DEFAULT CHARSET=latin1;

-- --------------------------------------------------------

--
-- Table structure for table `supplier`
--

CREATE TABLE IF NOT EXISTS `supplier` (
  `email_supplier` varchar(30) NOT NULL,
  `password` varchar(20) NOT NULL,
  `nama` varchar(50) NOT NULL,
  `jln` varchar(20) NOT NULL,
  `kota` varchar(20) NOT NULL,
  `deskripsi` varchar(150) NOT NULL,
  `kontak` varchar(20) NOT NULL
) ENGINE=InnoDB DEFAULT CHARSET=latin1;

--
-- Dumping data for table `supplier`
--

INSERT INTO `supplier` (`email_supplier`, `password`, `nama`, `jln`, `kota`, `deskripsi`, `kontak`) VALUES
('asegaf@ymail.com', 'aamgaul724698', 'Zulham', 'Pesanggaran', 'Denpasar', 'toko baju', '08573839289');

-- --------------------------------------------------------

--
-- Table structure for table `transfer`
--

CREATE TABLE IF NOT EXISTS `transfer` (
  `no` int(5) NOT NULL,
  `id_pemesanan` int(5) NOT NULL,
  `tgl_transfer` date NOT NULL,
  `nmr_rekening` varchar(20) NOT NULL,
  `bukti_transfer` varchar(100) NOT NULL
) ENGINE=InnoDB DEFAULT CHARSET=latin1;

--
-- Indexes for dumped tables
--

--
-- Indexes for table `atribut`
--
ALTER TABLE `atribut`
  ADD PRIMARY KEY (`no`), ADD KEY `id_barang` (`id_barang`);

--
-- Indexes for table `barang`
--
ALTER TABLE `barang`
  ADD PRIMARY KEY (`id_barang`), ADD KEY `email_supplier` (`email_supplier`);

--
-- Indexes for table `cod`
--
ALTER TABLE `cod`
  ADD PRIMARY KEY (`no`), ADD KEY `id_pemesanan` (`id_pemesanan`);

--
-- Indexes for table `distribusi`
--
ALTER TABLE `distribusi`
  ADD PRIMARY KEY (`no`), ADD KEY `id_pemesanan` (`id_pemesanan`);

--
-- Indexes for table `kategori`
--
ALTER TABLE `kategori`
  ADD PRIMARY KEY (`no`), ADD KEY `id_barang` (`id_barang`);

--
-- Indexes for table `komentar`
--
ALTER TABLE `komentar`
  ADD PRIMARY KEY (`id_komentar`), ADD KEY `email_pembeli` (`email_pembeli`), ADD KEY `id_barang` (`id_barang`);

--
-- Indexes for table `kredit`
--
ALTER TABLE `kredit`
  ADD PRIMARY KEY (`no`), ADD KEY `id_pemesanan` (`id_pemesanan`);

--
-- Indexes for table `login`
--
ALTER TABLE `login`
  ADD PRIMARY KEY (`nama`), ADD KEY `password` (`password`);

--
-- Indexes for table `pembeli`
--
ALTER TABLE `pembeli`
  ADD PRIMARY KEY (`email_pembeli`);

--
-- Indexes for table `pemesanan`
--
ALTER TABLE `pemesanan`
  ADD PRIMARY KEY (`id_pemesanan`), ADD KEY `email_pembeli` (`email_pembeli`,`id_barang`), ADD KEY `id_barang` (`id_barang`);

--
-- Indexes for table `status`
--
ALTER TABLE `status`
  ADD PRIMARY KEY (`no`), ADD KEY `id_pemesanan` (`id_pemesanan`);

--
-- Indexes for table `supplier`
--
ALTER TABLE `supplier`
  ADD PRIMARY KEY (`email_supplier`);

--
-- Indexes for table `transfer`
--
ALTER TABLE `transfer`
  ADD PRIMARY KEY (`no`), ADD KEY `id_pemesanan` (`id_pemesanan`);

--
-- AUTO_INCREMENT for dumped tables
--

--
-- AUTO_INCREMENT for table `atribut`
--
ALTER TABLE `atribut`
  MODIFY `no` int(5) NOT NULL AUTO_INCREMENT;
--
-- AUTO_INCREMENT for table `barang`
--
ALTER TABLE `barang`
  MODIFY `id_barang` int(5) NOT NULL AUTO_INCREMENT,AUTO_INCREMENT=2;
--
-- AUTO_INCREMENT for table `cod`
--
ALTER TABLE `cod`
  MODIFY `no` int(5) NOT NULL AUTO_INCREMENT;
--
-- AUTO_INCREMENT for table `distribusi`
--
ALTER TABLE `distribusi`
  MODIFY `no` int(5) NOT NULL AUTO_INCREMENT;
--
-- AUTO_INCREMENT for table `kategori`
--
ALTER TABLE `kategori`
  MODIFY `no` int(5) NOT NULL AUTO_INCREMENT;
--
-- AUTO_INCREMENT for table `komentar`
--
ALTER TABLE `komentar`
  MODIFY `id_komentar` int(5) NOT NULL AUTO_INCREMENT;
--
-- AUTO_INCREMENT for table `kredit`
--
ALTER TABLE `kredit`
  MODIFY `no` int(5) NOT NULL AUTO_INCREMENT;
--
-- AUTO_INCREMENT for table `status`
--
ALTER TABLE `status`
  MODIFY `no` int(5) NOT NULL AUTO_INCREMENT;
--
-- AUTO_INCREMENT for table `transfer`
--
ALTER TABLE `transfer`
  MODIFY `no` int(5) NOT NULL AUTO_INCREMENT;
--
-- Constraints for dumped tables
--

--
-- Constraints for table `atribut`
--
ALTER TABLE `atribut`
ADD CONSTRAINT `atribut_ibfk_1` FOREIGN KEY (`id_barang`) REFERENCES `barang` (`id_barang`) ON DELETE CASCADE ON UPDATE CASCADE;

--
-- Constraints for table `barang`
--
ALTER TABLE `barang`
ADD CONSTRAINT `barang_ibfk_1` FOREIGN KEY (`email_supplier`) REFERENCES `supplier` (`email_supplier`) ON DELETE CASCADE ON UPDATE CASCADE;

--
-- Constraints for table `cod`
--
ALTER TABLE `cod`
ADD CONSTRAINT `cod_ibfk_1` FOREIGN KEY (`id_pemesanan`) REFERENCES `pemesanan` (`id_pemesanan`) ON DELETE CASCADE ON UPDATE CASCADE;

--
-- Constraints for table `distribusi`
--
ALTER TABLE `distribusi`
ADD CONSTRAINT `distribusi_ibfk_1` FOREIGN KEY (`id_pemesanan`) REFERENCES `pemesanan` (`id_pemesanan`) ON DELETE CASCADE ON UPDATE CASCADE;

--
-- Constraints for table `kategori`
--
ALTER TABLE `kategori`
ADD CONSTRAINT `kategori_ibfk_1` FOREIGN KEY (`id_barang`) REFERENCES `barang` (`id_barang`) ON DELETE CASCADE ON UPDATE CASCADE;

--
-- Constraints for table `komentar`
--
ALTER TABLE `komentar`
ADD CONSTRAINT `komentar_ibfk_1` FOREIGN KEY (`id_barang`) REFERENCES `barang` (`id_barang`) ON DELETE CASCADE ON UPDATE CASCADE,
ADD CONSTRAINT `komentar_ibfk_2` FOREIGN KEY (`email_pembeli`) REFERENCES `pembeli` (`email_pembeli`) ON DELETE CASCADE ON UPDATE CASCADE;

--
-- Constraints for table `kredit`
--
ALTER TABLE `kredit`
ADD CONSTRAINT `kredit_ibfk_1` FOREIGN KEY (`id_pemesanan`) REFERENCES `pemesanan` (`id_pemesanan`) ON DELETE CASCADE ON UPDATE CASCADE;

--
-- Constraints for table `login`
--
ALTER TABLE `login`
ADD CONSTRAINT `login_ibfk_1` FOREIGN KEY (`nama`) REFERENCES `pembeli` (`email_pembeli`) ON DELETE CASCADE ON UPDATE CASCADE;

--
-- Constraints for table `pemesanan`
--
ALTER TABLE `pemesanan`
ADD CONSTRAINT `pemesanan_ibfk_1` FOREIGN KEY (`email_pembeli`) REFERENCES `pembeli` (`email_pembeli`) ON DELETE CASCADE ON UPDATE CASCADE,
ADD CONSTRAINT `pemesanan_ibfk_2` FOREIGN KEY (`id_barang`) REFERENCES `barang` (`id_barang`) ON DELETE CASCADE ON UPDATE CASCADE;

--
-- Constraints for table `status`
--
ALTER TABLE `status`
ADD CONSTRAINT `status_ibfk_1` FOREIGN KEY (`id_pemesanan`) REFERENCES `pemesanan` (`id_pemesanan`) ON DELETE CASCADE ON UPDATE CASCADE;

--
-- Constraints for table `transfer`
--
ALTER TABLE `transfer`
ADD CONSTRAINT `transfer_ibfk_1` FOREIGN KEY (`id_pemesanan`) REFERENCES `pemesanan` (`id_pemesanan`) ON DELETE CASCADE ON UPDATE CASCADE;
--
-- Database: `beli2_fixed`
--

-- --------------------------------------------------------

--
-- Table structure for table `atribut`
--

CREATE TABLE IF NOT EXISTS `atribut` (
  `no` int(5) NOT NULL,
  `id_barang` int(5) NOT NULL,
  `atribut` varchar(30) NOT NULL
) ENGINE=InnoDB AUTO_INCREMENT=3 DEFAULT CHARSET=latin1;

--
-- Dumping data for table `atribut`
--

INSERT INTO `atribut` (`no`, `id_barang`, `atribut`) VALUES
(1, 2, 'ukuran besarr'),
(2, 1, 'akkk');

-- --------------------------------------------------------

--
-- Table structure for table `barang`
--

CREATE TABLE IF NOT EXISTS `barang` (
  `id_barang` int(5) NOT NULL,
  `nama` varchar(30) NOT NULL,
  `deskripsi` varchar(100) NOT NULL,
  `harga` int(9) NOT NULL,
  `kuantitas` int(5) NOT NULL,
  `diskon` int(6) NOT NULL,
  `url_foto` varchar(100) NOT NULL,
  `email_supplier` varchar(30) NOT NULL
) ENGINE=InnoDB AUTO_INCREMENT=6 DEFAULT CHARSET=latin1;

--
-- Dumping data for table `barang`
--

INSERT INTO `barang` (`id_barang`, `nama`, `deskripsi`, `harga`, `kuantitas`, `diskon`, `url_foto`, `email_supplier`) VALUES
(1, 'hdjhfj', 'hjdhjgh', 4736, 37, 46746, 'dsfhgd', 'fitrii'),
(2, 'jhdjhg', 'hjdhjgh', 0, 0, 0, 'hdjfhf', 'fitrii'),
(3, 'ASUS Zenfone 2', 'HP Baru no Bekas', 2000000, 100, 5, 'ASUS1', 'asegaf@ymail.com'),
(5, 'Laptop Asus CF56T', 'Laptop Asus murah dapat dibeli langsung di Toko', 6000000, 1, 0, '-', 'asegaf@ymail.com');

-- --------------------------------------------------------

--
-- Table structure for table `cod`
--

CREATE TABLE IF NOT EXISTS `cod` (
  `no` int(5) NOT NULL,
  `id_pemesanan` int(5) NOT NULL,
  `tgl_terima` date NOT NULL
) ENGINE=InnoDB AUTO_INCREMENT=3 DEFAULT CHARSET=latin1;

--
-- Dumping data for table `cod`
--

INSERT INTO `cod` (`no`, `id_pemesanan`, `tgl_terima`) VALUES
(1, 2, '2016-06-30'),
(2, 1, '2016-07-03');

-- --------------------------------------------------------

--
-- Table structure for table `distribusi`
--

CREATE TABLE IF NOT EXISTS `distribusi` (
  `no` int(5) NOT NULL,
  `id_pemesanan` int(5) NOT NULL,
  `jenis_distribusi` varchar(50) NOT NULL,
  `resi` varchar(20) NOT NULL
) ENGINE=InnoDB AUTO_INCREMENT=2 DEFAULT CHARSET=latin1;

--
-- Dumping data for table `distribusi`
--

INSERT INTO `distribusi` (`no`, `id_pemesanan`, `jenis_distribusi`, `resi`) VALUES
(1, 0, 'ATM', '08012380');

-- --------------------------------------------------------

--
-- Table structure for table `kategori`
--

CREATE TABLE IF NOT EXISTS `kategori` (
  `no` int(5) NOT NULL,
  `id_barang` int(5) NOT NULL,
  `kategori` varchar(30) NOT NULL
) ENGINE=InnoDB AUTO_INCREMENT=2 DEFAULT CHARSET=latin1;

--
-- Dumping data for table `kategori`
--

INSERT INTO `kategori` (`no`, `id_barang`, `kategori`) VALUES
(1, 1, 'elektro');

-- --------------------------------------------------------

--
-- Table structure for table `komentar`
--

CREATE TABLE IF NOT EXISTS `komentar` (
  `id_komentar` int(5) NOT NULL,
  `email_pembeli` varchar(30) NOT NULL,
  `id_barang` int(5) NOT NULL,
  `isi_komen` varchar(100) NOT NULL,
  `rating` int(5) NOT NULL
) ENGINE=InnoDB AUTO_INCREMENT=3 DEFAULT CHARSET=latin1;

--
-- Dumping data for table `komentar`
--

INSERT INTO `komentar` (`id_komentar`, `email_pembeli`, `id_barang`, `isi_komen`, `rating`) VALUES
(1, 'ela@gmail.com', 1, 'bagus barang nya', 5),
(2, 'saras@gmail.com', 3, 'Bagus HP nya', 5);

-- --------------------------------------------------------

--
-- Table structure for table `kredit`
--

CREATE TABLE IF NOT EXISTS `kredit` (
  `no` int(5) NOT NULL,
  `id_pemesanan` int(5) NOT NULL,
  `nmr_krtu_kredit` varchar(20) NOT NULL
) ENGINE=InnoDB DEFAULT CHARSET=latin1;

-- --------------------------------------------------------

--
-- Table structure for table `pembeli`
--

CREATE TABLE IF NOT EXISTS `pembeli` (
  `email_pembeli` varchar(30) NOT NULL,
  `password` varchar(20) NOT NULL,
  `nama` varchar(30) NOT NULL,
  `nomor_ktp` varchar(20) NOT NULL,
  `jln` varchar(20) NOT NULL,
  `kodepos` varchar(20) NOT NULL,
  `kota` varchar(30) NOT NULL,
  `level` int(10) NOT NULL
) ENGINE=InnoDB DEFAULT CHARSET=latin1;

--
-- Dumping data for table `pembeli`
--

INSERT INTO `pembeli` (`email_pembeli`, `password`, `nama`, `nomor_ktp`, `jln`, `kodepos`, `kota`, `level`) VALUES
('dania@gmail.com', 'dania', 'Dania', '88711627781', 'Jawa Timur', '80777', 'Pasuruan', 0),
('ela@gmail.com', 'ela', 'Lailatul Khusna', '887231288120', 'Kebumen raya', '80222', 'Kebumen', 0),
('saras@gmail.com', 'saras', 'saras', '0877628122', 'pekanbaru', '80999', 'jakarta', 0),
('senja@gmail.com', 'senja', 'Senja ayuningtyas', '114928377712398', 'Tegal Raya', '80111', 'Tega', 0);

-- --------------------------------------------------------

--
-- Table structure for table `pemesanan`
--

CREATE TABLE IF NOT EXISTS `pemesanan` (
  `id_pemesanan` int(5) NOT NULL,
  `email_pembeli` varchar(30) NOT NULL,
  `id_barang` int(5) NOT NULL,
  `jumlah_barang` int(5) NOT NULL,
  `tanggal` date NOT NULL,
  `metode_pembayaran` varchar(30) NOT NULL
) ENGINE=InnoDB DEFAULT CHARSET=latin1;

--
-- Dumping data for table `pemesanan`
--

INSERT INTO `pemesanan` (`id_pemesanan`, `email_pembeli`, `id_barang`, `jumlah_barang`, `tanggal`, `metode_pembayaran`) VALUES
(0, 'senja@gmail.com', 1, 1, '2016-06-02', 'cod'),
(1, 'ela@gmail.com', 1, 2, '2016-06-02', 'cod'),
(2, 'dania@gmail.com', 3, 1, '2016-06-03', 'cod'),
(3, 'ela@gmail.com', 3, 1, '2016-06-13', 'kredit'),
(4, 'senja@gmail.com', 2, 1, '2016-06-03', 'transfer'),
(5, 'dania@gmail.com', 3, 1, '2016-06-05', 'cod');

-- --------------------------------------------------------

--
-- Table structure for table `status`
--

CREATE TABLE IF NOT EXISTS `status` (
  `no` int(5) NOT NULL,
  `id_pemesanan` int(5) NOT NULL,
  `status` varchar(50) NOT NULL
) ENGINE=InnoDB DEFAULT CHARSET=latin1;

-- --------------------------------------------------------

--
-- Table structure for table `supplier`
--

CREATE TABLE IF NOT EXISTS `supplier` (
  `email_supplier` varchar(30) NOT NULL,
  `password` varchar(20) NOT NULL,
  `nama` varchar(50) NOT NULL,
  `jln` varchar(20) NOT NULL,
  `kota` varchar(20) NOT NULL,
  `deskripsi` varchar(150) NOT NULL,
  `kontak` varchar(20) NOT NULL
) ENGINE=InnoDB DEFAULT CHARSET=latin1;

--
-- Dumping data for table `supplier`
--

INSERT INTO `supplier` (`email_supplier`, `password`, `nama`, `jln`, `kota`, `deskripsi`, `kontak`) VALUES
('asegaf@ymail.com', 'aamgaul', 'Zulham', 'Pesanggaran', 'Denpasar', 'Ini toko elektronik', '085738302909'),
('fitrii', 'jsfhjhs', 'jdhjhfjsh', 'jdhgjh', 'jfhjfdh', 'jhjhdjhjghdj', '35878567'),
('hfhjg', 'hjfgh', 'hjfhgjh', 'jhdjhg', 'hjghjhj', 'fhjdhj', '8567346'),
('ucup@gmail.com', 'ucupgaul', 'Sufyan', 'Pete', 'Semarang', 'Toko baju', '085792113386');

-- --------------------------------------------------------

--
-- Table structure for table `transfer`
--

CREATE TABLE IF NOT EXISTS `transfer` (
  `no` int(5) NOT NULL,
  `id_pemesanan` int(5) NOT NULL,
  `tgl_transfer` date NOT NULL,
  `nmr_rekening` varchar(20) NOT NULL,
  `bukti_transfer` varchar(100) NOT NULL
) ENGINE=InnoDB DEFAULT CHARSET=latin1;

--
-- Indexes for dumped tables
--

--
-- Indexes for table `atribut`
--
ALTER TABLE `atribut`
  ADD PRIMARY KEY (`no`), ADD KEY `id_barang` (`id_barang`);

--
-- Indexes for table `barang`
--
ALTER TABLE `barang`
  ADD PRIMARY KEY (`id_barang`), ADD KEY `email_supplier` (`email_supplier`);

--
-- Indexes for table `cod`
--
ALTER TABLE `cod`
  ADD PRIMARY KEY (`no`), ADD UNIQUE KEY `id_pemesanan_2` (`id_pemesanan`), ADD KEY `id_pemesanan` (`id_pemesanan`);

--
-- Indexes for table `distribusi`
--
ALTER TABLE `distribusi`
  ADD PRIMARY KEY (`no`), ADD KEY `id_pemesanan` (`id_pemesanan`);

--
-- Indexes for table `kategori`
--
ALTER TABLE `kategori`
  ADD PRIMARY KEY (`no`), ADD KEY `id_barang` (`id_barang`);

--
-- Indexes for table `komentar`
--
ALTER TABLE `komentar`
  ADD PRIMARY KEY (`id_komentar`), ADD KEY `email_pembeli` (`email_pembeli`), ADD KEY `id_barang` (`id_barang`);

--
-- Indexes for table `kredit`
--
ALTER TABLE `kredit`
  ADD PRIMARY KEY (`no`), ADD KEY `id_pemesanan` (`id_pemesanan`);

--
-- Indexes for table `pembeli`
--
ALTER TABLE `pembeli`
  ADD PRIMARY KEY (`email_pembeli`);

--
-- Indexes for table `pemesanan`
--
ALTER TABLE `pemesanan`
  ADD PRIMARY KEY (`id_pemesanan`), ADD KEY `email_pembeli` (`email_pembeli`,`id_barang`), ADD KEY `id_barang` (`id_barang`);

--
-- Indexes for table `status`
--
ALTER TABLE `status`
  ADD PRIMARY KEY (`no`), ADD KEY `id_pemesanan` (`id_pemesanan`);

--
-- Indexes for table `supplier`
--
ALTER TABLE `supplier`
  ADD PRIMARY KEY (`email_supplier`);

--
-- Indexes for table `transfer`
--
ALTER TABLE `transfer`
  ADD PRIMARY KEY (`no`), ADD KEY `id_pemesanan` (`id_pemesanan`);

--
-- AUTO_INCREMENT for dumped tables
--

--
-- AUTO_INCREMENT for table `atribut`
--
ALTER TABLE `atribut`
  MODIFY `no` int(5) NOT NULL AUTO_INCREMENT,AUTO_INCREMENT=3;
--
-- AUTO_INCREMENT for table `barang`
--
ALTER TABLE `barang`
  MODIFY `id_barang` int(5) NOT NULL AUTO_INCREMENT,AUTO_INCREMENT=6;
--
-- AUTO_INCREMENT for table `cod`
--
ALTER TABLE `cod`
  MODIFY `no` int(5) NOT NULL AUTO_INCREMENT,AUTO_INCREMENT=3;
--
-- AUTO_INCREMENT for table `distribusi`
--
ALTER TABLE `distribusi`
  MODIFY `no` int(5) NOT NULL AUTO_INCREMENT,AUTO_INCREMENT=2;
--
-- AUTO_INCREMENT for table `kategori`
--
ALTER TABLE `kategori`
  MODIFY `no` int(5) NOT NULL AUTO_INCREMENT,AUTO_INCREMENT=2;
--
-- AUTO_INCREMENT for table `komentar`
--
ALTER TABLE `komentar`
  MODIFY `id_komentar` int(5) NOT NULL AUTO_INCREMENT,AUTO_INCREMENT=3;
--
-- AUTO_INCREMENT for table `kredit`
--
ALTER TABLE `kredit`
  MODIFY `no` int(5) NOT NULL AUTO_INCREMENT;
--
-- AUTO_INCREMENT for table `status`
--
ALTER TABLE `status`
  MODIFY `no` int(5) NOT NULL AUTO_INCREMENT;
--
-- AUTO_INCREMENT for table `transfer`
--
ALTER TABLE `transfer`
  MODIFY `no` int(5) NOT NULL AUTO_INCREMENT;
--
-- Constraints for dumped tables
--

--
-- Constraints for table `atribut`
--
ALTER TABLE `atribut`
ADD CONSTRAINT `atribut_ibfk_1` FOREIGN KEY (`id_barang`) REFERENCES `barang` (`id_barang`) ON DELETE CASCADE ON UPDATE CASCADE;

--
-- Constraints for table `barang`
--
ALTER TABLE `barang`
ADD CONSTRAINT `barang_ibfk_1` FOREIGN KEY (`email_supplier`) REFERENCES `supplier` (`email_supplier`) ON DELETE CASCADE ON UPDATE CASCADE;

--
-- Constraints for table `cod`
--
ALTER TABLE `cod`
ADD CONSTRAINT `cod_ibfk_1` FOREIGN KEY (`id_pemesanan`) REFERENCES `pemesanan` (`id_pemesanan`) ON DELETE CASCADE ON UPDATE CASCADE;

--
-- Constraints for table `distribusi`
--
ALTER TABLE `distribusi`
ADD CONSTRAINT `distribusi_ibfk_1` FOREIGN KEY (`id_pemesanan`) REFERENCES `pemesanan` (`id_pemesanan`) ON DELETE CASCADE ON UPDATE CASCADE;

--
-- Constraints for table `kategori`
--
ALTER TABLE `kategori`
ADD CONSTRAINT `kategori_ibfk_1` FOREIGN KEY (`id_barang`) REFERENCES `barang` (`id_barang`) ON DELETE CASCADE ON UPDATE CASCADE;

--
-- Constraints for table `komentar`
--
ALTER TABLE `komentar`
ADD CONSTRAINT `komentar_ibfk_1` FOREIGN KEY (`id_barang`) REFERENCES `barang` (`id_barang`) ON DELETE CASCADE ON UPDATE CASCADE,
ADD CONSTRAINT `komentar_ibfk_2` FOREIGN KEY (`email_pembeli`) REFERENCES `pembeli` (`email_pembeli`) ON DELETE CASCADE ON UPDATE CASCADE;

--
-- Constraints for table `kredit`
--
ALTER TABLE `kredit`
ADD CONSTRAINT `kredit_ibfk_1` FOREIGN KEY (`id_pemesanan`) REFERENCES `pemesanan` (`id_pemesanan`) ON DELETE CASCADE ON UPDATE CASCADE;

--
-- Constraints for table `pemesanan`
--
ALTER TABLE `pemesanan`
ADD CONSTRAINT `pemesanan_ibfk_1` FOREIGN KEY (`email_pembeli`) REFERENCES `pembeli` (`email_pembeli`) ON DELETE CASCADE ON UPDATE CASCADE,
ADD CONSTRAINT `pemesanan_ibfk_2` FOREIGN KEY (`id_barang`) REFERENCES `barang` (`id_barang`) ON DELETE CASCADE ON UPDATE CASCADE;

--
-- Constraints for table `status`
--
ALTER TABLE `status`
ADD CONSTRAINT `status_ibfk_1` FOREIGN KEY (`id_pemesanan`) REFERENCES `pemesanan` (`id_pemesanan`) ON DELETE CASCADE ON UPDATE CASCADE;

--
-- Constraints for table `transfer`
--
ALTER TABLE `transfer`
ADD CONSTRAINT `transfer_ibfk_1` FOREIGN KEY (`id_pemesanan`) REFERENCES `pemesanan` (`id_pemesanan`) ON DELETE CASCADE ON UPDATE CASCADE;
--
-- Database: `blogspot`
--

-- --------------------------------------------------------

--
-- Table structure for table `blogs`
--

CREATE TABLE IF NOT EXISTS `blogs` (
  `id_blog` int(11) NOT NULL,
  `id_user` int(11) DEFAULT NULL,
  `title` varchar(100) NOT NULL,
  `content` text NOT NULL,
  `created_at` timestamp NOT NULL DEFAULT CURRENT_TIMESTAMP,
  `updated_at` timestamp NOT NULL DEFAULT '0000-00-00 00:00:00'
) ENGINE=InnoDB DEFAULT CHARSET=latin1;

-- --------------------------------------------------------

--
-- Table structure for table `users`
--

CREATE TABLE IF NOT EXISTS `users` (
  `id_user` int(11) NOT NULL,
  `email` varchar(100) NOT NULL,
  `fname` varchar(100) NOT NULL,
  `lname` varchar(100) NOT NULL,
  `password` char(32) NOT NULL
) ENGINE=InnoDB DEFAULT CHARSET=latin1;

--
-- Indexes for dumped tables
--

--
-- Indexes for table `blogs`
--
ALTER TABLE `blogs`
  ADD PRIMARY KEY (`id_blog`), ADD KEY `id_user` (`id_user`);

--
-- Indexes for table `users`
--
ALTER TABLE `users`
  ADD PRIMARY KEY (`id_user`), ADD UNIQUE KEY `email` (`email`);

--
-- AUTO_INCREMENT for dumped tables
--

--
-- AUTO_INCREMENT for table `blogs`
--
ALTER TABLE `blogs`
  MODIFY `id_blog` int(11) NOT NULL AUTO_INCREMENT;
--
-- AUTO_INCREMENT for table `users`
--
ALTER TABLE `users`
  MODIFY `id_user` int(11) NOT NULL AUTO_INCREMENT;
--
-- Constraints for dumped tables
--

--
-- Constraints for table `blogs`
--
ALTER TABLE `blogs`
ADD CONSTRAINT `blogs_ibfk_1` FOREIGN KEY (`id_user`) REFERENCES `users` (`id_user`) ON DELETE CASCADE ON UPDATE CASCADE;
--
-- Database: `cdcol`
--

-- --------------------------------------------------------

--
-- Table structure for table `cds`
--

CREATE TABLE IF NOT EXISTS `cds` (
  `titel` varchar(200) COLLATE latin1_general_ci DEFAULT NULL,
  `interpret` varchar(200) COLLATE latin1_general_ci DEFAULT NULL,
  `jahr` int(11) DEFAULT NULL,
  `id` bigint(20) unsigned NOT NULL
) ENGINE=MyISAM AUTO_INCREMENT=7 DEFAULT CHARSET=latin1 COLLATE=latin1_general_ci;

--
-- Dumping data for table `cds`
--

INSERT INTO `cds` (`titel`, `interpret`, `jahr`, `id`) VALUES
('Beauty', 'Ryuichi Sakamoto', 1990, 1),
('Goodbye Country (Hello Nightclub)', 'Groove Armada', 2001, 4),
('Glee', 'Bran Van 3000', 1997, 5);

--
-- Indexes for dumped tables
--

--
-- Indexes for table `cds`
--
ALTER TABLE `cds`
  ADD PRIMARY KEY (`id`);

--
-- AUTO_INCREMENT for dumped tables
--

--
-- AUTO_INCREMENT for table `cds`
--
ALTER TABLE `cds`
  MODIFY `id` bigint(20) unsigned NOT NULL AUTO_INCREMENT,AUTO_INCREMENT=7;--
-- Database: `chat_ci`
--

-- --------------------------------------------------------

--
-- Table structure for table `messages`
--

CREATE TABLE IF NOT EXISTS `messages` (
  `id` int(11) NOT NULL,
  `message` text NOT NULL,
  `nickname` varchar(50) NOT NULL,
  `guid` varchar(100) NOT NULL,
  `timestamp` int(11) NOT NULL
) ENGINE=InnoDB AUTO_INCREMENT=20 DEFAULT CHARSET=latin1;

--
-- Dumping data for table `messages`
--

INSERT INTO `messages` (`id`, `message`, `nickname`, `guid`, `timestamp`) VALUES
(5, 'Test', 'Zulham', 'c06ca70f-9016-6459-5dbb-459d3c15057d', 1477018258),
(6, 'woiii', 'Zulham', 'c06ca70f-9016-6459-5dbb-459d3c15057d', 1477018296),
(7, 'asdasdasd', 'Lynxs', 'null', 1477020133),
(8, 'Zulham Azwar Achmad', 'Zulham ', 'null', 1477020950),
(9, 'asdlkjalksdjalsjdlk', 'Zulham', '013453c2-4692-6c5a-b9c5-2d259389f1ae', 1477021198),
(10, 'askldjlaksjdklajsdklasd', 'Lynxs', '013453c2-4692-6c5a-b9c5-2d259389f1ae', 1477021237),
(11, 'biarin', 'Lynxs', '013453c2-4692-6c5a-b9c5-2d259389f1ae', 1477021277),
(12, 'biarin :p', 'Lynxs', '013453c2-4692-6c5a-b9c5-2d259389f1ae', 1477021282),
(13, 'Haiii', 'Zulham', 'ba597303-b3c1-e1e3-6483-dc996ad7c0ab', 1477046142),
(14, 'Kenapa', 'Ela', 'ba597303-b3c1-e1e3-6483-dc996ad7c0ab', 1477046174),
(15, 'Hohoi', 'Lynxs', 'ba597303-b3c1-e1e3-6483-dc996ad7c0ab', 1477046262),
(16, 'aslkdjklasjdlkajslkasd', 'askdjlasjdlk', 'null', 1477047782),
(17, 'hai', 'Zulham', 'd7b45814-8c14-a757-084f-1c9d3540f3e2', 1477485154),
(18, 'kenapa', 'Zulham', 'd7b45814-8c14-a757-084f-1c9d3540f3e2', 1477485159),
(19, 'asd', 'zulham', '2589d638-ff2f-84a0-6d8a-f1fb8fa166ac', 1477632077);

--
-- Indexes for dumped tables
--

--
-- Indexes for table `messages`
--
ALTER TABLE `messages`
  ADD PRIMARY KEY (`id`);

--
-- AUTO_INCREMENT for dumped tables
--

--
-- AUTO_INCREMENT for table `messages`
--
ALTER TABLE `messages`
  MODIFY `id` int(11) NOT NULL AUTO_INCREMENT,AUTO_INCREMENT=20;--
-- Database: `ci_chat_2`
--

-- --------------------------------------------------------

--
-- Table structure for table `ci_sessions`
--

CREATE TABLE IF NOT EXISTS `ci_sessions` (
  `id` varchar(40) NOT NULL,
  `ip_address` varchar(45) NOT NULL,
  `timestamp` int(10) unsigned NOT NULL DEFAULT '0',
  `data` blob NOT NULL
) ENGINE=InnoDB DEFAULT CHARSET=utf8;

--
-- Dumping data for table `ci_sessions`
--

INSERT INTO `ci_sessions` (`id`, `ip_address`, `timestamp`, `data`) VALUES
('dbc24aa58abd74a0996ba8cd616bafd2736bf64c', '::1', 1477017203, 0x5f5f63695f6c6173745f726567656e65726174657c693a313437373031373037363b);

-- --------------------------------------------------------

--
-- Table structure for table `messages`
--

CREATE TABLE IF NOT EXISTS `messages` (
  `id` int(7) NOT NULL,
  `user` varchar(255) CHARACTER SET latin1 NOT NULL,
  `msg` text CHARACTER SET latin1 NOT NULL,
  `time` int(11) NOT NULL DEFAULT '0'
) ENGINE=InnoDB DEFAULT CHARSET=utf8;

--
-- Indexes for dumped tables
--

--
-- Indexes for table `ci_sessions`
--
ALTER TABLE `ci_sessions`
  ADD PRIMARY KEY (`id`), ADD KEY `ci_sessions_timestamp` (`timestamp`);

--
-- Indexes for table `messages`
--
ALTER TABLE `messages`
  ADD PRIMARY KEY (`id`);

--
-- AUTO_INCREMENT for dumped tables
--

--
-- AUTO_INCREMENT for table `messages`
--
ALTER TABLE `messages`
  MODIFY `id` int(7) NOT NULL AUTO_INCREMENT;--
-- Database: `cobalagi`
--

-- --------------------------------------------------------

--
-- Table structure for table `identitas`
--

CREATE TABLE IF NOT EXISTS `identitas` (
  `ID` int(11) NOT NULL,
  `nama` varchar(120) DEFAULT NULL,
  `umur` int(11) DEFAULT NULL
) ENGINE=InnoDB AUTO_INCREMENT=3 DEFAULT CHARSET=latin1;

--
-- Dumping data for table `identitas`
--

INSERT INTO `identitas` (`ID`, `nama`, `umur`) VALUES
(1, 'Zulham', 21),
(2, 'Sukardi', 20);

--
-- Indexes for dumped tables
--

--
-- Indexes for table `identitas`
--
ALTER TABLE `identitas`
  ADD PRIMARY KEY (`ID`);

--
-- AUTO_INCREMENT for dumped tables
--

--
-- AUTO_INCREMENT for table `identitas`
--
ALTER TABLE `identitas`
  MODIFY `ID` int(11) NOT NULL AUTO_INCREMENT,AUTO_INCREMENT=3;--
-- Database: `crud`
--

-- --------------------------------------------------------

--
-- Table structure for table `agenda`
--

CREATE TABLE IF NOT EXISTS `agenda` (
  `id_agenda` int(11) NOT NULL,
  `nama` varchar(200) NOT NULL,
  `keterangan` text NOT NULL
) ENGINE=InnoDB AUTO_INCREMENT=27 DEFAULT CHARSET=latin1;

--
-- Dumping data for table `agenda`
--

INSERT INTO `agenda` (`id_agenda`, `nama`, `keterangan`) VALUES
(10, 'Menentukan Akar Persamaan dengan Metode Bisection menggunakan Program Matlab', 'A. Pengertian Metode Bisection Metode bisection atau metode bagi dua membagi interval ( antara x1 dan x2 pada suatu fungsi f(x) ) dimana diperkirakan terdapat sebuah akar, menjadi 2 subinterval yang sama besar. Akar tersebut dicari dalam salah satu subinterval dan interval tidak boleh terlalu lebar. B. Alogaritma Metode Biection Langkah 1 : Pilih taksiran nilai a sebagai batas bawah interval dan taksiran nilai b sebagai batas atas interval. Jika terpenuhi kondisi : f(a) x f(b) < 0 ; maka ada akar dalam interval, selanjutnya ke langkah 2. f(a) x f(b) > 0 ; maka tidak ada akar dalam interval. Geser posisi interval. f(a) x f(b) = 0 ; maka a dan b, salah satu merupakan akar. Langkah 2 : Taksiran akar yang pertama c dimana, c = (a + b )/2 Langkah 3 : Evaluasi keberadaan akar, apakah dalam subinterval pertama (antara a dan c ) atau dalam subinterval kedua (antara c dan b). Jika diperoleh : f(a) x f(c) < 0 ; akar berada dalam subinterval pertama, maka b = c. selanjutnya ke langkah 4. f(a) x f(c) > 0 ; akar berada dalam subinterval ke dua, maka a = c. Selanjutnya ke langkah 4. f(a) x f(c) = 0 ; c adalah akar. Langkah 4 : Kembali ke langkah 2 dan proses hingga langkah 3. C. Program Matlab 6.5 Dengan bantuan komputer, langkah-langkah metode numeric dari alogaritma diformulasikan menjadi suatu program. Berikut ini adalah program MATLAB mencari akar-akar persamaan dengan metode Bisection : D. Uji Program 1. Program akan diuji untuk persamaan f(x) = x2  x  6 = 0 a. Cara analitik (pemaktoran) : x2 - x  6 = 0 (x + 2) (x  3) = 0 x1 = -2 atau x 2 = 3 jadi secara analitik/ pemaktoran diperoleh akar x1 = -2 atau x 2 = 3 b. Mencari akar secara numerik dengan Metode Bisection dengan Program Matlab 6.5 Petunjuk : Ketik nama file syahwil5 pada jendela command window, Masukkan persamaan (huruf x kecil) = x^2-x-6 Masukkan batas bawah a = -3 Masukkan batas atas b = 2 Perhatikan output program, seperti gambar berikut dari hasil keluaran program terlihat bahwa salah satu akar persamaan diatas adalah -2, untuk mengetahui akar yang lain masukkan nilai batas ats dan batas bawah yang lain. 2. Hasil keluaran program benar, maka akan diuji lagi untuk persamaan berikut : f(x) = x3  x  6 = 0 f(x) = x2.5  x  6 = 0 Uji program : a. Akar Persamaan f(x) = x3  x  6 = 0 Petunjuk : 1. Ketik nama file syahwil5 pada jendela command window, Masukkan persamaan (huruf x kecil): x^3-x-6 Masukkan batas bawah a = -1 Masukkan batas atas b = 3 Perhatikan output program, seperti gambar berikut a. Output program akar persamaan f(x) = x3  x  6 = 0 keluaran program terlihat akar persamaannya adalah 2 b. Output program akar persamaan f(x) = x2.5  x  6 = 0 akar persamaannya adalah 2,33 D. Ciri-ciri penyelesaian Numerik bila dibanding dengan penyelesaian Analitik yaitu : Adanya proses perhitungan yang berulang-ulang (iteratif). Memerlukan alat bantu komputer. Memerlukan pemodelan matematis dari situasi yang nyata. Penyediaan input dan data yang cukup bagi pemodelan. Pembuatan algoritma dan penulisan program. Jawaban-jawaban yang diperoleh berupa jawaban (nilai) pendekatan, sehingga memiliki tingkat kesalahan/error (namun mempunyai tingkat ketelitian yang bisa diterima/valid)\r\n\r\nToday Deal $50 Off : https://goo.gl/efW8Ef'),
(11, '\r\n\r\nTuesday, September 20, 2016\r\nMengenal Big Data', 'Big Data sepengetahuan saya sedang ramai dibicarakan dan dipelajari. Komunitasnya pun mulai menjamur dimana-mana. Pertama kali pada akhir bulan Juli di tahun 2016 saya mendengar istilah Big Data, sementara baru pada bulan Agustusnya saya mengikuti #10MeetUp yang diadakan oleh Komunitas Big Data Indonesia (IDBigData [1]) di Fakultas Teknik Universitas Diponegoro\r\n\r\nUnduh materi lebih lengkap: masfebaryanto-mengenal-bigdata\r\n(Visited 108 times, 6 visits today)\r\n\r\nRelated Articles\r\n\r\n    Mengenal District Health Information System 2 (DHIS2)\r\n    CompFest 2013\r\n    Menampilkan Google Map di Dalam Website atau Blog\r\n    ADO.NET Tutorial\r\n    Bermain-main Dengan Simputer dan Embedded Linux\r\n    Menampilkan Twitter Timeline di Website/Blog\r\n    Tutorial Web Database dengan ASP.NET dan VB.NET\r\n    Mengenal Datatypes Pada SQL Server 2005\r\n    Menampilkan Scrolling RSS Feed di Website Menggunakan FeedWind\r\n    Seri-2a Bootstrap: Semudah Apa Bootstrap?\r\n    Kuliah Sistem Operasi\r\n    Mudahnya Meng-Install Mikrotik 5.20 pada Vmware Player\r\n    CD Interaktif Dokumentasi Acara\r\n    Analisa Protokol E-mail (SMTP) dengan Wireshark\r\n    Membangun Aplikasi PHP Tanpa OOP\r\n    Indowebster.com, Penyedia Layanan File Sharing\r\n    Memanfaatkan Google Dibanding Perpustakaan\r\n    Cara Membuat Game Berbasis Java Menggunakan Greenfoot Bag. 2\r\n    Membangun Website Edutainment\r\n    Teknik Menyembunyikan Folder 2\r\n\r\n'),
(12, '\r\n\r\nTuesday, September 20, 2016\r\nMembuat Aplikasi Desktop Client Server Sederhana dengan Java RMI', 'Pada artikel ini kita akan membahas mengenai pembuatan aplikasi desktop berbasis Client Server dengan bahasa Program Java dan RMI.\r\n\r\nIstilah client/server pertama kali digunakan pada tahun tahun 1980-an dalam mereferensikan suatu Personal Computer pada suatu jaringan. Model client/server yang sebenarnya mulai diterima pada akhir tahun 1980-an. Arsitektur perangkat lunak client/server adalah infrastruktur modular dan message-based yang sangat berguna, dimaksudkan untuk meningkatkan usability, flexibility, interoperability, dan scalability.\r\n\r\nRMI (Remote Method Invocation) menyediakan sarana dimana client dan server dapat berkomunikasi dan saling bertukar infomasi. RMI memungkinkan pengembang perangkat lunak untuk merancang aplikasi terdistribusi dimana methods dari remote object dapat dipanggil dari JVM (Java Virtual Mechine) lain, yang mungkin berjalan\r\npada host yang berbeda. Remote object adalah obyek dalam Java yang dapat direferensikan secara remote. Pemrogram seakan- akan memanggil methods lokal dari file kelas lokal, sedang dalam kenyataannya semua argumen dikirimkan ke remote target dan diinter-pretasikan, kemudian hasilnya dikirimkan kembali ke pemanggil. Dalam RMI, server akan membuat remote objects, membuat referensi, dan menunggu client untuk memanggil methods dari remote object ini. Sedangkan client akan mendapatkan remote reference dari satu atau lebih remote object dan memanggil methods untuk remote object tersebut.\r\n\r\nDownload Ebook & Sourcecode : Membuat Aplikasi Desktop Client Server Sederhana dengan Java RMI\r\n\r\n \r\n(Visited 524 times, 4 visits today)\r\n\r\nRelated Articles\r\n\r\n    Membuat Aplikasi Converter Suhu dengan Memanfaatkan CORBA\r\n    Membuat Repo Lokal Ubuntu Via Rsync\r\n    Monitoring Client  Server dengan VNC\r\n    Membuat Installer dari Project Java Desktop dengan Advanced Installer\r\n    James Gosling\r\n    Generate UML dari Kode Java Menggunakan Netbeans\r\n    POP dan IMAP\r\n    Pengenalan Visual Studio LightSwitch HTML Client\r\n    Menginstall Mail Server pada SO Debian 6.0 serta Membuka Konfigurasi Mail Server di PC Client (Win 2003)\r\n    Pengenalan Iphost Network Monitor\r\n    Menginstall FTP Server pada Debian 6.0 dan Menggunakan Aplikasi FTP Server di PC Client (Win 2003)\r\n    Instalasi Radmin Server pada Windows\r\n    Mobile Business Untuk Aplikasi Horoscope Menggunakan Web Service dan J2ME\r\n    Tutorial Database Kemahasiswaan Menggunakan Teknologi AJAX, PHP & MySQL\r\n    Trik Matikan Komputer Dengan Klik Kanan\r\n    Instalasi Mikrotik Versi 5.20 pada VirtualBox\r\n    Bekenalan dengan AJAX\r\n    Instalasi Sistem Operasi Windows Server 2008\r\n    Menyalin Tabel dan Field dari Dalam Project PHPMaker\r\n    Setting DHCP Server di Debian Woody\r\n'),
(13, 'Update Status Facebook via Facebook for BlackBerry\r\n', 'Pernahkah anda melihat status teman anda di facebook..kalau dia update status via blackberry, via ipad, via iphone dll..dimana dibawah postingannya tertulis via Blackberry, Via mobile phone dan lain-lain...mungkin saja memang status fb nya diposting dari smartpohone BB atau iphone,,namun tanpa handphone BB pun kita juga bisa membuat status di fb dari laptop kita seolah-olah kita menggunakan handphone tersebut. Untuk Update Status Facebook via Facebook for Blackberry tak perlu susah-susah, tinggal tulis statusmu di sini.....otomatis langsung postinganmu facebookmu via Blackberry.\r\n\r\nToday Deal $50 Off : https://goo.gl/efW8Ef'),
(14, 'FACTS sebagai Teknologi Transmisi Masa Depan\r\n\r\nToday Deal $50 Off : https://goo.gl/efW8Ef', 'Pengoperasian sistim jaringan transmisi daya listrik kini telah memasuki era baru. Dalam tahapan baru ini, transmisi daya listrik tidak hanya akan menjadi lebih terjamin dan lebih terkendali dalam pengaturannya, tetapi juga akan menjadi jauh lebih efisien dalam pemanfaatannya. Peningkatan pesat ke arah pemanfaatan sistim jaringan transmisi listrik secara optimal ini dimungkinkan dengan keberadaan dan semakin dewasanya aplikasi teknologi dibidang elektronika daya pada khususnya dan teknologi semikonduktor pada umumnya. Teknologi kendali terbaru untuk transmisi daya listrik ini populer dengan sebutan FACTS singkatan dari Flexible AC Transmission System dan pertama kali dikembangkan oleh Electric Power Research Institute (EPRI) di Palo Alto negara bagian California di Amerika Serikat. Pada awal pengembangannya, teknologi FACTS ditujukan untuk menjawab permasalahan dalam peningkatan kapasitas pengaliran daya listrik pada sistim jaringan transmisi dan juga untuk menyediakan peralatan kendali daya listrik yang terpercaya pada jalur transmisi yang diinginkan.\r\n\r\nToday Deal $50 Off : https://goo.gl/efW8Ef'),
(15, 'Kiat Sukses Membangun Kepercayaan Diri\r\n\r\nToday Deal $50 Off : https://goo.gl/efW8Ef', 'Banyak ahli menilai, percaya diri merupakan faktor penting yang menimbulkan perbedaan besar antara sukses dan gagal. Karenanya, tidak sedikit pula yang memberikan pandangannya mengenai teknik-teknik membangkitkan rasa percaya diri. Dalam dimensi yang sangat luas, sukses adalah milik semua orang. Tetapi, tidak semua orang tahu bagaimana cara mendapatkan atau meraih kesuksesan. Kebanyakan orang menilai bahwa kesuksesan adalah milik orang-orang yang ber-IQ tinggi, lulusan sekolah terbaik dan memilih spesialisasi yang paling terkenal. Penilaian ini memang tidak sepenuhnya salah, tetapi kita juga harus melihat fenomena yang lebih luas, bahwa tidak sedikit orang-orang sukses yang tidak mengenyam pendidikan tinggi. Dengan kata lain, IQ tinggi, lulusan sekolah terbaik dan spesialisasi yang terkenal hanyalah bagian dari penunjang kesuksesan.\r\n\r\nToday Deal $50 Off : https://goo.gl/efW8Ef'),
(16, 'Pembangkit Listrik Tenaga Matahari Terbesar di Dunia Mulai Beroperasi\r\n\r\nToday Deal $50 Off : https://goo.gl/efW8Ef', 'Pembangkit listrik tenaga matahari terbesar di dunia yang terletak di Shanghai mulai beroperasi. Pembangkit yang menggunakan 20 ribu panel surya photovoltaic bisa mengalirkan listrik hingga 6,3 juta kwh per tahun. Aliran listrik itu untuk memenuhi kebutuhan listrik 12 ribu rumah tangga di Shanghai. Panel tenaga surya menempati area seluas 61 ribu meter persegi dan telah menghasilkan 300 ribu kwh sejak proyek senilai 160 juta Yuan ini beroperasi dua minggu lalu. Terobosan ini akan mengurangi penggunaan batu bara sebesar 2.254 ton dan mengurangi emisi gas karbon sebesar 6.600 ton. "Proyek ini menjadi pembuktian pada komitmen China untuk mengurangi emisi karbon untuk memerangi dampak perubahan iklim," kata Yu Hailong, General Manager of the Beijing-based China Energy Conservation and Environmental Protection Group (CECEP). selengkapnya lihat\r\n\r\nToday Deal $50 Off : https://goo.gl/efW8Ef'),
(17, 'Listrik dari Buah Belimbing, Mungkinkah?\r\n\r\nToday Deal $50 Off : https://goo.gl/efW8Ef', 'MAGETAN - Sunarto (40), warga Desa Nguntoronadi, Kecamatan Nguntoronadi, Kabupaten Magetan, Jawa Timur, mampu menciptakan tenaga listrik dari bahan dasar larutan air belimbing wuluh. Belimbing wuluh yang tumbuh subur di pekarangan rumahnya ia sulap menjadi zat pengurai yang mampu menghasilkan tenaga listrik alternatif di tengah keluhan warga atas naiknya tarif dasar listrik (TDL) sejak awal Juli lalu. "Pengembangan tenaga listrik dari larutan belimbing wuluh ini berawal dari rasa prihatin atas tarif dasar listrik yang terus naik. Apalagi, masih banyak warga Indonesia di daerah pedalaman yang belum tersentuh listrik, ujar pencipta energi listrik dari belimbing wuluh, Sunarto, Selasa (13/7/2010). lengkapnya klik link berikut\r\n\r\nToday Deal $50 Off : https://goo.gl/efW8Ef'),
(25, 'ACCELEROMETER & GYROSCOPE ', 'Mungkin dari kalian udah penah menggunakan bahkan punya gadged yg ada accelerometer & gyroscope, tp blm tau kalau itu adalah accelorometer & gyroscope...\r\nIni dia pejelasannya....\r\n\r\nPengertian accelerometer\r\n\r\nAccelerometer adalah sensor yang digunakan untuk mengukur percepatan suatu objek. Accelometer mengukur percepatan dynamic dan static. Pengukuran dynamic adalah pengukuran percepatan pada objek bergerak, sedangkan pengukuran static adalah pengukuran terhadap gravitasi bumi. Untuk mengukur sudut kemiringan (tilt).\r\n\r\nSedangkan Prinsip kerja dari Accelerometer yaitu....\r\n\r\nPrinsip kerja yang digunakan adalah prinsip percepatan (acceleration). Sebuah per dengan beban dan dilepaskan , beban bergerak dengan suatu percepatan sampai kondisi tertentu akan berhenti. Bila ada sesuatu yang menggoncangkannya maka beban akan berayun kembali.\r\n\r\nPengukuran  kapasitansi inilah yang umumnya menjadi hasil pengukuran chip. Agar sensor bisa mendeteksi 3 dimensi, maka dibutuhkan 3 pasang plat yang dipasang tegak lurus antar masing- masing. Maka sensor ini bisa mendeteksi gerak alunan lagu anak geser kiri, geser kanan, putar ke kiri putar ke kanan , lompat ke depan.\r\n\r\n Apa sihh fungsi dari accelerometer....?????\r\n\r\n1.     Accelerometer ponsel ada yang namanya fungsi shake control,dengan fungsi ini maka dengan hanya menggoyangkan ponsel kita bisa mengubah fitur, misalnya mengubah lagu yang sedang di putar ke lagu selanjutnya atau lagu sebelumnya.\r\n\r\n2.    permainan video menggunakan kontroler Wii Remote disebut yang berisi accelerometer dan dirancang terutama untuk input gerak. Pengguna juga memiliki pilihan untuk membeli sebuah gerak-sensitif tambahan lampiran, sehingga masukan gerak bisa dicatat dari kedua tangan pengguna.\r\n\r\n\r\n3.    Untuk  kontrol antarmuka pengguna, sering accelerometer digunakan untuk menyajikan pandangan landscape atau potret layar perangkat, berdasarkan cara perangkat sedang diadakan. Misalnya mengganti tampilan layar dari vertical (portrait) menjadi horizontal (landscape).\r\n\r\n4.    Kamera video juga memanfaatkan accelerometer untuk menstabilkan tangkapan gambar (image stabilization), untuk anti-blur saat menangkap gambar.\r\n\r\n5.    Pada  kamera foto memanfaatkannya untuk mencegah hasil pemotretan buram. Contoh penggunaan aplikasi ini adalah seperti yang terdapat pada Nokia N95. Beberapa kamera digital seperti Canon PowerShot dan Ixus dilengkapi dengan accelerometer untuk mengatur format foto dan merotasi hasil pemotretan saat preview.\r\n\r\n6.    Penggunaan lain accelerometer adalah sebagai pedometer , atau penghitung langkah. Dipakai di banyak gadget sebagai monitor banyaknya langkah saat berolah raga. Apple dan Nike bekerjasama mengeluarkan produk sepatu yang bisa berkomunikasi dengan pemutar lagu Ipod, mengirimkan banyak langkah, jumlah kalori terbakar, waktu bergerak.\r\n\r\nAccelerometer sendiri mempunyai kekurangan dan kelebihan yaitu:\r\n\r\n1.     Hanya dapat membacaca dalam 2 sumbu, yaitu atas dan bawah karena d pengaruhi oleh gravitasi.\r\n2.    Membutuhkan penggunaan listrik yang tinggi(boros baterai).\r\n3.    Gerakan lebih patah-patah/ tidak halus seperti pada gyroscope.\r\n4.    accelerometer tidak bisa mengikuti pergerakan yang cepat dikarenakan responnya yang lamban.\r\n5.    Accelerometer dapat memberikan pengukuran sudut tegak lurus yang akurat ketika  sistem sedang diam (statis)\r\n\r\n\r\nUdah tau tentang accelerometer... nah,,, sekarang penjelasan tentang Gyroscope....\r\n\r\nPengertian dari gyroscope,,\r\n\r\nSebagai pengenalan, giroskop adalah perangkat untuk mengukur atau mempertahankan orientasi, dengan prinsip ketetapan momentum sudut. Mekanismenya adalah sebuah roda berputar dengan piringan didalamya yang tetap stabil. Giroskop sering digunakan pada robot atau heli dan alat-alat cangggih lainnya.\r\nGyroscope adalah berupa sensor gyro untuk menentukan orientasi gerak dengan bertumpu pada roda atau cakram yang berotasi dengan cepat pada sumbu.Jadi bagaimana dengan Giro sensor? Gyro sensor bisa mendeteksi gerakan sesuai gravitasi, atau dengan kata lain mendeteksi gerakan pennguna. Kita bisa membayangkan sebuah game pertempuran, sebelum ini bila kita ingin melihat situasi sekeliling, kita akan menyapu layar searah terus menerus untuk berputar, dengan gyro sensor ini kita cukup berputar sesuai gravitasi seperti benar-benar melihat sekeliling. Atau bila melihat sebuah obyek 3D kita cukup berputar untuk melihat setiap sudut obyek tersebut. Tentu ini adalah sebuah metode yang menghasilkan pengalaman seolah nyata.\r\n \r\n\r\nSeadangkan Prinsip kerja Gyroscope yaituu....\r\n\r\nGyro sensor bisa mendeteksi gerakan sesuai gravitasi, atau dengan kata lain mendeteksi gerakan pennguna.\r\n\r\nGyroscope pada penelitian ini digunakan untuk mengukur sumbu rotasi roket. Sebelum digunakan, sensor gyroscope terlebih dahulu dilakukan proses kalibrasi dengan menggunakan bandul. Proses kalibrasi tersebut berfungsi untuk memperoleh nilai faktor kalibrasi. Gyroscope memiliki keluaran berupa kecepatan sudut dari arah 3 sumbu yaitu: sumbu x yang nantinya akan menjadi sudut phi (kana dan kiri) dari sumbu y nantinya menjadi sudut theta (atas dan bawah), dan sumbu z nantinya menjadi sudut psi (depan dan belakang).\r\n\r\nTernyata gyroscope udah digunakan dari dulu lohh..\r\nKegunaan dari gyroscope pada pengembangan teknologi & gadjed yaitu:\r\n\r\n1.     Di masa lalu, gyros telah digunakan untuk ruang navigasi, kontrol rudal, di bawah bimbingan-air, dan bimbingan penerbangan..\r\n2.    Sebuah giroskop di sisi lain memiliki kemampuan mengukur tingkat rotasi di sekitar sumbu tertentu. Sebagai contoh jika giroskop yang digunakan untuk mengukur laju rotasi di sekitar sumbu gulungan pesawat terbang.\r\n3.    Penggunaan pada game contohnya adalah sebuah game pertempuran, sebelum ini bila kita ingin melihat situasi sekeliling, kita akan menyapu layar searah terus menerus untuk berputar, dengan gyro sensor ini kita cukup berputar sesuai gravitasi seperti benar-benar melihat sekeliling. Atau bila melihat sebuah obyek 3D kita cukup berputar untuk melihat setiap sudut obyek tersebut. Tentu ini adalah sebuah metode yang menghasilkan pengalaman seolah nyata.\r\n4.    Biasanya giroskop yang digunakan untuk mengukur posisi sudut didasarkan pada prinsip kekakuan ruang giroskop. Sebuah giroskop telah banyak aplikasi praktis. Sekarang mereka mulai digunakan bersama akselerometer untuk aplikasi seperti gerak-capture dan navigasi kendaraan\r\n\r\ndibandingkan dengan accelerometer gyroscope punya Kelebihan dan kekurangan yaitu.....^^\r\n\r\n1.     Harganya yang mahal.\r\n2.    Hanya dapat digunakan jika ada accelerator.\r\n3.    Dapat mendeteksi gerakan dari segala arah.\r\n4.     Hasil gambar yg di hasilkan dari gerakan lebih halus/ tidak patah-patah seperti pada accelerometer.\r\n5.    Tidak di pengaruhi oleh gravitasi.\r\n\r\n\r\nSekian dulu penjelasannya.... semoga artikel ini bermanfaat buat kalian yang baca,,\r\n'),
(26, 'ACCELEROMETER & GYROSCOPE ', 'Mungkin dari kalian udah penah menggunakan bahkan punya gadged yg ada accelerometer & gyroscope, tp blm tau kalau itu adalah accelorometer & gyroscope...\r\nIni dia pejelasannya....\r\n\r\nPengertian accelerometer\r\n\r\nAccelerometer adalah sensor yang digunakan untuk mengukur percepatan suatu objek. Accelometer mengukur percepatan dynamic dan static. Pengukuran dynamic adalah pengukuran percepatan pada objek bergerak, sedangkan pengukuran static adalah pengukuran terhadap gravitasi bumi. Untuk mengukur sudut kemiringan (tilt).\r\n\r\nSedangkan Prinsip kerja dari Accelerometer yaitu....\r\n\r\nPrinsip kerja yang digunakan adalah prinsip percepatan (acceleration). Sebuah per dengan beban dan dilepaskan , beban bergerak dengan suatu percepatan sampai kondisi tertentu akan berhenti. Bila ada sesuatu yang menggoncangkannya maka beban akan berayun kembali.\r\n\r\nPengukuran  kapasitansi inilah yang umumnya menjadi hasil pengukuran chip. Agar sensor bisa mendeteksi 3 dimensi, maka dibutuhkan 3 pasang plat yang dipasang tegak lurus antar masing- masing. Maka sensor ini bisa mendeteksi gerak alunan lagu anak geser kiri, geser kanan, putar ke kiri putar ke kanan , lompat ke depan.\r\n\r\n Apa sihh fungsi dari accelerometer....?????\r\n\r\n1.     Accelerometer ponsel ada yang namanya fungsi shake control,dengan fungsi ini maka dengan hanya menggoyangkan ponsel kita bisa mengubah fitur, misalnya mengubah lagu yang sedang di putar ke lagu selanjutnya atau lagu sebelumnya.\r\n\r\n2.    permainan video menggunakan kontroler Wii Remote disebut yang berisi accelerometer dan dirancang terutama untuk input gerak. Pengguna juga memiliki pilihan untuk membeli sebuah gerak-sensitif tambahan lampiran, sehingga masukan gerak bisa dicatat dari kedua tangan pengguna.\r\n\r\n\r\n3.    Untuk  kontrol antarmuka pengguna, sering accelerometer digunakan untuk menyajikan pandangan landscape atau potret layar perangkat, berdasarkan cara perangkat sedang diadakan. Misalnya mengganti tampilan layar dari vertical (portrait) menjadi horizontal (landscape).\r\n\r\n4.    Kamera video juga memanfaatkan accelerometer untuk menstabilkan tangkapan gambar (image stabilization), untuk anti-blur saat menangkap gambar.\r\n\r\n5.    Pada  kamera foto memanfaatkannya untuk mencegah hasil pemotretan buram. Contoh penggunaan aplikasi ini adalah seperti yang terdapat pada Nokia N95. Beberapa kamera digital seperti Canon PowerShot dan Ixus dilengkapi dengan accelerometer untuk mengatur format foto dan merotasi hasil pemotretan saat preview.\r\n\r\n6.    Penggunaan lain accelerometer adalah sebagai pedometer , atau penghitung langkah. Dipakai di banyak gadget sebagai monitor banyaknya langkah saat berolah raga. Apple dan Nike bekerjasama mengeluarkan produk sepatu yang bisa berkomunikasi dengan pemutar lagu Ipod, mengirimkan banyak langkah, jumlah kalori terbakar, waktu bergerak.\r\n\r\nAccelerometer sendiri mempunyai kekurangan dan kelebihan yaitu:\r\n\r\n1.     Hanya dapat membacaca dalam 2 sumbu, yaitu atas dan bawah karena d pengaruhi oleh gravitasi.\r\n2.    Membutuhkan penggunaan listrik yang tinggi(boros baterai).\r\n3.    Gerakan lebih patah-patah/ tidak halus seperti pada gyroscope.\r\n4.    accelerometer tidak bisa mengikuti pergerakan yang cepat dikarenakan responnya yang lamban.\r\n5.    Accelerometer dapat memberikan pengukuran sudut tegak lurus yang akurat ketika  sistem sedang diam (statis)\r\n\r\n\r\nUdah tau tentang accelerometer... nah,,, sekarang penjelasan tentang Gyroscope....\r\n\r\nPengertian dari gyroscope,,\r\n\r\nSebagai pengenalan, giroskop adalah perangkat untuk mengukur atau mempertahankan orientasi, dengan prinsip ketetapan momentum sudut. Mekanismenya adalah sebuah roda berputar dengan piringan didalamya yang tetap stabil. Giroskop sering digunakan pada robot atau heli dan alat-alat cangggih lainnya.\r\nGyroscope adalah berupa sensor gyro untuk menentukan orientasi gerak dengan bertumpu pada roda atau cakram yang berotasi dengan cepat pada sumbu.Jadi bagaimana dengan Giro sensor? Gyro sensor bisa mendeteksi gerakan sesuai gravitasi, atau dengan kata lain mendeteksi gerakan pennguna. Kita bisa membayangkan sebuah game pertempuran, sebelum ini bila kita ingin melihat situasi sekeliling, kita akan menyapu layar searah terus menerus untuk berputar, dengan gyro sensor ini kita cukup berputar sesuai gravitasi seperti benar-benar melihat sekeliling. Atau bila melihat sebuah obyek 3D kita cukup berputar untuk melihat setiap sudut obyek tersebut. Tentu ini adalah sebuah metode yang menghasilkan pengalaman seolah nyata.\r\n \r\n\r\nSeadangkan Prinsip kerja Gyroscope yaituu....\r\n\r\nGyro sensor bisa mendeteksi gerakan sesuai gravitasi, atau dengan kata lain mendeteksi gerakan pennguna.\r\n\r\nGyroscope pada penelitian ini digunakan untuk mengukur sumbu rotasi roket. Sebelum digunakan, sensor gyroscope terlebih dahulu dilakukan proses kalibrasi dengan menggunakan bandul. Proses kalibrasi tersebut berfungsi untuk memperoleh nilai faktor kalibrasi. Gyroscope memiliki keluaran berupa kecepatan sudut dari arah 3 sumbu yaitu: sumbu x yang nantinya akan menjadi sudut phi (kana dan kiri) dari sumbu y nantinya menjadi sudut theta (atas dan bawah), dan sumbu z nantinya menjadi sudut psi (depan dan belakang).\r\n\r\nTernyata gyroscope udah digunakan dari dulu lohh..\r\nKegunaan dari gyroscope pada pengembangan teknologi & gadjed yaitu:\r\n\r\n1.     Di masa lalu, gyros telah digunakan untuk ruang navigasi, kontrol rudal, di bawah bimbingan-air, dan bimbingan penerbangan..\r\n2.    Sebuah giroskop di sisi lain memiliki kemampuan mengukur tingkat rotasi di sekitar sumbu tertentu. Sebagai contoh jika giroskop yang digunakan untuk mengukur laju rotasi di sekitar sumbu gulungan pesawat terbang.\r\n3.    Penggunaan pada game contohnya adalah sebuah game pertempuran, sebelum ini bila kita ingin melihat situasi sekeliling, kita akan menyapu layar searah terus menerus untuk berputar, dengan gyro sensor ini kita cukup berputar sesuai gravitasi seperti benar-benar melihat sekeliling. Atau bila melihat sebuah obyek 3D kita cukup berputar untuk melihat setiap sudut obyek tersebut. Tentu ini adalah sebuah metode yang menghasilkan pengalaman seolah nyata.\r\n4.    Biasanya giroskop yang digunakan untuk mengukur posisi sudut didasarkan pada prinsip kekakuan ruang giroskop. Sebuah giroskop telah banyak aplikasi praktis. Sekarang mereka mulai digunakan bersama akselerometer untuk aplikasi seperti gerak-capture dan navigasi kendaraan\r\n\r\ndibandingkan dengan accelerometer gyroscope punya Kelebihan dan kekurangan yaitu.....^^\r\n\r\n1.     Harganya yang mahal.\r\n2.    Hanya dapat digunakan jika ada accelerator.\r\n3.    Dapat mendeteksi gerakan dari segala arah.\r\n4.     Hasil gambar yg di hasilkan dari gerakan lebih halus/ tidak patah-patah seperti pada accelerometer.\r\n5.    Tidak di pengaruhi oleh gravitasi.\r\n\r\n\r\nSekian dulu penjelasannya.... semoga artikel ini bermanfaat buat kalian yang baca,,\r\n');

--
-- Indexes for dumped tables
--

--
-- Indexes for table `agenda`
--
ALTER TABLE `agenda`
  ADD PRIMARY KEY (`id_agenda`);

--
-- AUTO_INCREMENT for dumped tables
--

--
-- AUTO_INCREMENT for table `agenda`
--
ALTER TABLE `agenda`
  MODIFY `id_agenda` int(11) NOT NULL AUTO_INCREMENT,AUTO_INCREMENT=27;--
-- Database: `dancer4life`
--

-- --------------------------------------------------------

--
-- Table structure for table `community`
--

CREATE TABLE IF NOT EXISTS `community` (
  `id_community` varchar(50) NOT NULL
) ENGINE=InnoDB DEFAULT CHARSET=latin1;

--
-- Dumping data for table `community`
--

INSERT INTO `community` (`id_community`) VALUES
('EDC'),
('INFINITE'),
('LIPS'),
('VAP');

-- --------------------------------------------------------

--
-- Table structure for table `user`
--

CREATE TABLE IF NOT EXISTS `user` (
  `email` varchar(50) NOT NULL,
  `password` varchar(50) NOT NULL,
  `nama` varchar(50) NOT NULL,
  `id_community` varchar(50) NOT NULL
) ENGINE=InnoDB DEFAULT CHARSET=latin1;

--
-- Dumping data for table `user`
--

INSERT INTO `user` (`email`, `password`, `nama`, `id_community`) VALUES
('asegaf@ymail.com', 'aamgaul', 'Zulham', 'VAP'),
('zulham724@gmail.com', 'mahluz', 'Mahluz', 'EDC');

--
-- Indexes for dumped tables
--

--
-- Indexes for table `community`
--
ALTER TABLE `community`
  ADD PRIMARY KEY (`id_community`);

--
-- Indexes for table `user`
--
ALTER TABLE `user`
  ADD PRIMARY KEY (`email`), ADD KEY `id_community` (`id_community`);

--
-- Constraints for dumped tables
--

--
-- Constraints for table `user`
--
ALTER TABLE `user`
ADD CONSTRAINT `user_ibfk_1` FOREIGN KEY (`id_community`) REFERENCES `community` (`id_community`) ON DELETE CASCADE ON UPDATE CASCADE;
--
-- Database: `db_ayu`
--

-- --------------------------------------------------------

--
-- Table structure for table `book`
--

CREATE TABLE IF NOT EXISTS `book` (
  `id` int(255) NOT NULL,
  `nama` varchar(100) DEFAULT NULL,
  `judul` varchar(100) DEFAULT NULL,
  `penerbit` varchar(100) DEFAULT NULL,
  `pengarang` varchar(100) DEFAULT NULL
) ENGINE=InnoDB AUTO_INCREMENT=5 DEFAULT CHARSET=latin1;

--
-- Dumping data for table `book`
--

INSERT INTO `book` (`id`, `nama`, `judul`, `penerbit`, `pengarang`) VALUES
(1, 'pemrograman web', 'pemrograman praktis belajar web', 'Erlangga', 'zulham'),
(2, 'pemrograman php', 'belajar praktis', 'erlangga', 'zulham'),
(3, 'kamera', 'kamera ku', 'erlangga', 'zulham azwar'),
(4, 'lasjdkl', 'lkajsdlkaj', 'lkjaslkdjkl', 'lkasjdlkasjd');

-- --------------------------------------------------------

--
-- Table structure for table `buku`
--

CREATE TABLE IF NOT EXISTS `buku` (
  `id` int(10) NOT NULL,
  `judul` varchar(100) DEFAULT NULL,
  `penerbit` varchar(100) DEFAULT NULL,
  `pengarang` varchar(100) DEFAULT NULL
) ENGINE=InnoDB DEFAULT CHARSET=latin1;

--
-- Indexes for dumped tables
--

--
-- Indexes for table `book`
--
ALTER TABLE `book`
  ADD PRIMARY KEY (`id`);

--
-- Indexes for table `buku`
--
ALTER TABLE `buku`
  ADD PRIMARY KEY (`id`);

--
-- AUTO_INCREMENT for dumped tables
--

--
-- AUTO_INCREMENT for table `book`
--
ALTER TABLE `book`
  MODIFY `id` int(255) NOT NULL AUTO_INCREMENT,AUTO_INCREMENT=5;
--
-- AUTO_INCREMENT for table `buku`
--
ALTER TABLE `buku`
  MODIFY `id` int(10) NOT NULL AUTO_INCREMENT;--
-- Database: `db_ayucantik`
--
--
-- Database: `db_ayurabu`
--

-- --------------------------------------------------------

--
-- Table structure for table `perpustakaan`
--

CREATE TABLE IF NOT EXISTS `perpustakaan` (
  `id` int(10) NOT NULL,
  `judul` varchar(100) DEFAULT NULL,
  `penerbit` varchar(100) DEFAULT NULL,
  `pengarang` varchar(100) DEFAULT NULL
) ENGINE=InnoDB AUTO_INCREMENT=12 DEFAULT CHARSET=latin1;

--
-- Dumping data for table `perpustakaan`
--

INSERT INTO `perpustakaan` (`id`, `judul`, `penerbit`, `pengarang`) VALUES
(2, 'bulan dan bintang', 'gramedia', 'tere liye'),
(3, 'matahari dan saya', 'gramedia dan erlangga', 'tere liye lalala'),
(4, 'bintang', 'gramedia', 'tere liye'),
(11, 'ayu', 'cantik', 'banget');

--
-- Indexes for dumped tables
--

--
-- Indexes for table `perpustakaan`
--
ALTER TABLE `perpustakaan`
  ADD PRIMARY KEY (`id`);

--
-- AUTO_INCREMENT for dumped tables
--

--
-- AUTO_INCREMENT for table `perpustakaan`
--
ALTER TABLE `perpustakaan`
  MODIFY `id` int(10) NOT NULL AUTO_INCREMENT,AUTO_INCREMENT=12;--
-- Database: `db_beli2`
--
--
-- Database: `db_comm`
--

-- --------------------------------------------------------

--
-- Table structure for table `community`
--

CREATE TABLE IF NOT EXISTS `community` (
  `id_comm` varchar(50) NOT NULL
) ENGINE=InnoDB DEFAULT CHARSET=utf8;

--
-- Dumping data for table `community`
--

INSERT INTO `community` (`id_comm`) VALUES
('EDC'),
('LIPS'),
('VAP');

-- --------------------------------------------------------

--
-- Table structure for table `user`
--

CREATE TABLE IF NOT EXISTS `user` (
  `email` varchar(50) NOT NULL,
  `name` varchar(50) DEFAULT NULL,
  `password` text NOT NULL,
  `id_comm` varchar(50) DEFAULT NULL,
  `gender` varchar(10) NOT NULL
) ENGINE=InnoDB DEFAULT CHARSET=utf8;

--
-- Dumping data for table `user`
--

INSERT INTO `user` (`email`, `name`, `password`, `id_comm`, `gender`) VALUES
('admin', NULL, 'admin', NULL, ''),
('asegaf@ymail.com', 'Zulham', 'aamgaul', 'VAP', ''),
('zulham724@gmail.com', 'Zulham Azwar Achmad', 'formi', 'EDC', 'Male');

--
-- Indexes for dumped tables
--

--
-- Indexes for table `community`
--
ALTER TABLE `community`
  ADD PRIMARY KEY (`id_comm`);

--
-- Indexes for table `user`
--
ALTER TABLE `user`
  ADD PRIMARY KEY (`email`), ADD KEY `id_comm` (`id_comm`);

--
-- Constraints for dumped tables
--

--
-- Constraints for table `user`
--
ALTER TABLE `user`
ADD CONSTRAINT `user_ibfk_1` FOREIGN KEY (`id_comm`) REFERENCES `community` (`id_comm`);
--
-- Database: `db_pakar`
--

-- --------------------------------------------------------

--
-- Table structure for table `master_grade`
--

CREATE TABLE IF NOT EXISTS `master_grade` (
  `id` smallint(6) NOT NULL,
  `master_grade` varchar(50) NOT NULL,
  `nilai_temuan` smallint(6) DEFAULT NULL
) ENGINE=MyISAM AUTO_INCREMENT=6 DEFAULT CHARSET=latin1;

--
-- Dumping data for table `master_grade`
--

INSERT INTO `master_grade` (`id`, `master_grade`, `nilai_temuan`) VALUES
(4, 'baru', 0),
(5, 'bekas', -4);

-- --------------------------------------------------------

--
-- Table structure for table `master_idt`
--

CREATE TABLE IF NOT EXISTS `master_idt` (
  `id` smallint(6) NOT NULL,
  `master_idt` varchar(50) NOT NULL
) ENGINE=MyISAM AUTO_INCREMENT=9 DEFAULT CHARSET=latin1;

--
-- Dumping data for table `master_idt`
--

INSERT INTO `master_idt` (`id`, `master_idt`) VALUES
(4, 'bagus'),
(5, 'bersih'),
(6, 'wangi'),
(7, 'kotor'),
(8, 'bau');

-- --------------------------------------------------------

--
-- Table structure for table `standart_sepatu`
--

CREATE TABLE IF NOT EXISTS `standart_sepatu` (
  `id` int(11) NOT NULL,
  `qualyt` varchar(10) NOT NULL,
  `ket` text NOT NULL
) ENGINE=InnoDB DEFAULT CHARSET=latin1;

-- --------------------------------------------------------

--
-- Table structure for table `transaksi`
--

CREATE TABLE IF NOT EXISTS `transaksi` (
  `id` smallint(6) NOT NULL,
  `id_penyakit` smallint(6) DEFAULT NULL,
  `id_gejala` smallint(6) DEFAULT NULL
) ENGINE=MyISAM AUTO_INCREMENT=10 DEFAULT CHARSET=latin1;

--
-- Dumping data for table `transaksi`
--

INSERT INTO `transaksi` (`id`, `id_penyakit`, `id_gejala`) VALUES
(1, 1, 4),
(2, 1, 5),
(3, 1, 6),
(6, 4, 5),
(5, 4, 4),
(7, 4, 6),
(8, 5, 7),
(9, 5, 8);

-- --------------------------------------------------------

--
-- Table structure for table `user`
--

CREATE TABLE IF NOT EXISTS `user` (
  `id_user` int(11) NOT NULL,
  `username` varchar(30) NOT NULL,
  `password` varchar(30) NOT NULL,
  `level` varchar(10) NOT NULL
) ENGINE=InnoDB AUTO_INCREMENT=5 DEFAULT CHARSET=latin1;

--
-- Dumping data for table `user`
--

INSERT INTO `user` (`id_user`, `username`, `password`, `level`) VALUES
(1, 'fahmi', '123', 'admin'),
(3, 'Rina', '123', 'admin'),
(4, 'ganteng', '123', 'user');

--
-- Indexes for dumped tables
--

--
-- Indexes for table `master_grade`
--
ALTER TABLE `master_grade`
  ADD PRIMARY KEY (`id`), ADD UNIQUE KEY `master_idt` (`master_grade`);

--
-- Indexes for table `master_idt`
--
ALTER TABLE `master_idt`
  ADD PRIMARY KEY (`id`), ADD UNIQUE KEY `master_idt` (`master_idt`);

--
-- Indexes for table `standart_sepatu`
--
ALTER TABLE `standart_sepatu`
  ADD PRIMARY KEY (`id`);

--
-- Indexes for table `transaksi`
--
ALTER TABLE `transaksi`
  ADD PRIMARY KEY (`id`), ADD KEY `id_penyakit` (`id_penyakit`), ADD KEY `id_gejala` (`id_gejala`);

--
-- Indexes for table `user`
--
ALTER TABLE `user`
  ADD KEY `id_user` (`id_user`);

--
-- AUTO_INCREMENT for dumped tables
--

--
-- AUTO_INCREMENT for table `master_grade`
--
ALTER TABLE `master_grade`
  MODIFY `id` smallint(6) NOT NULL AUTO_INCREMENT,AUTO_INCREMENT=6;
--
-- AUTO_INCREMENT for table `master_idt`
--
ALTER TABLE `master_idt`
  MODIFY `id` smallint(6) NOT NULL AUTO_INCREMENT,AUTO_INCREMENT=9;
--
-- AUTO_INCREMENT for table `standart_sepatu`
--
ALTER TABLE `standart_sepatu`
  MODIFY `id` int(11) NOT NULL AUTO_INCREMENT;
--
-- AUTO_INCREMENT for table `transaksi`
--
ALTER TABLE `transaksi`
  MODIFY `id` smallint(6) NOT NULL AUTO_INCREMENT,AUTO_INCREMENT=10;
--
-- AUTO_INCREMENT for table `user`
--
ALTER TABLE `user`
  MODIFY `id_user` int(11) NOT NULL AUTO_INCREMENT,AUTO_INCREMENT=5;--
-- Database: `db_qrcode`
--

-- --------------------------------------------------------

--
-- Table structure for table `absents`
--

CREATE TABLE IF NOT EXISTS `absents` (
  `id` int(10) unsigned NOT NULL,
  `people_id` int(10) unsigned NOT NULL,
  `date_absent` varchar(255) COLLATE utf8_unicode_ci NOT NULL,
  `status` varchar(255) COLLATE utf8_unicode_ci NOT NULL,
  `created_at` timestamp NULL DEFAULT NULL,
  `updated_at` timestamp NULL DEFAULT NULL,
  `deleted_at` timestamp NULL DEFAULT NULL
) ENGINE=InnoDB AUTO_INCREMENT=19 DEFAULT CHARSET=utf8 COLLATE=utf8_unicode_ci;

--
-- Dumping data for table `absents`
--

INSERT INTO `absents` (`id`, `people_id`, `date_absent`, `status`, `created_at`, `updated_at`, `deleted_at`) VALUES
(1, 2, '2017-9-18 14:15', 'masuk', NULL, NULL, NULL),
(5, 1, '2017-09-18', 'telat', '2017-09-18 07:50:40', '2017-09-18 07:50:40', NULL),
(6, 2, '2017-09-18', 'telat', '2017-09-18 08:28:35', '2017-09-18 08:28:35', NULL),
(7, 2, '2017-09-18', 'telat', '2017-09-18 08:28:35', '2017-09-18 08:28:35', NULL),
(17, 1, '2017-09-19', 'masuk tepat waktu', '2017-09-19 00:57:04', '2017-09-19 00:57:04', NULL),
(18, 1, '2017-09-19', 'masuk tepat waktu', '2017-09-19 00:57:04', '2017-09-19 00:57:04', NULL);

-- --------------------------------------------------------

--
-- Table structure for table `migrations`
--

CREATE TABLE IF NOT EXISTS `migrations` (
  `id` int(10) unsigned NOT NULL,
  `migration` varchar(255) COLLATE utf8_unicode_ci NOT NULL,
  `batch` int(11) NOT NULL
) ENGINE=InnoDB AUTO_INCREMENT=5 DEFAULT CHARSET=utf8 COLLATE=utf8_unicode_ci;

--
-- Dumping data for table `migrations`
--

INSERT INTO `migrations` (`id`, `migration`, `batch`) VALUES
(1, '2014_10_12_000000_create_users_table', 1),
(2, '2014_10_12_100000_create_password_resets_table', 1),
(3, '2017_08_30_091017_create_peoples_table', 2),
(4, '2017_08_30_091848_create_absents_table', 2);

-- --------------------------------------------------------

--
-- Table structure for table `password_resets`
--

CREATE TABLE IF NOT EXISTS `password_resets` (
  `email` varchar(255) COLLATE utf8_unicode_ci NOT NULL,
  `token` varchar(255) COLLATE utf8_unicode_ci NOT NULL,
  `created_at` timestamp NULL DEFAULT NULL
) ENGINE=InnoDB DEFAULT CHARSET=utf8 COLLATE=utf8_unicode_ci;

-- --------------------------------------------------------

--
-- Table structure for table `peoples`
--

CREATE TABLE IF NOT EXISTS `peoples` (
  `id` int(10) unsigned NOT NULL,
  `name` varchar(255) COLLATE utf8_unicode_ci NOT NULL,
  `qrcode` varchar(255) COLLATE utf8_unicode_ci NOT NULL,
  `created_at` timestamp NULL DEFAULT NULL,
  `updated_at` timestamp NULL DEFAULT NULL,
  `deleted_at` timestamp NULL DEFAULT NULL
) ENGINE=InnoDB AUTO_INCREMENT=3 DEFAULT CHARSET=utf8 COLLATE=utf8_unicode_ci;

--
-- Dumping data for table `peoples`
--

INSERT INTO `peoples` (`id`, `name`, `qrcode`, `created_at`, `updated_at`, `deleted_at`) VALUES
(1, 'Zulham Azwar Achmad', 'http://q-r.to/ban6me', '2017-09-17 17:00:00', '2017-09-17 17:00:00', '2017-09-17 17:00:00'),
(2, 'Zulham', 'Zulham Azwar Achmad', NULL, NULL, NULL);

-- --------------------------------------------------------

--
-- Table structure for table `users`
--

CREATE TABLE IF NOT EXISTS `users` (
  `id` int(10) unsigned NOT NULL,
  `name` varchar(255) COLLATE utf8_unicode_ci NOT NULL,
  `email` varchar(255) COLLATE utf8_unicode_ci NOT NULL,
  `password` varchar(255) COLLATE utf8_unicode_ci NOT NULL,
  `remember_token` varchar(100) COLLATE utf8_unicode_ci DEFAULT NULL,
  `created_at` timestamp NULL DEFAULT NULL,
  `updated_at` timestamp NULL DEFAULT NULL
) ENGINE=InnoDB DEFAULT CHARSET=utf8 COLLATE=utf8_unicode_ci;

--
-- Indexes for dumped tables
--

--
-- Indexes for table `absents`
--
ALTER TABLE `absents`
  ADD PRIMARY KEY (`id`), ADD KEY `absents_people_id_foreign` (`people_id`);

--
-- Indexes for table `migrations`
--
ALTER TABLE `migrations`
  ADD PRIMARY KEY (`id`);

--
-- Indexes for table `password_resets`
--
ALTER TABLE `password_resets`
  ADD KEY `password_resets_email_index` (`email`);

--
-- Indexes for table `peoples`
--
ALTER TABLE `peoples`
  ADD PRIMARY KEY (`id`);

--
-- Indexes for table `users`
--
ALTER TABLE `users`
  ADD PRIMARY KEY (`id`), ADD UNIQUE KEY `users_email_unique` (`email`);

--
-- AUTO_INCREMENT for dumped tables
--

--
-- AUTO_INCREMENT for table `absents`
--
ALTER TABLE `absents`
  MODIFY `id` int(10) unsigned NOT NULL AUTO_INCREMENT,AUTO_INCREMENT=19;
--
-- AUTO_INCREMENT for table `migrations`
--
ALTER TABLE `migrations`
  MODIFY `id` int(10) unsigned NOT NULL AUTO_INCREMENT,AUTO_INCREMENT=5;
--
-- AUTO_INCREMENT for table `peoples`
--
ALTER TABLE `peoples`
  MODIFY `id` int(10) unsigned NOT NULL AUTO_INCREMENT,AUTO_INCREMENT=3;
--
-- AUTO_INCREMENT for table `users`
--
ALTER TABLE `users`
  MODIFY `id` int(10) unsigned NOT NULL AUTO_INCREMENT;
--
-- Constraints for dumped tables
--

--
-- Constraints for table `absents`
--
ALTER TABLE `absents`
ADD CONSTRAINT `absents_people_id_foreign` FOREIGN KEY (`people_id`) REFERENCES `peoples` (`id`) ON DELETE CASCADE ON UPDATE CASCADE;
--
-- Database: `db_rabu`
--

-- --------------------------------------------------------

--
-- Table structure for table `book`
--

CREATE TABLE IF NOT EXISTS `book` (
  `id` int(50) NOT NULL,
  `user_id` int(50) DEFAULT NULL,
  `kategori_id` int(50) DEFAULT NULL,
  `judul` varchar(255) DEFAULT NULL,
  `penerbit` varchar(255) DEFAULT NULL,
  `pengarang` varchar(255) DEFAULT NULL,
  `status` varchar(255) DEFAULT NULL,
  `stok` varchar(255) DEFAULT NULL,
  `gambar` varchar(50) DEFAULT NULL,
  `konten` varchar(500) NOT NULL
) ENGINE=InnoDB AUTO_INCREMENT=9 DEFAULT CHARSET=latin1;

--
-- Dumping data for table `book`
--

INSERT INTO `book` (`id`, `user_id`, `kategori_id`, `judul`, `penerbit`, `pengarang`, `status`, `stok`, `gambar`, `konten`) VALUES
(1, NULL, 1, 'Bumi', 'Erlangga', 'Tere Liye', 'tersedia', '7', 'bumi.jpg', 'Lorem ipsum dolor sit amet, consectetur adipisicing elit, sed do eiusmod\r\ntempor incididunt ut labore et dolore magna aliqua. Ut enim ad minim veniam,\r\nquis nostrud exercitation ullamco laboris nisi ut aliquip ex ea commodo\r\nconsequat. Duis aute irure dolor in reprehenderit in voluptate velit esse\r\ncillum dolore eu fugiat nulla pariatur. Excepteur sint occaecat cupidatat non\r\nproident, sunt in culpa qui officia deserunt mollit anim id est laborum.'),
(2, NULL, 1, 'Bintang', 'Erlangga', 'Tere Liye', 'tersedia', '8', 'bintang.jpg', 'Lorem ipsum dolor sit amet, consectetur adipisicing elit, sed do eiusmod\r\ntempor incididunt ut labore et dolore magna aliqua. Ut enim ad minim veniam,\r\nquis nostrud exercitation ullamco laboris nisi ut aliquip ex ea commodo\r\nconsequat. Duis aute irure dolor in reprehenderit in voluptate velit esse\r\ncillum dolore eu fugiat nulla pariatur. Excepteur sint occaecat cupidatat non\r\nproident, sunt in culpa qui officia deserunt mollit anim id est laborum.'),
(3, NULL, 1, 'Matahari', 'Erlangga', 'Tere Liye', 'tersedia', '9', 'matahari.jpg', 'Lorem ipsum dolor sit amet, consectetur adipisicing elit, sed do eiusmod\r\ntempor incididunt ut labore et dolore magna aliqua. Ut enim ad minim veniam,\r\nquis nostrud exercitation ullamco laboris nisi ut aliquip ex ea commodo\r\nconsequat. Duis aute irure dolor in reprehenderit in voluptate velit esse\r\ncillum dolore eu fugiat nulla pariatur. Excepteur sint occaecat cupidatat non\r\nproident, sunt in culpa qui officia deserunt mollit anim id est laborum.'),
(4, NULL, 1, 'Bulan', 'Erlangga', 'Tere Liye', 'tersedia', '10', 'bulan.jpg', 'Lorem ipsum dolor sit amet, consectetur adipisicing elit, sed do eiusmod\r\ntempor incididunt ut labore et dolore magna aliqua. Ut enim ad minim veniam,\r\nquis nostrud exercitation ullamco laboris nisi ut aliquip ex ea commodo\r\nconsequat. Duis aute irure dolor in reprehenderit in voluptate velit esse\r\ncillum dolore eu fugiat nulla pariatur. Excepteur sint occaecat cupidatat non\r\nproident, sunt in culpa qui officia deserunt mollit anim id est laborum.'),
(6, NULL, NULL, 'Komet', 'Erlangga', 'Tere Liye', NULL, NULL, NULL, 'Lorem ipsum dolor sit amet, consectetur adipisicing elit, sed do eiusmod 	tempor incididunt ut labore et dolore magna aliqua. Ut enim ad minim veniam, 	quis nostrud exercitation ullamco laboris nisi ut aliquip ex ea commodo 	consequat. Duis aute irure dolor in reprehenderit in voluptate velit esse 	cillum dolore eu fugiat nulla pariatur. Excepteur sint occaecat cupidatat non 	proident, sunt in culpa qui officia deserunt mollit anim id est laborum.'),
(7, NULL, NULL, 'asd', 'fgh', 'jkl', 'tersedia', '10', NULL, 'lorem'),
(8, NULL, NULL, 'asd', '', '', '', '', 'bintang.jpg', '');

-- --------------------------------------------------------

--
-- Table structure for table `kategori`
--

CREATE TABLE IF NOT EXISTS `kategori` (
  `id` int(50) NOT NULL,
  `nama` varchar(255) NOT NULL
) ENGINE=InnoDB AUTO_INCREMENT=2 DEFAULT CHARSET=latin1;

--
-- Dumping data for table `kategori`
--

INSERT INTO `kategori` (`id`, `nama`) VALUES
(1, 'Novel');

-- --------------------------------------------------------

--
-- Table structure for table `peminjaman`
--

CREATE TABLE IF NOT EXISTS `peminjaman` (
  `id` int(50) NOT NULL,
  `book_id` int(50) DEFAULT NULL,
  `user_id` int(50) DEFAULT NULL,
  `status` varchar(255) DEFAULT NULL,
  `tanggal_pinjam` date DEFAULT NULL,
  `tanggal_kembali` date DEFAULT NULL
) ENGINE=InnoDB AUTO_INCREMENT=21 DEFAULT CHARSET=latin1;

--
-- Dumping data for table `peminjaman`
--

INSERT INTO `peminjaman` (`id`, `book_id`, `user_id`, `status`, `tanggal_pinjam`, `tanggal_kembali`) VALUES
(11, 1, 6, 'kembali', '2017-09-13', '2017-09-20'),
(12, 1, 6, 'kembali', '2017-09-13', '2017-09-20'),
(13, 2, 6, 'kembali', '2017-09-13', '2017-09-20'),
(14, 3, 6, 'kembali', '2017-09-13', '2017-09-20'),
(15, 4, 6, 'kembali', '2017-09-13', '2017-09-20'),
(17, 1, 6, 'kembali', '2017-09-13', '2017-09-20'),
(18, 1, 6, 'kembali', '2017-09-13', '2017-09-20'),
(19, 1, 6, 'kembali', '2017-09-13', '2017-09-20'),
(20, 2, 6, 'pinjam', '2017-09-13', '2017-09-20');

-- --------------------------------------------------------

--
-- Table structure for table `roles`
--

CREATE TABLE IF NOT EXISTS `roles` (
  `id` int(50) NOT NULL,
  `nama` varchar(255) NOT NULL
) ENGINE=InnoDB AUTO_INCREMENT=4 DEFAULT CHARSET=latin1;

--
-- Dumping data for table `roles`
--

INSERT INTO `roles` (`id`, `nama`) VALUES
(1, 'Admin'),
(2, 'Petugas'),
(3, 'Member');

-- --------------------------------------------------------

--
-- Table structure for table `users`
--

CREATE TABLE IF NOT EXISTS `users` (
  `id` int(50) NOT NULL,
  `role_id` int(50) DEFAULT NULL,
  `nama` varchar(255) DEFAULT NULL,
  `umur` varchar(255) DEFAULT NULL,
  `username` varchar(255) DEFAULT NULL,
  `password` varchar(255) DEFAULT NULL
) ENGINE=InnoDB AUTO_INCREMENT=8 DEFAULT CHARSET=latin1;

--
-- Dumping data for table `users`
--

INSERT INTO `users` (`id`, `role_id`, `nama`, `umur`, `username`, `password`) VALUES
(2, 2, 'Rico', '15', 'Rico', 'asd'),
(4, 1, 'Ayu', '16', 'Ayu', '123'),
(6, 3, 'Nabila', '10', 'Nabila', 'asd'),
(7, 2, 'Safa', '15', 'Safa', 'asd');

--
-- Indexes for dumped tables
--

--
-- Indexes for table `book`
--
ALTER TABLE `book`
  ADD PRIMARY KEY (`id`), ADD KEY `user_id` (`user_id`), ADD KEY `kategori_id` (`kategori_id`);

--
-- Indexes for table `kategori`
--
ALTER TABLE `kategori`
  ADD PRIMARY KEY (`id`);

--
-- Indexes for table `peminjaman`
--
ALTER TABLE `peminjaman`
  ADD PRIMARY KEY (`id`), ADD KEY `book_id` (`book_id`), ADD KEY `user_id` (`user_id`);

--
-- Indexes for table `roles`
--
ALTER TABLE `roles`
  ADD PRIMARY KEY (`id`);

--
-- Indexes for table `users`
--
ALTER TABLE `users`
  ADD PRIMARY KEY (`id`), ADD KEY `role_id` (`role_id`);

--
-- AUTO_INCREMENT for dumped tables
--

--
-- AUTO_INCREMENT for table `book`
--
ALTER TABLE `book`
  MODIFY `id` int(50) NOT NULL AUTO_INCREMENT,AUTO_INCREMENT=9;
--
-- AUTO_INCREMENT for table `kategori`
--
ALTER TABLE `kategori`
  MODIFY `id` int(50) NOT NULL AUTO_INCREMENT,AUTO_INCREMENT=2;
--
-- AUTO_INCREMENT for table `peminjaman`
--
ALTER TABLE `peminjaman`
  MODIFY `id` int(50) NOT NULL AUTO_INCREMENT,AUTO_INCREMENT=21;
--
-- AUTO_INCREMENT for table `roles`
--
ALTER TABLE `roles`
  MODIFY `id` int(50) NOT NULL AUTO_INCREMENT,AUTO_INCREMENT=4;
--
-- AUTO_INCREMENT for table `users`
--
ALTER TABLE `users`
  MODIFY `id` int(50) NOT NULL AUTO_INCREMENT,AUTO_INCREMENT=8;
--
-- Constraints for dumped tables
--

--
-- Constraints for table `book`
--
ALTER TABLE `book`
ADD CONSTRAINT `book_ibfk_1` FOREIGN KEY (`user_id`) REFERENCES `users` (`id`) ON DELETE CASCADE ON UPDATE CASCADE,
ADD CONSTRAINT `book_ibfk_2` FOREIGN KEY (`kategori_id`) REFERENCES `kategori` (`id`) ON DELETE CASCADE ON UPDATE CASCADE;

--
-- Constraints for table `peminjaman`
--
ALTER TABLE `peminjaman`
ADD CONSTRAINT `peminjaman_ibfk_1` FOREIGN KEY (`book_id`) REFERENCES `book` (`id`) ON DELETE CASCADE ON UPDATE CASCADE,
ADD CONSTRAINT `peminjaman_ibfk_2` FOREIGN KEY (`user_id`) REFERENCES `users` (`id`) ON DELETE CASCADE ON UPDATE CASCADE;

--
-- Constraints for table `users`
--
ALTER TABLE `users`
ADD CONSTRAINT `users_ibfk_1` FOREIGN KEY (`role_id`) REFERENCES `roles` (`id`) ON DELETE CASCADE ON UPDATE CASCADE;
--
-- Database: `db_riconi`
--

-- --------------------------------------------------------

--
-- Table structure for table `book`
--

CREATE TABLE IF NOT EXISTS `book` (
  `id` int(10) NOT NULL,
  `judul` varchar(255) DEFAULT NULL,
  `penerbit` varchar(255) DEFAULT NULL,
  `pengarang` varchar(255) DEFAULT NULL,
  `status` varchar(255) NOT NULL DEFAULT 'tersedia'
) ENGINE=InnoDB AUTO_INCREMENT=4 DEFAULT CHARSET=latin1;

--
-- Dumping data for table `book`
--

INSERT INTO `book` (`id`, `judul`, `penerbit`, `pengarang`, `status`) VALUES
(1, 'bumi', 'erlangga', 'gramedia', 'terbeli'),
(2, 'bintang', 'erlangga', 'tere liye', 'tersedia'),
(3, 'matahari', 'erlangga', 'ayu', 'tersedia');

--
-- Indexes for dumped tables
--

--
-- Indexes for table `book`
--
ALTER TABLE `book`
  ADD PRIMARY KEY (`id`);

--
-- AUTO_INCREMENT for dumped tables
--

--
-- AUTO_INCREMENT for table `book`
--
ALTER TABLE `book`
  MODIFY `id` int(10) NOT NULL AUTO_INCREMENT,AUTO_INCREMENT=4;--
-- Database: `db_sipajak`
--

-- --------------------------------------------------------

--
-- Table structure for table `desa`
--

CREATE TABLE IF NOT EXISTS `desa` (
  `id` int(10) unsigned NOT NULL,
  `desa` varchar(45) COLLATE utf8mb4_unicode_ci DEFAULT NULL,
  `kecamatan_id` int(10) unsigned NOT NULL,
  `created_at` timestamp NULL DEFAULT NULL,
  `updated_at` timestamp NULL DEFAULT NULL,
  `deleted_at` timestamp NULL DEFAULT NULL
) ENGINE=InnoDB DEFAULT CHARSET=utf8mb4 COLLATE=utf8mb4_unicode_ci;

-- --------------------------------------------------------

--
-- Table structure for table `item_ketetapan_pajak`
--

CREATE TABLE IF NOT EXISTS `item_ketetapan_pajak` (
  `id` int(10) unsigned NOT NULL,
  `nama_item` varchar(45) COLLATE utf8mb4_unicode_ci DEFAULT NULL,
  `volume` double DEFAULT NULL,
  `satuan` varchar(45) COLLATE utf8mb4_unicode_ci DEFAULT NULL,
  `harga` double DEFAULT NULL,
  `ketetapan_pajak_id` int(10) unsigned NOT NULL,
  `status_verifikasi` varchar(45) COLLATE utf8mb4_unicode_ci DEFAULT NULL,
  `status_pembayaran` varchar(45) COLLATE utf8mb4_unicode_ci DEFAULT NULL,
  `tgl_pembayaran` date DEFAULT NULL,
  `created_at` timestamp NULL DEFAULT NULL,
  `updated_at` timestamp NULL DEFAULT NULL,
  `deleted_at` timestamp NULL DEFAULT NULL
) ENGINE=InnoDB DEFAULT CHARSET=utf8mb4 COLLATE=utf8mb4_unicode_ci;

-- --------------------------------------------------------

--
-- Table structure for table `jenis_pajak`
--

CREATE TABLE IF NOT EXISTS `jenis_pajak` (
  `id` int(10) unsigned NOT NULL,
  `jenis` varchar(45) COLLATE utf8mb4_unicode_ci DEFAULT NULL,
  `created_at` timestamp NULL DEFAULT NULL,
  `updated_at` timestamp NULL DEFAULT NULL,
  `deleted_at` timestamp NULL DEFAULT NULL
) ENGINE=InnoDB DEFAULT CHARSET=utf8mb4 COLLATE=utf8mb4_unicode_ci;

-- --------------------------------------------------------

--
-- Table structure for table `kecamatan`
--

CREATE TABLE IF NOT EXISTS `kecamatan` (
  `id` int(10) unsigned NOT NULL,
  `kecamatan` varchar(45) COLLATE utf8mb4_unicode_ci DEFAULT NULL,
  `created_at` timestamp NULL DEFAULT NULL,
  `updated_at` timestamp NULL DEFAULT NULL,
  `deleted_at` timestamp NULL DEFAULT NULL
) ENGINE=InnoDB DEFAULT CHARSET=utf8mb4 COLLATE=utf8mb4_unicode_ci;

-- --------------------------------------------------------

--
-- Table structure for table `ketetapan_pajak`
--

CREATE TABLE IF NOT EXISTS `ketetapan_pajak` (
  `id` int(10) unsigned NOT NULL,
  `bulan` varchar(45) COLLATE utf8mb4_unicode_ci DEFAULT NULL,
  `tahun` smallint(6) DEFAULT NULL,
  `jatuh_tempo` date DEFAULT NULL,
  `nama_pekerjaan` varchar(45) COLLATE utf8mb4_unicode_ci DEFAULT NULL,
  `keterangan_pekerjaan` varchar(45) COLLATE utf8mb4_unicode_ci DEFAULT NULL,
  `wajib_pajak_id` int(10) unsigned NOT NULL,
  `rekening_penerimaan_id` int(10) unsigned NOT NULL,
  `jenis_pajak_id` int(10) unsigned NOT NULL,
  `created_at` timestamp NULL DEFAULT NULL,
  `updated_at` timestamp NULL DEFAULT NULL,
  `deleted_at` timestamp NULL DEFAULT NULL
) ENGINE=InnoDB DEFAULT CHARSET=utf8mb4 COLLATE=utf8mb4_unicode_ci;

-- --------------------------------------------------------

--
-- Table structure for table `migrations`
--

CREATE TABLE IF NOT EXISTS `migrations` (
  `id` int(10) unsigned NOT NULL,
  `migration` varchar(191) COLLATE utf8mb4_unicode_ci NOT NULL,
  `batch` int(11) NOT NULL
) ENGINE=InnoDB AUTO_INCREMENT=13 DEFAULT CHARSET=utf8mb4 COLLATE=utf8mb4_unicode_ci;

--
-- Dumping data for table `migrations`
--

INSERT INTO `migrations` (`id`, `migration`, `batch`) VALUES
(1, '2013_09_30_033932_create_role_table', 1),
(2, '2014_10_12_000000_create_users_table', 1),
(3, '2014_10_12_100000_create_password_resets_table', 1),
(4, '2017_04_26_000000_create_jenis_pajak_table', 1),
(5, '2017_04_26_000001_create_pegawai_table', 1),
(6, '2017_04_26_000002_create_kecamatan_table', 1),
(7, '2017_04_26_000003_create_rekening_penerimaan_table', 1),
(8, '2017_04_26_000005_create_standar_tarif_table', 1),
(9, '2017_04_26_000006_create_desa_table', 1),
(10, '2017_04_26_000007_create_wajib_pajak_table', 1),
(11, '2017_04_26_000008_create_ketetapan_pajak_table', 1),
(12, '2017_04_26_000009_create_item_ketetapan_pajak_table', 1);

-- --------------------------------------------------------

--
-- Table structure for table `password_resets`
--

CREATE TABLE IF NOT EXISTS `password_resets` (
  `email` varchar(191) COLLATE utf8mb4_unicode_ci NOT NULL,
  `token` varchar(191) COLLATE utf8mb4_unicode_ci NOT NULL,
  `created_at` timestamp NULL DEFAULT NULL
) ENGINE=InnoDB DEFAULT CHARSET=utf8mb4 COLLATE=utf8mb4_unicode_ci;

-- --------------------------------------------------------

--
-- Table structure for table `pegawai`
--

CREATE TABLE IF NOT EXISTS `pegawai` (
  `id` int(10) unsigned NOT NULL,
  `user_id` int(10) unsigned NOT NULL,
  `nama` varchar(45) COLLATE utf8mb4_unicode_ci DEFAULT NULL,
  `nip` varchar(45) COLLATE utf8mb4_unicode_ci DEFAULT NULL,
  `alamat` text COLLATE utf8mb4_unicode_ci,
  `hp` varchar(45) COLLATE utf8mb4_unicode_ci DEFAULT NULL,
  `status` varchar(45) COLLATE utf8mb4_unicode_ci DEFAULT NULL,
  `nomor_sk` varchar(45) COLLATE utf8mb4_unicode_ci DEFAULT NULL,
  `created_at` timestamp NULL DEFAULT NULL,
  `updated_at` timestamp NULL DEFAULT NULL,
  `deleted_at` timestamp NULL DEFAULT NULL
) ENGINE=InnoDB AUTO_INCREMENT=4 DEFAULT CHARSET=utf8mb4 COLLATE=utf8mb4_unicode_ci;

--
-- Dumping data for table `pegawai`
--

INSERT INTO `pegawai` (`id`, `user_id`, `nama`, `nip`, `alamat`, `hp`, `status`, `nomor_sk`, `created_at`, `updated_at`, `deleted_at`) VALUES
(1, 3, 'aksld', '123123', 'aslkdjaklsd', '123182930', 'aktif', '12319823', '2017-05-18 06:38:22', '2017-05-18 06:38:22', NULL),
(2, 5, 'Operator', '19203901283', 'sakdl;aks;', '123123', 'aktif', '981923781263', '2017-05-31 09:07:16', '2017-05-31 09:07:16', NULL),
(3, 6, 'Eka', '5302414040', 'Denpasar', '085868772465', 'aktif', '7687576423423134', '2017-06-21 01:17:59', '2017-06-21 01:17:59', NULL);

-- --------------------------------------------------------

--
-- Table structure for table `rekening_penerimaan`
--

CREATE TABLE IF NOT EXISTS `rekening_penerimaan` (
  `id` int(10) unsigned NOT NULL,
  `nomor_rekening` varchar(45) COLLATE utf8mb4_unicode_ci DEFAULT NULL,
  `uraian` varchar(191) COLLATE utf8mb4_unicode_ci DEFAULT NULL,
  `created_at` timestamp NULL DEFAULT NULL,
  `updated_at` timestamp NULL DEFAULT NULL,
  `deleted_at` timestamp NULL DEFAULT NULL
) ENGINE=InnoDB AUTO_INCREMENT=2 DEFAULT CHARSET=utf8mb4 COLLATE=utf8mb4_unicode_ci;

--
-- Dumping data for table `rekening_penerimaan`
--

INSERT INTO `rekening_penerimaan` (`id`, `nomor_rekening`, `uraian`, `created_at`, `updated_at`, `deleted_at`) VALUES
(1, '12312390', 'kasjdklajsdlk', '2017-05-18 06:39:03', '2017-05-18 06:39:03', NULL);

-- --------------------------------------------------------

--
-- Table structure for table `roles`
--

CREATE TABLE IF NOT EXISTS `roles` (
  `id` int(10) unsigned NOT NULL,
  `description` varchar(191) COLLATE utf8mb4_unicode_ci NOT NULL,
  `created_at` timestamp NULL DEFAULT NULL,
  `updated_at` timestamp NULL DEFAULT NULL,
  `deleted_at` timestamp NULL DEFAULT NULL
) ENGINE=InnoDB AUTO_INCREMENT=6 DEFAULT CHARSET=utf8mb4 COLLATE=utf8mb4_unicode_ci;

--
-- Dumping data for table `roles`
--

INSERT INTO `roles` (`id`, `description`, `created_at`, `updated_at`, `deleted_at`) VALUES
(1, 'admin', '2017-05-12 20:53:56', '2017-05-12 20:53:56', NULL),
(2, 'penanggung_jawab', '2017-05-12 20:53:56', '2017-05-12 20:53:56', NULL),
(3, 'bendahara', '2017-05-12 20:53:56', '2017-05-12 20:53:56', NULL),
(4, 'operator', '2017-05-12 20:53:56', '2017-05-12 20:53:56', NULL),
(5, 'verifikator', '2017-05-12 20:53:56', '2017-05-12 20:53:56', NULL);

-- --------------------------------------------------------

--
-- Table structure for table `standar_tarif`
--

CREATE TABLE IF NOT EXISTS `standar_tarif` (
  `id` int(10) unsigned NOT NULL,
  `nama_item` varchar(45) COLLATE utf8mb4_unicode_ci DEFAULT NULL,
  `satuan` varchar(45) COLLATE utf8mb4_unicode_ci DEFAULT NULL,
  `tarif` double DEFAULT NULL,
  `tahun` double DEFAULT NULL,
  `jenis_pajak_id` int(10) unsigned NOT NULL,
  `created_at` timestamp NULL DEFAULT NULL,
  `updated_at` timestamp NULL DEFAULT NULL,
  `deleted_at` timestamp NULL DEFAULT NULL
) ENGINE=InnoDB DEFAULT CHARSET=utf8mb4 COLLATE=utf8mb4_unicode_ci;

-- --------------------------------------------------------

--
-- Table structure for table `users`
--

CREATE TABLE IF NOT EXISTS `users` (
  `id` int(10) unsigned NOT NULL,
  `role_id` int(10) unsigned NOT NULL,
  `name` varchar(191) COLLATE utf8mb4_unicode_ci NOT NULL,
  `email` varchar(191) COLLATE utf8mb4_unicode_ci NOT NULL,
  `password` varchar(191) COLLATE utf8mb4_unicode_ci NOT NULL,
  `remember_token` varchar(100) COLLATE utf8mb4_unicode_ci DEFAULT NULL,
  `created_at` timestamp NULL DEFAULT NULL,
  `updated_at` timestamp NULL DEFAULT NULL,
  `deleted_at` timestamp NULL DEFAULT NULL
) ENGINE=InnoDB AUTO_INCREMENT=7 DEFAULT CHARSET=utf8mb4 COLLATE=utf8mb4_unicode_ci;

--
-- Dumping data for table `users`
--

INSERT INTO `users` (`id`, `role_id`, `name`, `email`, `password`, `remember_token`, `created_at`, `updated_at`, `deleted_at`) VALUES
(1, 1, 'Zulham', 'zulham724@gmail.com', '$2y$10$PvMCkr4cH.pjya854/rpVOA93A6wYP./EhEj6OXsclrEjdPA9TDxS', '7hLArLyepMX8ADGgy5NGh6Tr20Tf5AkLt0RUVSN0ORHqfjoaljPM690m8Ncz', '2017-05-12 20:54:12', '2017-05-12 20:54:12', NULL),
(2, 2, 'Penanggung Jawab', 'pj@gmail.com', '$2y$10$hEmtwIXck3qot5C.PT8/pe27EFKrFvFj0xo6CiBfBup83pqziyAhi', 'ea47sBTD2DsxW9gPFluDb1KlIbRSnbRtoB6Ew5CKvVct7MdPKDYIpwnJokY2', '2017-05-12 20:55:06', '2017-05-12 20:55:06', NULL),
(3, 1, 'aksld', 'zulham@yahoo.com', 'aksld', NULL, '2017-05-18 06:38:22', '2017-05-18 06:38:22', NULL),
(4, 1, 'admin', 'admin@gmail.com', '$2y$10$px6xTUXPbY9Xp5cbnjb0jeRr3F2f8i6B8t.VLtMo33/dd0ULKWrC6', '7Inmf9P0sGf7J8Vvra1doFyYukKjzr6ntXLd9vjzSOmmTgD9AwOTyNQ1hJw9', '2017-05-23 23:18:08', '2017-05-23 23:18:08', NULL),
(5, 4, 'Operator', 'operator@gmail.com', '$2y$10$PgRmEPpqN3ZSPjlbjhwac.RpUSn3DDZN0q//G2IgloKBtewobbvrq', NULL, '2017-05-31 09:07:16', '2017-05-31 09:07:16', NULL),
(6, 4, 'Eka', 'eka@gmail.com', '$2y$10$vd83Ne4EJ.ERc2AvRVRmGu7nJMJrcrTgBjPC6hXhwo2SuqUQdwrjG', NULL, '2017-06-21 01:17:59', '2017-06-21 01:17:59', NULL);

-- --------------------------------------------------------

--
-- Table structure for table `wajib_pajak`
--

CREATE TABLE IF NOT EXISTS `wajib_pajak` (
  `id` int(10) unsigned NOT NULL,
  `nama` varchar(45) COLLATE utf8mb4_unicode_ci DEFAULT NULL,
  `npwp` varchar(45) COLLATE utf8mb4_unicode_ci DEFAULT NULL,
  `alamat` text COLLATE utf8mb4_unicode_ci,
  `jatuh_tempo` smallint(6) DEFAULT NULL,
  `desa_id` int(10) unsigned NOT NULL,
  `created_at` timestamp NULL DEFAULT NULL,
  `updated_at` timestamp NULL DEFAULT NULL,
  `deleted_at` timestamp NULL DEFAULT NULL
) ENGINE=InnoDB DEFAULT CHARSET=utf8mb4 COLLATE=utf8mb4_unicode_ci;

--
-- Indexes for dumped tables
--

--
-- Indexes for table `desa`
--
ALTER TABLE `desa`
  ADD PRIMARY KEY (`id`), ADD KEY `desa_kecamatan_id_foreign` (`kecamatan_id`);

--
-- Indexes for table `item_ketetapan_pajak`
--
ALTER TABLE `item_ketetapan_pajak`
  ADD PRIMARY KEY (`id`), ADD KEY `item_ketetapan_pajak_ketetapan_pajak_id_foreign` (`ketetapan_pajak_id`);

--
-- Indexes for table `jenis_pajak`
--
ALTER TABLE `jenis_pajak`
  ADD PRIMARY KEY (`id`);

--
-- Indexes for table `kecamatan`
--
ALTER TABLE `kecamatan`
  ADD PRIMARY KEY (`id`);

--
-- Indexes for table `ketetapan_pajak`
--
ALTER TABLE `ketetapan_pajak`
  ADD PRIMARY KEY (`id`), ADD KEY `ketetapan_pajak_wajib_pajak_id_foreign` (`wajib_pajak_id`), ADD KEY `ketetapan_pajak_rekening_penerimaan_id_foreign` (`rekening_penerimaan_id`), ADD KEY `ketetapan_pajak_jenis_pajak_id_foreign` (`jenis_pajak_id`);

--
-- Indexes for table `migrations`
--
ALTER TABLE `migrations`
  ADD PRIMARY KEY (`id`);

--
-- Indexes for table `password_resets`
--
ALTER TABLE `password_resets`
  ADD KEY `password_resets_email_index` (`email`);

--
-- Indexes for table `pegawai`
--
ALTER TABLE `pegawai`
  ADD PRIMARY KEY (`id`), ADD KEY `pegawai_user_id_foreign` (`user_id`);

--
-- Indexes for table `rekening_penerimaan`
--
ALTER TABLE `rekening_penerimaan`
  ADD PRIMARY KEY (`id`);

--
-- Indexes for table `roles`
--
ALTER TABLE `roles`
  ADD PRIMARY KEY (`id`);

--
-- Indexes for table `standar_tarif`
--
ALTER TABLE `standar_tarif`
  ADD PRIMARY KEY (`id`), ADD KEY `standar_tarif_jenis_pajak_id_foreign` (`jenis_pajak_id`);

--
-- Indexes for table `users`
--
ALTER TABLE `users`
  ADD PRIMARY KEY (`id`), ADD UNIQUE KEY `users_email_unique` (`email`), ADD KEY `users_role_id_foreign` (`role_id`);

--
-- Indexes for table `wajib_pajak`
--
ALTER TABLE `wajib_pajak`
  ADD PRIMARY KEY (`id`), ADD KEY `wajib_pajak_desa_id_foreign` (`desa_id`);

--
-- AUTO_INCREMENT for dumped tables
--

--
-- AUTO_INCREMENT for table `desa`
--
ALTER TABLE `desa`
  MODIFY `id` int(10) unsigned NOT NULL AUTO_INCREMENT;
--
-- AUTO_INCREMENT for table `item_ketetapan_pajak`
--
ALTER TABLE `item_ketetapan_pajak`
  MODIFY `id` int(10) unsigned NOT NULL AUTO_INCREMENT;
--
-- AUTO_INCREMENT for table `jenis_pajak`
--
ALTER TABLE `jenis_pajak`
  MODIFY `id` int(10) unsigned NOT NULL AUTO_INCREMENT;
--
-- AUTO_INCREMENT for table `kecamatan`
--
ALTER TABLE `kecamatan`
  MODIFY `id` int(10) unsigned NOT NULL AUTO_INCREMENT;
--
-- AUTO_INCREMENT for table `ketetapan_pajak`
--
ALTER TABLE `ketetapan_pajak`
  MODIFY `id` int(10) unsigned NOT NULL AUTO_INCREMENT;
--
-- AUTO_INCREMENT for table `migrations`
--
ALTER TABLE `migrations`
  MODIFY `id` int(10) unsigned NOT NULL AUTO_INCREMENT,AUTO_INCREMENT=13;
--
-- AUTO_INCREMENT for table `pegawai`
--
ALTER TABLE `pegawai`
  MODIFY `id` int(10) unsigned NOT NULL AUTO_INCREMENT,AUTO_INCREMENT=4;
--
-- AUTO_INCREMENT for table `rekening_penerimaan`
--
ALTER TABLE `rekening_penerimaan`
  MODIFY `id` int(10) unsigned NOT NULL AUTO_INCREMENT,AUTO_INCREMENT=2;
--
-- AUTO_INCREMENT for table `roles`
--
ALTER TABLE `roles`
  MODIFY `id` int(10) unsigned NOT NULL AUTO_INCREMENT,AUTO_INCREMENT=6;
--
-- AUTO_INCREMENT for table `standar_tarif`
--
ALTER TABLE `standar_tarif`
  MODIFY `id` int(10) unsigned NOT NULL AUTO_INCREMENT;
--
-- AUTO_INCREMENT for table `users`
--
ALTER TABLE `users`
  MODIFY `id` int(10) unsigned NOT NULL AUTO_INCREMENT,AUTO_INCREMENT=7;
--
-- AUTO_INCREMENT for table `wajib_pajak`
--
ALTER TABLE `wajib_pajak`
  MODIFY `id` int(10) unsigned NOT NULL AUTO_INCREMENT;
--
-- Constraints for dumped tables
--

--
-- Constraints for table `desa`
--
ALTER TABLE `desa`
ADD CONSTRAINT `desa_kecamatan_id_foreign` FOREIGN KEY (`kecamatan_id`) REFERENCES `kecamatan` (`id`);

--
-- Constraints for table `item_ketetapan_pajak`
--
ALTER TABLE `item_ketetapan_pajak`
ADD CONSTRAINT `item_ketetapan_pajak_ketetapan_pajak_id_foreign` FOREIGN KEY (`ketetapan_pajak_id`) REFERENCES `ketetapan_pajak` (`id`);

--
-- Constraints for table `ketetapan_pajak`
--
ALTER TABLE `ketetapan_pajak`
ADD CONSTRAINT `ketetapan_pajak_jenis_pajak_id_foreign` FOREIGN KEY (`jenis_pajak_id`) REFERENCES `jenis_pajak` (`id`),
ADD CONSTRAINT `ketetapan_pajak_rekening_penerimaan_id_foreign` FOREIGN KEY (`rekening_penerimaan_id`) REFERENCES `rekening_penerimaan` (`id`),
ADD CONSTRAINT `ketetapan_pajak_wajib_pajak_id_foreign` FOREIGN KEY (`wajib_pajak_id`) REFERENCES `wajib_pajak` (`id`);

--
-- Constraints for table `pegawai`
--
ALTER TABLE `pegawai`
ADD CONSTRAINT `pegawai_user_id_foreign` FOREIGN KEY (`user_id`) REFERENCES `users` (`id`) ON DELETE CASCADE ON UPDATE CASCADE;

--
-- Constraints for table `standar_tarif`
--
ALTER TABLE `standar_tarif`
ADD CONSTRAINT `standar_tarif_jenis_pajak_id_foreign` FOREIGN KEY (`jenis_pajak_id`) REFERENCES `jenis_pajak` (`id`);

--
-- Constraints for table `users`
--
ALTER TABLE `users`
ADD CONSTRAINT `users_role_id_foreign` FOREIGN KEY (`role_id`) REFERENCES `roles` (`id`) ON DELETE CASCADE ON UPDATE CASCADE;

--
-- Constraints for table `wajib_pajak`
--
ALTER TABLE `wajib_pajak`
ADD CONSTRAINT `wajib_pajak_desa_id_foreign` FOREIGN KEY (`desa_id`) REFERENCES `desa` (`id`);
--
-- Database: `db_sipelas`
--

-- --------------------------------------------------------

--
-- Table structure for table `class`
--

CREATE TABLE IF NOT EXISTS `class` (
  `id` int(10) unsigned NOT NULL,
  `user_id` int(10) unsigned NOT NULL,
  `class` varchar(255) COLLATE utf8_unicode_ci NOT NULL,
  `created_at` timestamp NULL DEFAULT NULL,
  `updated_at` timestamp NULL DEFAULT NULL,
  `deleted_at` timestamp NULL DEFAULT NULL
) ENGINE=InnoDB AUTO_INCREMENT=10 DEFAULT CHARSET=utf8 COLLATE=utf8_unicode_ci;

--
-- Dumping data for table `class`
--

INSERT INTO `class` (`id`, `user_id`, `class`, `created_at`, `updated_at`, `deleted_at`) VALUES
(4, 1, 'X MM 1 PEMROGRAMAN DASAR', '2017-08-07 18:21:57', '2017-08-07 18:21:57', NULL),
(5, 1, 'XI MM 2 PEMROGRAMAN DASAR', '2017-08-07 18:39:53', '2017-08-07 18:39:53', NULL),
(6, 1, 'XI MM 1 PEMROGRAMAN DASAR', '2017-08-07 18:40:09', '2017-08-07 18:40:09', NULL),
(7, 1, 'X MM 2 PEMROGRAMAN DASAR', '2017-08-08 22:51:28', '2017-08-08 22:51:28', NULL),
(8, 1, 'X MM 1 SISTEM KOMPUTER', '2017-08-09 18:57:09', '2017-08-09 18:57:09', NULL),
(9, 1, 'X MM 2 SISTEM KOMPUTER', '2017-08-09 20:19:29', '2017-08-09 20:19:29', NULL);

-- --------------------------------------------------------

--
-- Table structure for table `migrations`
--

CREATE TABLE IF NOT EXISTS `migrations` (
  `id` int(10) unsigned NOT NULL,
  `migration` varchar(255) COLLATE utf8_unicode_ci NOT NULL,
  `batch` int(11) NOT NULL
) ENGINE=InnoDB AUTO_INCREMENT=8 DEFAULT CHARSET=utf8 COLLATE=utf8_unicode_ci;

--
-- Dumping data for table `migrations`
--

INSERT INTO `migrations` (`id`, `migration`, `batch`) VALUES
(1, '2014_10_12_000000_create_roles_table', 1),
(2, '2014_10_12_100000_create_users_table', 1),
(3, '2014_10_12_200000_create_password_resets_table', 1),
(6, '2017_07_28_071855_create_class_table', 2),
(7, '2017_07_28_071912_create_students_table', 2);

-- --------------------------------------------------------

--
-- Table structure for table `password_resets`
--

CREATE TABLE IF NOT EXISTS `password_resets` (
  `email` varchar(255) COLLATE utf8_unicode_ci NOT NULL,
  `token` varchar(255) COLLATE utf8_unicode_ci NOT NULL,
  `created_at` timestamp NULL DEFAULT NULL
) ENGINE=InnoDB DEFAULT CHARSET=utf8 COLLATE=utf8_unicode_ci;

-- --------------------------------------------------------

--
-- Table structure for table `roles`
--

CREATE TABLE IF NOT EXISTS `roles` (
  `id` int(10) unsigned NOT NULL,
  `role` varchar(255) COLLATE utf8_unicode_ci NOT NULL,
  `created_at` timestamp NULL DEFAULT NULL,
  `updated_at` timestamp NULL DEFAULT NULL
) ENGINE=InnoDB AUTO_INCREMENT=3 DEFAULT CHARSET=utf8 COLLATE=utf8_unicode_ci;

--
-- Dumping data for table `roles`
--

INSERT INTO `roles` (`id`, `role`, `created_at`, `updated_at`) VALUES
(1, 'admin', '2017-07-27 20:18:55', '2017-07-27 20:18:55'),
(2, 'operator', '2017-07-27 20:35:59', '2017-07-27 20:35:59');

-- --------------------------------------------------------

--
-- Table structure for table `students`
--

CREATE TABLE IF NOT EXISTS `students` (
  `id` int(10) unsigned NOT NULL,
  `class_id` int(10) unsigned NOT NULL,
  `student` varchar(255) COLLATE utf8_unicode_ci NOT NULL,
  `value` varchar(255) COLLATE utf8_unicode_ci NOT NULL,
  `created_at` timestamp NULL DEFAULT NULL,
  `updated_at` timestamp NULL DEFAULT NULL,
  `deleted_at` timestamp NULL DEFAULT NULL
) ENGINE=InnoDB AUTO_INCREMENT=217 DEFAULT CHARSET=utf8 COLLATE=utf8_unicode_ci;

--
-- Dumping data for table `students`
--

INSERT INTO `students` (`id`, `class_id`, `student`, `value`, `created_at`, `updated_at`, `deleted_at`) VALUES
(7, 4, 'AENI SAFITRI', '1', '2017-08-07 18:22:28', '2017-08-23 23:42:11', NULL),
(8, 4, 'ARIEL LINTANG MAULITA', '1', '2017-08-07 18:22:47', '2017-08-09 22:41:10', NULL),
(9, 4, 'AYU WIDIANINGSIH', '5', '2017-08-07 18:23:11', '2017-08-23 23:41:57', NULL),
(10, 4, 'AZARIA PUTRA ANDANA', '1', '2017-08-07 18:23:43', '2017-08-09 20:10:58', NULL),
(11, 4, 'DESINTA AMELIA SARI', '0', '2017-08-07 18:24:23', '2017-08-07 18:24:23', NULL),
(12, 4, 'DIAH YULVIRANIA', '2', '2017-08-07 18:24:47', '2017-08-09 22:25:49', NULL),
(13, 4, 'ERIKA CHAERUN NISA''', '2', '2017-08-07 18:25:11', '2017-08-23 23:38:23', NULL),
(14, 4, 'FAIZA ALFIANTI', '0', '2017-08-07 18:25:34', '2017-08-07 18:25:34', NULL),
(15, 4, 'FIRDAUSA VIA RAHMALIA', '2', '2017-08-07 18:26:01', '2017-08-23 23:42:23', NULL),
(16, 4, 'IKA WAHYU HANINGTYAS', '1', '2017-08-07 18:26:27', '2017-08-23 23:43:04', NULL),
(17, 4, 'INTAN PUSPITA QURULAIN', '2', '2017-08-07 18:26:49', '2017-08-23 23:42:43', NULL),
(18, 4, 'KHOIRI LAILI HALIMATUN WIDI', '1', '2017-08-07 18:27:14', '2017-08-09 22:32:22', NULL),
(19, 4, 'MAHARDIKA AGUSTIN', '0', '2017-08-07 18:27:37', '2017-08-07 18:27:37', NULL),
(20, 4, 'MAULIDA FADILLAH', '0', '2017-08-07 18:27:56', '2017-08-07 18:27:56', NULL),
(21, 4, 'MONICA WAHYU LATIFATUR ROHMAH', '2', '2017-08-07 18:28:22', '2017-08-23 23:42:56', NULL),
(22, 4, 'NABILA RIZQI MAHARDIKA', '4', '2017-08-07 18:28:41', '2017-08-23 23:42:04', NULL),
(23, 4, 'PUTRI RAHMAWATI', '2', '2017-08-07 18:28:57', '2017-08-23 23:41:50', NULL),
(24, 4, 'PUTRI WULAN NINGRUM', '0', '2017-08-07 18:29:15', '2017-08-07 18:29:15', NULL),
(25, 4, 'REIZA DWI KARUNIA', '2', '2017-08-07 18:29:36', '2017-08-23 23:38:15', NULL),
(26, 4, 'RIATUL KHUSNAH', '1', '2017-08-07 18:29:53', '2017-08-23 23:41:42', NULL),
(27, 4, 'RIZQI NAFATUL FATIMAH', '0', '2017-08-07 18:30:17', '2017-08-07 18:30:17', NULL),
(29, 4, 'ROSY SETYA ROSYLAWATI', '0', '2017-08-07 18:31:11', '2017-08-07 18:31:11', NULL),
(30, 4, 'RUSMAYA SARAH MARIFAH', '1', '2017-08-07 18:31:32', '2017-08-23 23:40:08', NULL),
(31, 4, 'SEPTYA PUTRI PRATIWI', '1', '2017-08-07 18:31:57', '2017-08-23 23:39:04', NULL),
(32, 4, 'SILVIANA DINA AYU ASTUTIK', '3', '2017-08-07 18:32:17', '2017-08-23 23:38:00', NULL),
(33, 4, 'SILVIANI LESTARI', '3', '2017-08-07 18:32:32', '2017-08-23 23:37:54', NULL),
(34, 4, 'SISKA ROHMAWATI', '2', '2017-08-07 18:32:44', '2017-08-23 23:38:07', NULL),
(35, 4, 'TSANIA ULYATUN NISA''', '1', '2017-08-07 18:33:03', '2017-08-09 20:11:47', NULL),
(36, 4, 'ULYA SOFI HARYATI', '1', '2017-08-07 18:33:39', '2017-08-09 20:11:59', NULL),
(37, 4, 'VIRA UMRINATUNNISA', '0', '2017-08-07 18:36:25', '2017-08-07 18:36:25', NULL),
(38, 4, 'WIWIK PUPUT SETIYANI', '1', '2017-08-07 18:37:18', '2017-08-23 23:40:15', NULL),
(39, 4, 'ZHAFIRA FITRI NADA', '0', '2017-08-07 18:38:13', '2017-08-07 18:38:13', NULL),
(41, 6, 'AJENG CAHYANINGRUM', '0', '2017-08-07 18:41:21', '2017-08-07 18:41:21', NULL),
(42, 6, 'ALDIVA RAHMA SAFITRI', '0', '2017-08-07 18:41:52', '2017-08-07 18:41:52', NULL),
(44, 6, 'ANGGUN PANGESTU WULANDARI', '0', '2017-08-07 18:42:38', '2017-08-07 18:42:38', NULL),
(45, 6, 'BEAUTY ZUNIAR FILDZA HAMZAH', '1', '2017-08-07 18:43:58', '2017-08-08 00:23:48', NULL),
(46, 6, 'BETTA LUZIANA', '1', '2017-08-07 18:44:21', '2017-08-21 23:08:53', NULL),
(47, 6, 'DESI RISKIANI', '0', '2017-08-07 18:44:50', '2017-08-07 18:44:50', NULL),
(48, 6, 'DEWI NOFITASARI', '1', '2017-08-07 18:45:18', '2017-08-08 00:21:36', NULL),
(49, 6, 'EISHA IRNADIANIS', '0', '2017-08-07 18:45:45', '2017-08-07 18:45:45', NULL),
(50, 6, 'FADIA AGNESSIS RAMADANI', '0', '2017-08-07 18:46:19', '2017-08-07 18:46:19', NULL),
(51, 6, 'ADE FITRINA', '0', '2017-08-07 18:47:52', '2017-08-07 18:47:52', NULL),
(52, 6, 'AMILATUS SA''ADAH', '0', '2017-08-07 18:48:18', '2017-08-07 18:48:18', NULL),
(53, 6, 'IFA DANIS TOFIA', '0', '2017-08-07 18:48:52', '2017-08-07 18:48:52', NULL),
(54, 6, 'IFADLOTUSSY ARIFAH', '0', '2017-08-07 18:49:17', '2017-08-07 18:49:17', NULL),
(55, 6, 'IHDA ALFENA', '1', '2017-08-07 18:49:43', '2017-08-08 00:24:39', NULL),
(56, 6, 'IIN ISTIANA', '0', '2017-08-07 18:50:02', '2017-08-07 18:50:02', NULL),
(57, 6, 'IMA DWI PRIHATINI', '0', '2017-08-07 18:50:34', '2017-08-07 18:50:34', NULL),
(58, 6, 'M SAIFULLAH AL ASKARIY', '0', '2017-08-07 18:51:02', '2017-08-07 18:51:02', NULL),
(59, 6, 'M.MIFTAKHUL ULUM', '0', '2017-08-07 18:51:28', '2017-08-07 18:51:28', NULL),
(60, 6, 'MASULA DEWI PRATIWI', '0', '2017-08-07 18:51:54', '2017-08-07 18:51:54', NULL),
(61, 6, 'MIFNA TRI OKTAVIANI', '0', '2017-08-07 18:52:42', '2017-08-07 18:52:42', NULL),
(62, 6, 'NANIK NUR HASANAH', '0', '2017-08-07 18:53:05', '2017-08-07 18:53:05', NULL),
(63, 6, 'NASRULLAH', '0', '2017-08-07 18:53:22', '2017-08-07 18:53:22', NULL),
(64, 6, 'OKTI RIA HARINI', '1', '2017-08-07 18:53:40', '2017-08-22 00:11:20', NULL),
(65, 6, 'PUJI ASTUTI', '1', '2017-08-07 18:53:58', '2017-08-22 00:10:30', NULL),
(66, 6, 'RAMADHANI PUTRI UTAMI', '0', '2017-08-07 18:54:38', '2017-08-07 18:54:38', NULL),
(67, 6, 'RICHA DIAN NUR RAHMA', '0', '2017-08-07 18:55:05', '2017-08-07 18:55:05', NULL),
(68, 6, 'SABILA EKA PUTRI', '1', '2017-08-07 18:55:24', '2017-08-22 00:12:03', NULL),
(69, 6, 'SANILLA PRAMESWARI', '0', '2017-08-07 18:56:52', '2017-08-07 18:56:52', NULL),
(70, 6, 'SAFINA ULUL AZMI ARDHIFA', '0', '2017-08-07 18:57:24', '2017-08-07 18:57:24', NULL),
(71, 6, 'SALSABILA MUTIARA MA''ARUF', '0', '2017-08-07 18:57:50', '2017-08-07 18:57:50', NULL),
(72, 6, 'SELVY ANGGUN FIRENSA', '0', '2017-08-07 18:58:18', '2017-08-07 18:58:18', NULL),
(73, 6, 'TEATRIKA FAJAR MARHAEN C.P', '1', '2017-08-07 18:58:53', '2017-08-22 00:11:05', NULL),
(74, 6, 'YUYUN HIDAYATUL AZIZAH', '1', '2017-08-07 18:59:17', '2017-08-22 00:11:32', NULL),
(76, 6, 'ZAHRO ANIS SOLEKHA', '0', '2017-08-07 19:00:21', '2017-08-07 19:00:21', NULL),
(77, 6, 'MAULIDA HIDAYATUNNISA', '0', '2017-08-07 19:03:42', '2017-08-07 19:03:42', NULL),
(78, 7, 'ANISA FATIA MIRANTI', '2', '2017-08-08 22:51:56', '2017-08-23 00:43:46', NULL),
(79, 7, 'ANITA FATMAWATI', '0', '2017-08-08 22:52:22', '2017-08-08 22:52:22', NULL),
(80, 7, 'BELQISS SALSABELLA CHOIRUNNISA', '0', '2017-08-08 22:53:00', '2017-08-23 00:44:30', NULL),
(81, 7, 'EKA INA RAHMAWATI', '1', '2017-08-08 22:53:29', '2017-08-22 23:58:58', NULL),
(82, 7, 'FANI ROMA SARI', '0', '2017-08-08 22:53:49', '2017-08-08 22:53:49', NULL),
(83, 7, 'FATIR ZURAIDA FASIKHAH', '1', '2017-08-08 22:55:17', '2017-08-09 00:01:29', NULL),
(84, 7, 'FIRDHAUSA SHAFA MAULINA', '2', '2017-08-08 22:55:47', '2017-08-23 00:42:33', NULL),
(85, 7, 'HILDA AULA RIZQIANA', '0', '2017-08-08 22:56:23', '2017-08-08 22:56:23', NULL),
(86, 7, 'INA DWI ANDRIANI', '2', '2017-08-08 22:57:15', '2017-08-23 00:44:40', NULL),
(87, 7, 'INDILLAH ACHSANIA', '4', '2017-08-08 22:57:35', '2017-08-23 00:44:12', NULL),
(88, 7, 'INTAN RETNO RAHASTI', '2', '2017-08-08 22:57:57', '2017-08-22 23:58:34', NULL),
(89, 7, 'KHOTIMATUL KHUSNA', '0', '2017-08-08 22:58:17', '2017-08-08 22:58:17', NULL),
(90, 7, 'KIKI AMANDA', '0', '2017-08-08 22:58:43', '2017-08-08 22:58:43', NULL),
(91, 7, 'LAILATUL QOMARIYAH', '1', '2017-08-08 22:59:12', '2017-08-23 00:43:55', NULL),
(92, 7, 'LINA ALFA KHOIRINA', '1', '2017-08-08 22:59:34', '2017-08-22 23:59:08', NULL),
(93, 7, 'MILA NUR KHASANAH', '1', '2017-08-08 22:59:56', '2017-08-30 01:07:24', NULL),
(94, 7, 'MUHAMMAD ADAM MAHDA RUSLY', '2', '2017-08-08 23:00:22', '2017-08-23 00:45:09', NULL),
(95, 7, 'MUHAMMAD LUCKY FAARIS MEDIARTHA', '2', '2017-08-08 23:04:44', '2017-08-23 00:45:16', NULL),
(96, 7, 'NADYA PUTRI PRAYANKA', '3', '2017-08-08 23:05:17', '2017-08-23 00:45:01', NULL),
(98, 7, 'NURIL IHZA NUR SYAFIYAH', '0', '2017-08-08 23:06:09', '2017-08-08 23:06:09', NULL),
(99, 7, 'NURUL WAKHIDAH', '1', '2017-08-08 23:06:35', '2017-08-23 00:42:43', NULL),
(100, 7, 'RICO KURNIAWAN', '5', '2017-08-08 23:06:55', '2017-08-23 00:44:47', NULL),
(101, 7, 'ROVANVIERA ARVINDA FEBRIANSYAH', '2', '2017-08-08 23:07:26', '2017-08-09 01:13:06', NULL),
(103, 7, 'SITI AISYAH', '0', '2017-08-08 23:08:11', '2017-08-08 23:08:11', NULL),
(104, 7, 'SITI NUR WAHYUNI', '1', '2017-08-08 23:08:30', '2017-08-22 23:59:23', NULL),
(105, 7, 'SOFA FITRIA NOOR', '0', '2017-08-08 23:09:55', '2017-08-08 23:09:55', NULL),
(107, 7, 'TUTIK NUR HAYATI', '0', '2017-08-08 23:10:47', '2017-08-08 23:10:47', NULL),
(108, 7, 'WULAN MAULIDA', '0', '2017-08-08 23:11:06', '2017-08-08 23:11:06', NULL),
(109, 7, 'YUNITA RAHMAWATI', '0', '2017-08-08 23:11:43', '2017-08-08 23:11:43', NULL),
(110, 7, 'NIKMATUL FADHILAH', '0', '2017-08-08 23:14:49', '2017-08-08 23:14:49', NULL),
(111, 7, 'SEKAR KINASIH GADIS JAWA', '1', '2017-08-08 23:15:15', '2017-08-22 23:58:44', NULL),
(112, 7, 'TRIYANA MUSTAFRICHAH', '0', '2017-08-08 23:21:46', '2017-08-08 23:21:46', NULL),
(113, 8, 'AENI SAFITRI', '0', '2017-08-09 18:57:50', '2017-08-09 18:57:50', NULL),
(114, 8, 'ARIEL LINTANG MAULITA', '1', '2017-08-09 18:58:17', '2017-08-09 20:08:46', NULL),
(115, 8, 'AYU WIDIANINGSIH', '1', '2017-08-09 18:58:35', '2017-08-23 19:49:50', NULL),
(116, 8, 'AZARIA PUTRA ANDANA', '0', '2017-08-09 18:58:51', '2017-08-09 18:58:51', NULL),
(117, 8, 'DESINTA AMELIA SARI', '0', '2017-08-09 19:00:39', '2017-08-09 19:00:39', NULL),
(118, 8, 'DIAH YULVIRANIA', '1', '2017-08-09 19:01:08', '2017-08-23 19:50:24', NULL),
(119, 8, 'ERIKA CHAERUN NISA''', '1', '2017-08-09 19:01:40', '2017-08-23 19:50:32', NULL),
(120, 8, 'FAIZA ALFIANTI', '1', '2017-08-09 19:01:56', '2017-08-09 20:07:46', NULL),
(121, 8, 'FIRDAUSA VIA RAHMALIA', '1', '2017-08-09 19:03:25', '2017-08-23 19:50:14', NULL),
(122, 8, 'IKA WAHYU HANINGTYAS', '1', '2017-08-09 19:03:58', '2017-08-09 19:53:36', NULL),
(123, 8, 'INTAN PUSPITA QURULAIN', '1', '2017-08-09 19:04:43', '2017-08-09 20:08:31', NULL),
(124, 8, 'KHOIRI LAILI HALIMATUN WIDI', '0', '2017-08-09 19:05:02', '2017-08-09 19:05:02', NULL),
(125, 8, 'KHOIRI LAILI HALIMATUN WIDI', '0', '2017-08-09 19:05:59', '2017-08-09 19:05:59', NULL),
(126, 8, 'MAHARDIKA AGUSTIN', '1', '2017-08-09 19:06:30', '2017-08-23 20:24:15', NULL),
(127, 8, 'MAULIDA FADILLAH', '0', '2017-08-09 19:09:22', '2017-08-09 19:09:22', NULL),
(129, 8, 'NABILA RIZQI MAHARDIKA', '1', '2017-08-09 19:11:25', '2017-08-23 19:50:03', NULL),
(130, 8, 'PUTRI RAHMAWATI', '0', '2017-08-09 19:13:14', '2017-08-09 19:13:14', NULL),
(131, 8, 'PUTRI WULAN NINGRUM', '1', '2017-08-09 19:13:46', '2017-08-23 20:24:00', NULL),
(133, 8, 'REIZA DWI KARUNIA', '2', '2017-08-09 19:15:09', '2017-08-09 20:09:44', NULL),
(134, 8, 'RIATUL KHUSNAH', '1', '2017-08-09 19:15:31', '2017-08-23 20:02:31', NULL),
(135, 8, 'RIZQI NAFATUL FATIMAH', '1', '2017-08-09 19:16:32', '2017-08-23 20:23:47', NULL),
(136, 8, 'ROSY SETYA ROSILAWATI', '0', '2017-08-09 19:18:16', '2017-08-09 19:18:16', NULL),
(137, 8, 'RUSMAYA SARAH MARIFAH', '0', '2017-08-09 19:18:30', '2017-08-09 19:18:30', NULL),
(140, 8, 'SEPTYA PUTRI PRATIWI', '1', '2017-08-09 19:19:06', '2017-08-23 20:03:00', NULL),
(141, 8, 'SILVIANA DINA AYU ASTUTIK', '0', '2017-08-09 19:19:19', '2017-08-09 19:19:19', NULL),
(142, 8, 'SILVIANI LESTARI', '0', '2017-08-09 19:19:35', '2017-08-09 19:19:35', NULL),
(143, 8, 'SISKA ROHMAWATI', '0', '2017-08-09 19:19:49', '2017-08-09 19:19:49', NULL),
(144, 8, 'TSANIA ULYATUN NISA''', '0', '2017-08-09 19:20:02', '2017-08-09 19:20:02', NULL),
(145, 8, 'ULYA SOFI HARYATI', '1', '2017-08-09 19:20:17', '2017-08-09 19:44:05', NULL),
(146, 8, 'VIRA UMRINATUNNISA', '0', '2017-08-09 19:20:30', '2017-08-09 19:20:30', NULL),
(147, 8, 'WIWIK PUPUT SETIYANI', '0', '2017-08-09 19:20:40', '2017-08-09 19:20:40', NULL),
(148, 8, 'ZHAFIRA FITRI NADA', '1', '2017-08-09 19:20:57', '2017-08-09 20:08:39', NULL),
(149, 8, 'MONICA WAHYU LATIFATUR ROHMAH', '0', '2017-08-09 19:31:21', '2017-08-09 19:31:21', NULL),
(150, 9, 'ANISA FATIA MIRANTI', '0', '2017-08-09 20:20:06', '2017-08-09 20:20:06', NULL),
(151, 9, 'ANITA FATMAWATI', '1', '2017-08-09 20:20:23', '2017-08-24 01:16:42', NULL),
(152, 9, 'BELQISS SALSABELLA CHOIRUNNISA', '0', '2017-08-09 20:22:03', '2017-08-09 20:22:03', NULL),
(153, 9, 'EKA INA RAHMAWATI', '0', '2017-08-09 20:22:27', '2017-08-09 20:22:27', NULL),
(154, 9, 'FANI ROMA SARI', '1', '2017-08-09 20:22:44', '2017-08-24 01:15:30', NULL),
(155, 9, 'FATIR ZURAIDA FASIKHAH', '0', '2017-08-09 20:23:06', '2017-08-09 20:23:06', NULL),
(156, 9, 'FIRDHAUSA SHAFA MAULINA', '2', '2017-08-09 20:23:32', '2017-08-24 01:19:46', NULL),
(157, 9, 'HILDA AULA RIZQIANA', '0', '2017-08-09 20:24:07', '2017-08-09 20:24:07', NULL),
(158, 9, 'INA DWI ANDRIANI', '1', '2017-08-09 20:24:23', '2017-08-24 01:16:34', NULL),
(159, 9, 'INDILLAH ACHSANIA', '1', '2017-08-09 20:24:41', '2017-08-24 01:14:47', NULL),
(160, 9, 'INTAN RETNO RAHASTI', '0', '2017-08-09 20:25:41', '2017-08-09 20:25:41', NULL),
(161, 9, 'KHOTIMATUL KHUSNA', '0', '2017-08-09 20:25:59', '2017-08-09 20:25:59', NULL),
(162, 9, 'KIKI AMANDA', '0', '2017-08-09 20:26:13', '2017-08-09 20:26:13', NULL),
(163, 9, 'LAILATUL QOMARIYAH', '0', '2017-08-09 20:27:02', '2017-08-09 20:27:02', NULL),
(164, 9, 'LINA ALFA KHOIRINA', '0', '2017-08-09 20:28:49', '2017-08-09 20:28:49', NULL),
(165, 9, 'MILA NUR KHASANAH', '0', '2017-08-09 20:29:13', '2017-08-09 20:29:13', NULL),
(166, 9, 'MUHAMMAD ADAM MAHDA RUSLY', '2', '2017-08-09 20:29:29', '2017-08-24 01:15:09', NULL),
(167, 9, 'MUHAMMAD LUCKY FAARIS MEDIARTHA', '2', '2017-08-09 20:29:43', '2017-08-24 01:15:03', NULL),
(168, 9, 'NADYA PUTRI PRAYANKA', '0', '2017-08-09 20:30:00', '2017-08-09 20:30:00', NULL),
(169, 9, 'NIKMATUL FADHILAH', '0', '2017-08-09 20:30:17', '2017-08-09 20:30:17', NULL),
(170, 9, 'NURIL IHZA NUR SYAFIYAH', '1', '2017-08-09 20:30:36', '2017-08-24 01:15:51', NULL),
(171, 9, 'NURUL WAKHIDAH', '0', '2017-08-09 20:32:22', '2017-08-09 20:32:22', NULL),
(172, 9, 'RICO KURNIAWAN', '1', '2017-08-09 20:32:37', '2017-08-24 01:14:53', NULL),
(173, 9, 'ROVANVIERA ARVINDA FEBRIANSYAH', '0', '2017-08-09 20:32:53', '2017-08-09 20:32:53', NULL),
(174, 9, 'SEKAR KINASIH GADIS JAWA', '0', '2017-08-09 20:33:12', '2017-08-09 20:33:12', NULL),
(175, 9, 'SITI AISYAH', '0', '2017-08-09 20:33:30', '2017-08-09 20:33:30', NULL),
(176, 9, 'SITI NUR WAHYUNI', '0', '2017-08-09 20:33:47', '2017-08-09 20:33:47', NULL),
(177, 9, 'SOFA FITRIA NOOR', '0', '2017-08-09 20:34:10', '2017-08-09 20:34:10', NULL),
(178, 9, 'TRIYANA MUSTAFRICHAH', '0', '2017-08-09 20:34:25', '2017-08-09 20:34:25', NULL),
(179, 9, 'TUTIK NUR HAYATI', '0', '2017-08-09 20:34:41', '2017-08-09 20:34:41', NULL),
(180, 9, 'WULAN MAULIDA', '0', '2017-08-09 20:35:02', '2017-08-09 20:35:02', NULL),
(181, 9, 'YUNITA RAHMAWATI', '0', '2017-08-09 20:35:17', '2017-08-09 20:35:17', NULL),
(182, 5, 'AQNA AFIDATIN ZAQIAH', '0', '2017-08-20 21:54:24', '2017-08-20 21:54:24', NULL),
(183, 5, 'ARISTA MEILANI', '0', '2017-08-20 21:54:38', '2017-08-20 21:54:38', NULL),
(184, 5, 'AWALUL HIDAYATUN NISA', '1', '2017-08-20 21:55:02', '2017-08-20 22:05:46', NULL),
(185, 5, 'BETTY INA SAFAYA', '0', '2017-08-20 21:55:22', '2017-08-20 21:55:22', NULL),
(186, 5, 'DIAN WULANDARI', '1', '2017-08-20 21:55:44', '2017-08-20 22:04:51', NULL),
(187, 5, 'DIMAS SATRIA DERMAWAN', '1', '2017-08-20 21:55:58', '2017-08-20 22:05:29', NULL),
(188, 5, 'DINDA AGUSTINA', '1', '2017-08-20 21:56:16', '2017-08-20 22:04:58', NULL),
(189, 5, 'ERRIKA SAPUTRI', '0', '2017-08-20 21:56:29', '2017-08-20 21:56:29', NULL),
(190, 5, 'FHARU YUSRIL MUHAMAD', '0', '2017-08-20 21:56:49', '2017-08-20 21:56:49', NULL),
(191, 5, 'INDAH WIWIK FITRIANI', '0', '2017-08-20 21:57:04', '2017-08-20 21:57:04', NULL),
(192, 5, 'INDARWATI', '0', '2017-08-20 21:57:19', '2017-08-20 21:57:19', NULL),
(193, 5, 'ISNA SALSABIELA', '1', '2017-08-20 21:57:37', '2017-08-20 22:05:53', NULL),
(194, 5, 'IVANKA AULIA INDRA SYAHPUTRA', '0', '2017-08-20 21:57:54', '2017-08-20 21:57:54', NULL),
(195, 5, 'IZZATUN NADA', '1', '2017-08-20 21:58:07', '2017-08-20 22:05:20', NULL),
(196, 5, 'MUHAMMAD FAIZ ARIYAN', '0', '2017-08-20 21:58:23', '2017-08-20 21:58:23', NULL),
(197, 5, 'MUHAMMAD ILHAM INDA SALASIN', '0', '2017-08-20 21:58:40', '2017-08-20 21:58:40', NULL),
(198, 5, 'MUHAMMAD NURFI KARIM', '0', '2017-08-20 21:58:56', '2017-08-20 21:58:56', NULL),
(199, 5, 'MULIYANIS PANGESTU', '0', '2017-08-20 21:59:14', '2017-08-20 21:59:14', NULL),
(200, 5, 'MULIYATI', '1', '2017-08-20 21:59:27', '2017-08-20 22:06:07', NULL),
(201, 5, 'MUTIARA HELWINA NUR IZZATI', '0', '2017-08-20 21:59:43', '2017-08-20 21:59:43', NULL),
(202, 5, 'NILA AGUSTINA', '0', '2017-08-20 22:00:07', '2017-08-20 22:00:07', NULL),
(203, 5, 'NOVA NUR AROFAH', '0', '2017-08-20 22:00:23', '2017-08-20 22:00:23', NULL),
(204, 5, 'NUR AFIYANI', '0', '2017-08-20 22:00:36', '2017-08-20 22:00:36', NULL),
(205, 5, 'PUPUT FITRIANI', '0', '2017-08-20 22:00:50', '2017-08-20 22:00:50', NULL),
(206, 5, 'PUTRI AMANDA', '1', '2017-08-20 22:01:00', '2017-08-20 22:05:38', NULL),
(207, 5, 'RINI LIDYAWATI', '0', '2017-08-20 22:01:18', '2017-08-20 22:01:18', NULL),
(208, 5, 'RISMAWATI MASITOH', '0', '2017-08-20 22:01:33', '2017-08-20 22:01:33', NULL),
(209, 5, 'SITI MEGA ASTUTI', '1', '2017-08-20 22:01:47', '2017-08-20 22:05:06', NULL),
(210, 5, 'SITI MUNAWAROH', '1', '2017-08-20 22:02:11', '2017-08-20 22:04:42', NULL),
(211, 5, 'SITI NUR KHOLIFAH', '0', '2017-08-20 22:02:24', '2017-08-20 22:02:24', NULL),
(212, 5, 'SITI NUR SOLEKHA', '0', '2017-08-20 22:02:39', '2017-08-20 22:02:39', NULL),
(213, 5, 'SITI NURFATIKA INDRIANI', '0', '2017-08-20 22:02:53', '2017-08-20 22:02:53', NULL),
(214, 5, 'SUSMITHA', '1', '2017-08-20 22:03:06', '2017-08-20 22:06:14', NULL),
(215, 5, 'VINA ADELIA ATMARIANI', '1', '2017-08-20 22:03:24', '2017-08-20 22:04:34', NULL),
(216, 5, 'ZUNIAR TRI WINDA', '0', '2017-08-20 22:03:36', '2017-08-20 22:03:36', NULL);

-- --------------------------------------------------------

--
-- Table structure for table `users`
--

CREATE TABLE IF NOT EXISTS `users` (
  `id` int(10) unsigned NOT NULL,
  `role_id` int(10) unsigned NOT NULL,
  `name` varchar(255) COLLATE utf8_unicode_ci NOT NULL,
  `email` varchar(255) COLLATE utf8_unicode_ci NOT NULL,
  `password` varchar(255) COLLATE utf8_unicode_ci NOT NULL,
  `remember_token` varchar(100) COLLATE utf8_unicode_ci DEFAULT NULL,
  `created_at` timestamp NULL DEFAULT NULL,
  `updated_at` timestamp NULL DEFAULT NULL
) ENGINE=InnoDB AUTO_INCREMENT=4 DEFAULT CHARSET=utf8 COLLATE=utf8_unicode_ci;

--
-- Dumping data for table `users`
--

INSERT INTO `users` (`id`, `role_id`, `name`, `email`, `password`, `remember_token`, `created_at`, `updated_at`) VALUES
(1, 2, 'Zulham', 'asegaf@ymail.com', '$2y$10$.BYYXgOBaJhco4GGrL5hVece6inIAQthwqDHE2y8XPxEgO0bsp7nu', 'zvaYPFzAthYARD71xZPfUr9L2HlMsno0tE7PkKUnDm1ZdZvge23Ab0EDvGYu', '2017-07-27 20:27:25', '2017-07-27 20:27:25'),
(2, 2, 'Hesti', 'hesti@gmail.com', '$2y$10$OnE8mOSX2MrxUsq13B.Is.3qVsmSikAXY7jH7dfdCoTc5yY8bmDN.', NULL, '2017-08-07 18:15:37', '2017-08-07 18:15:37'),
(3, 2, 'Riri', 'riri@gmail.com', '$2y$10$Z1JscTMCNgb.UfHDVMIif.diw8LerBxYPnE0K0654nAGUBMNN7Y2C', NULL, '2017-08-07 18:17:19', '2017-08-07 18:17:19');

--
-- Indexes for dumped tables
--

--
-- Indexes for table `class`
--
ALTER TABLE `class`
  ADD PRIMARY KEY (`id`), ADD KEY `class_user_id_foreign` (`user_id`);

--
-- Indexes for table `migrations`
--
ALTER TABLE `migrations`
  ADD PRIMARY KEY (`id`);

--
-- Indexes for table `password_resets`
--
ALTER TABLE `password_resets`
  ADD KEY `password_resets_email_index` (`email`);

--
-- Indexes for table `roles`
--
ALTER TABLE `roles`
  ADD PRIMARY KEY (`id`);

--
-- Indexes for table `students`
--
ALTER TABLE `students`
  ADD PRIMARY KEY (`id`), ADD KEY `students_class_id_foreign` (`class_id`);

--
-- Indexes for table `users`
--
ALTER TABLE `users`
  ADD PRIMARY KEY (`id`), ADD UNIQUE KEY `users_email_unique` (`email`), ADD KEY `users_role_id_foreign` (`role_id`);

--
-- AUTO_INCREMENT for dumped tables
--

--
-- AUTO_INCREMENT for table `class`
--
ALTER TABLE `class`
  MODIFY `id` int(10) unsigned NOT NULL AUTO_INCREMENT,AUTO_INCREMENT=10;
--
-- AUTO_INCREMENT for table `migrations`
--
ALTER TABLE `migrations`
  MODIFY `id` int(10) unsigned NOT NULL AUTO_INCREMENT,AUTO_INCREMENT=8;
--
-- AUTO_INCREMENT for table `roles`
--
ALTER TABLE `roles`
  MODIFY `id` int(10) unsigned NOT NULL AUTO_INCREMENT,AUTO_INCREMENT=3;
--
-- AUTO_INCREMENT for table `students`
--
ALTER TABLE `students`
  MODIFY `id` int(10) unsigned NOT NULL AUTO_INCREMENT,AUTO_INCREMENT=217;
--
-- AUTO_INCREMENT for table `users`
--
ALTER TABLE `users`
  MODIFY `id` int(10) unsigned NOT NULL AUTO_INCREMENT,AUTO_INCREMENT=4;
--
-- Constraints for dumped tables
--

--
-- Constraints for table `class`
--
ALTER TABLE `class`
ADD CONSTRAINT `class_user_id_foreign` FOREIGN KEY (`user_id`) REFERENCES `users` (`id`) ON DELETE CASCADE ON UPDATE CASCADE;

--
-- Constraints for table `students`
--
ALTER TABLE `students`
ADD CONSTRAINT `students_class_id_foreign` FOREIGN KEY (`class_id`) REFERENCES `class` (`id`) ON DELETE CASCADE ON UPDATE CASCADE;

--
-- Constraints for table `users`
--
ALTER TABLE `users`
ADD CONSTRAINT `users_role_id_foreign` FOREIGN KEY (`role_id`) REFERENCES `roles` (`id`) ON DELETE CASCADE ON UPDATE CASCADE;
--
-- Database: `db_uc`
--

-- --------------------------------------------------------

--
-- Table structure for table `antiques`
--

CREATE TABLE IF NOT EXISTS `antiques` (
  `id` int(10) unsigned NOT NULL,
  `name` varchar(255) COLLATE utf8_unicode_ci NOT NULL,
  `description` text COLLATE utf8_unicode_ci NOT NULL,
  `selling_price` bigint(20) NOT NULL,
  `status` varchar(255) COLLATE utf8_unicode_ci NOT NULL,
  `photo` varchar(255) COLLATE utf8_unicode_ci NOT NULL,
  `created_at` timestamp NULL DEFAULT NULL,
  `updated_at` timestamp NULL DEFAULT NULL,
  `deleted_at` timestamp NULL DEFAULT NULL
) ENGINE=InnoDB DEFAULT CHARSET=utf8 COLLATE=utf8_unicode_ci;

-- --------------------------------------------------------

--
-- Table structure for table `desserts`
--

CREATE TABLE IF NOT EXISTS `desserts` (
  `id` int(10) unsigned NOT NULL,
  `user_id` int(10) unsigned NOT NULL,
  `name` varchar(255) COLLATE utf8_unicode_ci NOT NULL,
  `description` text COLLATE utf8_unicode_ci NOT NULL,
  `ingredient` text COLLATE utf8_unicode_ci NOT NULL,
  `cost` bigint(20) NOT NULL,
  `selling_price` bigint(20) NOT NULL,
  `photo` varchar(255) COLLATE utf8_unicode_ci NOT NULL,
  `created_at` timestamp NULL DEFAULT NULL,
  `updated_at` timestamp NULL DEFAULT NULL
) ENGINE=InnoDB DEFAULT CHARSET=utf8 COLLATE=utf8_unicode_ci;

-- --------------------------------------------------------

--
-- Table structure for table `drinks`
--

CREATE TABLE IF NOT EXISTS `drinks` (
  `id` int(10) unsigned NOT NULL,
  `user_id` int(10) unsigned NOT NULL,
  `name` varchar(255) COLLATE utf8_unicode_ci NOT NULL,
  `description` text COLLATE utf8_unicode_ci NOT NULL,
  `cost` bigint(20) NOT NULL,
  `selling_price` bigint(20) NOT NULL,
  `photo` varchar(255) COLLATE utf8_unicode_ci NOT NULL,
  `created_at` timestamp NULL DEFAULT NULL,
  `updated_at` timestamp NULL DEFAULT NULL,
  `deleted_at` timestamp NULL DEFAULT NULL
) ENGINE=InnoDB DEFAULT CHARSET=utf8 COLLATE=utf8_unicode_ci;

-- --------------------------------------------------------

--
-- Table structure for table `events`
--

CREATE TABLE IF NOT EXISTS `events` (
  `id` int(10) unsigned NOT NULL,
  `user_id` int(10) unsigned NOT NULL,
  `title` varchar(255) COLLATE utf8_unicode_ci NOT NULL,
  `description` text COLLATE utf8_unicode_ci NOT NULL,
  `created_at` timestamp NULL DEFAULT NULL,
  `updated_at` timestamp NULL DEFAULT NULL,
  `deleted_at` timestamp NULL DEFAULT NULL
) ENGINE=InnoDB DEFAULT CHARSET=utf8 COLLATE=utf8_unicode_ci;

-- --------------------------------------------------------

--
-- Table structure for table `foods`
--

CREATE TABLE IF NOT EXISTS `foods` (
  `id` int(10) unsigned NOT NULL,
  `user_id` int(10) unsigned NOT NULL,
  `name` varchar(255) COLLATE utf8_unicode_ci NOT NULL,
  `description` text COLLATE utf8_unicode_ci NOT NULL,
  `ingredient` text COLLATE utf8_unicode_ci NOT NULL,
  `cost` bigint(20) NOT NULL,
  `selling_price` bigint(20) NOT NULL,
  `photo` varchar(255) COLLATE utf8_unicode_ci NOT NULL,
  `created_at` timestamp NULL DEFAULT NULL,
  `updated_at` timestamp NULL DEFAULT NULL,
  `deleted_at` timestamp NULL DEFAULT NULL
) ENGINE=InnoDB DEFAULT CHARSET=utf8 COLLATE=utf8_unicode_ci;

-- --------------------------------------------------------

--
-- Table structure for table `gallery`
--

CREATE TABLE IF NOT EXISTS `gallery` (
  `id` int(10) unsigned NOT NULL,
  `user_id` int(10) unsigned NOT NULL,
  `title` varchar(255) COLLATE utf8_unicode_ci NOT NULL,
  `description` text COLLATE utf8_unicode_ci NOT NULL,
  `photo` varchar(255) COLLATE utf8_unicode_ci NOT NULL,
  `created_at` timestamp NULL DEFAULT NULL,
  `updated_at` timestamp NULL DEFAULT NULL
) ENGINE=InnoDB DEFAULT CHARSET=utf8 COLLATE=utf8_unicode_ci;

-- --------------------------------------------------------

--
-- Table structure for table `layouts`
--

CREATE TABLE IF NOT EXISTS `layouts` (
  `id` int(10) unsigned NOT NULL,
  `model` varchar(255) COLLATE utf8_unicode_ci NOT NULL,
  `item` varchar(255) COLLATE utf8_unicode_ci NOT NULL,
  `content` text COLLATE utf8_unicode_ci NOT NULL,
  `price` varchar(255) COLLATE utf8_unicode_ci DEFAULT NULL,
  `place` varchar(255) COLLATE utf8_unicode_ci DEFAULT NULL,
  `date` varchar(255) COLLATE utf8_unicode_ci DEFAULT NULL,
  `photo` varchar(255) COLLATE utf8_unicode_ci DEFAULT NULL,
  `created_at` timestamp NULL DEFAULT NULL,
  `updated_at` timestamp NULL DEFAULT NULL
) ENGINE=InnoDB DEFAULT CHARSET=utf8 COLLATE=utf8_unicode_ci;

-- --------------------------------------------------------

--
-- Table structure for table `migrations`
--

CREATE TABLE IF NOT EXISTS `migrations` (
  `id` int(10) unsigned NOT NULL,
  `migration` varchar(255) COLLATE utf8_unicode_ci NOT NULL,
  `batch` int(11) NOT NULL
) ENGINE=InnoDB AUTO_INCREMENT=118 DEFAULT CHARSET=utf8 COLLATE=utf8_unicode_ci;

--
-- Dumping data for table `migrations`
--

INSERT INTO `migrations` (`id`, `migration`, `batch`) VALUES
(105, '2014_10_12_000000_create_roles_table', 1),
(106, '2014_10_12_100000_create_users_table', 1),
(107, '2014_10_12_200000_create_password_resets_table', 1),
(108, '2017_06_27_065122_create_foods_table', 1),
(109, '2017_06_27_065738_create_drinks_table', 1),
(110, '2017_06_27_124058_create_news_table', 1),
(111, '2017_06_27_124606_create_events_table', 1),
(112, '2017_06_27_124732_create_reports_table', 1),
(113, '2017_06_27_125205_create_desserts_table', 1),
(114, '2017_06_27_125511_create_gallery_table', 1),
(115, '2017_07_07_123915_create_layout_table', 1),
(116, '2017_07_07_124716_create_antique_table', 1),
(117, '2017_07_07_125448_create_order_table', 1);

-- --------------------------------------------------------

--
-- Table structure for table `news`
--

CREATE TABLE IF NOT EXISTS `news` (
  `id` int(10) unsigned NOT NULL,
  `user_id` int(10) unsigned NOT NULL,
  `title` varchar(255) COLLATE utf8_unicode_ci NOT NULL,
  `description` text COLLATE utf8_unicode_ci NOT NULL,
  `created_at` timestamp NULL DEFAULT NULL,
  `updated_at` timestamp NULL DEFAULT NULL,
  `deleted_at` timestamp NULL DEFAULT NULL
) ENGINE=InnoDB DEFAULT CHARSET=utf8 COLLATE=utf8_unicode_ci;

-- --------------------------------------------------------

--
-- Table structure for table `orders`
--

CREATE TABLE IF NOT EXISTS `orders` (
  `id` int(10) unsigned NOT NULL,
  `user_id` int(10) unsigned NOT NULL,
  `food_id` int(10) unsigned NOT NULL,
  `food_order` varchar(255) COLLATE utf8_unicode_ci NOT NULL,
  `drink_id` int(10) unsigned NOT NULL,
  `drink_order` varchar(255) COLLATE utf8_unicode_ci NOT NULL,
  `dessert_id` int(10) unsigned NOT NULL,
  `dessert_order` varchar(255) COLLATE utf8_unicode_ci NOT NULL,
  `created_at` timestamp NULL DEFAULT NULL,
  `updated_at` timestamp NULL DEFAULT NULL,
  `deleted_at` timestamp NULL DEFAULT NULL
) ENGINE=InnoDB DEFAULT CHARSET=utf8 COLLATE=utf8_unicode_ci;

-- --------------------------------------------------------

--
-- Table structure for table `password_resets`
--

CREATE TABLE IF NOT EXISTS `password_resets` (
  `email` varchar(255) COLLATE utf8_unicode_ci NOT NULL,
  `token` varchar(255) COLLATE utf8_unicode_ci NOT NULL,
  `created_at` timestamp NULL DEFAULT NULL
) ENGINE=InnoDB DEFAULT CHARSET=utf8 COLLATE=utf8_unicode_ci;

-- --------------------------------------------------------

--
-- Table structure for table `reports`
--

CREATE TABLE IF NOT EXISTS `reports` (
  `id` int(10) unsigned NOT NULL,
  `user_id` int(10) unsigned NOT NULL,
  `food_id` int(10) unsigned NOT NULL,
  `drink_id` int(10) unsigned NOT NULL,
  `created_at` timestamp NULL DEFAULT NULL,
  `updated_at` timestamp NULL DEFAULT NULL,
  `deleted_at` timestamp NULL DEFAULT NULL
) ENGINE=InnoDB DEFAULT CHARSET=utf8 COLLATE=utf8_unicode_ci;

-- --------------------------------------------------------

--
-- Table structure for table `roles`
--

CREATE TABLE IF NOT EXISTS `roles` (
  `id` int(10) unsigned NOT NULL,
  `role` varchar(255) COLLATE utf8_unicode_ci NOT NULL,
  `created_at` timestamp NULL DEFAULT NULL,
  `updated_at` timestamp NULL DEFAULT NULL,
  `deleted_at` timestamp NULL DEFAULT NULL
) ENGINE=InnoDB AUTO_INCREMENT=2 DEFAULT CHARSET=utf8 COLLATE=utf8_unicode_ci;

--
-- Dumping data for table `roles`
--

INSERT INTO `roles` (`id`, `role`, `created_at`, `updated_at`, `deleted_at`) VALUES
(1, 'admin', '2017-09-29 02:00:48', '2017-09-29 02:00:48', NULL);

-- --------------------------------------------------------

--
-- Table structure for table `users`
--

CREATE TABLE IF NOT EXISTS `users` (
  `id` int(10) unsigned NOT NULL,
  `role_id` int(10) unsigned NOT NULL,
  `name` varchar(255) COLLATE utf8_unicode_ci NOT NULL,
  `email` varchar(255) COLLATE utf8_unicode_ci NOT NULL,
  `password` varchar(255) COLLATE utf8_unicode_ci NOT NULL,
  `photo` varchar(255) COLLATE utf8_unicode_ci NOT NULL DEFAULT 'profile/john_doe.jpeg',
  `remember_token` varchar(100) COLLATE utf8_unicode_ci DEFAULT NULL,
  `created_at` timestamp NULL DEFAULT NULL,
  `updated_at` timestamp NULL DEFAULT NULL
) ENGINE=InnoDB AUTO_INCREMENT=2 DEFAULT CHARSET=utf8 COLLATE=utf8_unicode_ci;

--
-- Dumping data for table `users`
--

INSERT INTO `users` (`id`, `role_id`, `name`, `email`, `password`, `photo`, `remember_token`, `created_at`, `updated_at`) VALUES
(1, 1, 'Ida Bagus Eka Suryana', 'eka@gmail.com', '$2y$10$H7wzqWvKYyiXRiFYEu.ZB.nb6wGRKXfZ/fVo9mkQZKWoZrVlC19oS', 'profile/qng1wEqaodMBP8h1NpQDA3NqF1icMvdORqPQKol8.jpeg', 'aql1VwhD8i5U9Bxbe6bEdD2LhCZfelqo04QghlTfMOUJARqWLe9NIxqIu0sP', '2017-09-29 02:00:48', '2017-09-29 03:29:40');

--
-- Indexes for dumped tables
--

--
-- Indexes for table `antiques`
--
ALTER TABLE `antiques`
  ADD PRIMARY KEY (`id`);

--
-- Indexes for table `desserts`
--
ALTER TABLE `desserts`
  ADD PRIMARY KEY (`id`), ADD KEY `desserts_user_id_foreign` (`user_id`);

--
-- Indexes for table `drinks`
--
ALTER TABLE `drinks`
  ADD PRIMARY KEY (`id`), ADD KEY `drinks_user_id_foreign` (`user_id`);

--
-- Indexes for table `events`
--
ALTER TABLE `events`
  ADD PRIMARY KEY (`id`), ADD KEY `events_user_id_foreign` (`user_id`);

--
-- Indexes for table `foods`
--
ALTER TABLE `foods`
  ADD PRIMARY KEY (`id`), ADD KEY `foods_user_id_foreign` (`user_id`);

--
-- Indexes for table `gallery`
--
ALTER TABLE `gallery`
  ADD PRIMARY KEY (`id`), ADD KEY `gallery_user_id_foreign` (`user_id`);

--
-- Indexes for table `layouts`
--
ALTER TABLE `layouts`
  ADD PRIMARY KEY (`id`);

--
-- Indexes for table `migrations`
--
ALTER TABLE `migrations`
  ADD PRIMARY KEY (`id`);

--
-- Indexes for table `news`
--
ALTER TABLE `news`
  ADD PRIMARY KEY (`id`), ADD KEY `news_user_id_foreign` (`user_id`);

--
-- Indexes for table `orders`
--
ALTER TABLE `orders`
  ADD PRIMARY KEY (`id`), ADD KEY `orders_user_id_foreign` (`user_id`), ADD KEY `orders_food_id_foreign` (`food_id`), ADD KEY `orders_drink_id_foreign` (`drink_id`), ADD KEY `orders_dessert_id_foreign` (`dessert_id`);

--
-- Indexes for table `password_resets`
--
ALTER TABLE `password_resets`
  ADD KEY `password_resets_email_index` (`email`);

--
-- Indexes for table `reports`
--
ALTER TABLE `reports`
  ADD PRIMARY KEY (`id`), ADD KEY `reports_user_id_foreign` (`user_id`), ADD KEY `reports_food_id_foreign` (`food_id`), ADD KEY `reports_drink_id_foreign` (`drink_id`);

--
-- Indexes for table `roles`
--
ALTER TABLE `roles`
  ADD PRIMARY KEY (`id`);

--
-- Indexes for table `users`
--
ALTER TABLE `users`
  ADD PRIMARY KEY (`id`), ADD UNIQUE KEY `users_email_unique` (`email`), ADD KEY `users_role_id_foreign` (`role_id`);

--
-- AUTO_INCREMENT for dumped tables
--

--
-- AUTO_INCREMENT for table `antiques`
--
ALTER TABLE `antiques`
  MODIFY `id` int(10) unsigned NOT NULL AUTO_INCREMENT;
--
-- AUTO_INCREMENT for table `desserts`
--
ALTER TABLE `desserts`
  MODIFY `id` int(10) unsigned NOT NULL AUTO_INCREMENT;
--
-- AUTO_INCREMENT for table `drinks`
--
ALTER TABLE `drinks`
  MODIFY `id` int(10) unsigned NOT NULL AUTO_INCREMENT;
--
-- AUTO_INCREMENT for table `events`
--
ALTER TABLE `events`
  MODIFY `id` int(10) unsigned NOT NULL AUTO_INCREMENT;
--
-- AUTO_INCREMENT for table `foods`
--
ALTER TABLE `foods`
  MODIFY `id` int(10) unsigned NOT NULL AUTO_INCREMENT;
--
-- AUTO_INCREMENT for table `gallery`
--
ALTER TABLE `gallery`
  MODIFY `id` int(10) unsigned NOT NULL AUTO_INCREMENT;
--
-- AUTO_INCREMENT for table `layouts`
--
ALTER TABLE `layouts`
  MODIFY `id` int(10) unsigned NOT NULL AUTO_INCREMENT;
--
-- AUTO_INCREMENT for table `migrations`
--
ALTER TABLE `migrations`
  MODIFY `id` int(10) unsigned NOT NULL AUTO_INCREMENT,AUTO_INCREMENT=118;
--
-- AUTO_INCREMENT for table `news`
--
ALTER TABLE `news`
  MODIFY `id` int(10) unsigned NOT NULL AUTO_INCREMENT;
--
-- AUTO_INCREMENT for table `orders`
--
ALTER TABLE `orders`
  MODIFY `id` int(10) unsigned NOT NULL AUTO_INCREMENT;
--
-- AUTO_INCREMENT for table `reports`
--
ALTER TABLE `reports`
  MODIFY `id` int(10) unsigned NOT NULL AUTO_INCREMENT;
--
-- AUTO_INCREMENT for table `roles`
--
ALTER TABLE `roles`
  MODIFY `id` int(10) unsigned NOT NULL AUTO_INCREMENT,AUTO_INCREMENT=2;
--
-- AUTO_INCREMENT for table `users`
--
ALTER TABLE `users`
  MODIFY `id` int(10) unsigned NOT NULL AUTO_INCREMENT,AUTO_INCREMENT=2;
--
-- Constraints for dumped tables
--

--
-- Constraints for table `desserts`
--
ALTER TABLE `desserts`
ADD CONSTRAINT `desserts_user_id_foreign` FOREIGN KEY (`user_id`) REFERENCES `users` (`id`) ON DELETE CASCADE ON UPDATE CASCADE;

--
-- Constraints for table `drinks`
--
ALTER TABLE `drinks`
ADD CONSTRAINT `drinks_user_id_foreign` FOREIGN KEY (`user_id`) REFERENCES `users` (`id`) ON DELETE CASCADE ON UPDATE CASCADE;

--
-- Constraints for table `events`
--
ALTER TABLE `events`
ADD CONSTRAINT `events_user_id_foreign` FOREIGN KEY (`user_id`) REFERENCES `users` (`id`) ON DELETE CASCADE ON UPDATE CASCADE;

--
-- Constraints for table `foods`
--
ALTER TABLE `foods`
ADD CONSTRAINT `foods_user_id_foreign` FOREIGN KEY (`user_id`) REFERENCES `users` (`id`) ON DELETE CASCADE ON UPDATE CASCADE;

--
-- Constraints for table `gallery`
--
ALTER TABLE `gallery`
ADD CONSTRAINT `gallery_user_id_foreign` FOREIGN KEY (`user_id`) REFERENCES `users` (`id`) ON DELETE CASCADE ON UPDATE CASCADE;

--
-- Constraints for table `news`
--
ALTER TABLE `news`
ADD CONSTRAINT `news_user_id_foreign` FOREIGN KEY (`user_id`) REFERENCES `users` (`id`) ON DELETE CASCADE ON UPDATE CASCADE;

--
-- Constraints for table `orders`
--
ALTER TABLE `orders`
ADD CONSTRAINT `orders_dessert_id_foreign` FOREIGN KEY (`dessert_id`) REFERENCES `desserts` (`id`) ON DELETE CASCADE ON UPDATE CASCADE,
ADD CONSTRAINT `orders_drink_id_foreign` FOREIGN KEY (`drink_id`) REFERENCES `drinks` (`id`) ON DELETE CASCADE ON UPDATE CASCADE,
ADD CONSTRAINT `orders_food_id_foreign` FOREIGN KEY (`food_id`) REFERENCES `foods` (`id`) ON UPDATE CASCADE,
ADD CONSTRAINT `orders_user_id_foreign` FOREIGN KEY (`user_id`) REFERENCES `users` (`id`) ON DELETE CASCADE ON UPDATE CASCADE;

--
-- Constraints for table `reports`
--
ALTER TABLE `reports`
ADD CONSTRAINT `reports_drink_id_foreign` FOREIGN KEY (`drink_id`) REFERENCES `drinks` (`id`) ON DELETE CASCADE ON UPDATE CASCADE,
ADD CONSTRAINT `reports_food_id_foreign` FOREIGN KEY (`food_id`) REFERENCES `foods` (`id`) ON DELETE CASCADE ON UPDATE CASCADE,
ADD CONSTRAINT `reports_user_id_foreign` FOREIGN KEY (`user_id`) REFERENCES `users` (`id`) ON DELETE CASCADE ON UPDATE CASCADE;

--
-- Constraints for table `users`
--
ALTER TABLE `users`
ADD CONSTRAINT `users_role_id_foreign` FOREIGN KEY (`role_id`) REFERENCES `roles` (`id`) ON DELETE CASCADE ON UPDATE CASCADE;
--
-- Database: `db_user`
--

-- --------------------------------------------------------

--
-- Table structure for table `tbl_user`
--

CREATE TABLE IF NOT EXISTS `tbl_user` (
  `username` varchar(128) DEFAULT NULL,
  `password` varchar(128) DEFAULT NULL,
  `email` varchar(30) DEFAULT NULL,
  `fakultas` varchar(20) DEFAULT NULL,
  `cp` int(20) DEFAULT NULL,
  `sex` varchar(20) DEFAULT NULL
) ENGINE=InnoDB DEFAULT CHARSET=latin1;

--
-- Dumping data for table `tbl_user`
--

INSERT INTO `tbl_user` (`username`, `password`, `email`, `fakultas`, `cp`, `sex`) VALUES
('admin', 'admin', NULL, NULL, NULL, NULL);
--
-- Database: `dbnaikjabatan`
--

-- --------------------------------------------------------

--
-- Table structure for table `admins`
--

CREATE TABLE IF NOT EXISTS `admins` (
  `username` varchar(50) COLLATE latin1_general_ci NOT NULL,
  `password` varchar(50) COLLATE latin1_general_ci NOT NULL,
  `nama_lengkap` varchar(100) COLLATE latin1_general_ci NOT NULL,
  `email` varchar(100) COLLATE latin1_general_ci NOT NULL,
  `no_telp` varchar(20) COLLATE latin1_general_ci NOT NULL,
  `level` varchar(20) COLLATE latin1_general_ci NOT NULL DEFAULT 'user',
  `blokir` enum('Y','N') COLLATE latin1_general_ci NOT NULL DEFAULT 'N'
) ENGINE=MyISAM DEFAULT CHARSET=latin1 COLLATE=latin1_general_ci;

--
-- Dumping data for table `admins`
--

INSERT INTO `admins` (`username`, `password`, `nama_lengkap`, `email`, `no_telp`, `level`, `blokir`) VALUES
('admin', '21232f297a57a5a743894a0e4a801fc3', 'Administrator', 'redaksi@bukulokomedia.com', '08238923848', 'admin', 'N');

-- --------------------------------------------------------

--
-- Table structure for table `kandidat`
--

CREATE TABLE IF NOT EXISTS `kandidat` (
  `nip` varchar(12) DEFAULT NULL,
  `user_id` varchar(5) DEFAULT NULL,
  `nama` varchar(25) DEFAULT NULL
) ENGINE=MyISAM DEFAULT CHARSET=latin1;

--
-- Dumping data for table `kandidat`
--

INSERT INTO `kandidat` (`nip`, `user_id`, `nama`) VALUES
('101130', '002', 'Abdul Kadir'),
('101129', '002', 'Abdul Rahman'),
('101132', '002', 'Tika Putri'),
('101129', '', 'Abdul Rahman'),
('101130', '', 'Abdul Kadir'),
('101129', '', 'Abdul Rahman');

-- --------------------------------------------------------

--
-- Table structure for table `karyawan`
--

CREATE TABLE IF NOT EXISTS `karyawan` (
  `nip` int(12) NOT NULL,
  `nama` varchar(30) DEFAULT NULL,
  `jabatan` varchar(30) DEFAULT NULL,
  `alamat` varchar(30) DEFAULT NULL,
  `email` varchar(30) DEFAULT NULL,
  `telpon` varchar(12) DEFAULT NULL
) ENGINE=MyISAM AUTO_INCREMENT=101134 DEFAULT CHARSET=latin1;

--
-- Dumping data for table `karyawan`
--

INSERT INTO `karyawan` (`nip`, `nama`, `jabatan`, `alamat`, `email`, `telpon`) VALUES
(101129, 'Abdul Rahman', 'Kepala Staff', 'Jl.Pangeran Antasari ', 'abdul.rahman@gmail.com', '098987656566'),
(101130, 'Abdul Kadir', 'Wakil Staff', 'Jl.RA Kartini no 102 ', 'abdul.kadir@yahoo.com', '897675675656'),
(101131, 'Prayogo Sudianto', 'Mandor Lapangan', 'Jl.Hayam Wuruk no 90 ', 'prayogo.1978@gmail.com', '786786786788'),
(101132, 'Tika Putri', 'Skretaris', 'Jl.Jambu no 50', 'tika.cantikdeh@yahoo.com', '987786768788');

-- --------------------------------------------------------

--
-- Table structure for table `matrik`
--

CREATE TABLE IF NOT EXISTS `matrik` (
  `id_matrik` varchar(10) NOT NULL DEFAULT '',
  `user_id` varchar(5) DEFAULT NULL,
  `matrik_value` varchar(10) DEFAULT NULL,
  `jenis` varchar(20) DEFAULT NULL
) ENGINE=MyISAM DEFAULT CHARSET=latin1;

--
-- Dumping data for table `matrik`
--

INSERT INTO `matrik` (`id_matrik`, `user_id`, `matrik_value`, `jenis`) VALUES
('0', '002', '0.20991286', 'kriteria'),
('1', '002', '0.23276445', 'kriteria'),
('2', '002', '0.26233240', 'kriteria'),
('3', '002', '0.29499027', 'kriteria'),
('4', '', '0.73680823', 'alternatif'),
('5', '', '0.21653796', 'alternatif'),
('6', '', '0.04665379', 'alternatif'),
('7', '', '0.74152149', 'alternatif'),
('8', '', '0.20563363', 'alternatif'),
('9', '', '0.05284487', 'alternatif'),
('10', '', '0.70576496', 'alternatif'),
('11', '', '0.21590293', 'alternatif');

-- --------------------------------------------------------

--
-- Table structure for table `modul`
--

CREATE TABLE IF NOT EXISTS `modul` (
  `id_modul` int(5) NOT NULL,
  `nama_modul` varchar(50) COLLATE latin1_general_ci NOT NULL,
  `link` varchar(100) COLLATE latin1_general_ci NOT NULL,
  `static_content` text COLLATE latin1_general_ci NOT NULL,
  `gambar` varchar(100) COLLATE latin1_general_ci NOT NULL,
  `status` enum('user','admin') COLLATE latin1_general_ci NOT NULL,
  `aktif` enum('Y','N') COLLATE latin1_general_ci NOT NULL,
  `urutan` int(5) NOT NULL
) ENGINE=MyISAM AUTO_INCREMENT=56 DEFAULT CHARSET=latin1 COLLATE=latin1_general_ci;

--
-- Dumping data for table `modul`
--

INSERT INTO `modul` (`id_modul`, `nama_modul`, `link`, `static_content`, `gambar`, `status`, `aktif`, `urutan`) VALUES
(18, 'Daftar Mobil', '?module=mobil', '', '', 'admin', 'Y', 4),
(42, 'Matrik', '?module=matrik', '', '', 'admin', 'Y', 5),
(10, 'Manajemen Modul', '?module=modul', '', '', 'admin', 'Y', 2),
(31, 'Kandidat', '?module=kandidat', '', '', 'admin', 'Y', 3),
(48, 'User', '?module=user', '', '', 'user', 'Y', 6),
(49, 'Ganti Password', '?module=password', '', '', 'user', 'Y', 1);

-- --------------------------------------------------------

--
-- Table structure for table `users`
--

CREATE TABLE IF NOT EXISTS `users` (
  `no` int(4) NOT NULL,
  `user_id` varchar(5) DEFAULT NULL,
  `username` varchar(25) DEFAULT NULL,
  `password` varchar(25) DEFAULT NULL
) ENGINE=MyISAM AUTO_INCREMENT=6 DEFAULT CHARSET=latin1;

--
-- Dumping data for table `users`
--

INSERT INTO `users` (`no`, `user_id`, `username`, `password`) VALUES
(4, '002', 'user1', 'user1'),
(5, '003', 'user2', 'user2');

--
-- Indexes for dumped tables
--

--
-- Indexes for table `admins`
--
ALTER TABLE `admins`
  ADD PRIMARY KEY (`username`);

--
-- Indexes for table `karyawan`
--
ALTER TABLE `karyawan`
  ADD PRIMARY KEY (`nip`);

--
-- Indexes for table `matrik`
--
ALTER TABLE `matrik`
  ADD PRIMARY KEY (`id_matrik`);

--
-- Indexes for table `modul`
--
ALTER TABLE `modul`
  ADD PRIMARY KEY (`id_modul`);

--
-- Indexes for table `users`
--
ALTER TABLE `users`
  ADD PRIMARY KEY (`no`);

--
-- AUTO_INCREMENT for dumped tables
--

--
-- AUTO_INCREMENT for table `karyawan`
--
ALTER TABLE `karyawan`
  MODIFY `nip` int(12) NOT NULL AUTO_INCREMENT,AUTO_INCREMENT=101134;
--
-- AUTO_INCREMENT for table `modul`
--
ALTER TABLE `modul`
  MODIFY `id_modul` int(5) NOT NULL AUTO_INCREMENT,AUTO_INCREMENT=56;
--
-- AUTO_INCREMENT for table `users`
--
ALTER TABLE `users`
  MODIFY `no` int(4) NOT NULL AUTO_INCREMENT,AUTO_INCREMENT=6;--
-- Database: `enerc`
--

-- --------------------------------------------------------

--
-- Table structure for table `blog`
--

CREATE TABLE IF NOT EXISTS `blog` (
  `id_blog` int(11) NOT NULL,
  `title` varchar(120) NOT NULL,
  `content` text
) ENGINE=InnoDB AUTO_INCREMENT=14 DEFAULT CHARSET=latin1;

--
-- Dumping data for table `blog`
--

INSERT INTO `blog` (`id_blog`, `title`, `content`) VALUES
(1, 'Cara Mudah Bermain Pokemon dengan PC', 'Pokemon Go merupakan suatu yang muncul di tahun tahun ini dan termasuk games android yang sangat popular di seluruh negara terutama di indonesia games pokemon go ini sangat di minati oleh warna negara kita tersendiri , banyak yang memainkan game ini dari mulai anak-anak, remaja, laki laki, perempuan, maupun orang dewasa kini sedang di gandrumi oleh semua kalangan , mungkin mengembalikan kenangan masa masa saat bermain game saat itu dan ingin mersakannya kembali sekarang.\r\n\r\nDi dalam permainan Pokemon Go ini anda bertugas untuk mencari pokemon di sekitar anda dengan bantuan GPS untuk mencarinya di sekitar daerah anda tidak hanya sekedar bermain saja tetapi anda bisa sekalian  olah raga juga untuk mencari pokemon tetapi sayangnya bagi anda yang tidak bisa memainkannya di Smartphone kesayangan anda dikarenakan permainan ini tidak mendukung dengan Smartphone anda jadinya anda harus menggunakan Laptop atau Komputer untuk memainnkannya, Oleh sebab itu saya akan memberitahukan kepada anda bagaimana cara bermain pokemon go di laptop atau komputer anda, jangan kawatir bagi anda pengguna laptop atau komputer yang tidak bisa membawanya untuk pergi mencari pokemon saya ada solusinya juga ko tenang anda tidak perlu repot pergih jauh untuk mencari pokemon, anda hanya berdiam di depan layar bisa berpergian dengan bantuan aplikasi GPS di PC anda. - See more at: http://sumber-akuka.blogspot.com/2016/07/Bagaimana.Cara.Bermain.Pokemon.Go.Di.PC.Terbaru.html#sthash.YhHcXl2f.dpuf'),
(2, 'Cara Bermain Game PPSSPP di PC dan Android ', '\r\nHome / Info PPSSPP / Cara Bermain Game PPSSPP di PC dan Android\r\nCara Bermain Game PPSSPP di PC dan Android\r\nVocaloid Tangerang 9 months ago Info PPSSPP\r\n\r\nHallo gan, ketemu lagi dengan saya, kali ini saya akan membagikan tutorial bagaimana cara memainkan game psp di pc atau android,berikut tahap-tahap dalam memainkan game psp di pc atau di android :\r\n\r\nBahan-bahan yang di butuhkan untuk pc:\r\n> Emulator PPSSPP\r\n> Graphic Driver\r\n> Microsoft Visual C++ Redistributable 2013\r\n> Iso Game PSP\r\n\r\nBahan-bahan yang di butuhkan untuk android:\r\n> Emulator PPSSPP\r\n> Iso Game PSP\r\n\r\nDownload Link :\r\n\r\n\r\n\r\nTahap-tahap untuk pc :\r\n1. Download dan extract emulator ppsspp kedalam pc kalian\r\n2. Buka folder emulator ppsspp,lalu buka "ppsspp.exe"\r\n3. Extract game psp apabila game tersebut masih berbentuk rar hingga game berformat iso\r\ntutorial :\r\n\r\n4. Kemudian jalankan game iso tersebut menggunakan emulator ppsspp kalian,dan selesai.\r\n\r\nTahap-tahap untuk android :\r\n1. Download dan instal emulator ppsspp apk kedalam android kalian\r\n2. Buka emulator ppsspp di android\r\n3. Extract game psp apabila game tersebut masih berbentuk rar hingga game berformat iso\r\ntutorial :\r\n\r\n\r\n4. Kemudian jalankan game iso tersebut menggunakan emulator ppsspp kalian,dan selesai.\r\n\r\nSekian tutorial bagaimana cara bermain game ppsspp di pc dan adnroid kalian, semoga info yang saya berikan bermanfaat untuk kalian semua,bila ada sesuatu yang ingin kalian tanyakan silahkan berkomentar,terimakasih.\r\n'),
(3, 'Mod Texture Naruto Shippuden : Ultimate Ninja Impact [NSUNI] PPSSPP ', 'Hallo gan, ketemu lagi dengan saya, kali ini saya akan memberikan beberapa mod texture yang bisa kalian gunakan untuk game Naruto Shippuden : Ultimate Ninja Impact, Berikut Beberapa mod :\r\n\r\nWatch All Texture Mod In My Youtube Channel'),
(10, 'CARA MENGAKTIFKAN HIBERNATE PADA WINDOWS 8', ' Salam hangat untuk sobat blogger semua. Untuk postingan kali ini, saya akan mencoba membahas tentang cara menampilkan hibernate pada windows 8. Kebanyakan dari kita yang baru menggunakan windows 8 mungkin akan sedikit merasa adanya perbedaan dari versi sebelumnya (windows 7), khususnya ketika menekan icon power pada windows tersebut.\r\n\r\nDalam windows 7 pada icon power ada berbagai macam pilihan seperti restart, shutdown, sleep, hibernate dll. sedang untuk windows 8 hanya ada 3 opsi saja yaitu shutdown, hibernate dan sleep. oleh karena itu untuk melangkapi kekurangannya saya akan membahas tentang cara untuk mengaktikan hibernate.\r\nCara menampilkan hibernate pada windows 8\r\n\r\n    Pastikan laptop sobat sudah dalam keadaan On\r\n    Arahkan cursor pada icon baterai yang ada pojok bawah sebelah kanan selanjutnya klik kanan pada icon baterai lalu pilih Power Options\r\n    Kemudian akan muncul halaman power options lalu klik Require a password on wake-up \r\n    Selanjutnya klik tulisan Change settings that are currently unavailable untuk mengaktivkan kotak centangan dibawah seperti pada gambar\r\n    Lalu centang tulisan Hibernate kemudian klik save changes\r\n\r\nSekarang hibernate pada windows 8 anda sudah aktif sekarang tinggal anda cek pada icon power di laptop sobat, itulah tadi cara menampilkan hibernate pada windows 8. jangan lupa tinggalkan komentar dibawah ini ya... :)'),
(12, 'Ela', 'Cantik Cantik Cantik Cantik Cantik Cantik Cantik Cantik Cantik Cantik Cantik Cantik Cantik Cantik Cantik Cantik Cantik Cantik Cantik Cantik Cantik Cantik Cantik Cantik Cantik Cantik Cantik Cantik Cantik Cantik Cantik Cantik Cantik Cantik Cantik Cantik Cantik Cantik Cantik Cantik Cantik Cantik Cantik Cantik Cantik Cantik Cantik Cantik Cantik Cantik Cantik Cantik Cantik Cantik Cantik Cantik Cantik Cantik Cantik Cantik Cantik Cantik Cantik Cantik Cantik Cantik Cantik Cantik Cantik Cantik Cantik Cantik Cantik Cantik Cantik Cantik Cantik Cantik Cantik Cantik Cantik Cantik Cantik Cantik Cantik Cantik Cantik Cantik Cantik Cantik Cantik Cantik Cantik Cantik Cantik Cantik Cantik Cantik Cantik Cantik Cantik Cantik Cantik Cantik Cantik Cantik Cantik Cantik Cantik Cantik Cantik Cantik Cantik Cantik Cantik Cantik Cantik Cantik Cantik Cantik Cantik Cantik Cantik Cantik Cantik Cantik Cantik Cantik Cantik Cantik Cantik Cantik Cantik Cantik Cantik Cantik Cantik Cantik Cantik Cantik Cantik Cantik Cantik Cantik Cantik Cantik Cantik Cantik Cantik Cantik Cantik Cantik Cantik Cantik Cantik Cantik Cantik Cantik Cantik Cantik Cantik Cantik Cantik Cantik Cantik Cantik Cantik Cantik Cantik Cantik Cantik Cantik Cantik Cantik Cantik Cantik Cantik Cantik Cantik Cantik Cantik Cantik Cantik Cantik Cantik Cantik Cantik Cantik Cantik Cantik Cantik Cantik Cantik Cantik Cantik Cantik Cantik Cantik Cantik Cantik Cantik Cantik Cantik Cantik Cantik Cantik Cantik Cantik Cantik Cantik Cantik Cantik Cantik Cantik Cantik Cantik Cantik Cantik Cantik Cantik Cantik Cantik Cantik Cantik Cantik Cantik Cantik Cantik Cantik Cantik Cantik Cantik Cantik Cantik Cantik Cantik Cantik Cantik Cantik Cantik Cantik Cantik Cantik Cantik Cantik Cantik Cantik Cantik Cantik Cantik Cantik Cantik Cantik Cantik Cantik Cantik Cantik Cantik Cantik Cantik Cantik Cantik Cantik Cantik Cantik Cantik Cantik Cantik Cantik Cantik Cantik Cantik Cantik Cantik Cantik Cantik Cantik Cantik Cantik Cantik Cantik Cantik Cantik Cantik Cantik Cantik Cantik Cantik Cantik Cantik Cantik Cantik Cantik Cantik Cantik Cantik Cantik Cantik Cantik Cantik Cantik Cantik Cantik Cantik Cantik Cantik Cantik Cantik Cantik Cantik Cantik Cantik Cantik Cantik Cantik Cantik Cantik Cantik Cantik Cantik Cantik Cantik Cantik Cantik Cantik Cantik Cantik Cantik Cantik Cantik Cantik Cantik Cantik Cantik Cantik Cantik Cantik Cantik Cantik Cantik Cantik Cantik Cantik Cantik Cantik Cantik Cantik Cantik Cantik Cantik Cantik Cantik Cantik Cantik Cantik Cantik Cantik Cantik Cantik Cantik Cantik Cantik Cantik Cantik Cantik Cantik Cantik Cantik Cantik Cantik Cantik Cantik Cantik Cantik Cantik Cantik Cantik Cantik Cantik Cantik Cantik Cantik Cantik Cantik Cantik Cantik Cantik Cantik Cantik Cantik Cantik Cantik Cantik Cantik Cantik Cantik Cantik Cantik Cantik Cantik Cantik Cantik Cantik Cantik Cantik Cantik Cantik Cantik Cantik Cantik Cantik Cantik Cantik Cantik Cantik Cantik Cantik Cantik Cantik Cantik Cantik Cantik Cantik Cantik Cantik Cantik Cantik Cantik Cantik Cantik Cantik Cantik Cantik Cantik Cantik Cantik Cantik Cantik Cantik Cantik Cantik Cantik Cantik Cantik Cantik Cantik Cantik Cantik Cantik Cantik Cantik Cantik Cantik Cantik Cantik Cantik Cantik Cantik Cantik Cantik Cantik Cantik Cantik Cantik Cantik Cantik Cantik Cantik Cantik Cantik Cantik Cantik Cantik Cantik Cantik Cantik Cantik Cantik Cantik Cantik Cantik Cantik Cantik Cantik Cantik Cantik Cantik Cantik Cantik Cantik Cantik Cantik Cantik Cantik Cantik Cantik Cantik Cantik Cantik Cantik Cantik Cantik Cantik Cantik Cantik Cantik Cantik Cantik Cantik Cantik Cantik Cantik Cantik '),
(13, 'Pengumuman Penting PTI', 'Bahwa nanti belajar d rumah tentang pembuatan mesin ATM nanti diskusi di kelas yang dibuat oleh eko ya ,,');

--
-- Indexes for dumped tables
--

--
-- Indexes for table `blog`
--
ALTER TABLE `blog`
  ADD PRIMARY KEY (`id_blog`);

--
-- AUTO_INCREMENT for dumped tables
--

--
-- AUTO_INCREMENT for table `blog`
--
ALTER TABLE `blog`
  MODIFY `id_blog` int(11) NOT NULL AUTO_INCREMENT,AUTO_INCREMENT=14;--
-- Database: `giat_quiz`
--

-- --------------------------------------------------------

--
-- Table structure for table `answers`
--

CREATE TABLE IF NOT EXISTS `answers` (
  `id_answer` int(10) unsigned NOT NULL,
  `id_question` int(10) unsigned NOT NULL,
  `answer` varchar(255) COLLATE utf8mb4_unicode_ci NOT NULL
) ENGINE=InnoDB DEFAULT CHARSET=utf8mb4 COLLATE=utf8mb4_unicode_ci;

-- --------------------------------------------------------

--
-- Table structure for table `migrations`
--

CREATE TABLE IF NOT EXISTS `migrations` (
  `id` int(10) unsigned NOT NULL,
  `migration` varchar(255) COLLATE utf8mb4_unicode_ci NOT NULL,
  `batch` int(11) NOT NULL
) ENGINE=InnoDB AUTO_INCREMENT=5 DEFAULT CHARSET=utf8mb4 COLLATE=utf8mb4_unicode_ci;

--
-- Dumping data for table `migrations`
--

INSERT INTO `migrations` (`id`, `migration`, `batch`) VALUES
(3, '2017_02_15_140228_ManageQuestion', 1),
(4, '2017_02_15_140645_ManageAnswer', 1);

-- --------------------------------------------------------

--
-- Table structure for table `questions`
--

CREATE TABLE IF NOT EXISTS `questions` (
  `id_question` int(10) unsigned NOT NULL,
  `question` varchar(255) COLLATE utf8mb4_unicode_ci NOT NULL
) ENGINE=InnoDB AUTO_INCREMENT=3 DEFAULT CHARSET=utf8mb4 COLLATE=utf8mb4_unicode_ci;

--
-- Dumping data for table `questions`
--

INSERT INTO `questions` (`id_question`, `question`) VALUES
(1, 'siapa saya ?'),
(2, 'siapa kamu ?');

--
-- Indexes for dumped tables
--

--
-- Indexes for table `answers`
--
ALTER TABLE `answers`
  ADD PRIMARY KEY (`id_answer`), ADD KEY `answers_id_question_foreign` (`id_question`);

--
-- Indexes for table `migrations`
--
ALTER TABLE `migrations`
  ADD PRIMARY KEY (`id`);

--
-- Indexes for table `questions`
--
ALTER TABLE `questions`
  ADD PRIMARY KEY (`id_question`);

--
-- AUTO_INCREMENT for dumped tables
--

--
-- AUTO_INCREMENT for table `answers`
--
ALTER TABLE `answers`
  MODIFY `id_answer` int(10) unsigned NOT NULL AUTO_INCREMENT;
--
-- AUTO_INCREMENT for table `migrations`
--
ALTER TABLE `migrations`
  MODIFY `id` int(10) unsigned NOT NULL AUTO_INCREMENT,AUTO_INCREMENT=5;
--
-- AUTO_INCREMENT for table `questions`
--
ALTER TABLE `questions`
  MODIFY `id_question` int(10) unsigned NOT NULL AUTO_INCREMENT,AUTO_INCREMENT=3;
--
-- Constraints for dumped tables
--

--
-- Constraints for table `answers`
--
ALTER TABLE `answers`
ADD CONSTRAINT `answers_id_question_foreign` FOREIGN KEY (`id_question`) REFERENCES `questions` (`id_question`) ON DELETE CASCADE ON UPDATE CASCADE;
--
-- Database: `interfacing`
--

-- --------------------------------------------------------

--
-- Table structure for table `leds`
--

CREATE TABLE IF NOT EXISTS `leds` (
  `id` int(10) unsigned NOT NULL,
  `value` int(11) NOT NULL,
  `created_at` timestamp NULL DEFAULT NULL,
  `updated_at` timestamp NULL DEFAULT NULL
) ENGINE=InnoDB AUTO_INCREMENT=2 DEFAULT CHARSET=utf8 COLLATE=utf8_unicode_ci;

--
-- Dumping data for table `leds`
--

INSERT INTO `leds` (`id`, `value`, `created_at`, `updated_at`) VALUES
(1, 1, '2017-03-20 05:46:28', '2017-03-20 05:46:28');

-- --------------------------------------------------------

--
-- Table structure for table `migrations`
--

CREATE TABLE IF NOT EXISTS `migrations` (
  `id` int(10) unsigned NOT NULL,
  `migration` varchar(255) COLLATE utf8_unicode_ci NOT NULL,
  `batch` int(11) NOT NULL
) ENGINE=InnoDB AUTO_INCREMENT=6 DEFAULT CHARSET=utf8 COLLATE=utf8_unicode_ci;

--
-- Dumping data for table `migrations`
--

INSERT INTO `migrations` (`id`, `migration`, `batch`) VALUES
(1, '2014_10_12_000000_create_users_table', 1),
(2, '2014_10_12_100000_create_password_resets_table', 1),
(3, '2017_03_03_085319_testMigration', 1),
(5, '2017_03_19_073619_CreateSwitchsTable', 2);

-- --------------------------------------------------------

--
-- Table structure for table `password_resets`
--

CREATE TABLE IF NOT EXISTS `password_resets` (
  `email` varchar(255) COLLATE utf8_unicode_ci NOT NULL,
  `token` varchar(255) COLLATE utf8_unicode_ci NOT NULL,
  `created_at` timestamp NULL DEFAULT NULL
) ENGINE=InnoDB DEFAULT CHARSET=utf8 COLLATE=utf8_unicode_ci;

-- --------------------------------------------------------

--
-- Table structure for table `users`
--

CREATE TABLE IF NOT EXISTS `users` (
  `id` int(10) unsigned NOT NULL,
  `name` varchar(255) COLLATE utf8_unicode_ci NOT NULL,
  `email` varchar(255) COLLATE utf8_unicode_ci NOT NULL,
  `password` varchar(255) COLLATE utf8_unicode_ci NOT NULL,
  `remember_token` varchar(100) COLLATE utf8_unicode_ci DEFAULT NULL,
  `created_at` timestamp NULL DEFAULT NULL,
  `updated_at` timestamp NULL DEFAULT NULL
) ENGINE=InnoDB AUTO_INCREMENT=2 DEFAULT CHARSET=utf8 COLLATE=utf8_unicode_ci;

--
-- Dumping data for table `users`
--

INSERT INTO `users` (`id`, `name`, `email`, `password`, `remember_token`, `created_at`, `updated_at`) VALUES
(1, 'zulham', 'asegaf@ymail.com', '$2y$10$7XcCVaXSR91aahaZ4z3yqOLB/fO0tZNZlL88VjB.YajhQihGtcMYu', '6GdqLpAVLFhOCMAx4tR8JHwZKPxGYOgc79k1bGM2P6Mkqjr9O38DgVeYh9Xo', '2017-03-03 02:38:59', '2017-03-03 02:38:59');

--
-- Indexes for dumped tables
--

--
-- Indexes for table `leds`
--
ALTER TABLE `leds`
  ADD PRIMARY KEY (`id`);

--
-- Indexes for table `migrations`
--
ALTER TABLE `migrations`
  ADD PRIMARY KEY (`id`);

--
-- Indexes for table `password_resets`
--
ALTER TABLE `password_resets`
  ADD KEY `password_resets_email_index` (`email`), ADD KEY `password_resets_token_index` (`token`);

--
-- Indexes for table `users`
--
ALTER TABLE `users`
  ADD PRIMARY KEY (`id`), ADD UNIQUE KEY `users_email_unique` (`email`);

--
-- AUTO_INCREMENT for dumped tables
--

--
-- AUTO_INCREMENT for table `leds`
--
ALTER TABLE `leds`
  MODIFY `id` int(10) unsigned NOT NULL AUTO_INCREMENT,AUTO_INCREMENT=2;
--
-- AUTO_INCREMENT for table `migrations`
--
ALTER TABLE `migrations`
  MODIFY `id` int(10) unsigned NOT NULL AUTO_INCREMENT,AUTO_INCREMENT=6;
--
-- AUTO_INCREMENT for table `users`
--
ALTER TABLE `users`
  MODIFY `id` int(10) unsigned NOT NULL AUTO_INCREMENT,AUTO_INCREMENT=2;--
-- Database: `interfacing-api`
--

-- --------------------------------------------------------

--
-- Table structure for table `migrations`
--

CREATE TABLE IF NOT EXISTS `migrations` (
  `id` int(10) unsigned NOT NULL,
  `migration` varchar(255) COLLATE utf8mb4_unicode_ci NOT NULL,
  `batch` int(11) NOT NULL
) ENGINE=InnoDB DEFAULT CHARSET=utf8mb4 COLLATE=utf8mb4_unicode_ci;

-- --------------------------------------------------------

--
-- Table structure for table `users`
--

CREATE TABLE IF NOT EXISTS `users` (
  `id` int(10) unsigned NOT NULL,
  `name` varchar(255) COLLATE utf8mb4_unicode_ci NOT NULL,
  `email` varchar(255) COLLATE utf8mb4_unicode_ci NOT NULL,
  `password` varchar(255) COLLATE utf8mb4_unicode_ci NOT NULL,
  `remember_token` varchar(100) COLLATE utf8mb4_unicode_ci DEFAULT NULL,
  `created_at` timestamp NULL DEFAULT NULL,
  `updated_at` timestamp NULL DEFAULT NULL
) ENGINE=InnoDB DEFAULT CHARSET=utf8mb4 COLLATE=utf8mb4_unicode_ci;

--
-- Indexes for dumped tables
--

--
-- Indexes for table `migrations`
--
ALTER TABLE `migrations`
  ADD PRIMARY KEY (`id`);

--
-- Indexes for table `users`
--
ALTER TABLE `users`
  ADD PRIMARY KEY (`id`);

--
-- AUTO_INCREMENT for dumped tables
--

--
-- AUTO_INCREMENT for table `migrations`
--
ALTER TABLE `migrations`
  MODIFY `id` int(10) unsigned NOT NULL AUTO_INCREMENT;
--
-- AUTO_INCREMENT for table `users`
--
ALTER TABLE `users`
  MODIFY `id` int(10) unsigned NOT NULL AUTO_INCREMENT;--
-- Database: `klinik`
--

-- --------------------------------------------------------

--
-- Table structure for table `pasien_baru`
--

CREATE TABLE IF NOT EXISTS `pasien_baru` (
  `nama_pasien` varchar(20) NOT NULL,
  `no_registrasi` int(10) NOT NULL,
  `alamat` text NOT NULL,
  `tgl_lahir` date NOT NULL
) ENGINE=InnoDB AUTO_INCREMENT=3 DEFAULT CHARSET=latin1;

--
-- Dumping data for table `pasien_baru`
--

INSERT INTO `pasien_baru` (`nama_pasien`, `no_registrasi`, `alamat`, `tgl_lahir`) VALUES
('Farid Istiqlal', 1, 'Jawa Tengah', '1996-01-01'),
('Ucup', 2, 'Jawa Barat', '1997-02-02');

--
-- Indexes for dumped tables
--

--
-- Indexes for table `pasien_baru`
--
ALTER TABLE `pasien_baru`
  ADD PRIMARY KEY (`no_registrasi`);

--
-- AUTO_INCREMENT for dumped tables
--

--
-- AUTO_INCREMENT for table `pasien_baru`
--
ALTER TABLE `pasien_baru`
  MODIFY `no_registrasi` int(10) NOT NULL AUTO_INCREMENT,AUTO_INCREMENT=3;--
-- Database: `laravel_cafe`
--

-- --------------------------------------------------------

--
-- Table structure for table `admin`
--

CREATE TABLE IF NOT EXISTS `admin` (
  `id_admin` int(11) NOT NULL,
  `position` varchar(120) NOT NULL
) ENGINE=InnoDB AUTO_INCREMENT=3 DEFAULT CHARSET=latin1;

--
-- Dumping data for table `admin`
--

INSERT INTO `admin` (`id_admin`, `position`) VALUES
(1, 'manager'),
(2, 'staff');

-- --------------------------------------------------------

--
-- Table structure for table `drink`
--

CREATE TABLE IF NOT EXISTS `drink` (
  `id_drink` int(11) NOT NULL,
  `id_staff` int(11) DEFAULT NULL,
  `name` varchar(120) NOT NULL,
  `description` text NOT NULL,
  `image` varchar(120) NOT NULL
) ENGINE=InnoDB DEFAULT CHARSET=latin1;

-- --------------------------------------------------------

--
-- Table structure for table `event`
--

CREATE TABLE IF NOT EXISTS `event` (
  `id_event` int(11) NOT NULL,
  `id_staff` int(11) DEFAULT NULL,
  `title` varchar(120) NOT NULL,
  `content` text NOT NULL,
  `image` varchar(120) NOT NULL,
  `date_created` date NOT NULL,
  `date_start` date NOT NULL,
  `date_end` date NOT NULL
) ENGINE=InnoDB DEFAULT CHARSET=latin1;

-- --------------------------------------------------------

--
-- Table structure for table `food`
--

CREATE TABLE IF NOT EXISTS `food` (
  `id_food` int(11) NOT NULL,
  `id_staff` int(11) DEFAULT NULL,
  `name` varchar(120) NOT NULL,
  `description` text NOT NULL,
  `image` varchar(120) NOT NULL
) ENGINE=InnoDB DEFAULT CHARSET=latin1;

-- --------------------------------------------------------

--
-- Table structure for table `manager`
--

CREATE TABLE IF NOT EXISTS `manager` (
  `id_manager` int(11) NOT NULL,
  `id_admin` int(11) DEFAULT NULL,
  `email` varchar(120) NOT NULL,
  `name` varchar(120) NOT NULL,
  `password` char(32) NOT NULL,
  `cp` bigint(20) NOT NULL
) ENGINE=InnoDB DEFAULT CHARSET=latin1;

-- --------------------------------------------------------

--
-- Table structure for table `news`
--

CREATE TABLE IF NOT EXISTS `news` (
  `id_news` int(11) NOT NULL,
  `id_staff` int(11) DEFAULT NULL,
  `title` varchar(120) NOT NULL,
  `content` text NOT NULL,
  `image` varchar(120) NOT NULL,
  `date_created` date NOT NULL
) ENGINE=InnoDB AUTO_INCREMENT=3 DEFAULT CHARSET=latin1;

--
-- Dumping data for table `news`
--

INSERT INTO `news` (`id_news`, `id_staff`, `title`, `content`, `image`, `date_created`) VALUES
(1, 1, 'Lorem', 'Lorem ipsum dolor sit amet, consectetur adipisicing elit, sed do eiusmod\r\ntempor incididunt ut labore et dolore magna aliqua. Ut enim ad minim veniam,\r\nquis nostrud exercitation ullamco laboris nisi ut aliquip ex ea commodo\r\nconsequat. Duis aute irure dolor in reprehenderit in voluptate velit esse\r\ncillum dolore eu fugiat nulla pariatur. Excepteur sint occaecat cupidatat non\r\nproident, sunt in culpa qui officia deserunt mollit anim id est laborum.', '', '2017-01-14'),
(2, 1, 'Contoh', 'Lorem ipsum dolor sit amet, consectetur adipisicing elit, sed do eiusmod\r\ntempor incididunt ut labore et dolore magna aliqua. Ut enim ad minim veniam,\r\nquis nostrud exercitation ullamco laboris nisi ut aliquip ex ea commodo\r\nconsequat. Duis aute irure dolor in reprehenderit in voluptate velit esse\r\ncillum dolore eu fugiat nulla pariatur. Excepteur sint occaecat cupidatat non\r\nproident, sunt in culpa qui officia deserunt mollit anim id est laborum.Lorem ipsum dolor sit amet, consectetur adipisicing elit, sed do eiusmod\r\ntempor incididunt ut labore et dolore magna aliqua. Ut enim ad minim veniam,\r\nquis nostrud exercitation ullamco laboris nisi ut aliquip ex ea commodo\r\nconsequat. Duis aute irure dolor in reprehenderit in voluptate velit esse\r\ncillum dolore eu fugiat nulla pariatur. Excepteur sint occaecat cupidatat non\r\nproident, sunt in culpa qui officia deserunt mollit anim id est laborum.', '', '2017-01-14');

-- --------------------------------------------------------

--
-- Table structure for table `staff`
--

CREATE TABLE IF NOT EXISTS `staff` (
  `id_staff` int(11) NOT NULL,
  `id_admin` int(11) DEFAULT NULL,
  `email` varchar(120) NOT NULL,
  `name` varchar(120) NOT NULL,
  `password` char(32) NOT NULL,
  `cp` bigint(20) NOT NULL
) ENGINE=InnoDB AUTO_INCREMENT=2 DEFAULT CHARSET=latin1;

--
-- Dumping data for table `staff`
--

INSERT INTO `staff` (`id_staff`, `id_admin`, `email`, `name`, `password`, `cp`) VALUES
(1, 2, 'zulham724@gmail.com', 'Zulham Azwar Achmad', 'aamgaul724698', 6285868226304);

--
-- Indexes for dumped tables
--

--
-- Indexes for table `admin`
--
ALTER TABLE `admin`
  ADD PRIMARY KEY (`id_admin`);

--
-- Indexes for table `drink`
--
ALTER TABLE `drink`
  ADD PRIMARY KEY (`id_drink`), ADD KEY `id_staff` (`id_staff`);

--
-- Indexes for table `event`
--
ALTER TABLE `event`
  ADD PRIMARY KEY (`id_event`), ADD KEY `id_staff` (`id_staff`);

--
-- Indexes for table `food`
--
ALTER TABLE `food`
  ADD PRIMARY KEY (`id_food`), ADD KEY `id_staff` (`id_staff`);

--
-- Indexes for table `manager`
--
ALTER TABLE `manager`
  ADD PRIMARY KEY (`id_manager`), ADD KEY `id_admin` (`id_admin`);

--
-- Indexes for table `news`
--
ALTER TABLE `news`
  ADD PRIMARY KEY (`id_news`), ADD KEY `id_staff` (`id_staff`);

--
-- Indexes for table `staff`
--
ALTER TABLE `staff`
  ADD PRIMARY KEY (`id_staff`), ADD KEY `id_admin` (`id_admin`);

--
-- AUTO_INCREMENT for dumped tables
--

--
-- AUTO_INCREMENT for table `admin`
--
ALTER TABLE `admin`
  MODIFY `id_admin` int(11) NOT NULL AUTO_INCREMENT,AUTO_INCREMENT=3;
--
-- AUTO_INCREMENT for table `drink`
--
ALTER TABLE `drink`
  MODIFY `id_drink` int(11) NOT NULL AUTO_INCREMENT;
--
-- AUTO_INCREMENT for table `event`
--
ALTER TABLE `event`
  MODIFY `id_event` int(11) NOT NULL AUTO_INCREMENT;
--
-- AUTO_INCREMENT for table `food`
--
ALTER TABLE `food`
  MODIFY `id_food` int(11) NOT NULL AUTO_INCREMENT;
--
-- AUTO_INCREMENT for table `manager`
--
ALTER TABLE `manager`
  MODIFY `id_manager` int(11) NOT NULL AUTO_INCREMENT;
--
-- AUTO_INCREMENT for table `news`
--
ALTER TABLE `news`
  MODIFY `id_news` int(11) NOT NULL AUTO_INCREMENT,AUTO_INCREMENT=3;
--
-- AUTO_INCREMENT for table `staff`
--
ALTER TABLE `staff`
  MODIFY `id_staff` int(11) NOT NULL AUTO_INCREMENT,AUTO_INCREMENT=2;
--
-- Constraints for dumped tables
--

--
-- Constraints for table `drink`
--
ALTER TABLE `drink`
ADD CONSTRAINT `drink_ibfk_1` FOREIGN KEY (`id_staff`) REFERENCES `staff` (`id_staff`) ON DELETE CASCADE ON UPDATE CASCADE;

--
-- Constraints for table `event`
--
ALTER TABLE `event`
ADD CONSTRAINT `event_ibfk_1` FOREIGN KEY (`id_staff`) REFERENCES `staff` (`id_staff`) ON DELETE CASCADE ON UPDATE CASCADE;

--
-- Constraints for table `food`
--
ALTER TABLE `food`
ADD CONSTRAINT `food_ibfk_1` FOREIGN KEY (`id_staff`) REFERENCES `staff` (`id_staff`) ON DELETE CASCADE ON UPDATE CASCADE;

--
-- Constraints for table `manager`
--
ALTER TABLE `manager`
ADD CONSTRAINT `manager_ibfk_1` FOREIGN KEY (`id_admin`) REFERENCES `admin` (`id_admin`) ON DELETE CASCADE ON UPDATE CASCADE;

--
-- Constraints for table `news`
--
ALTER TABLE `news`
ADD CONSTRAINT `news_ibfk_1` FOREIGN KEY (`id_staff`) REFERENCES `staff` (`id_staff`) ON DELETE CASCADE ON UPDATE CASCADE;

--
-- Constraints for table `staff`
--
ALTER TABLE `staff`
ADD CONSTRAINT `staff_ibfk_1` FOREIGN KEY (`id_admin`) REFERENCES `admin` (`id_admin`) ON DELETE CASCADE ON UPDATE CASCADE;
--
-- Database: `laravel_h`
--

-- --------------------------------------------------------

--
-- Table structure for table `migrations`
--

CREATE TABLE IF NOT EXISTS `migrations` (
  `id` int(10) unsigned NOT NULL,
  `migration` varchar(255) COLLATE utf8_unicode_ci NOT NULL,
  `batch` int(11) NOT NULL
) ENGINE=InnoDB AUTO_INCREMENT=3 DEFAULT CHARSET=utf8 COLLATE=utf8_unicode_ci;

--
-- Dumping data for table `migrations`
--

INSERT INTO `migrations` (`id`, `migration`, `batch`) VALUES
(1, '2014_10_12_000000_create_users_table', 1),
(2, '2014_10_12_100000_create_password_resets_table', 1);

-- --------------------------------------------------------

--
-- Table structure for table `password_resets`
--

CREATE TABLE IF NOT EXISTS `password_resets` (
  `email` varchar(255) COLLATE utf8_unicode_ci NOT NULL,
  `token` varchar(255) COLLATE utf8_unicode_ci NOT NULL,
  `created_at` timestamp NULL DEFAULT NULL
) ENGINE=InnoDB DEFAULT CHARSET=utf8 COLLATE=utf8_unicode_ci;

-- --------------------------------------------------------

--
-- Table structure for table `users`
--

CREATE TABLE IF NOT EXISTS `users` (
  `id` int(10) unsigned NOT NULL,
  `name` varchar(255) COLLATE utf8_unicode_ci NOT NULL,
  `email` varchar(255) COLLATE utf8_unicode_ci NOT NULL,
  `password` varchar(255) COLLATE utf8_unicode_ci NOT NULL,
  `remember_token` varchar(100) COLLATE utf8_unicode_ci DEFAULT NULL,
  `created_at` timestamp NULL DEFAULT NULL,
  `updated_at` timestamp NULL DEFAULT NULL
) ENGINE=InnoDB AUTO_INCREMENT=4 DEFAULT CHARSET=utf8 COLLATE=utf8_unicode_ci;

--
-- Dumping data for table `users`
--

INSERT INTO `users` (`id`, `name`, `email`, `password`, `remember_token`, `created_at`, `updated_at`) VALUES
(1, 'z', 'asegaf@ymail.com', '$2y$10$Jw1che7B8CXfY3CVlJ/9vOH4pE8ulzpmCZW7OUumWp.hzb2/k2V.S', 'OgfmtrUqZrMneV2brOBH419Q5J7wbe9vbFogpK5rU2Tmypzd00oJ8DHT6rhJ', '2017-02-02 20:42:02', '2017-02-02 20:47:21'),
(2, 'zulham azwar achmad', 'zulham724@gmail.com', '$2y$10$LR5l3eqtmLFo/0TbTusD/eOq0DDrhSYpjhI37R2y.XN9Ltyh8fODO', 'LZWkOpCQPeCL0ssEOAdZHBbICs6wB1xy7E9dSc3aOjQX6GfzjT0fhRPSWdLq', '2017-02-02 20:49:06', '2017-02-02 20:49:45'),
(3, 'laila', 'lailatulkhusna38@gmail.com', '$2y$10$DB0as0f1AsNMXiIQgrZgA.CXzUC.zyq9KLEAvfGSceq.bI3Kjp8yS', 'aq1sNvDyuu9BM2LJLVZSz5ZDDmPYaWF2onvlngiJOta9p2HPF2NT69UnKmnJ', '2017-02-02 20:50:34', '2017-02-02 20:51:24');

--
-- Indexes for dumped tables
--

--
-- Indexes for table `migrations`
--
ALTER TABLE `migrations`
  ADD PRIMARY KEY (`id`);

--
-- Indexes for table `password_resets`
--
ALTER TABLE `password_resets`
  ADD KEY `password_resets_email_index` (`email`), ADD KEY `password_resets_token_index` (`token`);

--
-- Indexes for table `users`
--
ALTER TABLE `users`
  ADD PRIMARY KEY (`id`), ADD UNIQUE KEY `users_email_unique` (`email`);

--
-- AUTO_INCREMENT for dumped tables
--

--
-- AUTO_INCREMENT for table `migrations`
--
ALTER TABLE `migrations`
  MODIFY `id` int(10) unsigned NOT NULL AUTO_INCREMENT,AUTO_INCREMENT=3;
--
-- AUTO_INCREMENT for table `users`
--
ALTER TABLE `users`
  MODIFY `id` int(10) unsigned NOT NULL AUTO_INCREMENT,AUTO_INCREMENT=4;--
-- Database: `laravel_survey`
--

-- --------------------------------------------------------

--
-- Table structure for table `answers`
--

CREATE TABLE IF NOT EXISTS `answers` (
  `id_answer` int(10) unsigned NOT NULL,
  `id_question` int(10) unsigned NOT NULL,
  `answer` varchar(255) COLLATE utf8_unicode_ci NOT NULL,
  `votes` bigint(20) NOT NULL
) ENGINE=InnoDB AUTO_INCREMENT=331 DEFAULT CHARSET=utf8 COLLATE=utf8_unicode_ci;

--
-- Dumping data for table `answers`
--

INSERT INTO `answers` (`id_answer`, `id_question`, `answer`, `votes`) VALUES
(1, 1, 'Yes', 68),
(2, 1, 'No', 34),
(3, 2, 'Yes', 56),
(4, 2, 'No', 63),
(5, 3, 'Yes', 23),
(6, 3, 'No', 76),
(7, 4, 'Yes', 92),
(8, 4, 'No', 23),
(9, 5, 'Yes', 34),
(10, 5, 'No', 45),
(81, 27, 'A1', 0),
(82, 27, 'A2', 0),
(83, 28, 'Q2A1', 0),
(84, 28, 'Q2A2', 0),
(85, 29, 'Q3A1', 0),
(86, 29, 'Q3A2', 0),
(87, 30, 'Q4A1', 0),
(88, 30, 'Q4A2', 0),
(89, 31, 'Q5A1', 0),
(90, 31, 'Q5A2', 0),
(91, 32, 'Q1A1', 0),
(92, 32, 'A1A2', 0),
(93, 33, 'Q2A1', 0),
(94, 33, 'Q2A2', 0),
(95, 34, 'Q3A1', 0),
(96, 34, 'Q3A2', 0),
(97, 35, 'Q4A1', 0),
(98, 35, 'Q4A2', 0),
(99, 36, 'Q5A1', 0),
(100, 36, 'Q5A2', 0),
(101, 37, 'Q1A1', 0),
(102, 37, 'A1A2', 0),
(103, 38, 'Q2A1', 0),
(104, 38, 'Q2A2', 0),
(105, 39, 'Q3A1', 0),
(106, 39, 'Q3A2', 0),
(107, 40, 'Q4A1', 0),
(108, 40, 'Q4A2', 0),
(109, 41, 'Q5A1', 0),
(110, 41, 'Q5A2', 0),
(111, 42, 'Ya', 5),
(112, 42, 'Tidak', 3),
(113, 43, 'Ya', 3),
(114, 43, 'Tidak', 5),
(115, 44, 'Ya', 5),
(116, 44, 'Tidak', 3),
(117, 45, 'Ya', 4),
(118, 45, 'Tidak', 4),
(119, 46, 'Ya', 5),
(120, 46, 'Tidak', 3),
(121, 47, 'jkl', 2),
(122, 47, 'jkl', 2),
(123, 47, 'jlkj', 0),
(124, 47, 'lkj', 0),
(125, 47, 'lkj', 0),
(126, 48, 'lkj', 5),
(127, 48, 'lkj', 5),
(128, 48, 'lkj', 5),
(129, 48, 'lkj', 5),
(130, 48, 'lkj', 5),
(131, 49, 'lkj', 5),
(132, 49, 'lkj', 5),
(133, 49, 'lkj', 5),
(134, 49, 'lkj', 5),
(135, 49, 'lkj', 5),
(136, 50, 'jkl', 1),
(137, 50, 'jlk', 0),
(138, 50, 'j', 0),
(139, 50, 'lkj', 0),
(140, 50, 'lkj', 0),
(141, 51, 'jlk', 3),
(142, 51, 'jlk', 3),
(143, 51, 'jlk', 3),
(144, 51, 'jkl', 0),
(145, 51, 'jkl', 0),
(146, 52, 'Cukup', 0),
(147, 52, 'Baik', 1),
(148, 52, 'Sangat Baik', 3),
(149, 52, 'Buruk', 0),
(150, 52, 'Sangat Buruk', 0),
(151, 53, 'Cukup', 0),
(152, 53, 'Baik', 2),
(153, 53, 'Sangat Baik', 0),
(154, 53, 'Buruk', 1),
(155, 53, 'Sangat Buruk', 1),
(156, 54, 'Cukup', 3),
(157, 54, 'Baik', 1),
(158, 54, 'Sangat Baik', 0),
(159, 54, 'Buruk', 0),
(160, 54, 'Sangat Buruk ', 0),
(161, 55, 'Cukup', 0),
(162, 55, 'Baik', 2),
(163, 55, 'Sangat Baik', 1),
(164, 55, 'Buruk', 0),
(165, 55, 'Sangat Buruk', 1),
(166, 56, 'Cukup', 1),
(167, 56, 'Baik', 2),
(168, 56, 'Sangat Baik', 1),
(169, 56, 'Buruk ', 0),
(170, 56, 'Sangat  Buruk', 0),
(171, 57, 'Cukup', 0),
(172, 57, 'Baik', 1),
(173, 57, 'Sangat Baik', 0),
(174, 57, 'Buruk', 0),
(175, 57, 'Sangat Buruk', 0),
(176, 58, 'Cukup', 1),
(177, 58, 'Baik', 0),
(178, 58, 'Sangat Baik', 0),
(179, 58, 'Buruk ', 0),
(180, 58, 'Sangat Buruk', 0),
(181, 59, 'Cukup', 0),
(182, 59, 'Baik', 1),
(183, 59, 'Sangat Baik', 0),
(184, 59, 'Buruk', 0),
(185, 59, 'Sangat Buruk', 0),
(186, 60, 'Cukup', 1),
(187, 60, 'Baik', 0),
(188, 60, 'Sangat Baik', 0),
(189, 60, 'Buruk', 0),
(190, 60, 'Sangat Buruk', 0),
(191, 61, 'Cukup', 0),
(192, 61, 'Baik', 1),
(193, 61, 'Sangat Baik', 0),
(194, 61, 'Buruk', 0),
(195, 61, 'Sangat Buruk', 0),
(196, 62, 'Ya', 0),
(197, 62, 'Tidak', 0),
(198, 63, 'Ya ', 0),
(199, 63, 'Tidak', 0),
(200, 64, 'Ya', 0),
(201, 64, 'Tidak', 0),
(202, 65, 'Ya', 0),
(203, 65, 'Tidak', 0),
(204, 66, 'Ya', 0),
(205, 66, 'Tidak', 0),
(206, 67, 'jdhf', 0),
(207, 67, 'dsk', 0),
(208, 67, 'dhjsfh', 0),
(209, 67, 'fd', 0),
(210, 67, 'dh', 0),
(211, 68, 'kj', 0),
(212, 68, 'k', 0),
(213, 68, 'l', 0),
(214, 68, 'j', 0),
(215, 68, 'j', 0),
(216, 69, 'lk', 0),
(217, 69, 'k', 0),
(218, 69, 'l', 0),
(219, 69, 'l', 0),
(220, 69, 'l', 0),
(221, 70, 'h', 0),
(222, 70, 'h', 0),
(223, 70, 'jhkj', 0),
(224, 70, 'hkjh', 0),
(225, 70, 'jhkj', 0),
(226, 71, 'jhkj', 0),
(227, 71, 'kjhkj', 0),
(228, 71, 'jkhk', 0),
(229, 71, 'jkhk', 0),
(230, 71, 'kh', 0),
(251, 82, 'Ya ', 0),
(252, 82, 'Tidak', 0),
(253, 83, 'Ya ', 0),
(254, 83, 'Tidak', 0),
(255, 84, 'Ya', 0),
(256, 84, 'Tidak', 0),
(257, 85, 'Ya', 0),
(258, 85, 'Tidak', 0),
(259, 86, 'Ya ', 0),
(260, 86, 'Tidak', 0),
(281, 97, 'jlk', 0),
(282, 97, 'jlkj', 0),
(283, 98, 'lkj', 0),
(284, 98, 'lkj', 0),
(285, 99, 'jkl', 0),
(286, 99, 'jkl', 0),
(287, 100, 'jklj', 0),
(288, 100, 'klj', 0),
(289, 101, 'jjkl', 0),
(290, 101, 'jlk', 0),
(291, 102, 'jklj', 0),
(292, 102, 'lkjlk', 0),
(293, 103, 'jlk', 0),
(294, 103, 'jlk', 0),
(295, 104, 'jkl', 0),
(296, 104, 'jkl', 0),
(297, 105, 'jkl', 0),
(298, 105, 'jkl', 0),
(299, 106, 'jkl', 0),
(300, 106, 'jlk', 0),
(301, 107, 'kljlkj', 0),
(302, 107, 'klj', 0),
(303, 108, 'lkjl', 0),
(304, 108, 'kjlk', 0),
(305, 109, 'jlk', 0),
(306, 109, 'jkl', 0),
(307, 110, 'jlk', 0),
(308, 110, 'jlk', 0),
(309, 111, 'jkl', 0),
(310, 111, 'jkl', 0),
(311, 112, 'Ya', 1),
(312, 112, 'Tidak', 0),
(313, 113, 'Ya', 1),
(314, 113, 'Tidak', 0),
(315, 114, 'Ya', 1),
(316, 114, 'Tidak', 0),
(317, 115, 'Ya', 1),
(318, 115, 'Tidak', 0),
(319, 116, 'Ya', 1),
(320, 116, 'Tidak', 0),
(321, 117, 'Ya', 0),
(322, 117, 'Tidak', 0),
(323, 118, 'Ya', 0),
(324, 118, 'Tidak', 0),
(325, 119, 'Ya', 0),
(326, 119, 'Tidak', 0),
(327, 120, 'Ya', 0),
(328, 120, 'Tidak', 0),
(329, 121, 'Ya', 0),
(330, 121, 'Tidak', 0);

-- --------------------------------------------------------

--
-- Table structure for table `campaigns`
--

CREATE TABLE IF NOT EXISTS `campaigns` (
  `id_campaign` int(10) unsigned NOT NULL,
  `id_type_question` int(10) unsigned NOT NULL,
  `name_campaign` varchar(255) COLLATE utf8_unicode_ci NOT NULL,
  `created_at` timestamp NULL DEFAULT NULL,
  `updated_at` timestamp NULL DEFAULT NULL,
  `deleted_at` timestamp NULL DEFAULT NULL
) ENGINE=InnoDB AUTO_INCREMENT=27 DEFAULT CHARSET=utf8 COLLATE=utf8_unicode_ci;

--
-- Dumping data for table `campaigns`
--

INSERT INTO `campaigns` (`id_campaign`, `id_type_question`, `name_campaign`, `created_at`, `updated_at`, `deleted_at`) VALUES
(1, 1, 'c001', '2017-02-06 17:00:00', '2017-02-06 17:00:00', NULL),
(2, 2, 'c002', '2017-02-06 17:00:00', '2017-02-06 17:00:00', NULL),
(6, 1, 'c3', NULL, '2017-02-22 12:36:40', '2017-02-22 12:36:40'),
(7, 1, 'c7', NULL, '2017-02-22 12:29:01', '2017-02-22 12:29:01'),
(8, 1, 'c8', NULL, '2017-02-22 12:28:59', '2017-02-22 12:28:59'),
(9, 1, 'c9', NULL, '2017-02-22 12:28:56', '2017-02-22 12:28:56'),
(10, 1, 'c10', '2017-02-14 17:00:00', '2017-02-22 20:15:10', NULL),
(11, 2, 'c11', '2017-02-11 21:00:00', NULL, NULL),
(12, 1, 'c12', '2017-02-17 23:27:32', '2017-02-17 23:27:32', NULL),
(14, 2, 'c14', '2017-02-20 19:59:32', '2017-02-20 19:59:32', NULL),
(15, 2, 'c15', '2017-02-20 20:11:03', '2017-02-20 20:11:03', NULL),
(16, 1, 'c16', '2017-02-20 20:14:38', '2017-02-20 20:14:38', NULL),
(17, 2, 'c17', '2017-02-21 01:30:52', '2017-02-21 01:30:52', NULL),
(18, 1, 'c18', '2017-02-21 01:40:16', '2017-02-21 01:40:16', NULL),
(21, 1, 'Campaign Februari', '2017-02-21 20:51:11', '2017-02-22 12:28:00', '2017-02-22 12:28:00'),
(22, 1, 'Contoh', '2017-02-22 01:52:01', '2017-02-22 12:26:55', '2017-02-22 12:26:55'),
(23, 1, 'Contoh', '2017-02-22 02:39:48', '2017-02-22 12:25:31', '2017-02-22 12:25:31'),
(24, 1, 'Contoh lagi', '2017-02-22 03:07:36', '2017-02-22 13:02:26', NULL),
(25, 1, 'Campaign Februari', '2017-02-22 10:47:33', '2017-02-22 12:28:43', '2017-02-22 12:28:43'),
(26, 1, 'Campaign Februari', '2017-02-22 10:52:19', '2017-02-22 20:48:47', NULL);

-- --------------------------------------------------------

--
-- Table structure for table `fields`
--

CREATE TABLE IF NOT EXISTS `fields` (
  `id_field` int(10) unsigned NOT NULL,
  `id_campaign` int(10) unsigned NOT NULL,
  `name_field` varchar(255) COLLATE utf8_unicode_ci NOT NULL,
  `created_at` timestamp NULL DEFAULT NULL,
  `updated_at` timestamp NULL DEFAULT NULL,
  `deleted_at` timestamp NULL DEFAULT NULL
) ENGINE=InnoDB AUTO_INCREMENT=27 DEFAULT CHARSET=utf8 COLLATE=utf8_unicode_ci;

--
-- Dumping data for table `fields`
--

INSERT INTO `fields` (`id_field`, `id_campaign`, `name_field`, `created_at`, `updated_at`, `deleted_at`) VALUES
(1, 1, 'Register', NULL, NULL, NULL),
(2, 2, 'Apotek', NULL, NULL, NULL),
(3, 6, 'Poly', NULL, NULL, NULL),
(4, 7, 'Register', NULL, NULL, NULL),
(5, 9, 'Poly', NULL, NULL, NULL),
(6, 10, 'Kasir', NULL, NULL, NULL),
(7, 11, 'Register', NULL, NULL, NULL),
(8, 12, 'Register', NULL, NULL, NULL),
(10, 14, 'Kebersihan', NULL, NULL, NULL),
(11, 15, 'Register', NULL, NULL, NULL),
(12, 16, 'Poly', NULL, NULL, NULL),
(13, 17, 'Poly', NULL, NULL, NULL),
(14, 18, 'Kasir', NULL, NULL, NULL),
(17, 21, 'Apotek', NULL, NULL, NULL),
(20, 24, 'Testing', NULL, '2017-02-22 03:15:56', '2017-02-22 03:15:56'),
(21, 21, 'Apotek', NULL, NULL, NULL),
(22, 25, 'Apotek', '2017-02-22 10:52:20', '2017-02-22 10:52:20', NULL),
(24, 26, 'Apotek', '2017-02-22 10:54:18', '2017-02-22 10:54:18', NULL),
(25, 26, 'Keamanan', '2017-02-22 20:44:56', '2017-02-22 20:44:56', NULL),
(26, 26, 'Kedisiplinan', '2017-02-22 21:24:08', '2017-02-22 21:24:08', NULL);

-- --------------------------------------------------------

--
-- Table structure for table `list_fields`
--

CREATE TABLE IF NOT EXISTS `list_fields` (
  `id_list_field` int(10) unsigned NOT NULL,
  `name_list_field` varchar(255) COLLATE utf8_unicode_ci NOT NULL
) ENGINE=InnoDB AUTO_INCREMENT=13 DEFAULT CHARSET=utf8 COLLATE=utf8_unicode_ci;

--
-- Dumping data for table `list_fields`
--

INSERT INTO `list_fields` (`id_list_field`, `name_list_field`) VALUES
(1, 'Apotek'),
(3, 'Poly'),
(4, 'Register'),
(8, 'Kasir'),
(9, 'Kebersihan'),
(10, 'Keamanan'),
(12, 'Kedisiplinan');

-- --------------------------------------------------------

--
-- Table structure for table `migrations`
--

CREATE TABLE IF NOT EXISTS `migrations` (
  `id` int(10) unsigned NOT NULL,
  `migration` varchar(255) COLLATE utf8_unicode_ci NOT NULL,
  `batch` int(11) NOT NULL
) ENGINE=InnoDB AUTO_INCREMENT=33 DEFAULT CHARSET=utf8 COLLATE=utf8_unicode_ci;

--
-- Dumping data for table `migrations`
--

INSERT INTO `migrations` (`id`, `migration`, `batch`) VALUES
(25, '2014_10_12_000000_create_users_table', 1),
(26, '2014_10_12_100000_create_password_resets_table', 1),
(27, '2017_02_06_045942_make_type_questions', 1),
(28, '2017_02_06_045950_make_campaigns', 1),
(29, '2017_02_06_045957_make_fields', 1),
(30, '2017_02_06_050005_make_questions', 1),
(31, '2017_02_06_050011_make_answers', 1),
(32, '2017_02_18_073829_make_list_fields', 2);

-- --------------------------------------------------------

--
-- Table structure for table `password_resets`
--

CREATE TABLE IF NOT EXISTS `password_resets` (
  `email` varchar(255) COLLATE utf8_unicode_ci NOT NULL,
  `token` varchar(255) COLLATE utf8_unicode_ci NOT NULL,
  `created_at` timestamp NULL DEFAULT NULL
) ENGINE=InnoDB DEFAULT CHARSET=utf8 COLLATE=utf8_unicode_ci;

-- --------------------------------------------------------

--
-- Table structure for table `questions`
--

CREATE TABLE IF NOT EXISTS `questions` (
  `id_question` int(10) unsigned NOT NULL,
  `id_field` int(10) unsigned NOT NULL,
  `question` varchar(255) COLLATE utf8_unicode_ci NOT NULL
) ENGINE=InnoDB AUTO_INCREMENT=122 DEFAULT CHARSET=utf8 COLLATE=utf8_unicode_ci;

--
-- Dumping data for table `questions`
--

INSERT INTO `questions` (`id_question`, `id_field`, `question`) VALUES
(1, 1, 'Adakah yang bermasalah dalam pelayanan Registrasi kami ?'),
(2, 1, 'Apakah anda nyaman dalam menyampaikan permintaan kepada Registrasi kami ?'),
(3, 1, 'Apakah anda kebingungan mencari tempat registrasi kami ?'),
(4, 1, 'Apakah pelayanan Registrasi kami memuaskan anda ?'),
(5, 1, 'Apakah anda senang kepada layanan registrasi kami ?'),
(27, 4, 'Q1'),
(28, 4, 'Q2'),
(29, 4, 'Q3'),
(30, 4, 'Q4'),
(31, 4, 'Q5'),
(32, 4, 'Q1'),
(33, 4, 'Q2'),
(34, 4, 'Q3'),
(35, 4, 'Q4'),
(36, 4, 'Q5'),
(37, 4, 'Q1'),
(38, 4, 'Q2'),
(39, 4, 'Q3'),
(40, 4, 'Q4'),
(41, 4, 'Q5'),
(42, 6, 'Apakah pelayan kasir disini memuaskan ? '),
(43, 6, 'Apakah pelayan disini cantik-cantik ? '),
(44, 6, 'Apakah ada karyawan yang tidak sopan ? '),
(45, 6, 'Apakah anda kesusahan mencari kasir ? '),
(46, 6, 'Apakah Anda puas dengan layanan kasir ? '),
(47, 7, 'Registerkl'),
(48, 7, 'lkj'),
(49, 7, 'lkj'),
(50, 7, 'lkjlk'),
(51, 7, 'lkjkl'),
(52, 10, 'Rumah sakit ini secara keseluruhan bersih '),
(53, 10, 'Kamar Kecil rumah sakit ini bersih dan terawat'),
(54, 10, 'Taman rumah sakit ini bersih dan terawat'),
(55, 10, 'Ruangan pasien nyaman dan bersih '),
(56, 10, 'Lingkungan luar bersih dan nyaman'),
(57, 11, 'Keramahan petugas dibidang registrasi?'),
(58, 11, 'Lamanya antrian di bagian regristrasi?'),
(59, 11, 'Kecepatan dalam pelayanan yang diberikan di bidang registrasi?'),
(60, 11, 'Apakah kebersihan di bidang ply sudah baik?'),
(61, 11, 'Apakah ruang tunggu dibidang poly nyaman?'),
(62, 12, 'Apakah pelayanan dibidang poly sudah memuaskan?'),
(63, 12, 'Apakah kerapihan berbusana petugas dibidang poly sudah baik?'),
(64, 12, 'Apakah pelayanan yang diberikan sudah cepat?'),
(65, 12, 'Apakah kecepatan penanganan masalah sudah baik?'),
(66, 12, 'Apakah keramahan petugas dibidang poly sudah baik?'),
(67, 13, 'as'),
(68, 13, 'djfs'),
(69, 13, 'lkk'),
(70, 13, 'hh'),
(71, 13, 'hjj'),
(82, 17, 'Apotek sehat ?'),
(83, 17, 'Apotek Bagus ? '),
(84, 17, 'Apotek Keren'),
(85, 17, 'Apotek lancar '),
(86, 17, 'Apotek Super ?'),
(97, 20, 'asdkjkl'),
(98, 20, 'klj'),
(99, 20, 'lkjkl'),
(100, 20, 'jkl'),
(101, 20, 'jkl'),
(102, 21, 'asdjk'),
(103, 21, 'jlk'),
(104, 21, 'jlk'),
(105, 21, 'jkl'),
(106, 21, 'jlk'),
(107, 24, 'j'),
(108, 24, 'klj'),
(109, 24, 'jlk'),
(110, 24, 'jlk'),
(111, 24, 'jlk'),
(112, 25, 'Keamanan baik'),
(113, 25, 'keamanan super'),
(114, 25, 'keamanan bagus'),
(115, 25, 'keamanan terjaga'),
(116, 25, 'Keamanan sopan'),
(117, 26, 'Apakah petugas kami sudah displin?'),
(118, 26, 'Apakah waktu berkunjung sudah sesuai dengan waktu yang sudah ditentukan?'),
(119, 26, 'Apakah pengecekan pasien sudah tepat waktu?'),
(120, 26, 'Apakah jadwal makan pasien sudah tepat waktu?'),
(121, 26, 'Apakah jadwal pergantian penangan sudah tepat waktu?');

-- --------------------------------------------------------

--
-- Table structure for table `type_questions`
--

CREATE TABLE IF NOT EXISTS `type_questions` (
  `id_type_question` int(10) unsigned NOT NULL,
  `name_type_question` varchar(255) COLLATE utf8_unicode_ci NOT NULL
) ENGINE=InnoDB AUTO_INCREMENT=3 DEFAULT CHARSET=utf8 COLLATE=utf8_unicode_ci;

--
-- Dumping data for table `type_questions`
--

INSERT INTO `type_questions` (`id_type_question`, `name_type_question`) VALUES
(1, '2 Pilihan'),
(2, '5 Pilihan');

-- --------------------------------------------------------

--
-- Table structure for table `users`
--

CREATE TABLE IF NOT EXISTS `users` (
  `id` int(10) unsigned NOT NULL,
  `name` varchar(255) COLLATE utf8_unicode_ci NOT NULL,
  `email` varchar(255) COLLATE utf8_unicode_ci NOT NULL,
  `password` varchar(255) COLLATE utf8_unicode_ci NOT NULL,
  `remember_token` varchar(100) COLLATE utf8_unicode_ci DEFAULT NULL,
  `created_at` timestamp NULL DEFAULT NULL,
  `updated_at` timestamp NULL DEFAULT NULL
) ENGINE=InnoDB AUTO_INCREMENT=2 DEFAULT CHARSET=utf8 COLLATE=utf8_unicode_ci;

--
-- Dumping data for table `users`
--

INSERT INTO `users` (`id`, `name`, `email`, `password`, `remember_token`, `created_at`, `updated_at`) VALUES
(1, 'Zulham Azwar Achmad', 'asegaf@ymail.com', '$2y$10$aq4Et9KKE2ZUHmgMkvFp1Oc2QV25AHJcHeJzX7xrAVuWq4heKPp1S', 'khpdLjBIimCbhkxUd2WFH8xWnKA367QceIkDEF4gMP2ux8QYgzZrHyZ87axA', '2017-02-06 19:42:08', '2017-02-18 23:43:41');

--
-- Indexes for dumped tables
--

--
-- Indexes for table `answers`
--
ALTER TABLE `answers`
  ADD PRIMARY KEY (`id_answer`), ADD KEY `answers_id_question_foreign` (`id_question`);

--
-- Indexes for table `campaigns`
--
ALTER TABLE `campaigns`
  ADD PRIMARY KEY (`id_campaign`), ADD KEY `campaigns_id_type_question_foreign` (`id_type_question`);

--
-- Indexes for table `fields`
--
ALTER TABLE `fields`
  ADD PRIMARY KEY (`id_field`), ADD KEY `fields_id_campaign_foreign` (`id_campaign`);

--
-- Indexes for table `list_fields`
--
ALTER TABLE `list_fields`
  ADD PRIMARY KEY (`id_list_field`);

--
-- Indexes for table `migrations`
--
ALTER TABLE `migrations`
  ADD PRIMARY KEY (`id`);

--
-- Indexes for table `password_resets`
--
ALTER TABLE `password_resets`
  ADD KEY `password_resets_email_index` (`email`), ADD KEY `password_resets_token_index` (`token`);

--
-- Indexes for table `questions`
--
ALTER TABLE `questions`
  ADD PRIMARY KEY (`id_question`), ADD KEY `questions_id_field_foreign` (`id_field`);

--
-- Indexes for table `type_questions`
--
ALTER TABLE `type_questions`
  ADD PRIMARY KEY (`id_type_question`);

--
-- Indexes for table `users`
--
ALTER TABLE `users`
  ADD PRIMARY KEY (`id`), ADD UNIQUE KEY `users_email_unique` (`email`);

--
-- AUTO_INCREMENT for dumped tables
--

--
-- AUTO_INCREMENT for table `answers`
--
ALTER TABLE `answers`
  MODIFY `id_answer` int(10) unsigned NOT NULL AUTO_INCREMENT,AUTO_INCREMENT=331;
--
-- AUTO_INCREMENT for table `campaigns`
--
ALTER TABLE `campaigns`
  MODIFY `id_campaign` int(10) unsigned NOT NULL AUTO_INCREMENT,AUTO_INCREMENT=27;
--
-- AUTO_INCREMENT for table `fields`
--
ALTER TABLE `fields`
  MODIFY `id_field` int(10) unsigned NOT NULL AUTO_INCREMENT,AUTO_INCREMENT=27;
--
-- AUTO_INCREMENT for table `list_fields`
--
ALTER TABLE `list_fields`
  MODIFY `id_list_field` int(10) unsigned NOT NULL AUTO_INCREMENT,AUTO_INCREMENT=13;
--
-- AUTO_INCREMENT for table `migrations`
--
ALTER TABLE `migrations`
  MODIFY `id` int(10) unsigned NOT NULL AUTO_INCREMENT,AUTO_INCREMENT=33;
--
-- AUTO_INCREMENT for table `questions`
--
ALTER TABLE `questions`
  MODIFY `id_question` int(10) unsigned NOT NULL AUTO_INCREMENT,AUTO_INCREMENT=122;
--
-- AUTO_INCREMENT for table `type_questions`
--
ALTER TABLE `type_questions`
  MODIFY `id_type_question` int(10) unsigned NOT NULL AUTO_INCREMENT,AUTO_INCREMENT=3;
--
-- AUTO_INCREMENT for table `users`
--
ALTER TABLE `users`
  MODIFY `id` int(10) unsigned NOT NULL AUTO_INCREMENT,AUTO_INCREMENT=2;
--
-- Constraints for dumped tables
--

--
-- Constraints for table `answers`
--
ALTER TABLE `answers`
ADD CONSTRAINT `answers_id_question_foreign` FOREIGN KEY (`id_question`) REFERENCES `questions` (`id_question`) ON DELETE CASCADE ON UPDATE CASCADE;

--
-- Constraints for table `campaigns`
--
ALTER TABLE `campaigns`
ADD CONSTRAINT `campaigns_id_type_question_foreign` FOREIGN KEY (`id_type_question`) REFERENCES `type_questions` (`id_type_question`) ON DELETE CASCADE ON UPDATE CASCADE;

--
-- Constraints for table `fields`
--
ALTER TABLE `fields`
ADD CONSTRAINT `fields_id_campaign_foreign` FOREIGN KEY (`id_campaign`) REFERENCES `campaigns` (`id_campaign`) ON DELETE CASCADE ON UPDATE CASCADE;

--
-- Constraints for table `questions`
--
ALTER TABLE `questions`
ADD CONSTRAINT `questions_id_field_foreign` FOREIGN KEY (`id_field`) REFERENCES `fields` (`id_field`) ON DELETE CASCADE ON UPDATE CASCADE;
--
-- Database: `mahasiswa`
--

-- --------------------------------------------------------

--
-- Table structure for table `users`
--

CREATE TABLE IF NOT EXISTS `users` (
  `id_user` int(11) NOT NULL,
  `nama` varchar(120) NOT NULL,
  `nim` varchar(120) NOT NULL,
  `angkatan` varchar(120) NOT NULL
) ENGINE=InnoDB AUTO_INCREMENT=3 DEFAULT CHARSET=latin1;

--
-- Dumping data for table `users`
--

INSERT INTO `users` (`id_user`, `nama`, `nim`, `angkatan`) VALUES
(1, 'zulham', '5302414040', '2014'),
(2, 'Zulham', '5302414040', '2014');

--
-- Indexes for dumped tables
--

--
-- Indexes for table `users`
--
ALTER TABLE `users`
  ADD PRIMARY KEY (`id_user`);

--
-- AUTO_INCREMENT for dumped tables
--

--
-- AUTO_INCREMENT for table `users`
--
ALTER TABLE `users`
  MODIFY `id_user` int(11) NOT NULL AUTO_INCREMENT,AUTO_INCREMENT=3;--
-- Database: `marketing`
--

-- --------------------------------------------------------

--
-- Table structure for table `akses_user`
--

CREATE TABLE IF NOT EXISTS `akses_user` (
  `id_akses` int(5) NOT NULL,
  `jabatan_id` int(11) NOT NULL,
  `modul` varchar(200) NOT NULL,
  `add` int(11) NOT NULL DEFAULT '0',
  `view` int(11) NOT NULL DEFAULT '0',
  `edit` int(11) NOT NULL DEFAULT '0',
  `remove` int(11) NOT NULL DEFAULT '0',
  `cetak` int(11) NOT NULL DEFAULT '0'
) ENGINE=MyISAM AUTO_INCREMENT=497 DEFAULT CHARSET=latin1;

--
-- Dumping data for table `akses_user`
--

INSERT INTO `akses_user` (`id_akses`, `jabatan_id`, `modul`, `add`, `view`, `edit`, `remove`, `cetak`) VALUES
(478, 2, 'USER_MANAGEMENT', 0, 0, 0, 0, 0),
(479, 2, 'USER', 0, 0, 0, 0, 0),
(480, 2, 'JABATAN', 0, 0, 0, 0, 0),
(494, 1, 'JOBDESK', 0, 0, 0, 0, 0),
(493, 1, 'REPORT_QUOTATION', 0, 0, 0, 0, 0),
(492, 1, 'REPORT', 0, 0, 0, 0, 0),
(491, 1, 'JABATAN', 1, 1, 1, 1, 1),
(490, 1, 'USER', 1, 1, 1, 1, 1),
(489, 1, 'USER_MANAGEMENT', 0, 1, 0, 0, 0),
(488, 1, 'CPROJECT', 1, 1, 1, 1, 1),
(487, 1, 'CLIST', 1, 1, 1, 1, 1),
(486, 1, 'CLIENT', 0, 1, 0, 0, 0),
(485, 1, 'KATALOG', 0, 1, 0, 0, 0),
(484, 1, 'ACCESORIES', 1, 1, 1, 1, 1),
(483, 1, 'FIXTURE', 1, 1, 1, 1, 1),
(482, 1, 'LAMPU', 1, 1, 1, 1, 1),
(477, 2, 'JOBDESK', 1, 1, 1, 1, 1),
(475, 2, 'REPORT', 0, 1, 0, 0, 0),
(476, 2, 'REPORT_QUOTATION', 1, 1, 1, 1, 1),
(474, 2, 'QUOTATION', 1, 1, 1, 1, 1),
(473, 2, 'CPROJECT', 1, 1, 1, 1, 1),
(472, 2, 'CLIST', 1, 1, 1, 1, 1),
(470, 2, 'KATALOG', 0, 1, 0, 0, 0),
(471, 2, 'CLIENT', 0, 1, 0, 0, 0),
(469, 2, 'ACCESORIES', 1, 1, 1, 1, 1),
(468, 2, 'FIXTURE', 1, 1, 1, 1, 1),
(481, 1, 'PRODUK', 0, 1, 0, 0, 0),
(467, 2, 'LAMPU', 1, 1, 1, 1, 1),
(466, 2, 'PRODUK', 0, 1, 0, 0, 0),
(495, 1, 'QUOTATION', 0, 0, 0, 0, 0),
(496, 1, 'PROJECT_LIST', 0, 0, 0, 0, 0);

-- --------------------------------------------------------

--
-- Table structure for table `area`
--

CREATE TABLE IF NOT EXISTS `area` (
  `id_area` int(11) NOT NULL,
  `area` varchar(100) NOT NULL
) ENGINE=InnoDB AUTO_INCREMENT=6 DEFAULT CHARSET=latin1;

--
-- Dumping data for table `area`
--

INSERT INTO `area` (`id_area`, `area`) VALUES
(1, 'Jawa Barat'),
(2, 'DKI Jakarta'),
(3, 'Lampung'),
(4, 'Semarang'),
(5, 'Jogjakarta');

-- --------------------------------------------------------

--
-- Table structure for table `client`
--

CREATE TABLE IF NOT EXISTS `client` (
  `id_client` int(20) NOT NULL,
  `initial` varchar(6) NOT NULL,
  `nama_pt` varchar(35) NOT NULL,
  `alamat` text NOT NULL,
  `kota` varchar(100) NOT NULL,
  `last_update` datetime NOT NULL,
  `kode_client` varchar(200) NOT NULL,
  `updated_by` varchar(200) NOT NULL,
  `tipe_client` int(11) NOT NULL
) ENGINE=MyISAM AUTO_INCREMENT=7 DEFAULT CHARSET=latin1;

--
-- Dumping data for table `client`
--

INSERT INTO `client` (`id_client`, `initial`, `nama_pt`, `alamat`, `kota`, `last_update`, `kode_client`, `updated_by`, `tipe_client`) VALUES
(1, 'GJ', 'Ganjar investam', 'Jl. invest 930', 'Jakarta', '2014-07-01 06:43:55', '000001KN', 'Admin Miname', 1),
(2, 'MB', 'Mobile Tech', 'Kemangisan', 'Jakarta', '2014-07-01 11:05:54', '000002KS', 'Admin Miname', 2),
(3, 'NK', 'Nikel Kopal', 'Jl. perintis n0 32', 'Surabaya', '2014-07-01 11:05:13', '000003OW', 'Admin Miname', 3);

-- --------------------------------------------------------

--
-- Table structure for table `client_pic`
--

CREATE TABLE IF NOT EXISTS `client_pic` (
  `id_pic` int(11) NOT NULL,
  `nama_pic` varchar(200) NOT NULL,
  `email_pic` varchar(200) NOT NULL,
  `telp_pic` varchar(20) NOT NULL,
  `sales_pic` int(11) NOT NULL,
  `id_client` int(11) NOT NULL
) ENGINE=InnoDB AUTO_INCREMENT=41 DEFAULT CHARSET=latin1;

--
-- Dumping data for table `client_pic`
--

INSERT INTO `client_pic` (`id_pic`, `nama_pic`, `email_pic`, `telp_pic`, `sales_pic`, `id_client`) VALUES
(1, 'Arolve', 'srolve@yahoo.com', '0921212323', 2, 1),
(2, 'Yuli', 'yuliani@yahoo.com', '9332323233', 4, 1),
(34, 'Memet', 'memet@gmail.com', '033232832', 2, 3),
(35, 'Hendra', 'hendra@intip.com', '03929323', 2, 3),
(36, 'icih', 'icih@yahoo.com', '04923283', 4, 3),
(39, 'Noni', 'noni@gmail.com', '02921212', 4, 2),
(40, 'Cuplis', 'Cuplis@yahoo.com', '0334923283', 6, 2);

-- --------------------------------------------------------

--
-- Table structure for table `client_project`
--

CREATE TABLE IF NOT EXISTS `client_project` (
  `id_client_project` int(11) NOT NULL,
  `id_client` int(11) NOT NULL,
  `id_project` int(11) NOT NULL
) ENGINE=InnoDB AUTO_INCREMENT=51 DEFAULT CHARSET=latin1;

--
-- Dumping data for table `client_project`
--

INSERT INTO `client_project` (`id_client_project`, `id_client`, `id_project`) VALUES
(1, 1, 1),
(2, 1, 4),
(8, 1, 2),
(44, 3, 2),
(45, 3, 4),
(49, 2, 2),
(50, 2, 1);

-- --------------------------------------------------------

--
-- Table structure for table `detail_quotation`
--

CREATE TABLE IF NOT EXISTS `detail_quotation` (
  `id` int(11) NOT NULL,
  `ref_no` varchar(300) NOT NULL,
  `area` varchar(300) NOT NULL,
  `kode_desc` varchar(300) NOT NULL,
  `desc_client` text NOT NULL,
  `sku` varchar(300) NOT NULL,
  `deskripsi` varchar(300) NOT NULL,
  `harga` double NOT NULL,
  `qty` int(20) NOT NULL,
  `id_quotation` int(11) NOT NULL
) ENGINE=MyISAM DEFAULT CHARSET=latin1;

-- --------------------------------------------------------

--
-- Table structure for table `halaman_user`
--

CREATE TABLE IF NOT EXISTS `halaman_user` (
  `idhalaman` int(5) NOT NULL,
  `halaman` varchar(50) NOT NULL
) ENGINE=MyISAM AUTO_INCREMENT=10 DEFAULT CHARSET=latin1;

--
-- Dumping data for table `halaman_user`
--

INSERT INTO `halaman_user` (`idhalaman`, `halaman`) VALUES
(1, 'home'),
(2, 'user'),
(3, 'product'),
(4, 'report'),
(5, 'akses'),
(6, 'view-product'),
(7, 'client'),
(8, 'quotation'),
(9, 'detail-quotation');

-- --------------------------------------------------------

--
-- Table structure for table `jabatan_user`
--

CREATE TABLE IF NOT EXISTS `jabatan_user` (
  `id` int(5) NOT NULL,
  `jabatan` varchar(200) NOT NULL,
  `keterangan` text NOT NULL
) ENGINE=MyISAM AUTO_INCREMENT=4 DEFAULT CHARSET=latin1;

--
-- Dumping data for table `jabatan_user`
--

INSERT INTO `jabatan_user` (`id`, `jabatan`, `keterangan`) VALUES
(1, 'Administrator', 'Bertugas untuk mengatur sistem'),
(2, 'Manager', 'Bertugas...'),
(3, 'Sales', 'Seputar Sales');

-- --------------------------------------------------------

--
-- Table structure for table `jns_ballast`
--

CREATE TABLE IF NOT EXISTS `jns_ballast` (
  `id_jns` int(20) NOT NULL,
  `nm_jns` varchar(200) NOT NULL
) ENGINE=MyISAM AUTO_INCREMENT=9 DEFAULT CHARSET=latin1;

--
-- Dumping data for table `jns_ballast`
--

INSERT INTO `jns_ballast` (`id_jns`, `nm_jns`) VALUES
(1, 'Ballast CMH'),
(2, 'Ballast HID'),
(3, 'HID Capacitor'),
(4, 'Ignitor'),
(5, 'Ballast Tetra L'),
(6, 'Ballast CFL'),
(7, 'Ballast T5'),
(8, 'Ballast T8');

-- --------------------------------------------------------

--
-- Table structure for table `jns_prod_lampu`
--

CREATE TABLE IF NOT EXISTS `jns_prod_lampu` (
  `id_jns_lamp` int(20) NOT NULL,
  `nama_prod` varchar(200) NOT NULL
) ENGINE=MyISAM AUTO_INCREMENT=6 DEFAULT CHARSET=latin1;

--
-- Dumping data for table `jns_prod_lampu`
--

INSERT INTO `jns_prod_lampu` (`id_jns_lamp`, `nama_prod`) VALUES
(1, 'LED'),
(2, 'Halogen'),
(3, 'CFL'),
(4, 'LFL'),
(5, 'HID');

-- --------------------------------------------------------

--
-- Table structure for table `prod_accesories`
--

CREATE TABLE IF NOT EXISTS `prod_accesories` (
  `id_accesories` int(11) NOT NULL,
  `sku` varchar(10) NOT NULL,
  `deskripsi` text NOT NULL,
  `garansi` varchar(2) NOT NULL,
  `stock` int(7) NOT NULL,
  `harga` double NOT NULL,
  `unit` varchar(20) NOT NULL,
  `status` varchar(200) NOT NULL,
  `ket` text NOT NULL,
  `pic1` text NOT NULL,
  `pic2` text NOT NULL,
  `pic3` text NOT NULL,
  `pic4` text NOT NULL,
  `last_update` datetime NOT NULL,
  `updated_by` varchar(200) NOT NULL,
  `keterangan` text NOT NULL,
  `brand` varchar(200) NOT NULL
) ENGINE=MyISAM AUTO_INCREMENT=13 DEFAULT CHARSET=latin1;

--
-- Dumping data for table `prod_accesories`
--

INSERT INTO `prod_accesories` (`id_accesories`, `sku`, `deskripsi`, `garansi`, `stock`, `harga`, `unit`, `status`, `ket`, `pic1`, `pic2`, `pic3`, `pic4`, `last_update`, `updated_by`, `keterangan`, `brand`) VALUES
(8, '1243', 'hanya testing', '5', 4, 3, 'UNITS', 'C', 'Keterangan', '', '', '', '', '2013-12-25 00:00:00', 'oyo', '', ''),
(10, '123', 'dfd', '1', 2, 3, 'PCS', 'C', '4', '', '', '', '', '2014-06-29 14:24:23', 'Admin Miname', 'cobaaaa', 'GE'),
(12, 'SKU-ACC1', 'Testing', '1', 45, 67000, 'PCS', 'D', '', 'pic1_hidrosfer.jpg', '', 'pic3_foundation.png', '', '2014-06-29 14:18:08', 'Admin Miname', 'Keterangan cscs vfv', 'LOKAL');

-- --------------------------------------------------------

--
-- Table structure for table `prod_fixture`
--

CREATE TABLE IF NOT EXISTS `prod_fixture` (
  `id_fixture` int(20) NOT NULL,
  `tipe_fixture` int(11) NOT NULL,
  `sku` varchar(10) NOT NULL,
  `deskripsi` text NOT NULL,
  `lamp` varchar(10) NOT NULL,
  `cut_out` varchar(5) NOT NULL,
  `h` varchar(5) NOT NULL,
  `w` varchar(5) NOT NULL,
  `l` varchar(5) NOT NULL,
  `weight` varchar(200) NOT NULL,
  `source` text NOT NULL,
  `accesories` text NOT NULL,
  `harga` double NOT NULL,
  `ip` int(7) NOT NULL,
  `stock` int(7) NOT NULL,
  `unit` varchar(20) NOT NULL,
  `status` varchar(200) NOT NULL,
  `ket` text NOT NULL,
  `pic1` text NOT NULL,
  `pic2` text NOT NULL,
  `pic3` text NOT NULL,
  `pic4` text NOT NULL,
  `last_update` datetime NOT NULL,
  `garansi` int(11) DEFAULT NULL,
  `updated_by` varchar(200) NOT NULL,
  `keterangan` text NOT NULL,
  `fitting` varchar(200) NOT NULL,
  `brand` varchar(100) NOT NULL
) ENGINE=MyISAM AUTO_INCREMENT=6 DEFAULT CHARSET=latin1;

--
-- Dumping data for table `prod_fixture`
--

INSERT INTO `prod_fixture` (`id_fixture`, `tipe_fixture`, `sku`, `deskripsi`, `lamp`, `cut_out`, `h`, `w`, `l`, `weight`, `source`, `accesories`, `harga`, `ip`, `stock`, `unit`, `status`, `ket`, `pic1`, `pic2`, `pic3`, `pic4`, `last_update`, `garansi`, `updated_by`, `keterangan`, `fitting`, `brand`) VALUES
(1, 4, 'SKU-123', 'mas banyar', 'ganjar', '55', '66', '66', '66', '', 'Fixture ganjar', 'Burung', 90000, 12, 3, 'PCS', 'A', '', '', '', 'pic3_download_(1).jpg', 'pic4_contoh_segti.jpg', '2014-06-29 12:20:51', 2, 'Admin Miname', 'Mas ganjar', 'fiit', 'LOKAL'),
(2, 1, 'SKU-B73', 'http://teknosains.com', 'sains', '44', '55', '88', '77', '', 'teknosains.com', 'sains', 78000, 23, 56, 'MODUL', 'C', '', 'pic1_codetrash.png', 'pic2_jquery.png', 'pic3_ff.png', 'pic4_galaksi.jpg', '2014-06-29 12:27:19', 2, 'Admin Miname', 'http://teknosains.com', 'tekno', 'GE'),
(3, 7, '345345', '345', '345', '435', '435', '435', '53443', '', '345', '345', 4353, 345, 4353, 'PCS', 'A', '', 'pic1_ff.png', '', 'pic3_nodejs.png', '', '2014-06-29 12:29:44', 3, 'Admin Miname', '4354', '345', 'GE');

-- --------------------------------------------------------

--
-- Table structure for table `prod_lamp`
--

CREATE TABLE IF NOT EXISTS `prod_lamp` (
  `id_lamp` int(20) NOT NULL,
  `tipe_lamp` int(11) NOT NULL,
  `sku` varchar(10) NOT NULL,
  `deskripsi` text NOT NULL,
  `daya` varchar(5) NOT NULL,
  `fitting` varchar(6) NOT NULL,
  `warna` varchar(4) NOT NULL,
  `derajat` varchar(3) NOT NULL,
  `tegangan` varchar(10) NOT NULL,
  `umur` varchar(10) NOT NULL,
  `garansi` int(11) NOT NULL,
  `brand` varchar(100) NOT NULL,
  `harga` double NOT NULL,
  `stock` int(7) NOT NULL,
  `unit` varchar(15) NOT NULL,
  `status` varchar(10) NOT NULL,
  `keterangan` text NOT NULL,
  `pic1` text NOT NULL,
  `pic2` text NOT NULL,
  `pic3` text NOT NULL,
  `pic4` text NOT NULL,
  `last_update` datetime NOT NULL,
  `updated_by` varchar(200) DEFAULT NULL
) ENGINE=MyISAM AUTO_INCREMENT=9 DEFAULT CHARSET=latin1;

--
-- Dumping data for table `prod_lamp`
--

INSERT INTO `prod_lamp` (`id_lamp`, `tipe_lamp`, `sku`, `deskripsi`, `daya`, `fitting`, `warna`, `derajat`, `tegangan`, `umur`, `garansi`, `brand`, `harga`, `stock`, `unit`, `status`, `keterangan`, `pic1`, `pic2`, `pic3`, `pic4`, `last_update`, `updated_by`) VALUES
(1, 5, 'SKU-123', 'coba coba', '70', 'fitok', 'Blue', '35', '90', '1200', 2, 'LOKAL', 76000, 30, 'PCS', 'A', 'Testing', 'pic1_a.jpg', 'pic2_chanell.jpg', 'pic3_codetrash.png', 'pic4_astronomi.png', '2014-06-29 10:18:28', 'Admin Miname'),
(4, 3, 'SKU-234', 'coba coba', '100', 'fit35', 'Yell', '45', '120', '3200', 2, 'LOKAL', 90000, 20, 'MODUL', 'A', 'COba saja', 'pic1_beasiswa.png', 'pic2_kunang.jpg', 'pic3_Dennis_hwang.jpg', '', '2014-06-29 10:34:42', 'Admin Miname'),
(5, 1, '435', '545', '54353', '435', '34', '543', '435', '34543', 0, 'GE', 76000, 43543, 'PCS', 'A', 'fdgdf', 'pic1_avatar6087049_8.gif', '', 'pic3_trogono_2.jpg', '', '2014-06-29 10:42:16', 'Admin Miname'),
(6, 8, 'gfbb', '3434', '34', '3434', '3454', '434', '3434', '3434', 3, 'LOKAL', 34, 34, 'PCS', 'A', '3434', '', 'pic2_laravel-logo.jpg', 'pic3_pdo.png', 'pic4_python.png', '2014-06-29 12:32:24', 'Admin Miname'),
(7, 3, 'gbgfb', '4343', '34', '343', 'fdvd', '4', '34', '34', 2, 'GE', 4555, 43, 'PCS', 'D', 'gfbg', 'pic1_the-roller-coaster-large.jpg', 'pic2_sains.png', 'pic3_python.png', '', '2014-06-29 12:49:43', 'Admin Miname'),
(8, 1, 'asd', 'lampu tak padam padam', '12', 'asd', 'mera', '10', '5', '9999999', 5, 'LOKAL', 100000000, 100, 'PCS', 'A', 'lampu merah energi', '', '', '', '', '2016-06-02 03:12:20', 'Admin Miname');

-- --------------------------------------------------------

--
-- Table structure for table `project`
--

CREATE TABLE IF NOT EXISTS `project` (
  `id_project` int(11) NOT NULL,
  `nama_project` varchar(200) NOT NULL,
  `deskripsi` text NOT NULL,
  `last_update` datetime NOT NULL,
  `updated_by` varchar(200) NOT NULL
) ENGINE=InnoDB AUTO_INCREMENT=7 DEFAULT CHARSET=latin1;

--
-- Dumping data for table `project`
--

INSERT INTO `project` (`id_project`, `nama_project`, `deskripsi`, `last_update`, `updated_by`) VALUES
(1, 'Kla-project', 'Membuat lampu Pijar', '2014-06-29 18:31:53', 'Admin Miname'),
(2, 'Gajar XXD', 'membuat lampu pijar XC', '2014-06-30 10:36:46', 'Admin Miname'),
(4, 'Mas Banyar', 'Mas ganjurrrr', '2014-06-30 10:42:35', 'Admin Miname'),
(5, 'Project Blank', 'No issue project', '2014-07-01 10:48:25', 'Admin Miname'),
(6, 'N-Project', 'Servis lampu', '2014-07-01 10:48:35', 'Admin Miname');

-- --------------------------------------------------------

--
-- Table structure for table `quotation`
--

CREATE TABLE IF NOT EXISTS `quotation` (
  `id_quotation` int(20) NOT NULL,
  `no_ref` text NOT NULL,
  `dari` varchar(50) NOT NULL,
  `subject` text NOT NULL,
  `kepada` int(11) NOT NULL,
  `id_sales` int(11) NOT NULL,
  `id_client` int(11) NOT NULL,
  `tgl` date NOT NULL,
  `status` enum('T','F') NOT NULL COMMENT 'T=true, F=false'
) ENGINE=MyISAM AUTO_INCREMENT=35 DEFAULT CHARSET=latin1;

--
-- Dumping data for table `quotation`
--

INSERT INTO `quotation` (`id_quotation`, `no_ref`, `dari`, `subject`, `kepada`, `id_sales`, `id_client`, `tgl`, `status`) VALUES
(1, 'QU.1/HP/NK/08/2014', 'Nadya Ek', 'testing', 34, 2, 3, '2014-08-24', 'T'),
(2, 'QU.2/HP/NK/08/2014', 'Nadya Ek', 'testing', 34, 2, 3, '2014-08-24', 'T'),
(3, 'QU.3/HP/NK/08/2014', 'Nadya Ek', 'testing', 34, 2, 3, '2014-08-24', 'T'),
(4, 'QU.4/HP/NK/08/2014', 'Nadya Ek', 'testing', 34, 2, 3, '2014-08-24', 'T'),
(5, 'QU.5/HP/NK/08/2014', 'Nadya Ek', 'testing', 34, 2, 3, '2014-08-24', 'T'),
(6, 'QU.6/HP/NK/08/2014', 'Nadya Ek', 'testing', 34, 2, 3, '2014-08-24', 'T'),
(7, 'QU.7/HP/NK/08/2014', 'Nadya Ek', 'testing', 34, 2, 3, '2014-08-24', 'T'),
(8, 'QU.8/HP/NK/08/2014', 'Nadya Ek', 'testing', 34, 2, 3, '2014-08-24', 'T'),
(9, 'QU.9/HP/NK/08/2014', 'Nadya Ek', 'testing', 34, 2, 3, '2014-08-24', 'T'),
(10, 'QU.10/HP/NK/08/2014', 'Nadya Ek', 'testing', 34, 2, 3, '2014-08-24', 'T'),
(11, 'QU.11/HP/NK/08/2014', 'Nadya Ek', 'testing', 34, 2, 3, '2014-08-24', 'T'),
(12, 'QU.12/HP/NK/08/2014', 'Nadya Ek', 'testing', 34, 2, 3, '2014-08-24', 'T'),
(13, 'QU.13/HP/NK/08/2014', 'Nadya Ek', 'testing', 34, 2, 3, '2014-08-24', 'T'),
(14, 'QU.14/HP/NK/08/2014', 'Nadya Ek', 'testing', 34, 2, 3, '2014-08-24', 'T'),
(15, 'QU.15/HP/NK/08/2014', 'Nadya Ek', 'testing', 34, 2, 3, '2014-08-24', 'T'),
(16, 'QU.16/HP/NK/08/2014', 'Nadya Ek', 'testing', 34, 2, 3, '2014-08-24', 'T'),
(17, 'QU.17/HP/NK/08/2014', 'Nadya Ek', 'testing', 34, 2, 3, '2014-08-24', 'T'),
(18, 'QU.18/HP/NK/08/2014', 'Nadya Ek', 'testing', 34, 2, 3, '2014-08-24', 'T'),
(19, 'QU.19/HP/NK/08/2014', 'Nadya Ek', 'testing', 34, 2, 3, '2014-08-24', 'T'),
(20, 'QU.20/HP/NK/08/2014', 'Nadya Ek', 'testing', 34, 2, 3, '2014-08-24', 'T'),
(21, 'QU.21/HP/NK/08/2014', 'Nadya Ek', 'testing', 34, 2, 3, '2014-08-24', 'T'),
(22, 'QU.22/HP/NK/08/2014', 'Nadya Ek', 'testing', 34, 2, 3, '2014-08-24', 'T'),
(23, 'QU.23/HP/NK/08/2014', 'Nadya Ek', 'testing', 34, 2, 3, '2014-08-24', 'T'),
(24, 'QU.24/HP/NK/08/2014', 'Nadya Ek', 'testing', 34, 2, 3, '2014-08-24', 'T'),
(25, 'QU.25/HP/NK/08/2014', 'Nadya Ek', 'testing', 34, 2, 3, '2014-08-24', 'T'),
(26, 'QU.26/HP/NK/08/2014', 'Nadya Ek', 'testing', 34, 2, 3, '2014-08-24', 'T'),
(27, 'QU.27/HP/NK/08/2014', 'Nadya Ek', 'testing', 34, 2, 3, '2014-08-24', 'T'),
(28, 'QU.28/HP/NK/08/2014', 'Nadya Ek', 'testing', 34, 2, 3, '2014-08-24', 'T'),
(29, 'QU.29/HP/NK/08/2014', 'Nadya Ek', 'testing', 34, 2, 3, '2014-08-24', 'T'),
(30, 'QU.30/HP/NK/08/2014', 'Nadya Ek', 'testing', 34, 2, 3, '2014-08-24', 'T'),
(31, 'QU.31/HP/NK/08/2014', 'Nadya Ek', 'testing', 34, 2, 3, '2014-08-24', 'T'),
(32, 'QU.32/HP/NK/08/2014', 'Nadya Ek', 'testing', 34, 2, 3, '2014-08-24', 'T'),
(33, 'QU.33/HP/NK/08/2014', 'Nadya Ek', 'testing', 34, 2, 3, '2014-08-24', 'T'),
(34, 'QU.34/HP/NK/08/2014', 'Nadya Ek', 'testing', 34, 2, 3, '2014-08-24', 'T');

-- --------------------------------------------------------

--
-- Table structure for table `tipe_client`
--

CREATE TABLE IF NOT EXISTS `tipe_client` (
  `id_tipe` int(20) NOT NULL,
  `initial_tipe` varchar(2) NOT NULL,
  `desc_tipe` varchar(200) NOT NULL
) ENGINE=MyISAM AUTO_INCREMENT=4 DEFAULT CHARSET=latin1;

--
-- Dumping data for table `tipe_client`
--

INSERT INTO `tipe_client` (`id_tipe`, `initial_tipe`, `desc_tipe`) VALUES
(1, 'KN', 'Kontraktor'),
(2, 'KS', 'Konsultan'),
(3, 'OW', 'Owner');

-- --------------------------------------------------------

--
-- Table structure for table `tipe_fixture`
--

CREATE TABLE IF NOT EXISTS `tipe_fixture` (
  `id_tipe` int(10) NOT NULL,
  `nama_tipe` varchar(50) NOT NULL,
  `ket` varchar(50) NOT NULL
) ENGINE=MyISAM AUTO_INCREMENT=14 DEFAULT CHARSET=latin1;

--
-- Dumping data for table `tipe_fixture`
--

INSERT INTO `tipe_fixture` (`id_tipe`, `nama_tipe`, `ket`) VALUES
(1, 'Downlight Adj', 'Adjustable'),
(2, 'Downlight Fix', 'Fixed'),
(3, 'Downlight SM', 'Surface Mounted'),
(4, 'Spotlight Track', 'Track Light'),
(5, 'Spotlight Plafon', 'Plafon Base'),
(6, 'Exit Lamp', ''),
(7, 'Wall Lamp', ''),
(8, 'Flood Light', ''),
(9, 'Street Light', ''),
(10, 'Garden Lamp', ''),
(11, 'Batten', ''),
(12, 'Louver', ''),
(13, 'Pendant Lamp', '');

-- --------------------------------------------------------

--
-- Table structure for table `tipe_lamp`
--

CREATE TABLE IF NOT EXISTS `tipe_lamp` (
  `id_tipe` int(20) NOT NULL,
  `nama_tipe` varchar(200) NOT NULL,
  `id_jns_lamp` varchar(200) NOT NULL
) ENGINE=MyISAM AUTO_INCREMENT=11 DEFAULT CHARSET=latin1;

--
-- Dumping data for table `tipe_lamp`
--

INSERT INTO `tipe_lamp` (`id_tipe`, `nama_tipe`, `id_jns_lamp`) VALUES
(1, 'LED Lamp', '1'),
(2, 'LED Fixture', '1'),
(3, 'LED Strip', '1'),
(4, 'FLE', '3'),
(5, 'PLC', '3'),
(6, 'T5', '4'),
(7, 'T8', '4'),
(8, 'CMH', '5'),
(9, 'QMH', '5'),
(10, 'HPS', '5');

-- --------------------------------------------------------

--
-- Table structure for table `user`
--

CREATE TABLE IF NOT EXISTS `user` (
  `id_user` int(10) NOT NULL,
  `nik` varchar(100) NOT NULL,
  `nama` varchar(100) NOT NULL,
  `username` varchar(100) NOT NULL,
  `password` varchar(200) NOT NULL,
  `jabatan_id` int(11) NOT NULL,
  `photo` text NOT NULL,
  `last_login` datetime NOT NULL
) ENGINE=MyISAM AUTO_INCREMENT=7 DEFAULT CHARSET=latin1;

--
-- Dumping data for table `user`
--

INSERT INTO `user` (`id_user`, `nik`, `nama`, `username`, `password`, `jabatan_id`, `photo`, `last_login`) VALUES
(1, '1233334', 'Admin Zulham', 'admin', '21232f297a57a5a743894a0e4a801fc3', 1, '', '2016-06-09 10:16:37'),
(2, '998', 'Nadya Ek', 'nadya', '1e6eb2590ee576e8f788729ad596403a', 3, '', '0000-00-00 00:00:00'),
(3, '2323', 'Erwan', 'erwan', 'ac4256575f3ccee1601f115d8a333551', 2, '', '0000-00-00 00:00:00'),
(4, '892', 'Ganjar', 'banyar', '2a4c466ee018a6b8cb2f9efd5c79cf59', 3, '', '0000-00-00 00:00:00'),
(5, '889', 'Euis', 'euis', 'ab6dc3049915c30afd62eb2994f867c8', 3, '', '0000-00-00 00:00:00'),
(6, '9382', 'Otong', 'otong', 'f8210b5a6219450b5f0082654fecd92c', 3, '', '0000-00-00 00:00:00');

-- --------------------------------------------------------

--
-- Table structure for table `valas_quotation`
--

CREATE TABLE IF NOT EXISTS `valas_quotation` (
  `id` int(11) NOT NULL,
  `sku` varchar(100) NOT NULL,
  `desc` text NOT NULL,
  `qty` int(11) NOT NULL,
  `unit` varchar(100) NOT NULL,
  `harga` decimal(12,2) NOT NULL,
  `id_detail_quotation` int(11) NOT NULL
) ENGINE=InnoDB DEFAULT CHARSET=latin1;

--
-- Indexes for dumped tables
--

--
-- Indexes for table `akses_user`
--
ALTER TABLE `akses_user`
  ADD PRIMARY KEY (`id_akses`);

--
-- Indexes for table `area`
--
ALTER TABLE `area`
  ADD PRIMARY KEY (`id_area`);

--
-- Indexes for table `client`
--
ALTER TABLE `client`
  ADD PRIMARY KEY (`id_client`), ADD KEY `initial` (`initial`), ADD KEY `nama_pt` (`nama_pt`);

--
-- Indexes for table `client_pic`
--
ALTER TABLE `client_pic`
  ADD PRIMARY KEY (`id_pic`);

--
-- Indexes for table `client_project`
--
ALTER TABLE `client_project`
  ADD PRIMARY KEY (`id_client_project`);

--
-- Indexes for table `detail_quotation`
--
ALTER TABLE `detail_quotation`
  ADD PRIMARY KEY (`id`);

--
-- Indexes for table `halaman_user`
--
ALTER TABLE `halaman_user`
  ADD PRIMARY KEY (`idhalaman`);

--
-- Indexes for table `jabatan_user`
--
ALTER TABLE `jabatan_user`
  ADD PRIMARY KEY (`id`);

--
-- Indexes for table `jns_ballast`
--
ALTER TABLE `jns_ballast`
  ADD PRIMARY KEY (`id_jns`);

--
-- Indexes for table `jns_prod_lampu`
--
ALTER TABLE `jns_prod_lampu`
  ADD PRIMARY KEY (`id_jns_lamp`);

--
-- Indexes for table `prod_accesories`
--
ALTER TABLE `prod_accesories`
  ADD PRIMARY KEY (`id_accesories`);

--
-- Indexes for table `prod_fixture`
--
ALTER TABLE `prod_fixture`
  ADD PRIMARY KEY (`id_fixture`);

--
-- Indexes for table `prod_lamp`
--
ALTER TABLE `prod_lamp`
  ADD PRIMARY KEY (`id_lamp`);

--
-- Indexes for table `project`
--
ALTER TABLE `project`
  ADD PRIMARY KEY (`id_project`);

--
-- Indexes for table `quotation`
--
ALTER TABLE `quotation`
  ADD PRIMARY KEY (`id_quotation`);

--
-- Indexes for table `tipe_client`
--
ALTER TABLE `tipe_client`
  ADD PRIMARY KEY (`id_tipe`);

--
-- Indexes for table `tipe_fixture`
--
ALTER TABLE `tipe_fixture`
  ADD PRIMARY KEY (`id_tipe`);

--
-- Indexes for table `tipe_lamp`
--
ALTER TABLE `tipe_lamp`
  ADD PRIMARY KEY (`id_tipe`);

--
-- Indexes for table `user`
--
ALTER TABLE `user`
  ADD PRIMARY KEY (`id_user`);

--
-- Indexes for table `valas_quotation`
--
ALTER TABLE `valas_quotation`
  ADD PRIMARY KEY (`id`);

--
-- AUTO_INCREMENT for dumped tables
--

--
-- AUTO_INCREMENT for table `akses_user`
--
ALTER TABLE `akses_user`
  MODIFY `id_akses` int(5) NOT NULL AUTO_INCREMENT,AUTO_INCREMENT=497;
--
-- AUTO_INCREMENT for table `area`
--
ALTER TABLE `area`
  MODIFY `id_area` int(11) NOT NULL AUTO_INCREMENT,AUTO_INCREMENT=6;
--
-- AUTO_INCREMENT for table `client`
--
ALTER TABLE `client`
  MODIFY `id_client` int(20) NOT NULL AUTO_INCREMENT,AUTO_INCREMENT=7;
--
-- AUTO_INCREMENT for table `client_pic`
--
ALTER TABLE `client_pic`
  MODIFY `id_pic` int(11) NOT NULL AUTO_INCREMENT,AUTO_INCREMENT=41;
--
-- AUTO_INCREMENT for table `client_project`
--
ALTER TABLE `client_project`
  MODIFY `id_client_project` int(11) NOT NULL AUTO_INCREMENT,AUTO_INCREMENT=51;
--
-- AUTO_INCREMENT for table `detail_quotation`
--
ALTER TABLE `detail_quotation`
  MODIFY `id` int(11) NOT NULL AUTO_INCREMENT;
--
-- AUTO_INCREMENT for table `halaman_user`
--
ALTER TABLE `halaman_user`
  MODIFY `idhalaman` int(5) NOT NULL AUTO_INCREMENT,AUTO_INCREMENT=10;
--
-- AUTO_INCREMENT for table `jabatan_user`
--
ALTER TABLE `jabatan_user`
  MODIFY `id` int(5) NOT NULL AUTO_INCREMENT,AUTO_INCREMENT=4;
--
-- AUTO_INCREMENT for table `jns_ballast`
--
ALTER TABLE `jns_ballast`
  MODIFY `id_jns` int(20) NOT NULL AUTO_INCREMENT,AUTO_INCREMENT=9;
--
-- AUTO_INCREMENT for table `jns_prod_lampu`
--
ALTER TABLE `jns_prod_lampu`
  MODIFY `id_jns_lamp` int(20) NOT NULL AUTO_INCREMENT,AUTO_INCREMENT=6;
--
-- AUTO_INCREMENT for table `prod_accesories`
--
ALTER TABLE `prod_accesories`
  MODIFY `id_accesories` int(11) NOT NULL AUTO_INCREMENT,AUTO_INCREMENT=13;
--
-- AUTO_INCREMENT for table `prod_fixture`
--
ALTER TABLE `prod_fixture`
  MODIFY `id_fixture` int(20) NOT NULL AUTO_INCREMENT,AUTO_INCREMENT=6;
--
-- AUTO_INCREMENT for table `prod_lamp`
--
ALTER TABLE `prod_lamp`
  MODIFY `id_lamp` int(20) NOT NULL AUTO_INCREMENT,AUTO_INCREMENT=9;
--
-- AUTO_INCREMENT for table `project`
--
ALTER TABLE `project`
  MODIFY `id_project` int(11) NOT NULL AUTO_INCREMENT,AUTO_INCREMENT=7;
--
-- AUTO_INCREMENT for table `quotation`
--
ALTER TABLE `quotation`
  MODIFY `id_quotation` int(20) NOT NULL AUTO_INCREMENT,AUTO_INCREMENT=35;
--
-- AUTO_INCREMENT for table `tipe_client`
--
ALTER TABLE `tipe_client`
  MODIFY `id_tipe` int(20) NOT NULL AUTO_INCREMENT,AUTO_INCREMENT=4;
--
-- AUTO_INCREMENT for table `tipe_fixture`
--
ALTER TABLE `tipe_fixture`
  MODIFY `id_tipe` int(10) NOT NULL AUTO_INCREMENT,AUTO_INCREMENT=14;
--
-- AUTO_INCREMENT for table `tipe_lamp`
--
ALTER TABLE `tipe_lamp`
  MODIFY `id_tipe` int(20) NOT NULL AUTO_INCREMENT,AUTO_INCREMENT=11;
--
-- AUTO_INCREMENT for table `user`
--
ALTER TABLE `user`
  MODIFY `id_user` int(10) NOT NULL AUTO_INCREMENT,AUTO_INCREMENT=7;
--
-- AUTO_INCREMENT for table `valas_quotation`
--
ALTER TABLE `valas_quotation`
  MODIFY `id` int(11) NOT NULL AUTO_INCREMENT;--
-- Database: `news`
--

-- --------------------------------------------------------

--
-- Table structure for table `news`
--

CREATE TABLE IF NOT EXISTS `news` (
  `id` int(11) NOT NULL,
  `title` varchar(128) NOT NULL,
  `slug` varchar(128) NOT NULL,
  `text` text NOT NULL
) ENGINE=InnoDB AUTO_INCREMENT=2 DEFAULT CHARSET=latin1;

--
-- Dumping data for table `news`
--

INSERT INTO `news` (`id`, `title`, `slug`, `text`) VALUES
(1, 'Manga', 'zulham', 'hahaha\r\n');

--
-- Indexes for dumped tables
--

--
-- Indexes for table `news`
--
ALTER TABLE `news`
  ADD PRIMARY KEY (`id`), ADD KEY `slug` (`slug`), ADD KEY `slug_2` (`slug`);

--
-- AUTO_INCREMENT for dumped tables
--

--
-- AUTO_INCREMENT for table `news`
--
ALTER TABLE `news`
  MODIFY `id` int(11) NOT NULL AUTO_INCREMENT,AUTO_INCREMENT=2;--
-- Database: `pelajaran_1`
--

-- --------------------------------------------------------

--
-- Table structure for table `dosen`
--

CREATE TABLE IF NOT EXISTS `dosen` (
  `id_dosen` int(11) NOT NULL,
  `id_makul` int(11) DEFAULT NULL,
  `name` varchar(120) NOT NULL
) ENGINE=InnoDB AUTO_INCREMENT=2 DEFAULT CHARSET=latin1;

--
-- Dumping data for table `dosen`
--

INSERT INTO `dosen` (`id_dosen`, `id_makul`, `name`) VALUES
(1, 1, 'Pak Aryo');

-- --------------------------------------------------------

--
-- Table structure for table `makul`
--

CREATE TABLE IF NOT EXISTS `makul` (
  `id_makul` int(11) NOT NULL,
  `name` varchar(120) NOT NULL
) ENGINE=InnoDB AUTO_INCREMENT=4 DEFAULT CHARSET=latin1;

--
-- Dumping data for table `makul`
--

INSERT INTO `makul` (`id_makul`, `name`) VALUES
(1, 'Teknologi Web'),
(2, 'teknologi web'),
(3, 'Basis Data');

--
-- Indexes for dumped tables
--

--
-- Indexes for table `dosen`
--
ALTER TABLE `dosen`
  ADD PRIMARY KEY (`id_dosen`), ADD KEY `id_makul` (`id_makul`);

--
-- Indexes for table `makul`
--
ALTER TABLE `makul`
  ADD PRIMARY KEY (`id_makul`);

--
-- AUTO_INCREMENT for dumped tables
--

--
-- AUTO_INCREMENT for table `dosen`
--
ALTER TABLE `dosen`
  MODIFY `id_dosen` int(11) NOT NULL AUTO_INCREMENT,AUTO_INCREMENT=2;
--
-- AUTO_INCREMENT for table `makul`
--
ALTER TABLE `makul`
  MODIFY `id_makul` int(11) NOT NULL AUTO_INCREMENT,AUTO_INCREMENT=4;
--
-- Constraints for dumped tables
--

--
-- Constraints for table `dosen`
--
ALTER TABLE `dosen`
ADD CONSTRAINT `dosen_ibfk_1` FOREIGN KEY (`id_makul`) REFERENCES `makul` (`id_makul`) ON DELETE CASCADE ON UPDATE CASCADE;
--
-- Database: `phpmyadmin`
--

-- --------------------------------------------------------

--
-- Table structure for table `pma__bookmark`
--

CREATE TABLE IF NOT EXISTS `pma__bookmark` (
  `id` int(11) NOT NULL,
  `dbase` varchar(255) COLLATE utf8_bin NOT NULL DEFAULT '',
  `user` varchar(255) COLLATE utf8_bin NOT NULL DEFAULT '',
  `label` varchar(255) CHARACTER SET utf8 NOT NULL DEFAULT '',
  `query` text COLLATE utf8_bin NOT NULL
) ENGINE=InnoDB DEFAULT CHARSET=utf8 COLLATE=utf8_bin COMMENT='Bookmarks';

-- --------------------------------------------------------

--
-- Table structure for table `pma__central_columns`
--

CREATE TABLE IF NOT EXISTS `pma__central_columns` (
  `db_name` varchar(64) COLLATE utf8_bin NOT NULL,
  `col_name` varchar(64) COLLATE utf8_bin NOT NULL,
  `col_type` varchar(64) COLLATE utf8_bin NOT NULL,
  `col_length` text COLLATE utf8_bin,
  `col_collation` varchar(64) COLLATE utf8_bin NOT NULL,
  `col_isNull` tinyint(1) NOT NULL,
  `col_extra` varchar(255) COLLATE utf8_bin DEFAULT '',
  `col_default` text COLLATE utf8_bin
) ENGINE=InnoDB DEFAULT CHARSET=utf8 COLLATE=utf8_bin COMMENT='Central list of columns';

-- --------------------------------------------------------

--
-- Table structure for table `pma__column_info`
--

CREATE TABLE IF NOT EXISTS `pma__column_info` (
  `id` int(5) unsigned NOT NULL,
  `db_name` varchar(64) COLLATE utf8_bin NOT NULL DEFAULT '',
  `table_name` varchar(64) COLLATE utf8_bin NOT NULL DEFAULT '',
  `column_name` varchar(64) COLLATE utf8_bin NOT NULL DEFAULT '',
  `comment` varchar(255) CHARACTER SET utf8 NOT NULL DEFAULT '',
  `mimetype` varchar(255) CHARACTER SET utf8 NOT NULL DEFAULT '',
  `transformation` varchar(255) COLLATE utf8_bin NOT NULL DEFAULT '',
  `transformation_options` varchar(255) COLLATE utf8_bin NOT NULL DEFAULT '',
  `input_transformation` varchar(255) COLLATE utf8_bin NOT NULL DEFAULT '',
  `input_transformation_options` varchar(255) COLLATE utf8_bin NOT NULL DEFAULT ''
) ENGINE=InnoDB DEFAULT CHARSET=utf8 COLLATE=utf8_bin COMMENT='Column information for phpMyAdmin';

-- --------------------------------------------------------

--
-- Table structure for table `pma__designer_settings`
--

CREATE TABLE IF NOT EXISTS `pma__designer_settings` (
  `username` varchar(64) COLLATE utf8_bin NOT NULL,
  `settings_data` text COLLATE utf8_bin NOT NULL
) ENGINE=InnoDB DEFAULT CHARSET=utf8 COLLATE=utf8_bin COMMENT='Settings related to Designer';

--
-- Dumping data for table `pma__designer_settings`
--

INSERT INTO `pma__designer_settings` (`username`, `settings_data`) VALUES
('root', '{"relation_lines":"true","angular_direct":"direct","snap_to_grid":"off"}');

-- --------------------------------------------------------

--
-- Table structure for table `pma__export_templates`
--

CREATE TABLE IF NOT EXISTS `pma__export_templates` (
  `id` int(5) unsigned NOT NULL,
  `username` varchar(64) COLLATE utf8_bin NOT NULL,
  `export_type` varchar(10) COLLATE utf8_bin NOT NULL,
  `template_name` varchar(64) COLLATE utf8_bin NOT NULL,
  `template_data` text COLLATE utf8_bin NOT NULL
) ENGINE=InnoDB AUTO_INCREMENT=8 DEFAULT CHARSET=utf8 COLLATE=utf8_bin COMMENT='Saved export templates';

--
-- Dumping data for table `pma__export_templates`
--

INSERT INTO `pma__export_templates` (`id`, `username`, `export_type`, `template_name`, `template_data`) VALUES
(1, 'root', 'database', 'crud', '{"quick_or_custom":"quick","what":"sql","structure_or_data_forced":"0","table_select[]":"agenda","table_structure[]":"agenda","table_data[]":"agenda","output_format":"sendit","filename_template":"@DATABASE@","remember_template":"on","charset":"utf-8","compression":"none","maxsize":"","codegen_structure_or_data":"data","codegen_format":"0","csv_separator":",","csv_enclosed":"\\"","csv_escaped":"\\"","csv_terminated":"AUTO","csv_null":"NULL","csv_structure_or_data":"data","excel_null":"NULL","excel_edition":"win","excel_structure_or_data":"data","htmlword_structure_or_data":"structure_and_data","htmlword_null":"NULL","json_structure_or_data":"data","latex_caption":"something","latex_structure_or_data":"structure_and_data","latex_structure_caption":"Structure of table @TABLE@","latex_structure_continued_caption":"Structure of table @TABLE@ (continued)","latex_structure_label":"tab:@TABLE@-structure","latex_relation":"something","latex_comments":"something","latex_mime":"something","latex_columns":"something","latex_data_caption":"Content of table @TABLE@","latex_data_continued_caption":"Content of table @TABLE@ (continued)","latex_data_label":"tab:@TABLE@-data","latex_null":"\\\\textit{NULL}","mediawiki_structure_or_data":"structure_and_data","mediawiki_caption":"something","mediawiki_headers":"something","ods_null":"NULL","ods_structure_or_data":"data","odt_structure_or_data":"structure_and_data","odt_relation":"something","odt_comments":"something","odt_mime":"something","odt_columns":"something","odt_null":"NULL","pdf_report_title":"","pdf_structure_or_data":"structure_and_data","phparray_structure_or_data":"data","sql_include_comments":"something","sql_header_comment":"","sql_compatibility":"NONE","sql_structure_or_data":"structure_and_data","sql_create_table":"something","sql_auto_increment":"something","sql_create_view":"something","sql_procedure_function":"something","sql_create_trigger":"something","sql_backquotes":"something","sql_type":"INSERT","sql_insert_syntax":"both","sql_max_query_size":"50000","sql_hex_for_binary":"something","sql_utc_time":"something","texytext_structure_or_data":"structure_and_data","texytext_null":"NULL","xml_structure_or_data":"data","xml_export_events":"something","xml_export_functions":"something","xml_export_procedures":"something","xml_export_tables":"something","xml_export_triggers":"something","xml_export_views":"something","xml_export_contents":"something","yaml_structure_or_data":"data","":null,"lock_tables":null,"as_separate_files":null,"csv_removeCRLF":null,"csv_columns":null,"excel_removeCRLF":null,"excel_columns":null,"htmlword_columns":null,"json_pretty_print":null,"ods_columns":null,"sql_dates":null,"sql_relation":null,"sql_mime":null,"sql_use_transaction":null,"sql_disable_fk":null,"sql_views_as_tables":null,"sql_metadata":null,"sql_create_database":null,"sql_drop_table":null,"sql_if_not_exists":null,"sql_truncate":null,"sql_delayed":null,"sql_ignore":null,"texytext_columns":null}'),
(7, 'root', 'database', 'hookyouup', '{"quick_or_custom":"quick","what":"sql","structure_or_data_forced":"0","table_select[]":["announcement","community","forum","user"],"table_structure[]":["announcement","community","forum","user"],"table_data[]":["announcement","community","forum","user"],"output_format":"sendit","filename_template":"@DATABASE@","remember_template":"on","charset":"utf-8","compression":"zip","maxsize":"","codegen_structure_or_data":"data","codegen_format":"0","csv_separator":",","csv_enclosed":"\\"","csv_escaped":"\\"","csv_terminated":"AUTO","csv_null":"NULL","csv_structure_or_data":"data","excel_null":"NULL","excel_edition":"win","excel_structure_or_data":"data","htmlword_structure_or_data":"structure_and_data","htmlword_null":"NULL","json_structure_or_data":"data","latex_caption":"something","latex_structure_or_data":"structure_and_data","latex_structure_caption":"Structure of table @TABLE@","latex_structure_continued_caption":"Structure of table @TABLE@ (continued)","latex_structure_label":"tab:@TABLE@-structure","latex_relation":"something","latex_comments":"something","latex_mime":"something","latex_columns":"something","latex_data_caption":"Content of table @TABLE@","latex_data_continued_caption":"Content of table @TABLE@ (continued)","latex_data_label":"tab:@TABLE@-data","latex_null":"\\\\textit{NULL}","mediawiki_structure_or_data":"structure_and_data","mediawiki_caption":"something","mediawiki_headers":"something","ods_null":"NULL","ods_structure_or_data":"data","odt_structure_or_data":"structure_and_data","odt_relation":"something","odt_comments":"something","odt_mime":"something","odt_columns":"something","odt_null":"NULL","pdf_report_title":"","pdf_structure_or_data":"structure_and_data","phparray_structure_or_data":"data","sql_include_comments":"something","sql_header_comment":"","sql_compatibility":"NONE","sql_structure_or_data":"structure_and_data","sql_create_table":"something","sql_auto_increment":"something","sql_create_view":"something","sql_procedure_function":"something","sql_create_trigger":"something","sql_backquotes":"something","sql_type":"INSERT","sql_insert_syntax":"both","sql_max_query_size":"50000","sql_hex_for_binary":"something","sql_utc_time":"something","texytext_structure_or_data":"structure_and_data","texytext_null":"NULL","xml_structure_or_data":"data","xml_export_events":"something","xml_export_functions":"something","xml_export_procedures":"something","xml_export_tables":"something","xml_export_triggers":"something","xml_export_views":"something","xml_export_contents":"something","yaml_structure_or_data":"data","":null,"lock_tables":null,"as_separate_files":null,"csv_removeCRLF":null,"csv_columns":null,"excel_removeCRLF":null,"excel_columns":null,"htmlword_columns":null,"json_pretty_print":null,"ods_columns":null,"sql_dates":null,"sql_relation":null,"sql_mime":null,"sql_use_transaction":null,"sql_disable_fk":null,"sql_views_as_tables":null,"sql_metadata":null,"sql_create_database":null,"sql_drop_table":null,"sql_if_not_exists":null,"sql_truncate":null,"sql_delayed":null,"sql_ignore":null,"texytext_columns":null}');

-- --------------------------------------------------------

--
-- Table structure for table `pma__favorite`
--

CREATE TABLE IF NOT EXISTS `pma__favorite` (
  `username` varchar(64) COLLATE utf8_bin NOT NULL,
  `tables` text COLLATE utf8_bin NOT NULL
) ENGINE=InnoDB DEFAULT CHARSET=utf8 COLLATE=utf8_bin COMMENT='Favorite tables';

-- --------------------------------------------------------

--
-- Table structure for table `pma__history`
--

CREATE TABLE IF NOT EXISTS `pma__history` (
  `id` bigint(20) unsigned NOT NULL,
  `username` varchar(64) COLLATE utf8_bin NOT NULL DEFAULT '',
  `db` varchar(64) COLLATE utf8_bin NOT NULL DEFAULT '',
  `table` varchar(64) COLLATE utf8_bin NOT NULL DEFAULT '',
  `timevalue` timestamp NOT NULL DEFAULT CURRENT_TIMESTAMP,
  `sqlquery` text COLLATE utf8_bin NOT NULL
) ENGINE=InnoDB DEFAULT CHARSET=utf8 COLLATE=utf8_bin COMMENT='SQL history for phpMyAdmin';

-- --------------------------------------------------------

--
-- Table structure for table `pma__navigationhiding`
--

CREATE TABLE IF NOT EXISTS `pma__navigationhiding` (
  `username` varchar(64) COLLATE utf8_bin NOT NULL,
  `item_name` varchar(64) COLLATE utf8_bin NOT NULL,
  `item_type` varchar(64) COLLATE utf8_bin NOT NULL,
  `db_name` varchar(64) COLLATE utf8_bin NOT NULL,
  `table_name` varchar(64) COLLATE utf8_bin NOT NULL
) ENGINE=InnoDB DEFAULT CHARSET=utf8 COLLATE=utf8_bin COMMENT='Hidden items of navigation tree';

-- --------------------------------------------------------

--
-- Table structure for table `pma__pdf_pages`
--

CREATE TABLE IF NOT EXISTS `pma__pdf_pages` (
  `db_name` varchar(64) COLLATE utf8_bin NOT NULL DEFAULT '',
  `page_nr` int(10) unsigned NOT NULL,
  `page_descr` varchar(50) CHARACTER SET utf8 NOT NULL DEFAULT ''
) ENGINE=InnoDB AUTO_INCREMENT=3 DEFAULT CHARSET=utf8 COLLATE=utf8_bin COMMENT='PDF relation pages for phpMyAdmin';

--
-- Dumping data for table `pma__pdf_pages`
--

INSERT INTO `pma__pdf_pages` (`db_name`, `page_nr`, `page_descr`) VALUES
('test_b', 1, 'Multilevel Relation System ver0.1'),
('test_b', 2, 'Relation System Ver0.2');

-- --------------------------------------------------------

--
-- Table structure for table `pma__recent`
--

CREATE TABLE IF NOT EXISTS `pma__recent` (
  `username` varchar(64) COLLATE utf8_bin NOT NULL,
  `tables` text COLLATE utf8_bin NOT NULL
) ENGINE=InnoDB DEFAULT CHARSET=utf8 COLLATE=utf8_bin COMMENT='Recently accessed tables';

--
-- Dumping data for table `pma__recent`
--

INSERT INTO `pma__recent` (`username`, `tables`) VALUES
('root', '[{"db":"test_laravel","table":"dosens"},{"db":"restu_perpus","table":"pinjam"},{"db":"test_a","table":"user"},{"db":"test_b","table":"admin"},{"db":"test_b","table":"event"},{"db":"test_b","table":"blog"},{"db":"test_b","table":"user"},{"db":"blogspot","table":"blogs"},{"db":"test_b","table":"community"},{"db":"test_b","table":"announcement"}]');

-- --------------------------------------------------------

--
-- Table structure for table `pma__relation`
--

CREATE TABLE IF NOT EXISTS `pma__relation` (
  `master_db` varchar(64) COLLATE utf8_bin NOT NULL DEFAULT '',
  `master_table` varchar(64) COLLATE utf8_bin NOT NULL DEFAULT '',
  `master_field` varchar(64) COLLATE utf8_bin NOT NULL DEFAULT '',
  `foreign_db` varchar(64) COLLATE utf8_bin NOT NULL DEFAULT '',
  `foreign_table` varchar(64) COLLATE utf8_bin NOT NULL DEFAULT '',
  `foreign_field` varchar(64) COLLATE utf8_bin NOT NULL DEFAULT ''
) ENGINE=InnoDB DEFAULT CHARSET=utf8 COLLATE=utf8_bin COMMENT='Relation table';

-- --------------------------------------------------------

--
-- Table structure for table `pma__savedsearches`
--

CREATE TABLE IF NOT EXISTS `pma__savedsearches` (
  `id` int(5) unsigned NOT NULL,
  `username` varchar(64) COLLATE utf8_bin NOT NULL DEFAULT '',
  `db_name` varchar(64) COLLATE utf8_bin NOT NULL DEFAULT '',
  `search_name` varchar(64) COLLATE utf8_bin NOT NULL DEFAULT '',
  `search_data` text COLLATE utf8_bin NOT NULL
) ENGINE=InnoDB DEFAULT CHARSET=utf8 COLLATE=utf8_bin COMMENT='Saved searches';

-- --------------------------------------------------------

--
-- Table structure for table `pma__table_coords`
--

CREATE TABLE IF NOT EXISTS `pma__table_coords` (
  `db_name` varchar(64) COLLATE utf8_bin NOT NULL DEFAULT '',
  `table_name` varchar(64) COLLATE utf8_bin NOT NULL DEFAULT '',
  `pdf_page_number` int(11) NOT NULL DEFAULT '0',
  `x` float unsigned NOT NULL DEFAULT '0',
  `y` float unsigned NOT NULL DEFAULT '0'
) ENGINE=InnoDB DEFAULT CHARSET=utf8 COLLATE=utf8_bin COMMENT='Table coordinates for phpMyAdmin PDF output';

--
-- Dumping data for table `pma__table_coords`
--

INSERT INTO `pma__table_coords` (`db_name`, `table_name`, `pdf_page_number`, `x`, `y`) VALUES
('test_b', 'admin', 1, 391, 14),
('test_b', 'admin', 2, 198, 11),
('test_b', 'announcement', 1, 1133, 184),
('test_b', 'announcement', 2, 458, 407),
('test_b', 'blog', 1, 226, 24),
('test_b', 'blog', 2, 40, 65),
('test_b', 'community', 1, 882, 13),
('test_b', 'community', 2, 663, 25),
('test_b', 'event', 1, 554, 22),
('test_b', 'event', 2, 367, 9),
('test_b', 'forum', 1, 685, 269),
('test_b', 'forum', 2, 896, 261),
('test_b', 'messages', 2, 915, 393),
('test_b', 'photo', 2, 462, 222),
('test_b', 'post', 2, 686, 431),
('test_b', 'user', 1, 880, 172),
('test_b', 'user', 2, 663, 189);

-- --------------------------------------------------------

--
-- Table structure for table `pma__table_info`
--

CREATE TABLE IF NOT EXISTS `pma__table_info` (
  `db_name` varchar(64) COLLATE utf8_bin NOT NULL DEFAULT '',
  `table_name` varchar(64) COLLATE utf8_bin NOT NULL DEFAULT '',
  `display_field` varchar(64) COLLATE utf8_bin NOT NULL DEFAULT ''
) ENGINE=InnoDB DEFAULT CHARSET=utf8 COLLATE=utf8_bin COMMENT='Table information for phpMyAdmin';

-- --------------------------------------------------------

--
-- Table structure for table `pma__table_uiprefs`
--

CREATE TABLE IF NOT EXISTS `pma__table_uiprefs` (
  `username` varchar(64) COLLATE utf8_bin NOT NULL,
  `db_name` varchar(64) COLLATE utf8_bin NOT NULL,
  `table_name` varchar(64) COLLATE utf8_bin NOT NULL,
  `prefs` text COLLATE utf8_bin NOT NULL,
  `last_update` timestamp NOT NULL DEFAULT CURRENT_TIMESTAMP ON UPDATE CURRENT_TIMESTAMP
) ENGINE=InnoDB DEFAULT CHARSET=utf8 COLLATE=utf8_bin COMMENT='Tables'' UI preferences';

-- --------------------------------------------------------

--
-- Table structure for table `pma__tracking`
--

CREATE TABLE IF NOT EXISTS `pma__tracking` (
  `db_name` varchar(64) COLLATE utf8_bin NOT NULL,
  `table_name` varchar(64) COLLATE utf8_bin NOT NULL,
  `version` int(10) unsigned NOT NULL,
  `date_created` datetime NOT NULL,
  `date_updated` datetime NOT NULL,
  `schema_snapshot` text COLLATE utf8_bin NOT NULL,
  `schema_sql` text COLLATE utf8_bin,
  `data_sql` longtext COLLATE utf8_bin,
  `tracking` set('UPDATE','REPLACE','INSERT','DELETE','TRUNCATE','CREATE DATABASE','ALTER DATABASE','DROP DATABASE','CREATE TABLE','ALTER TABLE','RENAME TABLE','DROP TABLE','CREATE INDEX','DROP INDEX','CREATE VIEW','ALTER VIEW','DROP VIEW') COLLATE utf8_bin DEFAULT NULL,
  `tracking_active` int(1) unsigned NOT NULL DEFAULT '1'
) ENGINE=InnoDB DEFAULT CHARSET=utf8 COLLATE=utf8_bin COMMENT='Database changes tracking for phpMyAdmin';

-- --------------------------------------------------------

--
-- Table structure for table `pma__userconfig`
--

CREATE TABLE IF NOT EXISTS `pma__userconfig` (
  `username` varchar(64) COLLATE utf8_bin NOT NULL,
  `timevalue` timestamp NOT NULL DEFAULT CURRENT_TIMESTAMP ON UPDATE CURRENT_TIMESTAMP,
  `config_data` text COLLATE utf8_bin NOT NULL
) ENGINE=InnoDB DEFAULT CHARSET=utf8 COLLATE=utf8_bin COMMENT='User preferences storage for phpMyAdmin';

--
-- Dumping data for table `pma__userconfig`
--

INSERT INTO `pma__userconfig` (`username`, `timevalue`, `config_data`) VALUES
('root', '2016-12-01 10:01:40', '{"collation_connection":"utf8mb4_unicode_ci","SendErrorReports":"always"}');

-- --------------------------------------------------------

--
-- Table structure for table `pma__usergroups`
--

CREATE TABLE IF NOT EXISTS `pma__usergroups` (
  `usergroup` varchar(64) COLLATE utf8_bin NOT NULL,
  `tab` varchar(64) COLLATE utf8_bin NOT NULL,
  `allowed` enum('Y','N') COLLATE utf8_bin NOT NULL DEFAULT 'N'
) ENGINE=InnoDB DEFAULT CHARSET=utf8 COLLATE=utf8_bin COMMENT='User groups with configured menu items';

-- --------------------------------------------------------

--
-- Table structure for table `pma__users`
--

CREATE TABLE IF NOT EXISTS `pma__users` (
  `username` varchar(64) COLLATE utf8_bin NOT NULL,
  `usergroup` varchar(64) COLLATE utf8_bin NOT NULL
) ENGINE=InnoDB DEFAULT CHARSET=utf8 COLLATE=utf8_bin COMMENT='Users and their assignments to user groups';

-- --------------------------------------------------------

--
-- Table structure for table `pma_bookmark`
--

CREATE TABLE IF NOT EXISTS `pma_bookmark` (
  `id` int(11) NOT NULL,
  `dbase` varchar(255) COLLATE utf8_bin NOT NULL DEFAULT '',
  `user` varchar(255) COLLATE utf8_bin NOT NULL DEFAULT '',
  `label` varchar(255) CHARACTER SET utf8 NOT NULL DEFAULT '',
  `query` text COLLATE utf8_bin NOT NULL
) ENGINE=MyISAM DEFAULT CHARSET=utf8 COLLATE=utf8_bin COMMENT='Bookmarks';

-- --------------------------------------------------------

--
-- Table structure for table `pma_column_info`
--

CREATE TABLE IF NOT EXISTS `pma_column_info` (
  `id` int(5) unsigned NOT NULL,
  `db_name` varchar(64) COLLATE utf8_bin NOT NULL DEFAULT '',
  `table_name` varchar(64) COLLATE utf8_bin NOT NULL DEFAULT '',
  `column_name` varchar(64) COLLATE utf8_bin NOT NULL DEFAULT '',
  `comment` varchar(255) CHARACTER SET utf8 NOT NULL DEFAULT '',
  `mimetype` varchar(255) CHARACTER SET utf8 NOT NULL DEFAULT '',
  `transformation` varchar(255) COLLATE utf8_bin NOT NULL DEFAULT '',
  `transformation_options` varchar(255) COLLATE utf8_bin NOT NULL DEFAULT ''
) ENGINE=MyISAM DEFAULT CHARSET=utf8 COLLATE=utf8_bin COMMENT='Column information for phpMyAdmin';

-- --------------------------------------------------------

--
-- Table structure for table `pma_designer_coords`
--

CREATE TABLE IF NOT EXISTS `pma_designer_coords` (
  `db_name` varchar(64) COLLATE utf8_bin NOT NULL DEFAULT '',
  `table_name` varchar(64) COLLATE utf8_bin NOT NULL DEFAULT '',
  `x` int(11) DEFAULT NULL,
  `y` int(11) DEFAULT NULL,
  `v` tinyint(4) DEFAULT NULL,
  `h` tinyint(4) DEFAULT NULL
) ENGINE=MyISAM DEFAULT CHARSET=utf8 COLLATE=utf8_bin COMMENT='Table coordinates for Designer';

-- --------------------------------------------------------

--
-- Table structure for table `pma_history`
--

CREATE TABLE IF NOT EXISTS `pma_history` (
  `id` bigint(20) unsigned NOT NULL,
  `username` varchar(64) COLLATE utf8_bin NOT NULL DEFAULT '',
  `db` varchar(64) COLLATE utf8_bin NOT NULL DEFAULT '',
  `table` varchar(64) COLLATE utf8_bin NOT NULL DEFAULT '',
  `timevalue` timestamp NOT NULL DEFAULT CURRENT_TIMESTAMP ON UPDATE CURRENT_TIMESTAMP,
  `sqlquery` text COLLATE utf8_bin NOT NULL
) ENGINE=MyISAM DEFAULT CHARSET=utf8 COLLATE=utf8_bin COMMENT='SQL history for phpMyAdmin';

-- --------------------------------------------------------

--
-- Table structure for table `pma_navigationhiding`
--

CREATE TABLE IF NOT EXISTS `pma_navigationhiding` (
  `username` varchar(64) COLLATE utf8_bin NOT NULL,
  `item_name` varchar(64) COLLATE utf8_bin NOT NULL,
  `item_type` varchar(64) COLLATE utf8_bin NOT NULL,
  `db_name` varchar(64) COLLATE utf8_bin NOT NULL,
  `table_name` varchar(64) COLLATE utf8_bin NOT NULL
) ENGINE=InnoDB DEFAULT CHARSET=utf8 COLLATE=utf8_bin COMMENT='Hidden items of navigation tree';

-- --------------------------------------------------------

--
-- Table structure for table `pma_pdf_pages`
--

CREATE TABLE IF NOT EXISTS `pma_pdf_pages` (
  `db_name` varchar(64) COLLATE utf8_bin NOT NULL DEFAULT '',
  `page_nr` int(10) unsigned NOT NULL,
  `page_descr` varchar(50) CHARACTER SET utf8 NOT NULL DEFAULT ''
) ENGINE=MyISAM AUTO_INCREMENT=2 DEFAULT CHARSET=utf8 COLLATE=utf8_bin COMMENT='PDF relation pages for phpMyAdmin';

-- --------------------------------------------------------

--
-- Table structure for table `pma_recent`
--

CREATE TABLE IF NOT EXISTS `pma_recent` (
  `username` varchar(64) COLLATE utf8_bin NOT NULL,
  `tables` text COLLATE utf8_bin NOT NULL
) ENGINE=MyISAM DEFAULT CHARSET=utf8 COLLATE=utf8_bin COMMENT='Recently accessed tables';

--
-- Dumping data for table `pma_recent`
--

INSERT INTO `pma_recent` (`username`, `tables`) VALUES
('root', '[{"db":"db_uc","table":"users"},{"db":"db_uc","table":"layouts"},{"db":"db_uc","table":"drinks"},{"db":"db_uc","table":"gallery"},{"db":"db_uc","table":"news"},{"db":"db_uc","table":"desserts"},{"db":"db_qrcode","table":"absents"},{"db":"db_qrcode","table":"peoples"},{"db":"woproject","table":"acara"},{"db":"db_qrcode","table":"users"}]');

-- --------------------------------------------------------

--
-- Table structure for table `pma_relation`
--

CREATE TABLE IF NOT EXISTS `pma_relation` (
  `master_db` varchar(64) COLLATE utf8_bin NOT NULL DEFAULT '',
  `master_table` varchar(64) COLLATE utf8_bin NOT NULL DEFAULT '',
  `master_field` varchar(64) COLLATE utf8_bin NOT NULL DEFAULT '',
  `foreign_db` varchar(64) COLLATE utf8_bin NOT NULL DEFAULT '',
  `foreign_table` varchar(64) COLLATE utf8_bin NOT NULL DEFAULT '',
  `foreign_field` varchar(64) COLLATE utf8_bin NOT NULL DEFAULT ''
) ENGINE=MyISAM DEFAULT CHARSET=utf8 COLLATE=utf8_bin COMMENT='Relation table';

-- --------------------------------------------------------

--
-- Table structure for table `pma_savedsearches`
--

CREATE TABLE IF NOT EXISTS `pma_savedsearches` (
  `id` int(5) unsigned NOT NULL,
  `username` varchar(64) COLLATE utf8_bin NOT NULL DEFAULT '',
  `db_name` varchar(64) COLLATE utf8_bin NOT NULL DEFAULT '',
  `search_name` varchar(64) COLLATE utf8_bin NOT NULL DEFAULT '',
  `search_data` text COLLATE utf8_bin NOT NULL
) ENGINE=InnoDB DEFAULT CHARSET=utf8 COLLATE=utf8_bin COMMENT='Saved searches';

-- --------------------------------------------------------

--
-- Table structure for table `pma_table_coords`
--

CREATE TABLE IF NOT EXISTS `pma_table_coords` (
  `db_name` varchar(64) COLLATE utf8_bin NOT NULL DEFAULT '',
  `table_name` varchar(64) COLLATE utf8_bin NOT NULL DEFAULT '',
  `pdf_page_number` int(11) NOT NULL DEFAULT '0',
  `x` float unsigned NOT NULL DEFAULT '0',
  `y` float unsigned NOT NULL DEFAULT '0'
) ENGINE=MyISAM DEFAULT CHARSET=utf8 COLLATE=utf8_bin COMMENT='Table coordinates for phpMyAdmin PDF output';

-- --------------------------------------------------------

--
-- Table structure for table `pma_table_info`
--

CREATE TABLE IF NOT EXISTS `pma_table_info` (
  `db_name` varchar(64) COLLATE utf8_bin NOT NULL DEFAULT '',
  `table_name` varchar(64) COLLATE utf8_bin NOT NULL DEFAULT '',
  `display_field` varchar(64) COLLATE utf8_bin NOT NULL DEFAULT ''
) ENGINE=MyISAM DEFAULT CHARSET=utf8 COLLATE=utf8_bin COMMENT='Table information for phpMyAdmin';

-- --------------------------------------------------------

--
-- Table structure for table `pma_table_uiprefs`
--

CREATE TABLE IF NOT EXISTS `pma_table_uiprefs` (
  `username` varchar(64) COLLATE utf8_bin NOT NULL,
  `db_name` varchar(64) COLLATE utf8_bin NOT NULL,
  `table_name` varchar(64) COLLATE utf8_bin NOT NULL,
  `prefs` text COLLATE utf8_bin NOT NULL,
  `last_update` timestamp NOT NULL DEFAULT CURRENT_TIMESTAMP ON UPDATE CURRENT_TIMESTAMP
) ENGINE=MyISAM DEFAULT CHARSET=utf8 COLLATE=utf8_bin COMMENT='Tables'' UI preferences';

--
-- Dumping data for table `pma_table_uiprefs`
--

INSERT INTO `pma_table_uiprefs` (`username`, `db_name`, `table_name`, `prefs`, `last_update`) VALUES
('root', 'db_sipelas', 'students', '{"sorted_col":"`value` ASC"}', '2017-09-06 05:19:52');

-- --------------------------------------------------------

--
-- Table structure for table `pma_tracking`
--

CREATE TABLE IF NOT EXISTS `pma_tracking` (
  `db_name` varchar(64) COLLATE utf8_bin NOT NULL,
  `table_name` varchar(64) COLLATE utf8_bin NOT NULL,
  `version` int(10) unsigned NOT NULL,
  `date_created` datetime NOT NULL,
  `date_updated` datetime NOT NULL,
  `schema_snapshot` text COLLATE utf8_bin NOT NULL,
  `schema_sql` text COLLATE utf8_bin,
  `data_sql` longtext COLLATE utf8_bin,
  `tracking` set('UPDATE','REPLACE','INSERT','DELETE','TRUNCATE','CREATE DATABASE','ALTER DATABASE','DROP DATABASE','CREATE TABLE','ALTER TABLE','RENAME TABLE','DROP TABLE','CREATE INDEX','DROP INDEX','CREATE VIEW','ALTER VIEW','DROP VIEW') COLLATE utf8_bin DEFAULT NULL,
  `tracking_active` int(1) unsigned NOT NULL DEFAULT '1'
) ENGINE=MyISAM DEFAULT CHARSET=utf8 COLLATE=utf8_bin ROW_FORMAT=COMPACT COMMENT='Database changes tracking for phpMyAdmin';

-- --------------------------------------------------------

--
-- Table structure for table `pma_userconfig`
--

CREATE TABLE IF NOT EXISTS `pma_userconfig` (
  `username` varchar(64) COLLATE utf8_bin NOT NULL,
  `timevalue` timestamp NOT NULL DEFAULT CURRENT_TIMESTAMP ON UPDATE CURRENT_TIMESTAMP,
  `config_data` text COLLATE utf8_bin NOT NULL
) ENGINE=MyISAM DEFAULT CHARSET=utf8 COLLATE=utf8_bin COMMENT='User preferences storage for phpMyAdmin';

--
-- Dumping data for table `pma_userconfig`
--

INSERT INTO `pma_userconfig` (`username`, `timevalue`, `config_data`) VALUES
('root', '2017-01-18 04:05:17', '{"collation_connection":"utf8mb4_unicode_ci"}');

-- --------------------------------------------------------

--
-- Table structure for table `pma_usergroups`
--

CREATE TABLE IF NOT EXISTS `pma_usergroups` (
  `usergroup` varchar(64) COLLATE utf8_bin NOT NULL,
  `tab` varchar(64) COLLATE utf8_bin NOT NULL,
  `allowed` enum('Y','N') COLLATE utf8_bin NOT NULL DEFAULT 'N'
) ENGINE=InnoDB DEFAULT CHARSET=utf8 COLLATE=utf8_bin COMMENT='User groups with configured menu items';

-- --------------------------------------------------------

--
-- Table structure for table `pma_users`
--

CREATE TABLE IF NOT EXISTS `pma_users` (
  `username` varchar(64) COLLATE utf8_bin NOT NULL,
  `usergroup` varchar(64) COLLATE utf8_bin NOT NULL
) ENGINE=InnoDB DEFAULT CHARSET=utf8 COLLATE=utf8_bin COMMENT='Users and their assignments to user groups';

--
-- Indexes for dumped tables
--

--
-- Indexes for table `pma__bookmark`
--
ALTER TABLE `pma__bookmark`
  ADD PRIMARY KEY (`id`);

--
-- Indexes for table `pma__central_columns`
--
ALTER TABLE `pma__central_columns`
  ADD PRIMARY KEY (`db_name`,`col_name`);

--
-- Indexes for table `pma__column_info`
--
ALTER TABLE `pma__column_info`
  ADD PRIMARY KEY (`id`), ADD UNIQUE KEY `db_name` (`db_name`,`table_name`,`column_name`);

--
-- Indexes for table `pma__designer_settings`
--
ALTER TABLE `pma__designer_settings`
  ADD PRIMARY KEY (`username`);

--
-- Indexes for table `pma__export_templates`
--
ALTER TABLE `pma__export_templates`
  ADD PRIMARY KEY (`id`), ADD UNIQUE KEY `u_user_type_template` (`username`,`export_type`,`template_name`);

--
-- Indexes for table `pma__favorite`
--
ALTER TABLE `pma__favorite`
  ADD PRIMARY KEY (`username`);

--
-- Indexes for table `pma__history`
--
ALTER TABLE `pma__history`
  ADD PRIMARY KEY (`id`), ADD KEY `username` (`username`,`db`,`table`,`timevalue`);

--
-- Indexes for table `pma__navigationhiding`
--
ALTER TABLE `pma__navigationhiding`
  ADD PRIMARY KEY (`username`,`item_name`,`item_type`,`db_name`,`table_name`);

--
-- Indexes for table `pma__pdf_pages`
--
ALTER TABLE `pma__pdf_pages`
  ADD PRIMARY KEY (`page_nr`), ADD KEY `db_name` (`db_name`);

--
-- Indexes for table `pma__recent`
--
ALTER TABLE `pma__recent`
  ADD PRIMARY KEY (`username`);

--
-- Indexes for table `pma__relation`
--
ALTER TABLE `pma__relation`
  ADD PRIMARY KEY (`master_db`,`master_table`,`master_field`), ADD KEY `foreign_field` (`foreign_db`,`foreign_table`);

--
-- Indexes for table `pma__savedsearches`
--
ALTER TABLE `pma__savedsearches`
  ADD PRIMARY KEY (`id`), ADD UNIQUE KEY `u_savedsearches_username_dbname` (`username`,`db_name`,`search_name`);

--
-- Indexes for table `pma__table_coords`
--
ALTER TABLE `pma__table_coords`
  ADD PRIMARY KEY (`db_name`,`table_name`,`pdf_page_number`);

--
-- Indexes for table `pma__table_info`
--
ALTER TABLE `pma__table_info`
  ADD PRIMARY KEY (`db_name`,`table_name`);

--
-- Indexes for table `pma__table_uiprefs`
--
ALTER TABLE `pma__table_uiprefs`
  ADD PRIMARY KEY (`username`,`db_name`,`table_name`);

--
-- Indexes for table `pma__tracking`
--
ALTER TABLE `pma__tracking`
  ADD PRIMARY KEY (`db_name`,`table_name`,`version`);

--
-- Indexes for table `pma__userconfig`
--
ALTER TABLE `pma__userconfig`
  ADD PRIMARY KEY (`username`);

--
-- Indexes for table `pma__usergroups`
--
ALTER TABLE `pma__usergroups`
  ADD PRIMARY KEY (`usergroup`,`tab`,`allowed`);

--
-- Indexes for table `pma__users`
--
ALTER TABLE `pma__users`
  ADD PRIMARY KEY (`username`,`usergroup`);

--
-- Indexes for table `pma_bookmark`
--
ALTER TABLE `pma_bookmark`
  ADD PRIMARY KEY (`id`);

--
-- Indexes for table `pma_column_info`
--
ALTER TABLE `pma_column_info`
  ADD PRIMARY KEY (`id`), ADD UNIQUE KEY `db_name` (`db_name`,`table_name`,`column_name`);

--
-- Indexes for table `pma_designer_coords`
--
ALTER TABLE `pma_designer_coords`
  ADD PRIMARY KEY (`db_name`,`table_name`);

--
-- Indexes for table `pma_history`
--
ALTER TABLE `pma_history`
  ADD PRIMARY KEY (`id`), ADD KEY `username` (`username`,`db`,`table`,`timevalue`);

--
-- Indexes for table `pma_navigationhiding`
--
ALTER TABLE `pma_navigationhiding`
  ADD PRIMARY KEY (`username`,`item_name`,`item_type`,`db_name`,`table_name`);

--
-- Indexes for table `pma_pdf_pages`
--
ALTER TABLE `pma_pdf_pages`
  ADD PRIMARY KEY (`page_nr`), ADD KEY `db_name` (`db_name`);

--
-- Indexes for table `pma_recent`
--
ALTER TABLE `pma_recent`
  ADD PRIMARY KEY (`username`);

--
-- Indexes for table `pma_relation`
--
ALTER TABLE `pma_relation`
  ADD PRIMARY KEY (`master_db`,`master_table`,`master_field`), ADD KEY `foreign_field` (`foreign_db`,`foreign_table`);

--
-- Indexes for table `pma_savedsearches`
--
ALTER TABLE `pma_savedsearches`
  ADD PRIMARY KEY (`id`), ADD UNIQUE KEY `u_savedsearches_username_dbname` (`username`,`db_name`,`search_name`);

--
-- Indexes for table `pma_table_coords`
--
ALTER TABLE `pma_table_coords`
  ADD PRIMARY KEY (`db_name`,`table_name`,`pdf_page_number`);

--
-- Indexes for table `pma_table_info`
--
ALTER TABLE `pma_table_info`
  ADD PRIMARY KEY (`db_name`,`table_name`);

--
-- Indexes for table `pma_table_uiprefs`
--
ALTER TABLE `pma_table_uiprefs`
  ADD PRIMARY KEY (`username`,`db_name`,`table_name`);

--
-- Indexes for table `pma_tracking`
--
ALTER TABLE `pma_tracking`
  ADD PRIMARY KEY (`db_name`,`table_name`,`version`);

--
-- Indexes for table `pma_userconfig`
--
ALTER TABLE `pma_userconfig`
  ADD PRIMARY KEY (`username`);

--
-- Indexes for table `pma_usergroups`
--
ALTER TABLE `pma_usergroups`
  ADD PRIMARY KEY (`usergroup`,`tab`,`allowed`);

--
-- Indexes for table `pma_users`
--
ALTER TABLE `pma_users`
  ADD PRIMARY KEY (`username`,`usergroup`);

--
-- AUTO_INCREMENT for dumped tables
--

--
-- AUTO_INCREMENT for table `pma__bookmark`
--
ALTER TABLE `pma__bookmark`
  MODIFY `id` int(11) NOT NULL AUTO_INCREMENT;
--
-- AUTO_INCREMENT for table `pma__column_info`
--
ALTER TABLE `pma__column_info`
  MODIFY `id` int(5) unsigned NOT NULL AUTO_INCREMENT;
--
-- AUTO_INCREMENT for table `pma__export_templates`
--
ALTER TABLE `pma__export_templates`
  MODIFY `id` int(5) unsigned NOT NULL AUTO_INCREMENT,AUTO_INCREMENT=8;
--
-- AUTO_INCREMENT for table `pma__history`
--
ALTER TABLE `pma__history`
  MODIFY `id` bigint(20) unsigned NOT NULL AUTO_INCREMENT;
--
-- AUTO_INCREMENT for table `pma__pdf_pages`
--
ALTER TABLE `pma__pdf_pages`
  MODIFY `page_nr` int(10) unsigned NOT NULL AUTO_INCREMENT,AUTO_INCREMENT=3;
--
-- AUTO_INCREMENT for table `pma__savedsearches`
--
ALTER TABLE `pma__savedsearches`
  MODIFY `id` int(5) unsigned NOT NULL AUTO_INCREMENT;
--
-- AUTO_INCREMENT for table `pma_bookmark`
--
ALTER TABLE `pma_bookmark`
  MODIFY `id` int(11) NOT NULL AUTO_INCREMENT;
--
-- AUTO_INCREMENT for table `pma_column_info`
--
ALTER TABLE `pma_column_info`
  MODIFY `id` int(5) unsigned NOT NULL AUTO_INCREMENT;
--
-- AUTO_INCREMENT for table `pma_history`
--
ALTER TABLE `pma_history`
  MODIFY `id` bigint(20) unsigned NOT NULL AUTO_INCREMENT;
--
-- AUTO_INCREMENT for table `pma_pdf_pages`
--
ALTER TABLE `pma_pdf_pages`
  MODIFY `page_nr` int(10) unsigned NOT NULL AUTO_INCREMENT,AUTO_INCREMENT=2;
--
-- AUTO_INCREMENT for table `pma_savedsearches`
--
ALTER TABLE `pma_savedsearches`
  MODIFY `id` int(5) unsigned NOT NULL AUTO_INCREMENT;--
-- Database: `project_spk`
--

-- --------------------------------------------------------

--
-- Table structure for table `data_siswa`
--

CREATE TABLE IF NOT EXISTS `data_siswa` (
  `id` int(10) unsigned NOT NULL,
  `nama` varchar(255) COLLATE utf8_unicode_ci NOT NULL,
  `nim` double NOT NULL,
  `ipk` double NOT NULL,
  `toefl` double NOT NULL,
  `prestasi` double NOT NULL,
  `created_at` timestamp NULL DEFAULT NULL,
  `updated_at` timestamp NULL DEFAULT NULL,
  `deleted_at` timestamp NULL DEFAULT NULL
) ENGINE=InnoDB AUTO_INCREMENT=4 DEFAULT CHARSET=utf8 COLLATE=utf8_unicode_ci;

--
-- Dumping data for table `data_siswa`
--

INSERT INTO `data_siswa` (`id`, `nama`, `nim`, `ipk`, `toefl`, `prestasi`, `created_at`, `updated_at`, `deleted_at`) VALUES
(1, 'Zulham Azwar Achmad', 5302414040, 4, 600, 36, '2017-06-11 20:36:33', '2017-06-11 20:36:33', NULL),
(2, 'Lailatul Khusna', 5302414017, 3.3, 450, 19, '2017-06-11 20:36:54', '2017-06-11 20:36:54', NULL),
(3, 'Ida Bagus Eka Suryana', 5302415060, 2.3, 250, 6, '2017-06-20 21:36:41', '2017-06-20 21:36:41', NULL);

-- --------------------------------------------------------

--
-- Table structure for table `migrations`
--

CREATE TABLE IF NOT EXISTS `migrations` (
  `id` int(10) unsigned NOT NULL,
  `migration` varchar(255) COLLATE utf8_unicode_ci NOT NULL,
  `batch` int(11) NOT NULL
) ENGINE=InnoDB AUTO_INCREMENT=5 DEFAULT CHARSET=utf8 COLLATE=utf8_unicode_ci;

--
-- Dumping data for table `migrations`
--

INSERT INTO `migrations` (`id`, `migration`, `batch`) VALUES
(1, '2014_10_12_000000_create_users_table', 1),
(2, '2014_10_12_100000_create_password_resets_table', 1),
(3, '2017_06_09_035933_create_data_siswa_table', 1),
(4, '2017_06_09_040012_create_perhitungan_data_siswa_table', 1);

-- --------------------------------------------------------

--
-- Table structure for table `password_resets`
--

CREATE TABLE IF NOT EXISTS `password_resets` (
  `email` varchar(255) COLLATE utf8_unicode_ci NOT NULL,
  `token` varchar(255) COLLATE utf8_unicode_ci NOT NULL,
  `created_at` timestamp NULL DEFAULT NULL
) ENGINE=InnoDB DEFAULT CHARSET=utf8 COLLATE=utf8_unicode_ci;

-- --------------------------------------------------------

--
-- Table structure for table `perhitungan_data_siswa`
--

CREATE TABLE IF NOT EXISTS `perhitungan_data_siswa` (
  `id` int(10) unsigned NOT NULL,
  `data_siswa_id` int(10) unsigned NOT NULL,
  `ipk_sedikit` double NOT NULL,
  `ipk_sedang` double NOT NULL,
  `ipk_banyak` double NOT NULL,
  `toefl_sedikit` double NOT NULL,
  `toefl_sedang` double NOT NULL,
  `toefl_banyak` double NOT NULL,
  `prestasi_sedikit` double NOT NULL,
  `prestasi_sedang` double NOT NULL,
  `prestasi_banyak` double NOT NULL,
  `created_at` timestamp NULL DEFAULT NULL,
  `updated_at` timestamp NULL DEFAULT NULL,
  `deleted_at` timestamp NULL DEFAULT NULL
) ENGINE=InnoDB AUTO_INCREMENT=4 DEFAULT CHARSET=utf8 COLLATE=utf8_unicode_ci;

--
-- Dumping data for table `perhitungan_data_siswa`
--

INSERT INTO `perhitungan_data_siswa` (`id`, `data_siswa_id`, `ipk_sedikit`, `ipk_sedang`, `ipk_banyak`, `toefl_sedikit`, `toefl_sedang`, `toefl_banyak`, `prestasi_sedikit`, `prestasi_sedang`, `prestasi_banyak`, `created_at`, `updated_at`, `deleted_at`) VALUES
(1, 1, 0, 0, 1, 0, 0, 1, 0, 0.56, 0.44, '2017-06-11 20:36:33', '2017-06-11 20:36:33', NULL),
(2, 2, 0, 0.6666666666666676, 0.33333333333333237, 0, 0.5, 0.5, 0.6, 0.4, 0, '2017-06-11 20:36:54', '2017-06-11 20:36:54', NULL),
(3, 3, 1, 0, 0, 1, 0, 0, 1, 0, 0, '2017-06-20 21:36:41', '2017-06-20 21:36:41', NULL);

-- --------------------------------------------------------

--
-- Table structure for table `users`
--

CREATE TABLE IF NOT EXISTS `users` (
  `id` int(10) unsigned NOT NULL,
  `name` varchar(255) COLLATE utf8_unicode_ci NOT NULL,
  `email` varchar(255) COLLATE utf8_unicode_ci NOT NULL,
  `password` varchar(255) COLLATE utf8_unicode_ci NOT NULL,
  `remember_token` varchar(100) COLLATE utf8_unicode_ci DEFAULT NULL,
  `created_at` timestamp NULL DEFAULT NULL,
  `updated_at` timestamp NULL DEFAULT NULL
) ENGINE=InnoDB AUTO_INCREMENT=2 DEFAULT CHARSET=utf8 COLLATE=utf8_unicode_ci;

--
-- Dumping data for table `users`
--

INSERT INTO `users` (`id`, `name`, `email`, `password`, `remember_token`, `created_at`, `updated_at`) VALUES
(1, 'Zulham', 'asegaf@ymail.com', '$2y$10$tw8DgpSxoWDolBNLZhiMVeVElZc6ws.nCqjJQLPuNO6nrfVLqfLJi', 'GOdnoLl9csctSJpGxN6hxNel9IjBjIXzzjIg6S3xLvOUuAEuKy1PJbtZQuBb', '2017-06-08 21:32:52', '2017-06-08 21:32:52');

--
-- Indexes for dumped tables
--

--
-- Indexes for table `data_siswa`
--
ALTER TABLE `data_siswa`
  ADD PRIMARY KEY (`id`);

--
-- Indexes for table `migrations`
--
ALTER TABLE `migrations`
  ADD PRIMARY KEY (`id`);

--
-- Indexes for table `password_resets`
--
ALTER TABLE `password_resets`
  ADD KEY `password_resets_email_index` (`email`);

--
-- Indexes for table `perhitungan_data_siswa`
--
ALTER TABLE `perhitungan_data_siswa`
  ADD PRIMARY KEY (`id`), ADD KEY `perhitungan_data_siswa_data_siswa_id_foreign` (`data_siswa_id`);

--
-- Indexes for table `users`
--
ALTER TABLE `users`
  ADD PRIMARY KEY (`id`), ADD UNIQUE KEY `users_email_unique` (`email`);

--
-- AUTO_INCREMENT for dumped tables
--

--
-- AUTO_INCREMENT for table `data_siswa`
--
ALTER TABLE `data_siswa`
  MODIFY `id` int(10) unsigned NOT NULL AUTO_INCREMENT,AUTO_INCREMENT=4;
--
-- AUTO_INCREMENT for table `migrations`
--
ALTER TABLE `migrations`
  MODIFY `id` int(10) unsigned NOT NULL AUTO_INCREMENT,AUTO_INCREMENT=5;
--
-- AUTO_INCREMENT for table `perhitungan_data_siswa`
--
ALTER TABLE `perhitungan_data_siswa`
  MODIFY `id` int(10) unsigned NOT NULL AUTO_INCREMENT,AUTO_INCREMENT=4;
--
-- AUTO_INCREMENT for table `users`
--
ALTER TABLE `users`
  MODIFY `id` int(10) unsigned NOT NULL AUTO_INCREMENT,AUTO_INCREMENT=2;
--
-- Constraints for dumped tables
--

--
-- Constraints for table `perhitungan_data_siswa`
--
ALTER TABLE `perhitungan_data_siswa`
ADD CONSTRAINT `perhitungan_data_siswa_data_siswa_id_foreign` FOREIGN KEY (`data_siswa_id`) REFERENCES `data_siswa` (`id`) ON DELETE CASCADE ON UPDATE CASCADE;
--
-- Database: `restu_perpus`
--

-- --------------------------------------------------------

--
-- Table structure for table `pinjam`
--

CREATE TABLE IF NOT EXISTS `pinjam` (
  `id_pinjam` int(11) NOT NULL,
  `nama` varchar(120) NOT NULL,
  `tgl_pinjam` date NOT NULL,
  `batas_pinjam` date DEFAULT NULL,
  `tgl_kembali` date DEFAULT NULL,
  `denda` varchar(120) NOT NULL
) ENGINE=InnoDB AUTO_INCREMENT=11 DEFAULT CHARSET=latin1;

--
-- Dumping data for table `pinjam`
--

INSERT INTO `pinjam` (`id_pinjam`, `nama`, `tgl_pinjam`, `batas_pinjam`, `tgl_kembali`, `denda`) VALUES
(2, 'Logika', '2016-12-25', '2017-01-01', '2016-12-25', 'Anda tidak dikenakan denda'),
(3, 'Matematika SMK', '2016-12-25', '2017-01-01', '2016-12-25', 'Anda tidak dikenakan denda'),
(6, 'Biologi SMK 3', '2016-12-25', '2017-01-01', '2016-12-25', 'Anda tidak dikenakan denda'),
(9, 'Kimia SMA 3', '2016-12-25', '2017-01-01', '2016-12-25', 'Anda tidak dikenakan denda'),
(10, 'Pedoman PKM 2016', '2016-12-26', '2017-01-02', '2016-12-26', 'Anda tidak dikenakan denda');

--
-- Indexes for dumped tables
--

--
-- Indexes for table `pinjam`
--
ALTER TABLE `pinjam`
  ADD PRIMARY KEY (`id_pinjam`);

--
-- AUTO_INCREMENT for dumped tables
--

--
-- AUTO_INCREMENT for table `pinjam`
--
ALTER TABLE `pinjam`
  MODIFY `id_pinjam` int(11) NOT NULL AUTO_INCREMENT,AUTO_INCREMENT=11;--
-- Database: `session`
--

-- --------------------------------------------------------

--
-- Table structure for table `user`
--

CREATE TABLE IF NOT EXISTS `user` (
  `id_user` int(11) NOT NULL,
  `username` varchar(200) NOT NULL,
  `password` varchar(200) NOT NULL
) ENGINE=InnoDB AUTO_INCREMENT=3 DEFAULT CHARSET=latin1;

--
-- Dumping data for table `user`
--

INSERT INTO `user` (`id_user`, `username`, `password`) VALUES
(1, 'zulham', 'aamgaul'),
(2, 'ela', 'khusna2103');

--
-- Indexes for dumped tables
--

--
-- Indexes for table `user`
--
ALTER TABLE `user`
  ADD PRIMARY KEY (`id_user`);

--
-- AUTO_INCREMENT for dumped tables
--

--
-- AUTO_INCREMENT for table `user`
--
ALTER TABLE `user`
  MODIFY `id_user` int(11) NOT NULL AUTO_INCREMENT,AUTO_INCREMENT=3;--
-- Database: `sikemah`
--

-- --------------------------------------------------------

--
-- Table structure for table `kebutuhan`
--

CREATE TABLE IF NOT EXISTS `kebutuhan` (
  `idkebutuhan` int(8) NOT NULL,
  `jenis_kas` varchar(15) COLLATE latin1_general_ci NOT NULL,
  `kategori` varchar(25) COLLATE latin1_general_ci NOT NULL
) ENGINE=MyISAM DEFAULT CHARSET=latin1 COLLATE=latin1_general_ci;

--
-- Dumping data for table `kebutuhan`
--

INSERT INTO `kebutuhan` (`idkebutuhan`, `jenis_kas`, `kategori`) VALUES
(1, 'Pemasukan', 'Pemasukan Orang tua'),
(2, 'Pemasukan', 'Pemasukan dari Gaji'),
(3, 'Pemasukan', 'Pinjaman atau Hutang'),
(4, 'Pemasukan', 'Pemasukan Lain-lain'),
(5, 'Pengeluaran', 'Biaya Semester Kuliah'),
(6, 'Pengeluaran', 'Pendukung Kuliah'),
(7, 'Pengeluaran', 'Kost'),
(8, 'Pengeluaran', 'Makan/Jajan'),
(9, 'Pengeluaran', 'Biaya Pacaran'),
(10, 'Pengeluaran', 'Pengeluaran Lain-lain');

-- --------------------------------------------------------

--
-- Table structure for table `mahasiswa`
--

CREATE TABLE IF NOT EXISTS `mahasiswa` (
  `username` varchar(8) COLLATE latin1_general_ci NOT NULL,
  `nama` varchar(25) COLLATE latin1_general_ci NOT NULL,
  `nama_kampus` varchar(25) COLLATE latin1_general_ci NOT NULL,
  `email` varchar(35) COLLATE latin1_general_ci NOT NULL,
  `notelp` varchar(12) COLLATE latin1_general_ci NOT NULL,
  `password` varchar(40) COLLATE latin1_general_ci NOT NULL
) ENGINE=MyISAM DEFAULT CHARSET=latin1 COLLATE=latin1_general_ci;

--
-- Dumping data for table `mahasiswa`
--

INSERT INTO `mahasiswa` (`username`, `nama`, `nama_kampus`, `email`, `notelp`, `password`) VALUES
('fauzi', 'akhmad fauzi', 'Univ. Gunadarma', 'akhfauz@gmail.com', '092929292', 'c4ca4238a0b923820dcc509a6f75849b'),
('coba', 'coba', 'gunadarma', 'asasa', '9090', 'c4ca4238a0b923820dcc509a6f75849b'),
('aam', 'zulham', 'unnes', 'asegaf@ymail.com', '085', 'aamgaul');

-- --------------------------------------------------------

--
-- Table structure for table `pencatatan`
--

CREATE TABLE IF NOT EXISTS `pencatatan` (
  `idcatat` int(11) NOT NULL,
  `username` varchar(8) COLLATE latin1_general_ci NOT NULL,
  `waktu` date NOT NULL,
  `idkebutuhan` int(8) NOT NULL,
  `ket` varchar(15) COLLATE latin1_general_ci NOT NULL,
  `jumlah_uang` bigint(20) NOT NULL
) ENGINE=MyISAM AUTO_INCREMENT=8 DEFAULT CHARSET=latin1 COLLATE=latin1_general_ci;

--
-- Dumping data for table `pencatatan`
--

INSERT INTO `pencatatan` (`idcatat`, `username`, `waktu`, `idkebutuhan`, `ket`, `jumlah_uang`) VALUES
(1, 'fauzi', '2012-06-02', 2, 'asdas', 3000),
(2, 'fauzi', '2012-06-02', 8, 'dscds', 400),
(3, 'fauzi', '2012-06-02', 6, 'anak muda', 1000),
(6, 'fauzi', '2012-06-03', 5, 'sad', 22);

--
-- Indexes for dumped tables
--

--
-- Indexes for table `kebutuhan`
--
ALTER TABLE `kebutuhan`
  ADD PRIMARY KEY (`idkebutuhan`);

--
-- Indexes for table `mahasiswa`
--
ALTER TABLE `mahasiswa`
  ADD PRIMARY KEY (`username`);

--
-- Indexes for table `pencatatan`
--
ALTER TABLE `pencatatan`
  ADD PRIMARY KEY (`idcatat`);

--
-- AUTO_INCREMENT for dumped tables
--

--
-- AUTO_INCREMENT for table `pencatatan`
--
ALTER TABLE `pencatatan`
  MODIFY `idcatat` int(11) NOT NULL AUTO_INCREMENT,AUTO_INCREMENT=8;--
-- Database: `simas`
--

-- --------------------------------------------------------

--
-- Table structure for table `kegiatan`
--

CREATE TABLE IF NOT EXISTS `kegiatan` (
  `id` int(10) unsigned NOT NULL,
  `kegiatan` varchar(255) COLLATE utf8_unicode_ci NOT NULL,
  `created_at` timestamp NULL DEFAULT NULL,
  `updated_at` timestamp NULL DEFAULT NULL,
  `deleted_at` timestamp NULL DEFAULT NULL
) ENGINE=InnoDB AUTO_INCREMENT=8 DEFAULT CHARSET=utf8 COLLATE=utf8_unicode_ci;

--
-- Dumping data for table `kegiatan`
--

INSERT INTO `kegiatan` (`id`, `kegiatan`, `created_at`, `updated_at`, `deleted_at`) VALUES
(2, 'Sensus Ekonomi 2011', '2017-06-18 19:35:21', '2017-06-18 19:35:21', NULL),
(3, 'Sensus Penduduk 2011', '2017-06-18 19:35:38', '2017-06-18 19:35:38', NULL),
(4, 'Sensus Makanan 2010', '2017-06-20 22:44:31', '2017-06-20 22:44:31', NULL),
(6, 'Sensus Minuman 2017', '2017-06-26 19:06:51', '2017-06-26 19:09:38', NULL),
(7, 'Sensus Cantik 2017', '2017-07-03 06:32:26', '2017-07-03 06:32:26', NULL);

-- --------------------------------------------------------

--
-- Table structure for table `migrations`
--

CREATE TABLE IF NOT EXISTS `migrations` (
  `id` int(10) unsigned NOT NULL,
  `migration` varchar(255) COLLATE utf8_unicode_ci NOT NULL,
  `batch` int(11) NOT NULL
) ENGINE=InnoDB AUTO_INCREMENT=6 DEFAULT CHARSET=utf8 COLLATE=utf8_unicode_ci;

--
-- Dumping data for table `migrations`
--

INSERT INTO `migrations` (`id`, `migration`, `batch`) VALUES
(1, '2014_10_12_000000_create_users_table', 1),
(2, '2014_10_12_100000_create_password_resets_table', 1),
(3, '2017_06_18_160223_create_mitra_table', 1),
(4, '2017_06_18_160257_create_kegiatan_table', 1),
(5, '2017_06_18_160324_create_statistik_table', 1);

-- --------------------------------------------------------

--
-- Table structure for table `mitra`
--

CREATE TABLE IF NOT EXISTS `mitra` (
  `id` int(10) unsigned NOT NULL,
  `nama` varchar(255) COLLATE utf8_unicode_ci NOT NULL,
  `nik` bigint(100) NOT NULL,
  `created_at` timestamp NULL DEFAULT NULL,
  `updated_at` timestamp NULL DEFAULT NULL,
  `deleted_at` timestamp NULL DEFAULT NULL
) ENGINE=InnoDB AUTO_INCREMENT=4 DEFAULT CHARSET=utf8 COLLATE=utf8_unicode_ci;

--
-- Dumping data for table `mitra`
--

INSERT INTO `mitra` (`id`, `nama`, `nik`, `created_at`, `updated_at`, `deleted_at`) VALUES
(1, 'Zulham Azwar Achmad', 5302414040, '2017-06-19 08:11:13', '2017-06-19 08:11:13', NULL),
(2, 'Eka Lailatus Sofa', 539211372, '2017-06-20 22:44:58', '2017-06-26 19:27:12', NULL),
(3, 'Yunianti Eka', 5302414008, '2017-07-03 06:33:10', '2017-07-03 06:33:10', NULL);

-- --------------------------------------------------------

--
-- Table structure for table `password_resets`
--

CREATE TABLE IF NOT EXISTS `password_resets` (
  `email` varchar(255) COLLATE utf8_unicode_ci NOT NULL,
  `token` varchar(255) COLLATE utf8_unicode_ci NOT NULL,
  `created_at` timestamp NULL DEFAULT NULL
) ENGINE=InnoDB DEFAULT CHARSET=utf8 COLLATE=utf8_unicode_ci;

-- --------------------------------------------------------

--
-- Table structure for table `statistik`
--

CREATE TABLE IF NOT EXISTS `statistik` (
  `id` int(10) unsigned NOT NULL,
  `mitra_id` int(10) unsigned NOT NULL,
  `kegiatan_id` int(10) unsigned NOT NULL,
  `value` int(11) NOT NULL,
  `created_at` timestamp NULL DEFAULT NULL,
  `updated_at` timestamp NULL DEFAULT NULL,
  `deleted_at` timestamp NULL DEFAULT NULL
) ENGINE=InnoDB AUTO_INCREMENT=7 DEFAULT CHARSET=utf8 COLLATE=utf8_unicode_ci;

--
-- Dumping data for table `statistik`
--

INSERT INTO `statistik` (`id`, `mitra_id`, `kegiatan_id`, `value`, `created_at`, `updated_at`, `deleted_at`) VALUES
(1, 1, 2, 9, '2017-06-19 08:15:44', '2017-06-19 08:15:44', NULL),
(2, 1, 3, 8, '2017-06-19 08:15:44', '2017-06-19 08:15:44', NULL),
(3, 2, 4, 9, '2017-06-20 22:44:58', '2017-06-20 22:44:58', NULL),
(4, 2, 3, 6, '2017-06-20 22:44:58', '2017-06-20 22:44:58', NULL),
(5, 3, 7, 9, '2017-07-03 06:33:10', '2017-07-03 06:33:10', NULL),
(6, 3, 4, 6, '2017-07-03 06:33:10', '2017-07-03 06:33:10', NULL);

-- --------------------------------------------------------

--
-- Table structure for table `users`
--

CREATE TABLE IF NOT EXISTS `users` (
  `id` int(10) unsigned NOT NULL,
  `name` varchar(255) COLLATE utf8_unicode_ci NOT NULL,
  `email` varchar(255) COLLATE utf8_unicode_ci NOT NULL,
  `password` varchar(255) COLLATE utf8_unicode_ci NOT NULL,
  `remember_token` varchar(100) COLLATE utf8_unicode_ci DEFAULT NULL,
  `created_at` timestamp NULL DEFAULT NULL,
  `updated_at` timestamp NULL DEFAULT NULL
) ENGINE=InnoDB AUTO_INCREMENT=2 DEFAULT CHARSET=utf8 COLLATE=utf8_unicode_ci;

--
-- Dumping data for table `users`
--

INSERT INTO `users` (`id`, `name`, `email`, `password`, `remember_token`, `created_at`, `updated_at`) VALUES
(1, 'Zulham', 'asegaf@ymail.com', '$2y$10$xuwdegrEpKlMnxl5SMe42u3m2B8pG9LilJeHVCs72WBbT1oYKSMYa', 'oseeJIM6nGoO4VH0xhmrDDtirkOmZXD825KWGi2X2IADyrvXsYK5AdtxaLM7', '2017-06-18 09:19:40', '2017-06-18 09:19:40');

--
-- Indexes for dumped tables
--

--
-- Indexes for table `kegiatan`
--
ALTER TABLE `kegiatan`
  ADD PRIMARY KEY (`id`);

--
-- Indexes for table `migrations`
--
ALTER TABLE `migrations`
  ADD PRIMARY KEY (`id`);

--
-- Indexes for table `mitra`
--
ALTER TABLE `mitra`
  ADD PRIMARY KEY (`id`), ADD UNIQUE KEY `nik` (`nik`);

--
-- Indexes for table `password_resets`
--
ALTER TABLE `password_resets`
  ADD KEY `password_resets_email_index` (`email`);

--
-- Indexes for table `statistik`
--
ALTER TABLE `statistik`
  ADD PRIMARY KEY (`id`), ADD KEY `statistik_mitra_id_foreign` (`mitra_id`), ADD KEY `statistik_kegiatan_id_foreign` (`kegiatan_id`);

--
-- Indexes for table `users`
--
ALTER TABLE `users`
  ADD PRIMARY KEY (`id`), ADD UNIQUE KEY `users_email_unique` (`email`);

--
-- AUTO_INCREMENT for dumped tables
--

--
-- AUTO_INCREMENT for table `kegiatan`
--
ALTER TABLE `kegiatan`
  MODIFY `id` int(10) unsigned NOT NULL AUTO_INCREMENT,AUTO_INCREMENT=8;
--
-- AUTO_INCREMENT for table `migrations`
--
ALTER TABLE `migrations`
  MODIFY `id` int(10) unsigned NOT NULL AUTO_INCREMENT,AUTO_INCREMENT=6;
--
-- AUTO_INCREMENT for table `mitra`
--
ALTER TABLE `mitra`
  MODIFY `id` int(10) unsigned NOT NULL AUTO_INCREMENT,AUTO_INCREMENT=4;
--
-- AUTO_INCREMENT for table `statistik`
--
ALTER TABLE `statistik`
  MODIFY `id` int(10) unsigned NOT NULL AUTO_INCREMENT,AUTO_INCREMENT=7;
--
-- AUTO_INCREMENT for table `users`
--
ALTER TABLE `users`
  MODIFY `id` int(10) unsigned NOT NULL AUTO_INCREMENT,AUTO_INCREMENT=2;
--
-- Constraints for dumped tables
--

--
-- Constraints for table `statistik`
--
ALTER TABLE `statistik`
ADD CONSTRAINT `statistik_kegiatan_id_foreign` FOREIGN KEY (`kegiatan_id`) REFERENCES `kegiatan` (`id`) ON DELETE CASCADE ON UPDATE CASCADE,
ADD CONSTRAINT `statistik_mitra_id_foreign` FOREIGN KEY (`mitra_id`) REFERENCES `mitra` (`id`) ON DELETE CASCADE ON UPDATE CASCADE;
--
-- Database: `siscerjobsheet`
--

-- --------------------------------------------------------

--
-- Table structure for table `datausahaobats`
--

CREATE TABLE IF NOT EXISTS `datausahaobats` (
  `id` int(10) unsigned NOT NULL,
  `namatoko` varchar(255) COLLATE utf8_unicode_ci NOT NULL,
  `penjualanObat` int(11) NOT NULL,
  `pendapatan` int(11) NOT NULL,
  `persediaan` int(11) NOT NULL,
  `created_at` timestamp NULL DEFAULT NULL,
  `updated_at` timestamp NULL DEFAULT NULL,
  `deleted_at` timestamp NULL DEFAULT NULL
) ENGINE=InnoDB AUTO_INCREMENT=7 DEFAULT CHARSET=utf8 COLLATE=utf8_unicode_ci;

--
-- Dumping data for table `datausahaobats`
--

INSERT INTO `datausahaobats` (`id`, `namatoko`, `penjualanObat`, `pendapatan`, `persediaan`, `created_at`, `updated_at`, `deleted_at`) VALUES
(3, 'Jaya', 55, 4000000, 35, '2017-05-02 21:55:51', '2017-05-02 21:55:51', NULL),
(4, 'Berjaya', 36, 6000000, 60, '2017-05-02 21:57:26', '2017-05-02 21:57:26', NULL),
(6, 'Zulham', 50, 4000000, 50, '2017-05-07 19:20:39', '2017-05-07 19:20:39', NULL);

-- --------------------------------------------------------

--
-- Table structure for table `migrations`
--

CREATE TABLE IF NOT EXISTS `migrations` (
  `id` int(10) unsigned NOT NULL,
  `migration` varchar(255) COLLATE utf8_unicode_ci NOT NULL,
  `batch` int(11) NOT NULL
) ENGINE=InnoDB AUTO_INCREMENT=5 DEFAULT CHARSET=utf8 COLLATE=utf8_unicode_ci;

--
-- Dumping data for table `migrations`
--

INSERT INTO `migrations` (`id`, `migration`, `batch`) VALUES
(1, '2014_10_12_000000_create_users_table', 1),
(2, '2014_10_12_100000_create_password_resets_table', 1),
(3, '2017_04_27_134555_tableDataUsahaObat', 1),
(4, '2017_04_27_134614_tablePerhitunganUsahaObat', 1);

-- --------------------------------------------------------

--
-- Table structure for table `password_resets`
--

CREATE TABLE IF NOT EXISTS `password_resets` (
  `email` varchar(255) COLLATE utf8_unicode_ci NOT NULL,
  `token` varchar(255) COLLATE utf8_unicode_ci NOT NULL,
  `created_at` timestamp NULL DEFAULT NULL
) ENGINE=InnoDB DEFAULT CHARSET=utf8 COLLATE=utf8_unicode_ci;

-- --------------------------------------------------------

--
-- Table structure for table `perhitunganusahaobats`
--

CREATE TABLE IF NOT EXISTS `perhitunganusahaobats` (
  `id` int(10) unsigned NOT NULL,
  `id_usaha_obat` int(10) unsigned NOT NULL,
  `penjualanObatKurangLaku` double(8,2) NOT NULL,
  `penjualanObatLaku` double(8,2) NOT NULL,
  `penjualanObatLaris` double(8,2) NOT NULL,
  `pendapatanMenurun` double(8,2) NOT NULL,
  `pendapatanStatis` double(8,2) NOT NULL,
  `pendapatanMeningkat` double(8,2) NOT NULL,
  `persediaanBanyak` double(8,2) NOT NULL,
  `persediaanAda` double(8,2) NOT NULL,
  `persediaanSedikit` double(8,2) NOT NULL,
  `created_at` timestamp NULL DEFAULT NULL,
  `updated_at` timestamp NULL DEFAULT NULL
) ENGINE=InnoDB AUTO_INCREMENT=7 DEFAULT CHARSET=utf8 COLLATE=utf8_unicode_ci;

--
-- Dumping data for table `perhitunganusahaobats`
--

INSERT INTO `perhitunganusahaobats` (`id`, `id_usaha_obat`, `penjualanObatKurangLaku`, `penjualanObatLaku`, `penjualanObatLaris`, `pendapatanMenurun`, `pendapatanStatis`, `pendapatanMeningkat`, `persediaanBanyak`, `persediaanAda`, `persediaanSedikit`, `created_at`, `updated_at`) VALUES
(3, 3, 0.00, 0.80, 0.20, 0.50, 0.50, 0.00, 0.60, 0.40, 0.00, '2017-05-02 21:55:51', '2017-05-02 21:55:51'),
(4, 4, 0.56, 0.44, 0.00, 0.00, 0.60, 0.40, 0.00, 0.60, 0.40, '2017-05-02 21:57:26', '2017-05-02 21:57:26'),
(6, 6, 0.00, 1.00, 0.00, 0.50, 0.50, 0.00, 0.00, 1.00, 0.00, '2017-05-07 19:20:40', '2017-05-07 19:20:40');

-- --------------------------------------------------------

--
-- Table structure for table `users`
--

CREATE TABLE IF NOT EXISTS `users` (
  `id` int(10) unsigned NOT NULL,
  `name` varchar(255) COLLATE utf8_unicode_ci NOT NULL,
  `email` varchar(255) COLLATE utf8_unicode_ci NOT NULL,
  `password` varchar(255) COLLATE utf8_unicode_ci NOT NULL,
  `remember_token` varchar(100) COLLATE utf8_unicode_ci DEFAULT NULL,
  `created_at` timestamp NULL DEFAULT NULL,
  `updated_at` timestamp NULL DEFAULT NULL
) ENGINE=InnoDB AUTO_INCREMENT=2 DEFAULT CHARSET=utf8 COLLATE=utf8_unicode_ci;

--
-- Dumping data for table `users`
--

INSERT INTO `users` (`id`, `name`, `email`, `password`, `remember_token`, `created_at`, `updated_at`) VALUES
(1, 'Zulham', 'zulham724@gmail.com', '$2y$10$Z6Zy9WMDbjBdxG.gEFD.V.Jm2bSPpicksg3VRYZQHicSqKsF1SB0W', NULL, '2017-05-01 02:58:05', '2017-05-01 02:58:05');

--
-- Indexes for dumped tables
--

--
-- Indexes for table `datausahaobats`
--
ALTER TABLE `datausahaobats`
  ADD PRIMARY KEY (`id`);

--
-- Indexes for table `migrations`
--
ALTER TABLE `migrations`
  ADD PRIMARY KEY (`id`);

--
-- Indexes for table `password_resets`
--
ALTER TABLE `password_resets`
  ADD KEY `password_resets_email_index` (`email`);

--
-- Indexes for table `perhitunganusahaobats`
--
ALTER TABLE `perhitunganusahaobats`
  ADD PRIMARY KEY (`id`), ADD KEY `perhitunganusahaobats_id_usaha_obat_foreign` (`id_usaha_obat`);

--
-- Indexes for table `users`
--
ALTER TABLE `users`
  ADD PRIMARY KEY (`id`), ADD UNIQUE KEY `users_email_unique` (`email`);

--
-- AUTO_INCREMENT for dumped tables
--

--
-- AUTO_INCREMENT for table `datausahaobats`
--
ALTER TABLE `datausahaobats`
  MODIFY `id` int(10) unsigned NOT NULL AUTO_INCREMENT,AUTO_INCREMENT=7;
--
-- AUTO_INCREMENT for table `migrations`
--
ALTER TABLE `migrations`
  MODIFY `id` int(10) unsigned NOT NULL AUTO_INCREMENT,AUTO_INCREMENT=5;
--
-- AUTO_INCREMENT for table `perhitunganusahaobats`
--
ALTER TABLE `perhitunganusahaobats`
  MODIFY `id` int(10) unsigned NOT NULL AUTO_INCREMENT,AUTO_INCREMENT=7;
--
-- AUTO_INCREMENT for table `users`
--
ALTER TABLE `users`
  MODIFY `id` int(10) unsigned NOT NULL AUTO_INCREMENT,AUTO_INCREMENT=2;
--
-- Constraints for dumped tables
--

--
-- Constraints for table `perhitunganusahaobats`
--
ALTER TABLE `perhitunganusahaobats`
ADD CONSTRAINT `perhitunganusahaobats_id_usaha_obat_foreign` FOREIGN KEY (`id_usaha_obat`) REFERENCES `datausahaobats` (`id`) ON DELETE CASCADE ON UPDATE CASCADE;
--
-- Database: `siscerlaila`
--

-- --------------------------------------------------------

--
-- Table structure for table `data_lembagas`
--

CREATE TABLE IF NOT EXISTS `data_lembagas` (
  `id` int(10) unsigned NOT NULL,
  `nama_lembaga` varchar(255) COLLATE utf8_unicode_ci NOT NULL,
  `banyak_program` int(11) NOT NULL,
  `biaya` int(11) NOT NULL,
  `created_at` timestamp NULL DEFAULT NULL,
  `updated_at` timestamp NULL DEFAULT NULL,
  `deleted_at` timestamp NULL DEFAULT NULL
) ENGINE=InnoDB AUTO_INCREMENT=3 DEFAULT CHARSET=utf8 COLLATE=utf8_unicode_ci;

--
-- Dumping data for table `data_lembagas`
--

INSERT INTO `data_lembagas` (`id`, `nama_lembaga`, `banyak_program`, `biaya`, `created_at`, `updated_at`, `deleted_at`) VALUES
(1, 'Haha', 4, 80000, '2017-05-03 22:25:00', '2017-05-03 22:25:00', NULL),
(2, 'Haha', 4, 80000, '2017-05-03 22:25:50', '2017-05-03 22:25:50', NULL);

-- --------------------------------------------------------

--
-- Table structure for table `hitung_data_lembagas`
--

CREATE TABLE IF NOT EXISTS `hitung_data_lembagas` (
  `id` int(10) unsigned NOT NULL,
  `id_nama_lembaga` int(10) unsigned NOT NULL,
  `programSedikit` double(8,2) NOT NULL,
  `programSedang` double(8,2) NOT NULL,
  `programBanyak` double(8,2) NOT NULL,
  `biayaMurah` double(8,2) NOT NULL,
  `biayaSedang` double(8,2) NOT NULL,
  `biayaMahal` double(8,2) NOT NULL,
  `created_at` timestamp NULL DEFAULT NULL,
  `updated_at` timestamp NULL DEFAULT NULL
) ENGINE=InnoDB AUTO_INCREMENT=2 DEFAULT CHARSET=utf8 COLLATE=utf8_unicode_ci;

--
-- Dumping data for table `hitung_data_lembagas`
--

INSERT INTO `hitung_data_lembagas` (`id`, `id_nama_lembaga`, `programSedikit`, `programSedang`, `programBanyak`, `biayaMurah`, `biayaSedang`, `biayaMahal`, `created_at`, `updated_at`) VALUES
(1, 2, 0.00, 1.00, 0.00, 0.40, 0.60, 0.00, '2017-05-03 22:25:50', '2017-05-03 22:25:50');

-- --------------------------------------------------------

--
-- Table structure for table `migrations`
--

CREATE TABLE IF NOT EXISTS `migrations` (
  `id` int(10) unsigned NOT NULL,
  `migration` varchar(255) COLLATE utf8_unicode_ci NOT NULL,
  `batch` int(11) NOT NULL
) ENGINE=InnoDB AUTO_INCREMENT=5 DEFAULT CHARSET=utf8 COLLATE=utf8_unicode_ci;

--
-- Dumping data for table `migrations`
--

INSERT INTO `migrations` (`id`, `migration`, `batch`) VALUES
(1, '2014_10_12_000000_create_users_table', 1),
(2, '2014_10_12_100000_create_password_resets_table', 1),
(3, '2017_05_04_045532_data_lembagas', 1),
(4, '2017_05_04_045546_hitung_data_lembagas', 1);

-- --------------------------------------------------------

--
-- Table structure for table `password_resets`
--

CREATE TABLE IF NOT EXISTS `password_resets` (
  `email` varchar(255) COLLATE utf8_unicode_ci NOT NULL,
  `token` varchar(255) COLLATE utf8_unicode_ci NOT NULL,
  `created_at` timestamp NULL DEFAULT NULL
) ENGINE=InnoDB DEFAULT CHARSET=utf8 COLLATE=utf8_unicode_ci;

-- --------------------------------------------------------

--
-- Table structure for table `users`
--

CREATE TABLE IF NOT EXISTS `users` (
  `id` int(10) unsigned NOT NULL,
  `name` varchar(255) COLLATE utf8_unicode_ci NOT NULL,
  `email` varchar(255) COLLATE utf8_unicode_ci NOT NULL,
  `password` varchar(255) COLLATE utf8_unicode_ci NOT NULL,
  `remember_token` varchar(100) COLLATE utf8_unicode_ci DEFAULT NULL,
  `created_at` timestamp NULL DEFAULT NULL,
  `updated_at` timestamp NULL DEFAULT NULL
) ENGINE=InnoDB AUTO_INCREMENT=2 DEFAULT CHARSET=utf8 COLLATE=utf8_unicode_ci;

--
-- Dumping data for table `users`
--

INSERT INTO `users` (`id`, `name`, `email`, `password`, `remember_token`, `created_at`, `updated_at`) VALUES
(1, 'laila', 'laila@gmail.com', '$2y$10$U.Msd46DhXA.WnAYm5HbkOeWjSJ3oicxpeCpRrwtMzTpEr9Xs40uS', NULL, '2017-05-03 22:24:32', '2017-05-03 22:24:32');

--
-- Indexes for dumped tables
--

--
-- Indexes for table `data_lembagas`
--
ALTER TABLE `data_lembagas`
  ADD PRIMARY KEY (`id`);

--
-- Indexes for table `hitung_data_lembagas`
--
ALTER TABLE `hitung_data_lembagas`
  ADD PRIMARY KEY (`id`), ADD KEY `hitung_data_lembagas_id_nama_lembaga_foreign` (`id_nama_lembaga`);

--
-- Indexes for table `migrations`
--
ALTER TABLE `migrations`
  ADD PRIMARY KEY (`id`);

--
-- Indexes for table `password_resets`
--
ALTER TABLE `password_resets`
  ADD KEY `password_resets_email_index` (`email`);

--
-- Indexes for table `users`
--
ALTER TABLE `users`
  ADD PRIMARY KEY (`id`), ADD UNIQUE KEY `users_email_unique` (`email`);

--
-- AUTO_INCREMENT for dumped tables
--

--
-- AUTO_INCREMENT for table `data_lembagas`
--
ALTER TABLE `data_lembagas`
  MODIFY `id` int(10) unsigned NOT NULL AUTO_INCREMENT,AUTO_INCREMENT=3;
--
-- AUTO_INCREMENT for table `hitung_data_lembagas`
--
ALTER TABLE `hitung_data_lembagas`
  MODIFY `id` int(10) unsigned NOT NULL AUTO_INCREMENT,AUTO_INCREMENT=2;
--
-- AUTO_INCREMENT for table `migrations`
--
ALTER TABLE `migrations`
  MODIFY `id` int(10) unsigned NOT NULL AUTO_INCREMENT,AUTO_INCREMENT=5;
--
-- AUTO_INCREMENT for table `users`
--
ALTER TABLE `users`
  MODIFY `id` int(10) unsigned NOT NULL AUTO_INCREMENT,AUTO_INCREMENT=2;
--
-- Constraints for dumped tables
--

--
-- Constraints for table `hitung_data_lembagas`
--
ALTER TABLE `hitung_data_lembagas`
ADD CONSTRAINT `hitung_data_lembagas_id_nama_lembaga_foreign` FOREIGN KEY (`id_nama_lembaga`) REFERENCES `data_lembagas` (`id`) ON DELETE CASCADE ON UPDATE CASCADE;
--
-- Database: `sistemcerdas`
--

-- --------------------------------------------------------

--
-- Table structure for table `migrations`
--

CREATE TABLE IF NOT EXISTS `migrations` (
  `id` int(10) unsigned NOT NULL,
  `migration` varchar(255) COLLATE utf8_unicode_ci NOT NULL,
  `batch` int(11) NOT NULL
) ENGINE=InnoDB AUTO_INCREMENT=3 DEFAULT CHARSET=utf8 COLLATE=utf8_unicode_ci;

--
-- Dumping data for table `migrations`
--

INSERT INTO `migrations` (`id`, `migration`, `batch`) VALUES
(1, '2014_10_12_000000_create_users_table', 1),
(2, '2014_10_12_100000_create_password_resets_table', 1);

-- --------------------------------------------------------

--
-- Table structure for table `password_resets`
--

CREATE TABLE IF NOT EXISTS `password_resets` (
  `email` varchar(255) COLLATE utf8_unicode_ci NOT NULL,
  `token` varchar(255) COLLATE utf8_unicode_ci NOT NULL,
  `created_at` timestamp NULL DEFAULT NULL
) ENGINE=InnoDB DEFAULT CHARSET=utf8 COLLATE=utf8_unicode_ci;

-- --------------------------------------------------------

--
-- Table structure for table `users`
--

CREATE TABLE IF NOT EXISTS `users` (
  `id` int(10) unsigned NOT NULL,
  `name` varchar(255) COLLATE utf8_unicode_ci NOT NULL,
  `email` varchar(255) COLLATE utf8_unicode_ci NOT NULL,
  `password` varchar(255) COLLATE utf8_unicode_ci NOT NULL,
  `remember_token` varchar(100) COLLATE utf8_unicode_ci DEFAULT NULL,
  `created_at` timestamp NULL DEFAULT NULL,
  `updated_at` timestamp NULL DEFAULT NULL
) ENGINE=InnoDB AUTO_INCREMENT=2 DEFAULT CHARSET=utf8 COLLATE=utf8_unicode_ci;

--
-- Dumping data for table `users`
--

INSERT INTO `users` (`id`, `name`, `email`, `password`, `remember_token`, `created_at`, `updated_at`) VALUES
(1, 'Zulham', 'asegaf@ymail.com', '$2y$10$UX5vCbYUNCKI9kx3/CASjeMlSMSkoP3KsQyukF8AzOoAtR3mfzlhO', NULL, '2017-03-11 00:06:39', '2017-03-11 00:06:39');

--
-- Indexes for dumped tables
--

--
-- Indexes for table `migrations`
--
ALTER TABLE `migrations`
  ADD PRIMARY KEY (`id`);

--
-- Indexes for table `password_resets`
--
ALTER TABLE `password_resets`
  ADD KEY `password_resets_email_index` (`email`), ADD KEY `password_resets_token_index` (`token`);

--
-- Indexes for table `users`
--
ALTER TABLE `users`
  ADD PRIMARY KEY (`id`), ADD UNIQUE KEY `users_email_unique` (`email`);

--
-- AUTO_INCREMENT for dumped tables
--

--
-- AUTO_INCREMENT for table `migrations`
--
ALTER TABLE `migrations`
  MODIFY `id` int(10) unsigned NOT NULL AUTO_INCREMENT,AUTO_INCREMENT=3;
--
-- AUTO_INCREMENT for table `users`
--
ALTER TABLE `users`
  MODIFY `id` int(10) unsigned NOT NULL AUTO_INCREMENT,AUTO_INCREMENT=2;--
-- Database: `skripsi_rendi`
--

-- --------------------------------------------------------

--
-- Table structure for table `dosen_makalah`
--

CREATE TABLE IF NOT EXISTS `dosen_makalah` (
  `id_user` int(11) DEFAULT NULL,
  `id_makalah` int(11) DEFAULT NULL,
  `id_jenis_dosen` int(11) DEFAULT NULL
) ENGINE=InnoDB DEFAULT CHARSET=latin1;

--
-- Dumping data for table `dosen_makalah`
--

INSERT INTO `dosen_makalah` (`id_user`, `id_makalah`, `id_jenis_dosen`) VALUES
(7, 7, 1),
(5, 7, 2),
(5, 11, 1),
(4, 11, 2),
(12, 13, 1),
(7, 13, 2),
(5, 21, 1),
(7, 21, 2),
(4, 8, 1),
(17, 8, 2),
(17, 18, 1),
(7, 18, 2),
(19, 28, 1),
(26, 28, 2),
(19, 1, 1),
(21, 1, 2);

-- --------------------------------------------------------

--
-- Table structure for table `history_plagiat`
--

CREATE TABLE IF NOT EXISTS `history_plagiat` (
  `id_plagiat` int(11) NOT NULL,
  `id_makalah_uji` int(11) DEFAULT NULL,
  `id_makalah_ref` int(11) DEFAULT NULL,
  `form` varchar(500) DEFAULT NULL,
  `persentase` double DEFAULT NULL,
  `waktu` datetime NOT NULL
) ENGINE=InnoDB AUTO_INCREMENT=97 DEFAULT CHARSET=latin1;

--
-- Dumping data for table `history_plagiat`
--

INSERT INTO `history_plagiat` (`id_plagiat`, `id_makalah_uji`, `id_makalah_ref`, `form`, `persentase`, `waktu`) VALUES
(1, 9, 7, 'judul', 25, '2016-05-17 19:47:17'),
(2, 9, 7, 'abstrak', 50, '2016-05-17 19:47:17'),
(3, 9, 7, 'permasalahan', 75, '2016-05-17 19:47:17'),
(4, 15, 7, 'judul', 48, '2016-05-20 19:47:49'),
(5, 15, 8, 'judul', 89, '2016-05-20 19:47:49'),
(6, 15, 10, 'judul', 89, '2016-05-20 19:47:49'),
(7, 15, 11, 'judul', 94, '2016-05-20 19:47:49'),
(8, 15, 13, 'judul', 63, '2016-05-20 19:47:49'),
(9, 15, 7, 'judul', 47, '2016-05-23 19:48:10'),
(10, 15, 8, 'judul', 88, '2016-05-23 19:48:10'),
(11, 15, 10, 'judul', 88, '2016-05-23 19:48:10'),
(12, 15, 11, 'judul', 93, '2016-05-23 19:48:10'),
(13, 15, 13, 'judul', 62, '2016-05-23 19:48:10'),
(14, 16, 7, 'judul', 38, '2016-05-25 19:48:41'),
(15, 16, 7, 'abstrak', 77, '2016-05-25 19:48:41'),
(16, 16, 8, 'judul', 47, '2016-05-25 19:48:41'),
(17, 16, 8, 'abstrak', 77, '2016-05-25 19:48:41'),
(18, 16, 10, 'judul', 47, '2016-05-25 19:48:41'),
(19, 16, 10, 'abstrak', 74, '2016-05-25 19:48:41'),
(20, 16, 11, 'judul', 48, '2016-05-25 19:48:41'),
(21, 16, 11, 'abstrak', 77, '2016-05-25 19:48:41'),
(22, 16, 13, 'judul', 46, '2016-05-25 19:48:41'),
(23, 16, 13, 'abstrak', 59, '2016-05-25 19:48:41'),
(24, 17, 7, 'judul', 38, '2016-05-27 19:49:20'),
(25, 17, 7, 'abstrak', 77, '2016-05-27 19:49:20'),
(26, 17, 8, 'judul', 47, '2016-05-27 19:49:20'),
(27, 17, 8, 'abstrak', 77, '2016-05-27 19:49:20'),
(28, 17, 10, 'judul', 47, '2016-05-27 19:49:20'),
(29, 17, 10, 'abstrak', 74, '2016-05-27 19:49:20'),
(30, 17, 11, 'judul', 48, '2016-05-27 19:49:20'),
(31, 17, 11, 'abstrak', 77, '2016-05-27 19:49:20'),
(32, 17, 13, 'judul', 46, '2016-05-27 19:49:20'),
(33, 17, 13, 'abstrak', 59, '2016-05-27 19:49:20'),
(34, 20, 7, 'abstrak', 77, '2016-05-28 19:51:11'),
(35, 20, 8, 'abstrak', 77, '2016-05-28 19:51:11'),
(36, 20, 10, 'abstrak', 74, '2016-05-28 19:51:11'),
(37, 20, 11, 'abstrak', 77, '2016-05-28 19:51:11'),
(38, 20, 13, 'abstrak', 59, '2016-05-28 19:51:11'),
(39, 20, 18, 'judul', 93, '2016-05-28 19:51:11'),
(40, 20, 19, 'judul', 54, '2016-05-28 19:51:11'),
(41, 20, 7, 'abstrak', 77, '2016-05-28 20:51:11'),
(42, 20, 8, 'abstrak', 77, '2016-05-28 20:51:11'),
(43, 20, 10, 'abstrak', 74, '2016-05-28 20:51:11'),
(44, 20, 11, 'abstrak', 77, '2016-05-28 20:51:11'),
(45, 20, 13, 'abstrak', 59, '2016-05-28 20:51:11'),
(46, 20, 18, 'judul', 93, '2016-05-28 20:51:11'),
(47, 20, 19, 'judul', 54, '2016-05-28 20:51:11'),
(48, 20, 7, 'abstrak', 77, '2016-05-28 22:51:11'),
(49, 20, 8, 'abstrak', 77, '2016-05-28 22:51:11'),
(50, 20, 10, 'abstrak', 74, '2016-05-28 22:51:11'),
(51, 20, 11, 'abstrak', 77, '2016-05-28 22:51:11'),
(52, 20, 13, 'abstrak', 59, '2016-05-28 22:51:11'),
(53, 20, 18, 'judul', 93, '2016-05-28 22:51:11'),
(54, 20, 19, 'judul', 54, '2016-05-28 22:51:11'),
(55, 20, 18, 'judul', 95.698924731183, '2016-05-31 19:55:49'),
(56, 20, 19, 'judul', 50.406504065041, '2016-05-31 19:55:49'),
(57, 20, 18, 'judul', 95.698924731183, '2016-05-31 20:12:03'),
(58, 20, 19, 'judul', 50.406504065041, '2016-05-31 20:12:03'),
(59, 20, 18, 'judul', 95.7, '2016-05-31 20:14:15'),
(60, 20, 19, 'judul', 50.41, '2016-05-31 20:14:15'),
(61, 21, 18, 'judul', 83.72, '2016-05-31 22:27:48'),
(62, 21, 18, 'judul', 78.05, '2016-05-31 22:28:30'),
(63, 21, 18, 'judul', 57.58, '2016-05-31 22:29:11'),
(64, 21, 18, 'abstrak', 85.79, '2016-05-31 22:29:53'),
(65, 19, 18, 'judul', 56.49, '2016-05-31 22:37:41'),
(66, 8, 7, 'abstrak', 80, '0000-00-00 00:00:00'),
(67, 8, 10, 'judul', 57.14, '0000-00-00 00:00:00'),
(68, 8, 10, 'abstrak', 80, '0000-00-00 00:00:00'),
(69, 8, 11, 'judul', 57.14, '0000-00-00 00:00:00'),
(70, 8, 10, 'judul', 57.14, '0000-00-00 00:00:00'),
(71, 8, 11, 'judul', 57.14, '0000-00-00 00:00:00'),
(72, 8, 10, 'judul', 57.14, '2016-06-01 00:10:45'),
(73, 8, 11, 'judul', 57.14, '2016-06-01 00:10:45'),
(74, 22, 18, 'judul', 50, '2016-06-01 11:27:00'),
(75, 10, 7, 'abstrak', 80, '2016-06-01 16:54:26'),
(76, 10, 11, 'judul', 66.67, '2016-06-01 16:54:26'),
(77, 10, 13, 'abstrak', 47.06, '2016-06-01 16:54:26'),
(78, 10, 7, 'abstrak', 66.67, '2016-06-01 16:55:50'),
(79, 10, 13, 'abstrak', 42.11, '2016-06-01 16:55:50'),
(80, 23, 21, 'abstrak', 100, '2016-06-01 17:03:13'),
(81, 25, 18, 'judul', 88.76, '2016-06-01 18:51:33'),
(82, 26, 18, 'judul', 48.39, '2016-06-01 18:51:54'),
(83, 28, 21, 'judul', 88.48, '2016-06-03 05:48:56'),
(84, 28, 18, 'judul', 85.53, '2016-06-03 05:59:51'),
(85, 28, 18, 'judul', 67.07, '2016-06-03 06:01:53'),
(86, 28, 13, 'judul', 100, '2016-06-03 06:02:26'),
(87, 28, 18, 'judul', 67.07, '2016-06-03 06:02:41'),
(88, 28, 10, 'judul', 38.1, '2016-06-03 06:17:52'),
(89, 29, 27, 'abstrak', 94.12, '2016-06-05 16:37:25'),
(90, 31, 18, 'judul', 41.27, '2016-06-08 04:25:37'),
(91, 33, 32, 'judul', 100, '2016-07-14 22:03:03'),
(92, 33, 32, 'abstrak', 100, '2016-07-14 22:03:03'),
(93, 35, 34, 'judul', 100, '2016-07-14 22:04:13'),
(94, 35, 34, 'abstrak', 100, '2016-07-14 22:04:13'),
(95, 35, 34, 'abstrak', 100, '2016-07-14 22:06:01'),
(96, 5, 4, 'judul', 100, '2016-11-09 14:59:31');

-- --------------------------------------------------------

--
-- Table structure for table `jenis_dosen`
--

CREATE TABLE IF NOT EXISTS `jenis_dosen` (
  `id_jenis_dosen` int(11) NOT NULL,
  `jenis_dosen` varchar(50) DEFAULT NULL
) ENGINE=InnoDB AUTO_INCREMENT=3 DEFAULT CHARSET=latin1;

--
-- Dumping data for table `jenis_dosen`
--

INSERT INTO `jenis_dosen` (`id_jenis_dosen`, `jenis_dosen`) VALUES
(1, 'utama'),
(2, 'pengembang');

-- --------------------------------------------------------

--
-- Table structure for table `katadasar`
--

CREATE TABLE IF NOT EXISTS `katadasar` (
  `kata` varchar(20) NOT NULL
) ENGINE=MyISAM DEFAULT CHARSET=utf8;

--
-- Dumping data for table `katadasar`
--

INSERT INTO `katadasar` (`kata`) VALUES
('aba'),
('aba-aba'),
('abad'),
('abadi'),
('abadiah'),
('abah'),
('abai'),
('abaimana'),
('abaka'),
('abaktinal'),
('abakus'),
('abal-abal'),
('aban'),
('abang'),
('abangan'),
('abangga'),
('abar'),
('abatoar'),
('abau'),
('abdas'),
('abdi'),
('abdikasi'),
('abdomen'),
('abdominal'),
('abdu'),
('abduksi'),
('abduktor'),
('abece'),
('aben'),
('aberasi'),
('abet'),
('abian'),
('abid'),
('abidin'),
('abiogenesis'),
('abiosfer'),
('abiotik'),
('abis'),
('abisal'),
('abiseka'),
('abiturien'),
('abjad'),
('abjadiah'),
('ablasi'),
('ablaut'),
('ablepsia'),
('abnormal'),
('abnormalitas'),
('abnus'),
('aboi'),
('abolisi'),
('abonemen'),
('aborsi'),
('abortif'),
('abortus'),
('abrak'),
('abrakadabra'),
('abrar'),
('abras'),
('abrasi'),
('abreaksi'),
('abrek'),
('abreviasi'),
('absah'),
('absen'),
('absensi'),
('absente'),
('absenteisme'),
('abses'),
('absis'),
('absolut'),
('absolutisme'),
('absorben'),
('absorpsi'),
('absorptif'),
('abstain'),
('abstinensi'),
('abstrak'),
('abstraksi'),
('absurd'),
('absurdisme'),
('abtar'),
('abu'),
('abu-abu'),
('abuan'),
('abuh'),
('abuk'),
('abuk-abuk'),
('abul'),
('abulhayat'),
('abulia'),
('abur'),
('abus'),
('acah'),
('acak'),
('acala'),
('acan'),
('acang'),
('acap'),
('acapkali'),
('acar'),
('acara'),
('acaram'),
('acat'),
('acau'),
('acawi'),
('aci'),
('aci-aci'),
('acik'),
('aco'),
('acu'),
('acuh'),
('acum'),
('acung'),
('ada'),
('adab'),
('adad'),
('adagio'),
('adagium'),
('adakala'),
('adakan'),
('adaks'),
('adalah'),
('adan'),
('adang'),
('adap'),
('adaptabilitas'),
('adaptasi'),
('adaptif'),
('adaptor'),
('adapun'),
('adar'),
('adas'),
('adat'),
('adati'),
('adegan'),
('adeh'),
('adekuat'),
('adem'),
('adempauze'),
('adendum'),
('adenoid'),
('adenoma'),
('adhesi'),
('adhesif'),
('adiabatik'),
('adib'),
('adibintang'),
('adiboga'),
('adibusana'),
('adidaya'),
('adigang'),
('adiguna'),
('adigung'),
('adik'),
('adika'),
('adikara'),
('adikarya'),
('adikodrati'),
('adiksi'),
('adiktif'),
('adikuasa'),
('adil'),
('adiluhung'),
('adimarga'),
('adinda'),
('adipati'),
('adipenghantar'),
('adiposa'),
('adipositas'),
('adipura'),
('adiraja'),
('adiratna'),
('adisi'),
('adisional'),
('aditif'),
('aditokoh'),
('adiwangsa'),
('adiwarna'),
('adjektif'),
('adjektiva'),
('adjektival'),
('adjuvan'),
('adlibitum'),
('administrasi'),
('administratif'),
('administrator'),
('admiral'),
('admitans'),
('adnan'),
('adolesens'),
('adon'),
('adopsi'),
('adoptif'),
('adpertensi'),
('adrenal'),
('adrenalin'),
('adrenergik'),
('adres'),
('adsorben'),
('adsorpsi'),
('adstringen'),
('adu'),
('adudomba'),
('aduhai'),
('aduk'),
('aduksi'),
('aduktor'),
('adun'),
('aduuntung'),
('adveksi'),
('adventisia'),
('adventisius'),
('adverbia'),
('adverbial'),
('advertensi'),
('advis'),
('advokasi'),
('advokat'),
('aerasi'),
('aerator'),
('aerob'),
('aerobatik'),
('aerobik'),
('aerobika'),
('aerodinamik'),
('aerodinamika'),
('aerofon'),
('aerogram'),
('aerolit'),
('aerometer'),
('aeromovel'),
('aeronautika'),
('aeroplankton'),
('aeroskop'),
('aerosol'),
('aerostatika'),
('aestetika'),
('afair'),
('afal'),
('afasia'),
('afdal'),
('afdeling'),
('afdruk'),
('afek'),
('afeksi'),
('afektif'),
('aferesis'),
('afiat'),
('afidavit'),
('afiks'),
('afiksasi'),
('afiliasi'),
('afinitas'),
('afirmasi'),
('afirmatif'),
('afonia'),
('aforisme'),
('afotik'),
('afrasia'),
('afrikat'),
('afrodisiak'),
('afsun'),
('agak'),
('agal'),
('agalaksia'),
('agam'),
('agama'),
('agamais'),
('agamawi'),
('agamen'),
('agamet'),
('agami'),
('agamogenesis'),
('agar'),
('agas'),
('agen'),
('agenda'),
('agentif'),
('agih'),
('agil'),
('agio'),
('agiria'),
('agitasi'),
('agitatif'),
('agitator'),
('aglikon'),
('aglomerasi'),
('aglomerat'),
('aglutinasi'),
('aglutinat'),
('aglutinatif'),
('aglutinin'),
('agnosia'),
('agnostik'),
('agnostisisme'),
('agogo'),
('agon'),
('agonia'),
('agonis'),
('agonistik'),
('agorafobia'),
('agradasi'),
('agrafia'),
('agraria'),
('agraris'),
('agregasi'),
('agregat'),
('agregatif'),
('agresi'),
('agresif'),
('agresivitas'),
('agresor'),
('agripnia'),
('agrobisnis'),
('agroekonomi'),
('agroekosistem'),
('agroindustri'),
('agrokimia'),
('agronom'),
('agronomi'),
('agrostologi'),
('agrowisata'),
('aguk'),
('agul'),
('agun'),
('agung'),
('agus'),
('Agustus'),
('agut'),
('Ahad'),
('ahimsa'),
('ahistoris'),
('ahkam'),
('ahli'),
('ahlusuluk'),
('ahmak'),
('aho'),
('ahwal'),
('aib'),
('ain'),
('air'),
('aja'),
('ajaib'),
('ajak'),
('ajal'),
('ajang'),
('ajar'),
('ajar-ajar'),
('ajek'),
('ajektiva'),
('aji'),
('aji-aji'),
('ajir'),
('ajnabi'),
('ajojing'),
('aju'),
('ajudan'),
('ajuk'),
('ajun'),
('ajung'),
('akad'),
('akademi'),
('akademik'),
('akademikus'),
('akademis'),
('akademisi'),
('akal'),
('akan'),
('akang'),
('akapela'),
('akar'),
('akas'),
('akasia'),
('akbar'),
('akene'),
('akeo'),
('akh'),
('akhir'),
('akhirat'),
('akhirulkalam'),
('akhlak'),
('aki'),
('akibat'),
('akidah'),
('akikah'),
('akil'),
('aklamasi'),
('aklasia'),
('akli'),
('aklimasi'),
('aklimatisasi'),
('akmal'),
('akolade'),
('akomodasi'),
('akomodatif'),
('akor'),
('akordeon'),
('akrab'),
('akreditasi'),
('akriflavina'),
('akrilat'),
('akrilik'),
('akrobat'),
('akrobatik'),
('akrofobia'),
('akromegali'),
('akrometer'),
('akromion'),
('akronim'),
('aksa'),
('aksara'),
('aksarawan'),
('aksarawati'),
('akseleran'),
('akselerasi'),
('akselerator'),
('akselerometer'),
('aksen'),
('aksentologi'),
('aksentuasi'),
('aksep'),
('akseptabel'),
('akseptabilitas'),
('akseptasi'),
('akseptor'),
('akses'),
('aksesibilitas'),
('aksesori'),
('aksi'),
('aksidental'),
('aksila'),
('aksiologi'),
('aksioma'),
('aksiomatis'),
('aksis'),
('akson'),
('aksostil'),
('akta'),
('aktif'),
('aktinida'),
('aktinik'),
('aktinium'),
('aktinolit'),
('aktinometer'),
('aktiva'),
('aktivis'),
('aktivisme'),
('aktivitas'),
('aktor'),
('aktris'),
('aktual'),
('aktualisasi'),
('aktuaria'),
('aktuaris'),
('aku'),
('akua'),
('akuades'),
('akuaduk'),
('akuakultur'),
('akualung'),
('akuamarin'),
('akuarel'),
('akuarium'),
('Akuarius'),
('akuatik'),
('akuifer'),
('akuisisi'),
('akuk'),
('akulturasi'),
('akumulasi'),
('akumulatif'),
('akumulator'),
('akun'),
('akuntabel'),
('akuntabilitas'),
('akuntan'),
('akuntansi'),
('akupunktur'),
('akur'),
('akurasi'),
('akurat'),
('akusatif'),
('akustik'),
('akustika'),
('akut'),
('akwal'),
('ala'),
('alaf'),
('alah'),
('alam'),
('alamak'),
('alamas'),
('alamat'),
('alamatulhayat'),
('alami'),
('alamiah'),
('alang'),
('alang-alang'),
('alangkah'),
('alantois'),
('alap'),
('alap-alap'),
('alarm'),
('alas'),
('alat'),
('alau'),
('alawar'),
('albas'),
('albatros'),
('albedo'),
('albedometer'),
('albinisme'),
('albino'),
('albit'),
('albuginea'),
('album'),
('albumen'),
('albumin'),
('albuminometer'),
('albuminuria'),
('aldehida'),
('alegori'),
('alegoris'),
('aleksia'),
('alel'),
('alem'),
('alergen'),
('alergi'),
('alfa'),
('alfabet'),
('alfabetis'),
('alfanumerik'),
('alga'),
('algojo'),
('algologi'),
('algoritme'),
('alhamdulillah'),
('alhasil'),
('ali'),
('ali-ali'),
('aliansi'),
('alias'),
('aliase'),
('alibi'),
('alienasi'),
('alifatik'),
('alih'),
('alihaksara'),
('alihfungsi'),
('alihragam'),
('alik'),
('alikuot'),
('alim'),
('alimentasi'),
('alimenter'),
('alinea'),
('aling'),
('alir'),
('alis'),
('alisiklik'),
('alit'),
('aliterasi'),
('alizarin'),
('aljabar'),
('alkali'),
('alkalinitas'),
('alkalis'),
('alkaloid'),
('alkalometri'),
('alkana'),
('alkausar'),
('alkena'),
('alkil'),
('alkimia'),
('alkisah'),
('Alkitab'),
('alkohol'),
('alkoholisme'),
('alku'),
('alkuna'),
('almamater'),
('almanak'),
('almandin'),
('almandit'),
('almarhum'),
('almarhumah'),
('alobar'),
('alofon'),
('alograf'),
('aloi'),
('alokasi'),
('alomerisme'),
('alomorf'),
('alonim'),
('alopesia'),
('alot'),
('alotropi'),
('alpa'),
('alpaka'),
('alperes'),
('Alquran'),
('altar'),
('alterego'),
('alternasi'),
('alternatif'),
('alternator'),
('altimeter'),
('alto'),
('altokumulus'),
('altostratus'),
('altruis'),
('altruisme'),
('altruistis'),
('alu'),
('alu-alu'),
('alum'),
('alumina'),
('aluminium'),
('alumni'),
('alumnus'),
('alun'),
('alun-alun'),
('alung'),
('alup'),
('alur'),
('alusi'),
('aluvial'),
('aluvium'),
('alveolar'),
('alveolum'),
('alveolus'),
('alwah'),
('ama'),
('amah'),
('amal'),
('amalgam'),
('amalgamasi'),
('amalgamator'),
('aman'),
('amanah'),
('amanat'),
('amandel'),
('amandemen'),
('amang'),
('amanitin'),
('amar'),
('amat'),
('amatir'),
('amatirisme'),
('ambah'),
('ambak'),
('ambal'),
('ambalela'),
('ambang'),
('ambar'),
('ambasador'),
('ambek'),
('ambekparamaarta'),
('ambergris'),
('ambet'),
('ambigu'),
('ambiguitas'),
('ambil'),
('ambilalih'),
('ambilingual'),
('ambin'),
('ambing'),
('ambisi'),
('ambisius'),
('ambivalen'),
('ambivalensi'),
('amblas'),
('ambles'),
('amboi'),
('ambring'),
('ambrol'),
('ambruk'),
('ambulans'),
('ambulatori'),
('ambur'),
('amburadul'),
('ameba'),
('amebiasis'),
('ameboid'),
('amebosit'),
('ameliorasi'),
('amelioratif'),
('amendemen'),
('amenorea'),
('amensalisme'),
('amerisium'),
('amerospora'),
('amerta'),
('ametabola'),
('ametis'),
('amfetamin'),
('amfiartrosis'),
('amfibi'),
('amfibol'),
('amfibolisme'),
('amfiteater'),
('amfoterik'),
('ami'),
('amigdalin'),
('amikal'),
('amil'),
('amilase'),
('amilopektin'),
('amin'),
('amina'),
('aminisasi'),
('amino'),
('amir'),
('amirulbahar'),
('amirulmukminin'),
('amis'),
('amit'),
('amko'),
('ammeter'),
('amnesia'),
('amnesti'),
('amnion'),
('amniotik'),
('amoi'),
('amonia'),
('amonifikasi'),
('amonium'),
('amor'),
('amoral'),
('amorf'),
('amortisasi'),
('ampai'),
('ampang'),
('ampas'),
('ampat'),
('ampe'),
('ampean'),
('ampek'),
('ampel'),
('ampela'),
('ampelas'),
('ampere'),
('amperemeter'),
('amperometri'),
('ampisilin'),
('amplas'),
('amplifikasi'),
('amplitudo'),
('amplop'),
('ampo'),
('amprok'),
('amprung'),
('ampu'),
('ampuh'),
('ampuk'),
('ampul'),
('ampula'),
('ampun'),
('amput'),
('amputasi'),
('amril'),
('amsal'),
('amtenar'),
('amuba'),
('amuk'),
('amulet'),
('amung'),
('amunisi'),
('ana'),
('anabasis'),
('anabiosis'),
('anabolisme'),
('anadrom'),
('anaerob'),
('anaerobik'),
('anafilaksis'),
('anafora'),
('anaforis'),
('anaglif'),
('anai-anai'),
('anak'),
('anakemas'),
('anakoluton'),
('anakronisme'),
('anaksungai'),
('anaktiri'),
('anal'),
('analekta'),
('analeptik'),
('analgesik'),
('analis'),
('analisis'),
('analitis'),
('analog'),
('analogi'),
('analsit'),
('anamel'),
('anamnesis'),
('anamorfosis'),
('ananda'),
('anang'),
('anapes'),
('anarki'),
('anarkis'),
('anarkisme'),
('anarkistis'),
('anasir'),
('anastomosis'),
('anatase'),
('anatomi'),
('anatomis'),
('anca'),
('ancam'),
('ancang'),
('ancol'),
('Anda'),
('andai'),
('andal'),
('andalusit'),
('andam'),
('andan'),
('andang'),
('andapita'),
('andesit'),
('andewi'),
('andika'),
('andiko'),
('andil'),
('andilau'),
('andong'),
('andragogi'),
('andrawina'),
('androgen'),
('androgini'),
('andrologi'),
('anduh'),
('aneh'),
('aneka'),
('anekaragam'),
('anekdot'),
('aneksasi'),
('anemia'),
('anemofili'),
('anemograf'),
('anemogram'),
('anemometer'),
('aneroid'),
('anestesi'),
('anestesia'),
('aneuploid'),
('aneurisme'),
('angan'),
('angel'),
('angga'),
('anggap'),
('anggar'),
('anggara'),
('anggit'),
('anggota'),
('anggrek'),
('anggrekwan'),
('angguk'),
('anggul'),
('anggun'),
('anggur'),
('anggut'),
('angin'),
('angina'),
('angiogenesis'),
('angiologi'),
('angiosperma'),
('angit'),
('angka'),
('angkak'),
('angkara'),
('angkasa'),
('angkat'),
('angkel'),
('angker'),
('angket'),
('angklung'),
('angkuh'),
('angkuk'),
('angkup'),
('angkur'),
('angkusa'),
('angkut'),
('angkut-angkut'),
('angler'),
('anglo'),
('angot'),
('angpau'),
('angsa'),
('angsana'),
('angsoka'),
('angsur'),
('anhidrosis'),
('ani'),
('ani-ani'),
('aniaya'),
('anil'),
('anilina'),
('animasi'),
('animis'),
('animisme'),
('animo'),
('anion'),
('aniridia'),
('anis'),
('anisogamet'),
('anisogami'),
('anisokoria'),
('anja'),
('anjak'),
('anjal'),
('anjang'),
('anjangsana'),
('anjing'),
('anjlok'),
('anjung'),
('ankilosis'),
('anoa'),
('anode'),
('anofeles'),
('anoksemia'),
('anoksik'),
('anom'),
('anomali'),
('anomi'),
('anonim'),
('anonimitas'),
('anoreksia'),
('anorganik'),
('anosmia'),
('anotasi'),
('ansa'),
('ansambel'),
('ansar'),
('anta'),
('antagonis'),
('antagonisme'),
('antagonistis'),
('antah'),
('antamir'),
('antan'),
('antap'),
('antar'),
('antara'),
('antarbangsa'),
('antarbenua'),
('antardaerah'),
('antari'),
('antariksa'),
('antariksawan'),
('antariksawati'),
('antarkelompok'),
('antarlingkungan'),
('antarmaster'),
('antarmolekul'),
('antarmuka'),
('antarnegara'),
('antarplanet'),
('antarpribadi'),
('antarpulau'),
('antarras'),
('antarruang'),
('antarsel'),
('antarsuku'),
('antartika'),
('antarwilayah'),
('antasid'),
('antasida'),
('antawacana'),
('antediluvium'),
('antefiks'),
('antek'),
('anteken'),
('antelas'),
('anteliks'),
('antelmintik'),
('antelop'),
('antem'),
('antemeridiem'),
('antena'),
('antenatal'),
('anteng'),
('antenul'),
('antep'),
('antera'),
('anteridium'),
('anterior'),
('antero'),
('anteseden'),
('anti'),
('antianemia'),
('antiartritik'),
('antibarion'),
('antibeku'),
('antibiosis'),
('antibiotik'),
('antibodi'),
('antidepresan'),
('antidioksida'),
('antidiuretik'),
('antidot'),
('antienzim'),
('antiflogistik'),
('antigen'),
('antigravitasi'),
('antih'),
('antihistamin'),
('antijasad'),
('antik'),
('antikarat'),
('antikatalis'),
('antiklimaks'),
('antiklin'),
('antiklinal'),
('antiklor'),
('antikonsepsi'),
('antikristus'),
('antikuari'),
('antikuariat'),
('antimateri'),
('antimonium'),
('antimuntah'),
('anting'),
('antinomi'),
('antinovel'),
('antipartikel'),
('antipati'),
('antipenawar'),
('antipiretik'),
('antipode'),
('antiproton'),
('antipruritik'),
('antisemitisme'),
('antisepsis'),
('antiseptik'),
('antisiklogenesis'),
('antisiklon'),
('antisiklonal'),
('antisiklonis'),
('antisimpul'),
('antisipasi'),
('antisipatif'),
('antitank'),
('antitesis'),
('antitoksin'),
('antitragus'),
('antiwirawan'),
('antizarah'),
('antoi'),
('antologi'),
('antonim'),
('antonimi'),
('antop'),
('antosian'),
('antraknosa'),
('antraks'),
('antrasena'),
('antrasian'),
('antrasit'),
('antre'),
('antri'),
('antromorfis'),
('antropobiologi'),
('antropoda'),
('antropofagi'),
('antropogeografi'),
('antropoid'),
('antropolog'),
('antropologi'),
('antropometer'),
('antropomorfisme'),
('antroponimi'),
('antroposentris'),
('antroposentrisme'),
('antroposofi'),
('antuk'),
('antul'),
('antun'),
('anturium'),
('antusias'),
('antusiasme'),
('anu'),
('anual'),
('anugerah'),
('anuitas'),
('anulir'),
('anulus'),
('anumerta'),
('anunasika'),
('anuresis'),
('anuria'),
('anus'),
('anuswara'),
('anut'),
('anyam'),
('anyang'),
('anyar'),
('anyelir'),
('anyir'),
('aorta'),
('apa'),
('apabila'),
('apak'),
('apakah'),
('apakala'),
('apalagi'),
('apam'),
('apanase'),
('apar'),
('aparat'),
('aparatur'),
('aparatus'),
('apartemen'),
('apartemenisasi'),
('apartheid'),
('apartotel'),
('apas'),
('apatah'),
('apati'),
('apatis'),
('apatride'),
('ape'),
('apek'),
('apel'),
('apelativa'),
('apendektomi'),
('apendiks'),
('apendisitis'),
('apepsi'),
('apersepsi'),
('apes'),
('aphelion'),
('apheliotropisme'),
('api'),
('apik'),
('apikal'),
('apikultur'),
('apilan'),
('apion'),
('apit'),
('apium'),
('apkir'),
('aplasi'),
('aplaus'),
('aplikasi'),
('aplikatif'),
('aplus'),
('apnea'),
('apodal'),
('apoenzim'),
('apogami'),
('apoge'),
('apograf'),
('apok'),
('apokalips'),
('apokaliptik'),
('apokope'),
('apokrifa'),
('apokrin'),
('apokromatik'),
('apolitis'),
('apologetika'),
('apologetis'),
('apologi'),
('apologia'),
('apomiksis'),
('apomorfin'),
('apopleksi'),
('aposematik'),
('aposiopesis'),
('aposisi'),
('aposisional'),
('apositif'),
('apostasi'),
('apostel'),
('aposteriori'),
('apostolik'),
('apostrof'),
('apotek'),
('apoteker'),
('apotik'),
('apraksi'),
('apraksia'),
('apresiasi'),
('apresiatif'),
('apresorium'),
('April'),
('apriori'),
('aprit'),
('apron'),
('apsara'),
('aptasi'),
('apu'),
('apuh'),
('apung'),
('apuran'),
('ara'),
('Arab'),
('arababu'),
('arabes'),
('arabika'),
('aragonit'),
('arah'),
('arai'),
('arak'),
('araknitis'),
('araknoid'),
('aral'),
('aram'),
('aramba'),
('arang'),
('aransemen'),
('ararut'),
('arasy'),
('arau'),
('arbab'),
('arbei'),
('arbiter'),
('arbitrase'),
('arbitrer'),
('arboreal'),
('arboretum'),
('arborikultur'),
('arca'),
('arcas'),
('ardi'),
('are'),
('area'),
('areal'),
('arek'),
('aren'),
('arena'),
('areografi'),
('areola'),
('areometer'),
('arerut'),
('ares'),
('arestasi'),
('areta'),
('argari'),
('argentit'),
('argentum'),
('argirodit'),
('argol'),
('argometer'),
('argon'),
('argot'),
('argumen'),
('argumentasi'),
('argumentatif'),
('ari'),
('Aries'),
('arif'),
('arifin'),
('arih'),
('arik'),
('aril'),
('arip'),
('aris'),
('arisan'),
('aristokrasi'),
('aristokrat'),
('aristokratis'),
('aristotipe'),
('arit'),
('aritenoid'),
('aritmetika'),
('arja'),
('arkade'),
('arkais'),
('arkaisme'),
('arkati'),
('arkegonium'),
('arkeolog'),
('arkeologi'),
('arkeologis'),
('arkeozoikum'),
('arketipe'),
('arkian'),
('arkifonem'),
('arkileksem'),
('arkitraf'),
('arktika'),
('arku'),
('arloji'),
('armada'),
('arnal'),
('arogan'),
('arogansi'),
('aroma'),
('aromatik'),
('arombai'),
('aron'),
('arpus'),
('arsenal'),
('arsenik'),
('arsenikum'),
('arsip'),
('arsipelago'),
('arsir'),
('arsis'),
('arsitek'),
('arsitektur'),
('arta'),
('artefak'),
('arteri'),
('arteriografi'),
('arteriola'),
('arteriosklerosis'),
('artesis'),
('artetis'),
('arti'),
('articok'),
('artifisial'),
('artikel'),
('artikulasi'),
('artikulator'),
('artileri'),
('artiodaktil'),
('artis'),
('artisan'),
('artistik'),
('artisyok'),
('artona'),
('artotek'),
('artrobrankium'),
('artropoda'),
('aru'),
('aruan'),
('aruda'),
('aruk'),
('arumba'),
('arun'),
('arung'),
('arus'),
('arwah'),
('arwana'),
('arya'),
('aryaduta'),
('arzak'),
('asa'),
('asabat'),
('asabiah'),
('asad'),
('asah'),
('asai'),
('asak'),
('asal'),
('asali'),
('asam'),
('asan'),
('asana'),
('asap'),
('asar'),
('asas'),
('asasi'),
('asbak'),
('asbes'),
('asbut'),
('ase'),
('aseksual'),
('asepsis'),
('aseptik'),
('aseran'),
('asese'),
('aset'),
('asetabulum'),
('asetat'),
('asetilena'),
('asetimeter'),
('aseton'),
('asfal'),
('asfar'),
('asfiksia'),
('asi'),
('asibilan'),
('asibilasi'),
('asid'),
('asidimeter'),
('asidosis'),
('asih'),
('asiklik'),
('asil'),
('asilabis'),
('asimetris'),
('asimilasi'),
('asimilatif'),
('asimtot'),
('asimus'),
('asin'),
('asindeton'),
('asing'),
('asinyor'),
('asiri'),
('asisten'),
('asistensi'),
('askar'),
('askariasis'),
('askarid'),
('askese'),
('asket'),
('asketisisme'),
('askon'),
('askriptif'),
('asli'),
('asma'),
('asmara'),
('asmaradanta'),
('asmaragama'),
('asmaraloka'),
('asmarandana'),
('asnad'),
('aso'),
('asoi'),
('asonansi'),
('asong'),
('asortimen'),
('asosial'),
('asosiasi'),
('asosiatif'),
('aspal'),
('asparaga'),
('asparagus'),
('aspartame'),
('aspek'),
('asperses'),
('aspiran'),
('aspirasi'),
('aspirasional'),
('aspirat'),
('aspiratif'),
('aspirator'),
('aspirin'),
('asprak'),
('asrama'),
('asrar'),
('asri'),
('assalamualaikum'),
('astadikpala'),
('astaga'),
('astagfirullah'),
('astaka'),
('astakona'),
('astasia'),
('astatik'),
('astatin'),
('astenia'),
('astenik'),
('astenopia'),
('asteositoma'),
('aster'),
('asteroid'),
('astigmatis'),
('astral'),
('astringen'),
('astrofisika'),
('astrolab'),
('astrolog'),
('astrologi'),
('astronaut'),
('astronautika'),
('astronom'),
('astronomi'),
('astronomis'),
('astrosit'),
('asu'),
('asuh'),
('asumsi'),
('asumtif'),
('asung'),
('asurador'),
('asuransi'),
('asusila'),
('aswa'),
('aswad'),
('aswasada'),
('Asyera'),
('asyik'),
('Asytoret'),
('Asyura'),
('atak'),
('ataksia'),
('atap'),
('atar'),
('atas'),
('atase'),
('atasnama'),
('atau'),
('atavisme'),
('ateis'),
('ateisme'),
('ateistis'),
('atelir'),
('atensi'),
('atenuasi'),
('ateret'),
('ati'),
('atlas'),
('atlet'),
('atletik'),
('atma'),
('atman'),
('atmolisis'),
('atmologi'),
('atmometer'),
('atmosfer'),
('atmosferis'),
('atok'),
('atol'),
('atom'),
('atomisasi'),
('atomistis'),
('atowa'),
('atraksi'),
('atraktan'),
('atraktif'),
('atresia'),
('atribut'),
('atributif'),
('atrisi'),
('atrium'),
('atrofi'),
('atropin'),
('atung'),
('atur'),
('atus'),
('aubade'),
('audiensi'),
('audio'),
('audiofil'),
('audiofon'),
('audiograf'),
('audiogram'),
('audiolingual'),
('audiologi'),
('audiometer'),
('audiovisual'),
('audit'),
('auditor'),
('auditorium'),
('augmentatif'),
('auk'),
('auksanometer'),
('auksi'),
('auksin'),
('aula'),
('aulia'),
('aum'),
('aung'),
('aur'),
('aura'),
('aural'),
('aurat'),
('aurikularia'),
('aurora'),
('aurum'),
('aus'),
('auskultasi'),
('autad'),
('autarki'),
('autarkis'),
('autentik'),
('autentikasi'),
('autentisitas'),
('autisme'),
('autistik'),
('auto'),
('autobiograf'),
('autobiografi'),
('autodidak'),
('autodidaktik'),
('autodin'),
('autogami'),
('autogen'),
('autograf'),
('autografi'),
('autogram'),
('autoklaf'),
('autoklastik'),
('autokrasi'),
('autokrat'),
('autokton'),
('autolisis'),
('autolitograf'),
('automaton'),
('automobil'),
('automotif'),
('autopsi'),
('autosom'),
('autotoksin'),
('autotrof'),
('autotrofik'),
('avalans'),
('aven'),
('aversi'),
('avertebrata'),
('Avesta'),
('avgas'),
('aviari'),
('aviasi'),
('aviator'),
('avifauna'),
('avikultur'),
('avirulen'),
('avitaminosis'),
('avokad'),
('avontur'),
('avonturir'),
('avtur'),
('avunkulokal'),
('awa'),
('awaair'),
('awaarang'),
('awabau'),
('awabeku'),
('awabulu'),
('awabusa'),
('awadara'),
('awah'),
('awahama'),
('awai'),
('awak'),
('awal'),
('awalengas'),
('awam'),
('awamineral'),
('awan'),
('awanama'),
('awang'),
('awar'),
('awaracun'),
('awas'),
('awat'),
('awawarna'),
('awet'),
('awin'),
('awur'),
('awut'),
('ayah'),
('ayahanda'),
('ayak'),
('ayal'),
('ayam'),
('ayan'),
('ayanda'),
('ayap'),
('ayar'),
('ayat'),
('ayatullah'),
('ayem'),
('ayeng'),
('ayit'),
('ayo'),
('ayom'),
('ayu'),
('ayum'),
('ayun'),
('ayunda'),
('ayut'),
('azab'),
('azal'),
('azali'),
('azam'),
('azan'),
('azeotrop'),
('azimat'),
('azimut'),
('aziz'),
('azmat'),
('azoikum'),
('azospermi'),
('azurit'),
('bab'),
('baba'),
('babad'),
('babak'),
('babakan'),
('babal'),
('baban'),
('babang'),
('babas'),
('babat'),
('babatan'),
('babe'),
('babesiasis'),
('Babet'),
('babi'),
('babil'),
('babit'),
('bablas'),
('babon'),
('babu'),
('babun'),
('babur'),
('babut'),
('baca'),
('bacah'),
('bacak'),
('bacang'),
('bacar'),
('bacek'),
('bacem'),
('bacik'),
('bacin'),
('baco'),
('bacok'),
('bacot'),
('bacul'),
('bacut'),
('bad'),
('badai'),
('badak'),
('badal'),
('badam'),
('badan'),
('badang'),
('badani'),
('badar'),
('badari'),
('badasi'),
('badau'),
('bade'),
('badi'),
('badik'),
('badminton'),
('badong'),
('Badui'),
('baduk'),
('badung'),
('badur'),
('badut'),
('baduyut'),
('bafta'),
('bagai'),
('bagaimana'),
('bagak'),
('bagal'),
('bagan'),
('bagang'),
('bagar'),
('bagas'),
('bagasi'),
('bagat'),
('bagau'),
('bagea'),
('bagi'),
('baginda'),
('bagong'),
('bagor'),
('baguk'),
('bagul'),
('bagur'),
('bagus'),
('bah'),
('bahadur'),
('bahaduri'),
('bahagia'),
('bahak'),
('bahala'),
('bahalan'),
('baham'),
('bahan'),
('bahana'),
('bahang'),
('bahar'),
('bahara'),
('bahari'),
('bahariwan'),
('baharu'),
('bahas'),
('bahasa'),
('bahasawan'),
('bahaya'),
('bahenol'),
('baheula'),
('bahimiah'),
('bahkan'),
('bahrulhayat'),
('bahtera'),
('bahu'),
('bahuku'),
('bahwa'),
('bahwasanya'),
('baiat'),
('baid'),
('baiduri'),
('baik'),
('bain'),
('bainah'),
('bais'),
('bait'),
('Baitulharam'),
('Baitullah'),
('Baitulmakdis'),
('Baitulmakmur'),
('baitulmal'),
('Baitulmukadas'),
('baja'),
('bajaj'),
('bajak'),
('bajan'),
('bajang'),
('bajar'),
('bajau'),
('bajetah'),
('baji'),
('bajigur'),
('bajik'),
('bajing'),
('baju'),
('bajul'),
('bak'),
('baka'),
('bakak'),
('bakal'),
('bakalaureat'),
('bakam'),
('bakap'),
('bakar'),
('bakarat'),
('bakaslewu'),
('bakat'),
('bakau'),
('bakda'),
('bakdahu'),
('bakdu'),
('bakdul'),
('bakelit'),
('bakero'),
('bakh'),
('bakhil'),
('baki'),
('bakiak'),
('bakik'),
('bakir'),
('bakmi'),
('bako'),
('bakpao'),
('bakpia'),
('baksi'),
('baksis'),
('bakso'),
('baktau'),
('bakteremia'),
('bakteri'),
('bakterin'),
('bakteriofag'),
('bakteriolisis'),
('bakteriolog'),
('bakteriologi'),
('bakteriostatik'),
('bakterisida'),
('bakti'),
('baku'),
('bakul'),
('bakung'),
('bakup'),
('bakut'),
('bakwan'),
('bal'),
('bala'),
('balabad'),
('balad'),
('balada'),
('balah'),
('balai'),
('balairung'),
('balak'),
('balalaika'),
('balam'),
('balan'),
('balang'),
('balangkep'),
('balans'),
('balap'),
('balar'),
('balas'),
('balasdendam'),
('balau'),
('balela'),
('balen'),
('balerina'),
('balerong'),
('balet'),
('balgam'),
('balian'),
('balig'),
('baliho'),
('balik'),
('baling'),
('balistik'),
('balistika'),
('baliu'),
('balkas'),
('balkon'),
('balneologi'),
('balneoterapi'),
('balok'),
('balon'),
('balong'),
('balot'),
('balsam'),
('balseros'),
('balu'),
('baluarti'),
('baluh'),
('balui'),
('baluk'),
('balun'),
('balung'),
('balur'),
('balut'),
('bam'),
('bambam'),
('bambang'),
('bambu'),
('bambung'),
('ban'),
('bana'),
('banal'),
('banang'),
('banar'),
('banat'),
('bancak'),
('bancang'),
('bancar'),
('bancet'),
('banci'),
('bancik'),
('bancuh'),
('bancut'),
('banda'),
('bandan'),
('bandang'),
('bandar'),
('bandara'),
('bandarsah'),
('bandasrayan'),
('bandea'),
('bandel'),
('bandela'),
('bandeng'),
('bandering'),
('banderol'),
('banding'),
('bandit'),
('banditisme'),
('bando'),
('bandongan'),
('bandos'),
('bandot'),
('bandrek'),
('bandu'),
('bandul'),
('bandung'),
('bandusa'),
('bandut'),
('bang'),
('bangai'),
('bangan'),
('bangang'),
('bangar'),
('bangas'),
('bangat'),
('bangau'),
('bangbung'),
('banget'),
('bangga'),
('banggan'),
('bangir'),
('bangkah'),
('bangkai'),
('bangkal'),
('bangkang'),
('bangkar'),
('bangkas'),
('bangkasan'),
('bangkeh'),
('bangket'),
('bangking'),
('bangkir'),
('bangkis'),
('bangkit'),
('bangkong'),
('bangkot'),
('bangkrut'),
('bangku'),
('bangkut'),
('banglas'),
('bangle'),
('banglo'),
('bangor'),
('bangotolak'),
('bangpak'),
('bangsa'),
('bangsai'),
('bangsal'),
('bangsat'),
('bangsawan'),
('bangsi'),
('bangun'),
('bangus'),
('bani'),
('banian'),
('baning'),
('banir'),
('banjang'),
('banjar'),
('banji'),
('banjir'),
('banjur'),
('bank'),
('bankir'),
('bantah'),
('bantai'),
('bantal'),
('bantam'),
('bantar'),
('bantaran'),
('bantat'),
('bantau'),
('banteng'),
('banter'),
('banting'),
('bantu'),
('bantun'),
('bantut'),
('banua'),
('banyak'),
('banyo'),
('banyol'),
('banyu'),
('banyun'),
('banzai'),
('bao'),
('bap'),
('bapa'),
('bapak'),
('bapakisme'),
('bapanda'),
('bapang'),
('bapet'),
('baplang'),
('baptis'),
('bar'),
('bara'),
('baraat'),
('barah'),
('barai'),
('barak'),
('barakat'),
('barakatuh'),
('baran'),
('barang'),
('barangkali'),
('barap'),
('barat'),
('barbar'),
('barbarisme'),
('barbel'),
('barber'),
('barbital'),
('barbiton'),
('barbiturat'),
('barbur'),
('bardi'),
('barel'),
('bareng'),
('barep'),
('baret'),
('barga'),
('bari'),
('barid'),
('barier'),
('barik'),
('barikade'),
('baring'),
('baringan'),
('barion'),
('baris'),
('barisfer'),
('barit'),
('barita'),
('bariton'),
('barium'),
('barjad'),
('barkas'),
('barkometer'),
('barli'),
('barograf'),
('barogram'),
('barok'),
('barologi'),
('barometer'),
('barometri'),
('baron'),
('barongsai'),
('baroskop'),
('barotermograf'),
('barso'),
('barter'),
('baru'),
('barua'),
('baruh'),
('baruje'),
('Baruna'),
('barunawati'),
('barusan'),
('barut'),
('barzakh'),
('barzanji'),
('bas'),
('basa'),
('basah'),
('basal'),
('basalioma'),
('basanit'),
('basat'),
('basau'),
('basi'),
('basil'),
('basilari'),
('basilika'),
('basilus'),
('basin'),
('basir'),
('basirah'),
('basis'),
('basit'),
('baskara'),
('basket'),
('baskom'),
('basmi'),
('bastar'),
('basuh'),
('basung'),
('basut'),
('bata'),
('batagor'),
('batai'),
('batako'),
('batal'),
('batalion'),
('batang'),
('batara'),
('batari'),
('batas'),
('batekeng'),
('batel'),
('batela'),
('baterai'),
('bati'),
('batih'),
('batik'),
('batil'),
('batila'),
('batimetri'),
('batin'),
('batiplankton'),
('batis'),
('batisfer'),
('batok'),
('batolit'),
('baton'),
('batu'),
('batubara'),
('batuk'),
('batun'),
('batung'),
('bau'),
('baud'),
('bauk'),
('baun'),
('baung'),
('baur'),
('baureksa'),
('bausastra'),
('bausuku'),
('baut'),
('bawa'),
('bawab'),
('bawah'),
('bawak'),
('bawal'),
('bawang'),
('bawasir'),
('bawat'),
('bawel'),
('bawon'),
('baya'),
('bayak'),
('bayam'),
('bayan'),
('bayang'),
('bayangkara'),
('bayangkari'),
('bayar'),
('bayas'),
('bayata'),
('bayati'),
('bayem'),
('bayi'),
('bayonet'),
('bayong'),
('bayu'),
('bayuh'),
('bayun'),
('bayung'),
('bayur'),
('bazar'),
('bazoka'),
('bea'),
('beasiswa'),
('beatifikasi'),
('bebal'),
('beban'),
('bebandos'),
('bebang'),
('bebar'),
('bebaru'),
('bebas'),
('bebasmurni'),
('bebastugas'),
('bebat'),
('bebe'),
('bebek'),
('bebekel'),
('bebekisme'),
('bebel'),
('bebenah'),
('beber'),
('beberapa'),
('beberas'),
('bebesaran'),
('bebi'),
('bebodoran'),
('bebotoh'),
('bebrek'),
('becak'),
('becek'),
('beceng'),
('becuk'),
('becus'),
('beda'),
('bedah'),
('bedak'),
('bedal'),
('bedama'),
('bedan'),
('bedar'),
('bedaru'),
('bedawi'),
('bedaya'),
('bedebah'),
('bedegap'),
('bedegong'),
('bedel'),
('bedeng'),
('bedil'),
('bedinde'),
('bedo'),
('bedol'),
('bedudak'),
('beduk'),
('bedukang'),
('bedung'),
('bega'),
('begadang'),
('begah'),
('begal'),
('begana'),
('begandering'),
('begap'),
('begar'),
('begawan'),
('begini'),
('begitu'),
('bego'),
('begonia'),
('begu'),
('beguk'),
('begundal'),
('beha'),
('behandel'),
('behena'),
('bejana'),
('bejat'),
('bek'),
('beka'),
('bekah'),
('bekakak'),
('bekakas'),
('bekal'),
('bekam'),
('bekantan'),
('bekap'),
('bekas'),
('bekat'),
('bekatul'),
('bekel'),
('beken'),
('beker'),
('bekerma'),
('bekicot'),
('bekil'),
('bekisar'),
('bekleding'),
('bekles'),
('beklit'),
('beksan'),
('beku'),
('bekuk'),
('bekuku'),
('bel'),
('bela'),
('belabas'),
('belacan'),
('belacu'),
('belada'),
('beladau'),
('beladu'),
('belah'),
('belahak'),
('belahong'),
('belai'),
('belak'),
('belaka'),
('belakang'),
('belako'),
('belalah'),
('belalai'),
('belalak'),
('belalang'),
('belam'),
('belambang'),
('belan'),
('belanak'),
('Belanda'),
('belandang'),
('belandar'),
('belandong'),
('belandung'),
('belang'),
('belanga'),
('belangah'),
('belangir'),
('belangkas'),
('belangkin'),
('belangkon'),
('belanja'),
('belantai'),
('belantan'),
('belantara'),
('belantik'),
('belantika'),
('belantuk'),
('belar'),
('belarak'),
('belas'),
('belasah'),
('belasting'),
('belasungkawa'),
('belasut'),
('belat'),
('belater'),
('belati'),
('belatik'),
('belatuk'),
('belatung'),
('belau'),
('belawan'),
('belebas'),
('belebat'),
('belecak'),
('beleda'),
('beledang'),
('beledi'),
('beledu'),
('beleid'),
('belek'),
('belekek'),
('belekok'),
('belel'),
('belelang'),
('belembang'),
('belencong'),
('belendong'),
('belendung'),
('beleng'),
('belenggu'),
('belengket'),
('belengkong'),
('belenting'),
('belentung'),
('belepas'),
('belera'),
('belerang'),
('belerong'),
('beli'),
('belia'),
('beliak'),
('beliau'),
('belibas'),
('belibat'),
('belibis'),
('belida'),
('beligat'),
('beligo'),
('belik'),
('belikan'),
('belikat'),
('beliku'),
('belimbing'),
('belincong'),
('beling'),
('belingkang'),
('belingsat'),
('belingut'),
('belinjo'),
('belintang'),
('belis'),
('belit'),
('belitung'),
('beliung'),
('beliut'),
('belo'),
('beloan'),
('belobor'),
('belodok'),
('beloh'),
('belok'),
('belokok'),
('belolang'),
('belolok'),
('belolong'),
('belon'),
('belonggok'),
('belongkang'),
('belongkeng'),
('belongkot'),
('belongsong'),
('belontang'),
('beloon'),
('belot'),
('belotong'),
('belu'),
('beluam'),
('beluas'),
('belubu'),
('belubur'),
('beludak'),
('beludar'),
('beluhan'),
('beluk'),
('belukap'),
('belukar'),
('beluku'),
('belukut'),
('belulang'),
('beluluk'),
('belulung'),
('belum'),
('belungkang'),
('belungkur'),
('belungsing'),
('beluntas'),
('beluru'),
('belus'),
('belusuk'),
('belut'),
('beluwek'),
('bembam'),
('bemban'),
('bembar'),
('bembarap'),
('bembet'),
('bemo'),
('bemper'),
('bena'),
('benah'),
('benak'),
('benalu'),
('benam'),
('benang'),
('benar'),
('benara'),
('benatu'),
('bencah'),
('bencana'),
('bencat'),
('benci'),
('bencol'),
('bencong'),
('benda'),
('bendahara'),
('bendaharawan'),
('bendahari'),
('bendala'),
('bendang'),
('bendara'),
('bendari'),
('bendawat'),
('bendawi'),
('bende'),
('bendel'),
('bendela'),
('bendera'),
('benderang'),
('benderung'),
('bendesa'),
('bendi'),
('bendir'),
('bendo'),
('bendoro'),
('bendu'),
('benduan'),
('bendul'),
('bendung'),
('benefaktif'),
('bengah'),
('bengal'),
('bengang'),
('bengap'),
('bengawan'),
('bengek'),
('bengep'),
('benggal'),
('benggala'),
('benggang'),
('benggil'),
('benggol'),
('bengis'),
('bengkah'),
('bengkak'),
('bengkal'),
('bengkalai'),
('bengkar'),
('bengkarak'),
('bengkarap'),
('bengkaras'),
('bengkarung'),
('bengkatak'),
('bengkawan'),
('bengkawang'),
('bengkayang'),
('bengkel'),
('bengkelai'),
('bengkeng'),
('bengker'),
('bengkerap'),
('bengkil'),
('bengkok'),
('bengkol'),
('bengkong'),
('bengkos'),
('bengku'),
('bengkuang'),
('bengkunang'),
('bengkung'),
('bengoh'),
('bengok'),
('bengong'),
('bengot'),
('bengu'),
('benguk'),
('bengul'),
('bengung'),
('beni'),
('benian'),
('benih'),
('bening'),
('benitan'),
('benjol'),
('benjut'),
('benkap'),
('bensin'),
('benta'),
('bentak'),
('bentala'),
('bentan'),
('bentang'),
('bentangkan'),
('bentangur'),
('bentar'),
('bentara'),
('bentaus'),
('benteh'),
('benteng'),
('bentes'),
('bentet'),
('bentik'),
('bentoh'),
('bentok'),
('bentol'),
('bentong'),
('bentonit'),
('bentos'),
('bentrok'),
('bentuk'),
('bentul'),
('bentulu'),
('bentur'),
('benturung'),
('bentus'),
('benua'),
('benuang'),
('benuaron'),
('benum'),
('benur'),
('benyai'),
('benyek'),
('benyoh'),
('benyot'),
('benzedrin'),
('benzena'),
('benzil'),
('benzoat'),
('benzoilperoksida'),
('benzoin'),
('benzol'),
('beo'),
('beol'),
('bera'),
('berabe'),
('berahi'),
('berai'),
('berak'),
('berakah'),
('beraksa'),
('beram'),
('berambang'),
('beramin'),
('beranang'),
('beranda'),
('berandal'),
('berandang'),
('berang'),
('berangai'),
('berangan'),
('berangas'),
('berangkal'),
('berangkat'),
('berangta'),
('berangus'),
('berani'),
('beranta'),
('berantak'),
('berantas'),
('berapa'),
('beras'),
('berat'),
('bercak'),
('berdikari'),
('berdus'),
('berebes'),
('beredel'),
('beremban'),
('berembang'),
('berengau'),
('berengos'),
('berengsek'),
('berengut'),
('berentang'),
('bereo'),
('beres'),
('beret'),
('berewok'),
('bergas'),
('berguk'),
('beri'),
('beriang'),
('beriani'),
('berida'),
('berik'),
('beril'),
('berilium'),
('berinda'),
('beringas'),
('beringin'),
('beringsang'),
('berisik'),
('berita'),
('beritahu'),
('beritawan'),
('berkah'),
('berkas'),
('berkat'),
('berkelium'),
('berkik'),
('berkil'),
('berko'),
('berkung'),
('berlau'),
('berlian'),
('berma'),
('bermat'),
('bermi'),
('bernas'),
('bernga'),
('beroci'),
('beroga'),
('berok'),
('beron'),
('beronang'),
('berondong'),
('berong'),
('berongkos'),
('berongsang'),
('berongsong'),
('beronjong'),
('beronok'),
('berontak'),
('berosot'),
('beroti'),
('beroya'),
('bersat'),
('bersih'),
('bersil'),
('bersin'),
('bersit'),
('bersut'),
('bertam'),
('bertih'),
('beru'),
('beruas'),
('berubuh'),
('berui'),
('beruju'),
('berujul'),
('beruk'),
('berumbun'),
('berumbung'),
('berunang'),
('beruntus'),
('beruri'),
('berus'),
('besalen'),
('besan'),
('besar'),
('besaran'),
('besek'),
('besel'),
('besengek'),
('beser'),
('besero'),
('beset'),
('besi'),
('besikal'),
('besing'),
('besit'),
('besitua'),
('beskal'),
('beskap'),
('beslah'),
('beslit'),
('besok'),
('besot'),
('bestari'),
('bestek'),
('bestel'),
('bestialitas'),
('bestir'),
('bestral'),
('besuk'),
('besusu'),
('besut'),
('besuta'),
('bet'),
('beta'),
('betah'),
('betahak'),
('betang'),
('betapa'),
('betara'),
('betari'),
('betas'),
('betatas'),
('betatron'),
('betau'),
('betet'),
('beti'),
('betik'),
('betina'),
('beting'),
('betinga'),
('betis'),
('betok'),
('beton'),
('betonisasi'),
('betot'),
('betul'),
('betung'),
('betutu'),
('bewok'),
('bhayangkara'),
('biadab'),
('biadat'),
('biadi'),
('biah'),
('biak'),
('biang'),
('bianglala'),
('biaperi'),
('biar'),
('biara'),
('biarawan'),
('biarawati'),
('biarpet'),
('biarpun'),
('bias'),
('biasa'),
('biat'),
('biau'),
('biawak'),
('biawan'),
('biawas'),
('biaya'),
('Bibel'),
('bibi'),
('bibinda'),
('bibir'),
('bibit'),
('biblio'),
('bibliografi'),
('bibliomania'),
('bibliotek'),
('bicana'),
('bicara'),
('bicokok'),
('bicu'),
('bida'),
('bidadari'),
('bidah'),
('bidai'),
('bidak'),
('bidal'),
('bidan'),
('bidang'),
('bidar'),
('bidara'),
('bidari'),
('bidas'),
('bidet'),
('bidik'),
('bido'),
('biduan'),
('biduanda'),
('biduanita'),
('biduk'),
('bidur'),
('biduri'),
('bienial'),
('biennale'),
('bifasial'),
('bigair'),
('bigami'),
('bigamis'),
('bihi'),
('bihun'),
('bija'),
('bijak'),
('bijakraja'),
('bijaksana'),
('bijaksanawan'),
('bijan'),
('bijana'),
('biji'),
('bijih'),
('bik'),
('bikameral'),
('bikang'),
('bikarbonat'),
('bikin'),
('bikini'),
('bikir'),
('bikonkaf'),
('bikonveks'),
('bikromat'),
('biksah'),
('biksu'),
('biksuni'),
('biku'),
('bila'),
('bilabial'),
('bilah'),
('bilai'),
('bilakmata'),
('bilal'),
('bilamana'),
('bilamasa'),
('bilang'),
('bilas'),
('bilateral'),
('bilateralisme'),
('bilga'),
('bilhak'),
('biliar'),
('bilik'),
('bilineal'),
('bilingual'),
('bilingualisme'),
('bilis'),
('biliun'),
('billahi'),
('bilokal'),
('bilur'),
('bilyet'),
('bimasakti'),
('bimbang'),
('bimbing'),
('bimbit'),
('bimetal'),
('bin'),
('bina'),
('binal'),
('binar'),
('binara'),
('binaraga'),
('binaragawan'),
('binasa'),
('binatak'),
('binatang'),
('binawah'),
('binayah'),
('bincacak'),
('bincang'),
('bincu'),
('bincul'),
('bincut'),
('bindam'),
('bindeng'),
('binder'),
('bindu'),
('bineka'),
('binen'),
('biner'),
('bingas'),
('bingit'),
('bingka'),
('bingkah'),
('bingkai'),
('bingkas'),
('bingkatak'),
('bingkis'),
('bingung'),
('bini'),
('binjai'),
('binjat'),
('binokular'),
('binomial'),
('bintak'),
('bintal'),
('bintalak'),
('bintan'),
('bintang'),
('bintara'),
('binti'),
('bintik'),
('bintil'),
('bintit'),
('bintul'),
('bintulbahar'),
('bintur'),
('binturung'),
('biodata'),
('biodin'),
('biofera'),
('biofilm'),
('biofilter'),
('biofisik'),
('biofisika'),
('biogas'),
('biogenesis'),
('biogenik'),
('biogeografi'),
('biografi'),
('biokimia'),
('bioklimatologi'),
('biola'),
('biolinguistik'),
('biolit'),
('biolog'),
('biologi'),
('biologis'),
('biologiwan'),
('bioluminesensi'),
('biomassa'),
('biomekani'),
('biometeorologi'),
('biometri'),
('biometrika'),
('bionomika'),
('biopendar'),
('bioplasma'),
('biopsi'),
('bioritme'),
('bioritmik'),
('biosekuen'),
('biosfer'),
('biosida'),
('bioskop'),
('biostatika'),
('biota'),
('biotek'),
('bioteknologi'),
('biotik'),
('biotin'),
('biotoksin'),
('biotron'),
('bipatride'),
('bipolar'),
('bipolaritas'),
('bipolisentrisme'),
('biprisma'),
('bir'),
('birah'),
('birai'),
('biram'),
('birama'),
('birang'),
('biras'),
('birat'),
('biring'),
('birit'),
('biro'),
('birofaks'),
('birokrasi'),
('birokrat'),
('birokratis'),
('birokratisasi'),
('birokratisme'),
('birsam'),
('biru'),
('bis'),
('bisa'),
('bisai'),
('bisawab'),
('bisbol'),
('biseksual'),
('bisektris'),
('biseps'),
('bisik'),
('bising'),
('bisinosis'),
('biskuit'),
('bismillah'),
('bismut'),
('bisnis'),
('bison'),
('bissu'),
('bistik'),
('bisu'),
('bisul'),
('bit'),
('bitgula'),
('biti'),
('biting'),
('bitisik'),
('bitumen'),
('biuku'),
('biumbai'),
('bius'),
('biut'),
('bivak'),
('biverbal'),
('bizurai'),
('blabar'),
('blabitisme'),
('blakblakan'),
('blangko'),
('blantika'),
('blaster'),
('blastostil'),
('blazer'),
('blek'),
('blekek'),
('blekok'),
('blenda'),
('blender'),
('blepot'),
('blewah'),
('blirik'),
('blog'),
('bloger'),
('blok'),
('blokade'),
('blokir'),
('bloknot'),
('blong'),
('blower'),
('bludrek'),
('blues'),
('blus'),
('blustru'),
('bobato'),
('bobok'),
('bobol'),
('bobos'),
('bobot'),
('bobotok'),
('bobrok'),
('bocah'),
('bocok'),
('bocong'),
('bocor'),
('bodhi'),
('bodhisatwa'),
('bodi'),
('bodoh'),
('bodok'),
('bodong'),
('bodor'),
('boga'),
('bogam'),
('bogel'),
('bogem'),
('bogi'),
('bogol'),
('bogor'),
('bogot'),
('bohemian'),
('bohlam'),
('bohong'),
('bohorok'),
('bohsia'),
('boi'),
('boikot'),
('bois'),
('bokar'),
('bokca'),
('bokek'),
('boko'),
('bokoh'),
('bokong'),
('bokop'),
('bokor'),
('boks'),
('boksen'),
('bokser'),
('bokset'),
('boksu'),
('boku'),
('bol'),
('bola'),
('bolak'),
('boleh'),
('bolero'),
('bolide'),
('boling'),
('bolometer'),
('bolong'),
('bolos'),
('bolot'),
('bolotu'),
('bolpoin'),
('bolu'),
('bom'),
('bombai'),
('bombardemen'),
('bombardir'),
('bombas'),
('bombastis'),
('bomber'),
('bomoh'),
('bomseks'),
('bon'),
('bonafide'),
('bonafiditas'),
('bonang'),
('bonanza'),
('bonar'),
('bonbon'),
('boncel'),
('bonceng'),
('boncol'),
('boncong'),
('bondol'),
('bondong'),
('bondot'),
('boneka'),
('bonet'),
('bong'),
('bongak'),
('bonggol'),
('bongkah'),
('bongkar'),
('bongkin'),
('bongko'),
('bongkol'),
('bongkong'),
('bongkor'),
('bongkot'),
('bongkrek'),
('bongmeh'),
('bongo'),
('bongok'),
('bongsang'),
('bongsor'),
('bonjol'),
('bonjor'),
('bonsai'),
('bontak'),
('bonto'),
('bontok'),
('bontot'),
('bonus'),
('bonyok'),
('bopeng'),
('boplang'),
('bopok'),
('bopong'),
('bor'),
('bora'),
('boraks'),
('borang'),
('borat'),
('borci'),
('bordes'),
('bordil'),
('bordir'),
('bordu'),
('boreal'),
('boreh'),
('borek'),
('borgol'),
('borjuasi'),
('borjuis'),
('borok'),
('boron'),
('borong'),
('boros'),
('bortel'),
('bos'),
('bosan'),
('boseta'),
('bosman'),
('boson'),
('bosor'),
('bosun'),
('bot'),
('botak'),
('botang'),
('botani'),
('botanikus'),
('botanis'),
('botelir'),
('boto'),
('botoh'),
('botok'),
('botol'),
('botor'),
('botridium'),
('botulisme'),
('bowo'),
('boya'),
('boyak'),
('boyas'),
('boyong'),
('bozah'),
('bradikardi'),
('Brahma'),
('brahmana'),
('brahmani'),
('brahmi'),
('brahmin'),
('braille'),
('brakiasi'),
('brakilogi'),
('brakisefalik'),
('brakistokron'),
('brakiurus'),
('braktea'),
('bramacorah'),
('brambang'),
('brana'),
('brander'),
('brankar'),
('brankas'),
('branwir'),
('braseri'),
('brata'),
('bratawali'),
('breksi'),
('breksia'),
('brem'),
('bren'),
('brendi'),
('brengsek'),
('bretel'),
('brevet'),
('brigade'),
('brigadir'),
('briket'),
('brilian'),
('briofita'),
('briologi'),
('briozoa'),
('brisan'),
('broiler'),
('brokade'),
('brokat'),
('broker'),
('brokoli'),
('brom'),
('bromat'),
('bromida'),
('bromin'),
('bromisme'),
('brompit'),
('bronkioli'),
('bronkitis'),
('bronkodilator'),
('bronkotomi'),
('bronkus'),
('brontosaurus'),
('bros'),
('brosur'),
('browser'),
('bruder'),
('bruk'),
('brunai'),
('brutal'),
('brutalisme'),
('bruto'),
('buah'),
('buai'),
('buak'),
('bual'),
('buana'),
('buang'),
('buani'),
('buar'),
('buari'),
('buas'),
('buat'),
('buatanah'),
('buaya'),
('bubar'),
('bubo'),
('bubu'),
('bubuh'),
('bubuhan'),
('bubuk'),
('bubul'),
('bubun'),
('bubung'),
('bubur'),
('bubus'),
('bubut'),
('bucu'),
('budak'),
('budanco'),
('budaya'),
('budayawan'),
('Buddha'),
('Buddhis'),
('Buddhisme'),
('bude'),
('budek'),
('budi'),
('budian'),
('budidaya'),
('budiman'),
('budu'),
('buduk'),
('budur'),
('bueng'),
('bufer'),
('bufet'),
('bugar'),
('bugenvil'),
('bugil'),
('buhuk'),
('buhul'),
('bui'),
('buih'),
('buil'),
('bujal'),
('bujam'),
('bujang'),
('bujangga'),
('bujet'),
('bujeter'),
('bujuk'),
('bujur'),
('bujut'),
('buk'),
('buka'),
('bukan'),
('bukat'),
('bukau'),
('buket'),
('bukit'),
('buklet'),
('bukti'),
('buku'),
('bukung'),
('bukur'),
('bukut'),
('bulai'),
('bulak'),
('bulan'),
('bulang'),
('bulangan'),
('bular'),
('bulat'),
('bulbul'),
('buldan'),
('buldog'),
('buldoser'),
('bule'),
('buleng'),
('buletin'),
('bulevar'),
('bulgur'),
('bulian'),
('bulimia'),
('bulir'),
('bulsak'),
('bulu'),
('bulu-bulu'),
('buluh'),
('buluk'),
('bulur'),
('bulus'),
('bulutangkis'),
('bum'),
('bumantara'),
('bumban'),
('bumbu'),
('bumbun'),
('bumbung'),
('bumel'),
('bumerang'),
('bumi'),
('bumiah'),
('bumihangus'),
('bumiputra'),
('bumirata'),
('bumper'),
('bumpet'),
('bumping'),
('bun'),
('buna'),
('bunbunan'),
('buncah'),
('buncak'),
('buncang'),
('buncis'),
('buncit'),
('bunda'),
('bundak'),
('bundar'),
('bundas'),
('bundel'),
('bunduk'),
('bundung'),
('bung'),
('bunga'),
('bungalo'),
('bungar'),
('bungkal'),
('bungkam'),
('bungkang'),
('bungkas'),
('bungker'),
('bungkil'),
('bungking'),
('bungkuk'),
('bungkul'),
('bungkus'),
('bunglai'),
('bunglon'),
('bungsil'),
('bungsu'),
('bungur'),
('buni'),
('bunian'),
('bunjai'),
('buntak'),
('buntal'),
('buntang'),
('buntar'),
('buntat'),
('buntek'),
('buntel'),
('buntet'),
('buntil'),
('bunting'),
('buntu'),
('buntung'),
('buntut'),
('bunuh'),
('bunut'),
('bunyi'),
('bupala'),
('bupati'),
('bupet'),
('bur'),
('bura'),
('burai'),
('burak'),
('burakah'),
('buraksa'),
('buram'),
('buras'),
('burat'),
('burayak'),
('burdah'),
('bureng'),
('buret'),
('burgundi'),
('burhan'),
('burik'),
('burit'),
('burkak'),
('burnout'),
('buron'),
('bursa'),
('buru'),
('buruh'),
('buruj'),
('buruk'),
('burung'),
('burut'),
('bus'),
('busa'),
('busai'),
('busana'),
('buset'),
('bushido'),
('busi'),
('busik'),
('bustan'),
('buster'),
('busuk'),
('busung'),
('busur'),
('busut'),
('buta'),
('butadiena'),
('butala'),
('butana'),
('butang'),
('butarepan'),
('butbut'),
('butek'),
('butik'),
('butir'),
('butirat'),
('butongpai'),
('butuh'),
('butul'),
('butun'),
('butut'),
('buwuh'),
('buya'),
('buyar'),
('buyung'),
('buyur'),
('buyut'),
('caba'),
('cabai'),
('cabak'),
('cabang'),
('cabar'),
('cabau'),
('cabe'),
('cabik'),
('cabir'),
('cabo'),
('cabuh'),
('cabuk'),
('cabul'),
('cabur'),
('cabut'),
('caca'),
('cacah'),
('cacahjiwa'),
('cacak'),
('cacap'),
('cacar'),
('cacat'),
('cacau'),
('caci'),
('cacibar'),
('cacil'),
('cacimaki'),
('cacing'),
('cadai'),
('cadang'),
('cadar'),
('cadas'),
('cadel'),
('cadik'),
('cadok'),
('caduk'),
('cadung'),
('caem'),
('cagak'),
('cagar'),
('cagil'),
('cagu'),
('caguh'),
('cagun'),
('cagut'),
('cah'),
('cahang'),
('cahar'),
('cahari'),
('cahaya'),
('cahi'),
('cailah'),
('caima'),
('caing'),
('cair'),
('cais'),
('caisim'),
('cak'),
('cakah'),
('cakak'),
('cakalang'),
('cakalele'),
('cakap'),
('cakar'),
('cakawari'),
('cakela'),
('cakep'),
('caki'),
('cakiak'),
('cakil'),
('cakmar'),
('cako'),
('cakra'),
('Cakrabirawa'),
('cakrabuana'),
('cakram'),
('cakrawala'),
('cakrawati'),
('cakruk'),
('cakup'),
('cakus'),
('cal'),
('calabikang'),
('caladi'),
('calak'),
('calang'),
('calar'),
('calecer'),
('calempong'),
('caling'),
('calir'),
('calit'),
('calo'),
('calon'),
('calui'),
('caluk'),
('calung'),
('cam'),
('camar'),
('camat'),
('camau'),
('cambahan'),
('cambang'),
('cambuk'),
('cambul'),
('cambung'),
('camca'),
('camil'),
('campa'),
('campah'),
('campak'),
('campang'),
('campin'),
('camping'),
('camplungan'),
('campuh'),
('campung'),
('campur'),
('campuraduk'),
('campurbaur'),
('camuk'),
('camur'),
('canai'),
('canak'),
('canang'),
('cancanbulan'),
('cancang'),
('cancut'),
('canda'),
('candai'),
('candak'),
('candala'),
('candang'),
('candat'),
('candi'),
('candik'),
('candit'),
('candra'),
('candradimuka'),
('candramawa'),
('candrasa'),
('candrasengkala'),
('candu'),
('candung'),
('cang'),
('cangah'),
('cangak'),
('cangam'),
('cangap'),
('cangar'),
('cangcang'),
('canggaan'),
('canggah'),
('canggai'),
('canggal'),
('cangget'),
('canggih'),
('canggu'),
('canggung'),
('cangkang'),
('cangkat'),
('cangkel'),
('cangkih'),
('cangking'),
('cangkir'),
('cangklong'),
('cangkok'),
('cangkol'),
('cangkrang'),
('cangkriman'),
('cangkring'),
('cangkul'),
('cangkum'),
('cangkung'),
('cangkup'),
('canguk'),
('cangut'),
('cantas'),
('cantel'),
('canteng'),
('cantik'),
('canting'),
('cantol'),
('cantrik'),
('cantum'),
('caos'),
('cap'),
('capa'),
('capah'),
('capai'),
('capak'),
('capal'),
('capang'),
('capar'),
('capcai'),
('cape'),
('capek'),
('capelin'),
('capgome'),
('capik'),
('capil'),
('caping'),
('capit'),
('capjiki'),
('caplak'),
('caplok'),
('capuk'),
('capung'),
('cara'),
('carah'),
('carak'),
('caraka'),
('carakawati'),
('caram'),
('caran'),
('carang'),
('caren'),
('cari'),
('carik'),
('caring'),
('carter'),
('caruk'),
('carut'),
('cas'),
('casciscus'),
('cat'),
('catat'),
('catek'),
('catu'),
('catuk'),
('catur'),
('caturjalma'),
('caturlarik'),
('caturtunggal'),
('caturwangsa'),
('caturwarga'),
('caturwarna'),
('caturwulan'),
('catut'),
('caul'),
('caung'),
('cawai'),
('cawak'),
('cawan'),
('cawangan'),
('cawat'),
('cawi'),
('cawis'),
('cebak'),
('ceban'),
('cebik'),
('cebikas'),
('cebil'),
('cebir'),
('cebis'),
('cebok'),
('cebol'),
('cebong'),
('cebur'),
('cecah'),
('cecak'),
('cecap'),
('cecar'),
('cecawi'),
('cece'),
('ceceh'),
('ceceng'),
('cecer'),
('cecere'),
('cecok'),
('cecongor'),
('cecunguk'),
('cedal'),
('cedayam'),
('cedera'),
('ceding'),
('cedok'),
('cedong'),
('ceduk'),
('cegah'),
('cegak'),
('cegar'),
('cegat'),
('ceguk'),
('cek'),
('cekah'),
('cekak'),
('cekakan'),
('cekal'),
('cekam'),
('cekang'),
('cekarau'),
('cekat'),
('cekau'),
('cekcekcek'),
('cekcok'),
('cekdam'),
('cekdel'),
('cekek'),
('cekel'),
('ceker'),
('ceki'),
('cekibar'),
('cekih'),
('cekik'),
('cekikik'),
('ceking'),
('cekit'),
('ceklek'),
('cekluk'),
('cekok'),
('cekrem'),
('cekres'),
('ceku'),
('cekuh'),
('cekuk'),
('cekung'),
('cekup'),
('cekur'),
('cekut'),
('cela'),
('celaga'),
('celah'),
('celak'),
('celaka'),
('celampak'),
('celana'),
('celang'),
('celangak'),
('celangap'),
('celapak'),
('celar'),
('celari'),
('celas'),
('celat'),
('celatuk'),
('cele'),
('celebuk'),
('celek'),
('celekeh'),
('celemek'),
('celemotan'),
('celempong'),
('celempung'),
('celeng'),
('celengkang'),
('celentang'),
('celep'),
('celepik'),
('celepuk'),
('celetuk'),
('celi'),
('celih'),
('celik'),
('celinguk'),
('celingus'),
('celis'),
('celomes'),
('celomok'),
('celonok'),
('celopar'),
('celorot'),
('celoteh'),
('Celsius'),
('celuk'),
('celum'),
('celung'),
('celup'),
('celupak'),
('celur'),
('celuring'),
('celurit'),
('celurut'),
('celus'),
('celutak'),
('celutuk'),
('cema'),
('cemani'),
('cemar'),
('cemara'),
('cemas'),
('cemat'),
('cembeng'),
('cemberut'),
('cembul'),
('cembung'),
('cemburu'),
('cemeeh'),
('cemeh'),
('cemek'),
('cemekian'),
('cemer'),
('cemerlang'),
('cemeti'),
('cemetuk'),
('cemomot'),
('cemong'),
('cemooh'),
('cempa'),
('cempaka'),
('cempal'),
('cempala'),
('cempana'),
('cempe'),
('cempedak'),
('cempek'),
('cempelik'),
('cempelung'),
('cempeng'),
('cempera'),
('cemperai'),
('cemperling'),
('cempiang'),
('cempin'),
('cemping'),
('cemplang'),
('cemplung'),
('cempor'),
('cempreng'),
('cempres'),
('cempung'),
('cempurit'),
('cemuas'),
('cemuk'),
('cena'),
('cenak'),
('cenangau'),
('cenangga'),
('cenangkas'),
('cenayang'),
('cencala'),
('cencaluk'),
('cencaru'),
('cencawan'),
('cencawi'),
('cendala'),
('cendana'),
('cendang'),
('cendawan'),
('cendekia'),
('cendekiawan'),
('cenderai'),
('cenderasa'),
('cenderawasih'),
('cenderung'),
('cendok'),
('cendol'),
('cenduai'),
('cenela'),
('ceng'),
('cengal'),
('cengam'),
('cengang'),
('cengap'),
('cengbeng'),
('cengeh'),
('cengek'),
('cengeng'),
('cengengesan'),
('cenggek'),
('cengger'),
('cenggeret'),
('cengi'),
('cengis'),
('cengkal'),
('cengkam'),
('cengkar'),
('cengkaruk'),
('cengkau'),
('cengkedi'),
('cengkeh'),
('cengkek'),
('cengkelong'),
('cengkeram'),
('cengkerama'),
('cengkerawak'),
('cengkerik'),
('cengkering'),
('cengkerung'),
('cengki'),
('cengkiak'),
('cengkih'),
('cengking'),
('cengkir'),
('cengkiwing'),
('cengkok'),
('cengkol'),
('cengkong'),
('cengkung'),
('cengkurai'),
('cengli'),
('cengung'),
('cengut'),
('centang'),
('centangan'),
('centeng'),
('centet'),
('centong'),
('centung'),
('cenung'),
('cepak'),
('cepal'),
('cepat'),
('cepek'),
('cepeng'),
('cepengan'),
('ceper'),
('cepiau'),
('ceples'),
('ceplok'),
('ceplos'),
('cepo'),
('cepol'),
('cepu'),
('cepuk'),
('cerabah'),
('cerabih'),
('cerabut'),
('ceracak'),
('ceracam'),
('ceracap'),
('ceracau'),
('cerah'),
('cerai'),
('cerak'),
('ceraka'),
('cerakin'),
('ceramah'),
('cerana'),
('cerancang'),
('cerang'),
('ceranggah'),
('cerangka'),
('cerap'),
('cerat'),
('ceratai'),
('ceratuk'),
('cerau'),
('cerawat'),
('cerbak'),
('cerca'),
('cercah'),
('cercak'),
('cercap'),
('cerdas'),
('cerdik'),
('cere'),
('cerecek'),
('cerek'),
('ceremai'),
('cerempung'),
('cerepu'),
('ceret'),
('cerewet'),
('cergas'),
('ceri'),
('ceria'),
('cericap'),
('cericau'),
('cericip'),
('ceriga'),
('cerih'),
('cerita'),
('ceriwis'),
('cerkam'),
('cerkau'),
('cerlang'),
('cerlih'),
('cerling'),
('cermai'),
('cermat'),
('cermin'),
('cerna'),
('ceroboh'),
('cerobong'),
('cerocok'),
('cerocos'),
('cerompong'),
('ceronggah'),
('ceropong'),
('ceroteh'),
('cerowok'),
('cerpelai'),
('cerpen'),
('cerpenis'),
('cerpu'),
('cerucuh'),
('cerucup'),
('ceruh'),
('ceruk'),
('cerun'),
('cerup'),
('cerut'),
('cerutu'),
('cespleng'),
('cetai'),
('cetak'),
('cetar'),
('cetek'),
('ceteng'),
('ceter'),
('cetera'),
('ceteri'),
('ceteria'),
('ceti'),
('cetok'),
('cetus'),
('ceuki'),
('cewang'),
('cewek'),
('ciak'),
('cialat'),
('ciap'),
('ciar'),
('cibir'),
('cibit'),
('ciblon'),
('cibuk'),
('cicik'),
('cicil'),
('cicinda'),
('cicip'),
('cicit'),
('cidomo'),
('ciduk'),
('cigak'),
('cih'),
('cihui'),
('cik'),
('cika'),
('cikadas'),
('cikal'),
('cikar'),
('cikok'),
('cikrak'),
('ciku'),
('cikun'),
('cikut'),
('cilap'),
('cilawagi'),
('cili'),
('cilik'),
('ciling'),
('cilok'),
('cilukba'),
('cimplong'),
('Cina'),
('cincang'),
('cincau'),
('cincin'),
('cincong'),
('cincu'),
('cinda'),
('cindai'),
('cindaku'),
('cinde'),
('cindil'),
('cindur'),
('cing'),
('cingak'),
('cingam'),
('cingangah'),
('cingge'),
('cingkat'),
('cingkeh'),
('cingkrang'),
('cingur'),
('cinta'),
('cintamani'),
('cinteng'),
('cintrong'),
('cip'),
('cipai'),
('cipan'),
('ciplak'),
('cipok'),
('ciprat'),
('cipta'),
('cir'),
('circir'),
('ciri'),
('cirit'),
('ciriwangi'),
('cis'),
('cit'),
('cita'),
('citra'),
('citraleka'),
('ciu'),
('cium'),
('ciut'),
('coak'),
('coang'),
('coba'),
('coban'),
('cobek'),
('coblos'),
('cocok'),
('cocoktanam'),
('cocol'),
('cocor'),
('codak'),
('codet'),
('codot'),
('cogah'),
('cogan'),
('cogok'),
('cok'),
('cokar'),
('cokek'),
('cokelat'),
('coket'),
('coklat'),
('cokmar'),
('coko'),
('cokok'),
('cokol'),
('Cokorda'),
('colek'),
('coleng'),
('colet'),
('coli'),
('colok'),
('colong'),
('colot'),
('comberan'),
('comblang'),
('combong'),
('comek'),
('comel'),
('comor'),
('comot'),
('compeng'),
('compes'),
('compoh'),
('compreng'),
('comro'),
('concong'),
('condong'),
('conet'),
('congak'),
('congeh'),
('congek'),
('congget'),
('conggok'),
('congkak'),
('congki'),
('congklak'),
('congklang'),
('congkok'),
('congkong'),
('congo'),
('congok'),
('congol'),
('congor'),
('congsam'),
('contek'),
('conteng'),
('contoh'),
('contong'),
('cop'),
('copet'),
('coplok'),
('copot'),
('cor'),
('corak'),
('corek'),
('coreng'),
('coret'),
('coro'),
('corob'),
('corong'),
('corot'),
('cotet'),
('cotok'),
('cowok'),
('cowokan'),
('criping'),
('cua'),
('cuaca'),
('cuai'),
('cuak'),
('cual'),
('cuang'),
('cuar'),
('cuat'),
('cubit'),
('cublik'),
('cubung'),
('cuca'),
('cucakrawa'),
('cuci'),
('cucu'),
('cucuh'),
('cucuk'),
('cucun'),
('cucunda'),
('cucung'),
('cucup'),
('cucur'),
('cucurut'),
('cucut'),
('cudang'),
('cuek'),
('cugat'),
('cuh'),
('cuik'),
('cuil'),
('cuit'),
('cuk'),
('cuka'),
('cukai'),
('cuki'),
('cukil'),
('cukimai'),
('cukin'),
('cukit'),
('cukong'),
('cuku'),
('cukup'),
('cukur'),
('cula'),
('culak'),
('culan'),
('culas'),
('culiah'),
('culik'),
('culika'),
('culim'),
('culun'),
('cuma'),
('cuman'),
('cumbu'),
('cumengkling'),
('cumepak'),
('cumil'),
('cuming'),
('cun'),
('cunam'),
('cundang'),
('cundrik'),
('cunduk'),
('cung'),
('cungap'),
('cungkil'),
('cungkup'),
('cungo'),
('cungul'),
('cungur'),
('cunia'),
('cup'),
('cupai'),
('cupak'),
('cupang'),
('cupar'),
('cupet'),
('cuping'),
('cuplik'),
('cupu'),
('cupul'),
('cur'),
('cura'),
('curah'),
('curai'),
('curam'),
('curang'),
('curat'),
('cureng'),
('curi'),
('curiah'),
('curiga'),
('curik'),
('curna'),
('curu'),
('cus'),
('cut'),
('cutak'),
('cutbrai'),
('cutel'),
('cuti'),
('daayah'),
('dab'),
('daba'),
('dabak'),
('dabal'),
('dabat'),
('dabih'),
('dabik'),
('dabing'),
('dabir'),
('dabit'),
('dablek'),
('dabol'),
('dabung'),
('dabus'),
('dacin'),
('dad'),
('dada'),
('dadah'),
('dadaisme'),
('dadak'),
('dadal'),
('dadali'),
('dadap'),
('dadar'),
('dadaruah'),
('dadek'),
('dadi'),
('dadih'),
('dading'),
('dadu'),
('daduh'),
('daduk'),
('dadung'),
('daeng'),
('daerah'),
('daerahisme'),
('dafnah'),
('daftar'),
('daftarhitam'),
('daga'),
('dagang'),
('dage'),
('dagel'),
('dagi'),
('daging'),
('dagu'),
('dah'),
('dahaga'),
('dahagi'),
('dahak'),
('daham'),
('dahan'),
('dahanam'),
('dahar'),
('dahi'),
('dahiat'),
('dahina'),
('dahlia'),
('dahriah'),
('dahsyat'),
('dahulu'),
('dai'),
('daidan'),
('daidanco'),
('daif'),
('daim'),
('daiman'),
('daing'),
('daitia'),
('dajal'),
('daka'),
('dakah'),
('dakaik'),
('dakar'),
('dakhil'),
('daki'),
('dakik'),
('dakocan'),
('dakon'),
('dakron'),
('daksa'),
('daksina'),
('daktil'),
('daktilitis'),
('daktilologi'),
('daktiloskopi'),
('daku'),
('dakwa'),
('dakwah'),
('dalal'),
('dalalah'),
('dalalat'),
('dalam'),
('dalang'),
('daldaru'),
('dalem'),
('dalfin'),
('dalih'),
('dalil'),
('daltonisme'),
('dalu'),
('daluang'),
('dalung'),
('dam'),
('damah'),
('damai'),
('damak'),
('damal'),
('daman'),
('damar'),
('damaru'),
('damas'),
('damat'),
('damba'),
('dambin'),
('dambir'),
('dame'),
('damen'),
('dami'),
('damik'),
('damotin'),
('dampak'),
('dampal'),
('dampan'),
('dampar'),
('dampeng'),
('dampil'),
('damping'),
('dampit'),
('damprat'),
('dampung'),
('dan'),
('dana'),
('danau'),
('danawa'),
('danda'),
('dandan'),
('dandang'),
('dandanggula'),
('dandapati'),
('dandi'),
('dang'),
('dangai'),
('dangar'),
('dangau'),
('dangdut'),
('dange'),
('danghyang'),
('dangir'),
('dangka'),
('dangkal'),
('dangkap'),
('dangkar'),
('dangkung'),
('danguk'),
('dansa'),
('dansanak'),
('danta'),
('Danuh'),
('danur'),
('danyang'),
('dap'),
('dapa'),
('dapar'),
('dapat'),
('dapra'),
('dapur'),
('dar'),
('dara'),
('darab'),
('darah'),
('daras'),
('darat'),
('darau'),
('dargah'),
('dari'),
('darimana'),
('daripada'),
('darisana'),
('darisini'),
('darisitu'),
('darji'),
('darma'),
('darmabakti'),
('darmakelana'),
('darmasiswa'),
('darmatirta'),
('darmawisata'),
('daro'),
('darpana'),
('darulaitam'),
('darulakhirat'),
('darulbaka'),
('darulfana'),
('daruljalal'),
('darun'),
('darunu'),
('darurat'),
('darusalam'),
('darwis'),
('das'),
('dasalomba'),
('dasar'),
('dasarian'),
('dasasila'),
('dasatitah'),
('dasawarsa'),
('dasbor'),
('dasi'),
('dasin'),
('daster'),
('dasun'),
('data'),
('datang'),
('datar'),
('datatamak'),
('dati'),
('datif'),
('datu'),
('datuk'),
('datum'),
('datung'),
('datupetinggi'),
('dauk'),
('daulat'),
('daun'),
('daunnasi'),
('daur'),
('daurulang'),
('dawai'),
('dawan'),
('dawat'),
('dawet'),
('daya'),
('dayaguna'),
('dayah'),
('dayang'),
('dayaupaya'),
('dayu'),
('dayuh'),
('dayuk'),
('dayung'),
('dayus'),
('dealat'),
('deaneksasi'),
('debah'),
('debak'),
('debam'),
('debap'),
('debar'),
('debarkasi'),
('debas'),
('debat'),
('debet'),
('debik'),
('debil'),
('debing'),
('debirokratisasi'),
('debit'),
('debitase'),
('debitor'),
('debitur'),
('debris'),
('debu'),
('debug'),
('debuk'),
('debum'),
('debun'),
('debung'),
('debup'),
('debur'),
('debus'),
('debut'),
('decak'),
('decap'),
('deceh'),
('decing'),
('decit'),
('decup'),
('decur'),
('decut'),
('dedah'),
('dedai'),
('dedak'),
('dedal'),
('dedalu'),
('dedap'),
('dedar'),
('dedara'),
('dedare'),
('dedas'),
('dedau'),
('dedek'),
('dedel'),
('dedemit'),
('dedengkot'),
('deder'),
('dederuk'),
('dedes'),
('dedikasi'),
('dedikatif'),
('deduksi'),
('deduktif'),
('dedulang'),
('deeskalasi'),
('defaitisme'),
('defekasi'),
('defender'),
('defensi'),
('defensif'),
('deferens');
INSERT INTO `katadasar` (`kata`) VALUES
('defile'),
('definisi'),
('definit'),
('definitif'),
('defisien'),
('defisit'),
('deflagrasi'),
('deflagrator'),
('deflasi'),
('defleksi'),
('deflorasi'),
('defoliasi'),
('defonologisasi'),
('deforestasi'),
('deformasi'),
('deformatif'),
('deg'),
('degam'),
('degan'),
('degap'),
('degar'),
('degen'),
('degenerasi'),
('degeneratif'),
('degil'),
('deging'),
('degradasi'),
('degresi'),
('deguk'),
('degum'),
('degung'),
('degup'),
('deh'),
('deham'),
('dehem'),
('dehidrasi'),
('dehidrat'),
('dehidrogenasi'),
('dehumanisasi'),
('deideologisasi'),
('deifikasi'),
('deiksis'),
('deiktis'),
('deislamisasi'),
('deisme'),
('dek'),
('dekade'),
('dekaden'),
('dekadensi'),
('dekagram'),
('dekah'),
('dekak'),
('dekak-dekak'),
('dekaliter'),
('dekam'),
('dekameter'),
('dekan'),
('dekanal'),
('dekantasi'),
('dekap'),
('dekapoda'),
('dekar'),
('dekare'),
('dekat'),
('dekik'),
('dekil'),
('deklamasi'),
('deklamator'),
('deklarasi'),
('deklaratif'),
('deklasifikasi'),
('deklerer'),
('deklinasi'),
('deklinometer'),
('dekode'),
('dekoder'),
('dekolonisasi'),
('dekomposer'),
('dekomposisi'),
('dekompresi'),
('dekongestan'),
('dekonsentrasi'),
('dekontekstualisasi'),
('dekor'),
('dekorasi'),
('dekoratif'),
('dekorator'),
('dekosistem'),
('dekremeter'),
('dekreolisasi'),
('dekret'),
('dekriminalisasi'),
('deksa'),
('dekstrin'),
('dekstrosa'),
('deksura'),
('deku'),
('dekunci'),
('dekung'),
('dekus'),
('dekut'),
('delabialisasi'),
('delah'),
('delamak'),
('delan'),
('delap'),
('delapan'),
('delas'),
('delat'),
('delegasi'),
('delegat'),
('delegitimasi'),
('delepak'),
('deler'),
('delik'),
('delikan'),
('delikat'),
('delikates'),
('delima'),
('delineasi'),
('delinkuen'),
('delinkuensi'),
('delirium'),
('delman'),
('delong'),
('delta'),
('deltoid'),
('Delu'),
('delusi'),
('delusif'),
('demabrasi'),
('demagog'),
('demagogi'),
('demagogis'),
('demah'),
('demam'),
('demang'),
('demap'),
('demarkasi'),
('dembai'),
('dembam'),
('dembun'),
('demek'),
('demen'),
('demes'),
('demi'),
('demik'),
('demikian'),
('demiliterisasi'),
('demineralisasi'),
('demisioner'),
('demo'),
('demobilisan'),
('demobilisasi'),
('demograf'),
('demografi'),
('demografis'),
('demokrasi'),
('demokrat'),
('demokratis'),
('demokratisasi'),
('demon'),
('demoniak'),
('demonopolisasi'),
('demonstran'),
('demonstrasi'),
('demonstratif'),
('demonstrativa'),
('demoralisasi'),
('demosi'),
('dempak'),
('dempam'),
('dempang'),
('demper'),
('dempet'),
('dempir'),
('demplon'),
('dempok'),
('dempul'),
('dempung'),
('demung'),
('den'),
('dena'),
('denah'),
('denai'),
('denak'),
('denasalisasi'),
('denasionalisasi'),
('denawa'),
('dencang'),
('dencing'),
('denda'),
('dendam'),
('dendang'),
('dendeng'),
('dendi'),
('dendrokronologi'),
('dendrologi'),
('denervasi'),
('dengak'),
('dengan'),
('dengap'),
('dengar'),
('dengih'),
('denging'),
('dengkang'),
('dengkel'),
('dengki'),
('dengkik'),
('dengking'),
('dengkol'),
('dengkul'),
('dengkung'),
('dengkur'),
('dengkus'),
('dengu'),
('dengue'),
('denguk'),
('dengung'),
('dengus'),
('dengut'),
('denim'),
('denok'),
('denominal'),
('denominasi'),
('denotasi'),
('denotatif'),
('densimeter'),
('densitas'),
('densitometer'),
('densitometri'),
('densometer'),
('dental'),
('dentam'),
('dentang'),
('dentat'),
('dentin'),
('denting'),
('dentum'),
('dentung'),
('dentur'),
('denudasi'),
('denuklirisasi'),
('denyar'),
('denyit'),
('denyut'),
('deodoran'),
('deoknumisasi'),
('deontologi'),
('dep'),
('depa'),
('depak'),
('depalatalisasi'),
('depan'),
('depang'),
('depap'),
('deparpolisasi'),
('departemen'),
('departemental'),
('departementalisasi'),
('dependen'),
('dependensi'),
('depersonalisasi'),
('depersonifikasi'),
('depigmentasi'),
('depilasi'),
('deplesi'),
('depolarisasi'),
('depolitisasi'),
('deponir'),
('depopulasi'),
('deportasi'),
('deposan'),
('deposit'),
('deposito'),
('depot'),
('depresi'),
('depresiasi'),
('depresor'),
('deprok'),
('deprotonasi'),
('depun'),
('depus'),
('deputasi'),
('deputi'),
('dera'),
('deragem'),
('derai'),
('derajah'),
('derajang'),
('derajat'),
('derak'),
('deram'),
('deran'),
('derana'),
('derang'),
('derap'),
('deras'),
('derau'),
('derawa'),
('derebar'),
('deregulasi'),
('derel'),
('derep'),
('deres'),
('deresi'),
('deret'),
('dergama'),
('derik'),
('dering'),
('deris'),
('derit'),
('derita'),
('derivasi'),
('derivat'),
('derivatif'),
('derji'),
('derma'),
('dermaga'),
('derman'),
('dermatitis'),
('dermatofitosis'),
('dermatolog'),
('dermatologi'),
('dermatom'),
('dermawan'),
('dermis'),
('dermoid'),
('dersana'),
('dersik'),
('deru'),
('deruk'),
('derum'),
('derung'),
('derup'),
('derus'),
('desa'),
('desah'),
('desain'),
('desainer'),
('desak'),
('desakralisasi'),
('desalinasi'),
('desar'),
('desau'),
('desegregasi'),
('deselerasi'),
('Desember'),
('desensitisasi'),
('desentralisasi'),
('deserebrasi'),
('desersi'),
('desertir'),
('desibel'),
('desidua'),
('desigram'),
('desih'),
('desik'),
('desikan'),
('desikator'),
('desil'),
('desiliter'),
('desiliun'),
('desimal'),
('desimeter'),
('desinens'),
('desinfeksi'),
('desinfektan'),
('desing'),
('desir'),
('desis'),
('desit'),
('deskripsi'),
('deskriptif'),
('deskuamasi'),
('desmonem'),
('desmoplasia'),
('desmosom'),
('desorientasi'),
('desorpsi'),
('despot'),
('despotik'),
('despotisme'),
('destabilisasi'),
('destar'),
('destinasi'),
('destroyer'),
('destruksi'),
('destruktif'),
('destruktor'),
('desuk'),
('desulfurisasi'),
('desup'),
('desur'),
('desus'),
('desut'),
('detail'),
('detak'),
('detap'),
('detar'),
('detas'),
('detasemen'),
('detasering'),
('detasir'),
('deteksi'),
('detektif'),
('detektofon'),
('detektor'),
('detenidos'),
('detensi'),
('detente'),
('detergen'),
('deteriorasi'),
('determinan'),
('determinasi'),
('determinatif'),
('determinator'),
('determinis'),
('determinisme'),
('detik'),
('deting'),
('detoksifikasi'),
('detonasi'),
('detonator'),
('detritus'),
('detrusor'),
('detup'),
('detus'),
('deuterium'),
('Deuterokanonika'),
('deuteron'),
('deutranomalopia'),
('deutranopia'),
('devaluasi'),
('developer'),
('deverbal'),
('deviasi'),
('devisa'),
('devosi'),
('dewa'),
('dewadaru'),
('dewala'),
('dewan'),
('dewana'),
('dewanagari'),
('dewangga'),
('dewasa'),
('dewata'),
('dewi'),
('dia'),
('diabetes'),
('diad'),
('diadem'),
('diafon'),
('diaforetik'),
('diafragma'),
('diagenesis'),
('diagnosis'),
('diagnostik'),
('diagometer'),
('diagonal'),
('diagram'),
('diaken'),
('diakon'),
('diakones'),
('diakonia'),
('diakritik'),
('diakronis'),
('dialek'),
('dialektal'),
('dialektik'),
('dialektika'),
('dialektis'),
('dialektologi'),
('dialinguistik'),
('dialisis'),
('dialog'),
('dialogis'),
('diam'),
('diamagnetisme'),
('diameter'),
('diametral'),
('diamorf'),
('dian'),
('diang'),
('diaper'),
('diapositif'),
('diar'),
('diare'),
('dias'),
('diasistem'),
('diaspora'),
('diastase'),
('diastole'),
('diat'),
('diaterman'),
('diatermi'),
('diatermik'),
('diatesis'),
('diatipe'),
('diatom'),
('diatomit'),
('diatonik'),
('diatopik'),
('diayah'),
('dibasa'),
('didaktik'),
('didaktikus'),
('didaktis'),
('didih'),
('didik'),
('didis'),
('didong'),
('dielektrik'),
('diensefalon'),
('diesel'),
('diesnatalis'),
('diet'),
('dietetika'),
('difabel'),
('diferensial'),
('diferensiasi'),
('difluens'),
('difluensi'),
('difraksi'),
('difteri'),
('diftong'),
('difusi'),
('digdaya'),
('digenesis'),
('digestif'),
('digit'),
('digital'),
('digitalin'),
('digitalis'),
('digitalisasi'),
('diglosia'),
('digraf'),
('digresi'),
('Digul'),
('dihedral'),
('dihidroksil'),
('dik'),
('dikara'),
('dikau'),
('dikit'),
('diklorida'),
('dikotil'),
('dikotomi'),
('dikroisme'),
('dikromat'),
('dikromatik'),
('diksa'),
('diksi'),
('diktat'),
('diktator'),
('diktatorial'),
('diktatoris'),
('dikte'),
('diktum'),
('dil'),
('dila'),
('dilak'),
('dilam'),
('dilasi'),
('dilatasi'),
('dilatometer'),
('dilema'),
('dilematik'),
('diler'),
('diletan'),
('diluvium'),
('dim'),
('dimana'),
('dimensi'),
('dimer'),
('diminutif'),
('dimorfik'),
('dimorfisme'),
('din'),
('dina'),
('dinamik'),
('dinamika'),
('dinamis'),
('dinamisator'),
('dinamisme'),
('dinamit'),
('dinamo'),
('dinamometer'),
('dinar'),
('dinas'),
('dinasti'),
('dinding'),
('dingin'),
('dingkis'),
('dingkit'),
('dingklang'),
('dingklik'),
('dingo'),
('dini'),
('diniah'),
('dinosaurus'),
('diode'),
('dioesis'),
('dioksida'),
('dioksin'),
('diopsida'),
('dioptase'),
('dioptri'),
('diorama'),
('diorit'),
('dioses'),
('dipan'),
('diplo'),
('diploid'),
('diploma'),
('diplomasi'),
('diplomat'),
('diplomatik'),
('diplomatis'),
('dipsomania'),
('diptera'),
('diptotos'),
('dirah'),
('diraja'),
('direk'),
('direksi'),
('direktorat'),
('direktorium'),
('direktris'),
('direktur'),
('dirgahayu'),
('dirgantara'),
('dirham'),
('diri'),
('dirigen'),
('diris'),
('dirus'),
('disagio'),
('disakarida'),
('disana'),
('disastria'),
('disbursemen'),
('disdrometer'),
('disekuilibrium'),
('disensus'),
('disentri'),
('disertasi'),
('disfonia'),
('disfungsi'),
('disharmoni'),
('disiden'),
('disilabik'),
('disimilasi'),
('disinfektan'),
('disinformasi'),
('disini'),
('disinsentif'),
('disintegrasi'),
('disiplin'),
('disitu'),
('disjoki'),
('disjungsi'),
('disjungtif'),
('diska'),
('disket'),
('diskiasis'),
('disklimaks'),
('disko'),
('diskoid'),
('diskon'),
('diskontinu'),
('diskontinuitas'),
('diskonto'),
('diskordans'),
('diskorobik'),
('diskotek'),
('diskredit'),
('diskrepansi'),
('diskresi'),
('diskriminasi'),
('diskriminatif'),
('diskriminator'),
('diskualifikasi'),
('diskulpasi'),
('diskursif'),
('diskus'),
('diskusi'),
('dislalia'),
('disleksia'),
('dislokasi'),
('dismembrasio'),
('dismenorea'),
('dismutasi'),
('disolventia'),
('disonansi'),
('disoperasi'),
('disorder'),
('disorganisasi'),
('disorientasi'),
('disosiasi'),
('dispareunia'),
('disparitas'),
('dispensasi'),
('dispenser'),
('dispepsia'),
('dispersal'),
('dispersi'),
('disposisi'),
('disposotio'),
('disprosium'),
('disrupsi'),
('distabilitas'),
('distal'),
('distansi'),
('distikiasis'),
('distikon'),
('distilasi'),
('distilator'),
('distingsi'),
('distingtif'),
('distoma'),
('distorsi'),
('distosia'),
('distribusi'),
('distributor'),
('distrik'),
('disuasi'),
('disuria'),
('dito'),
('ditransitif'),
('diuresis'),
('diuretik'),
('diurnal'),
('divergen'),
('divergensi'),
('diversifikasi'),
('diversitas'),
('divestasi'),
('dividen'),
('divisi'),
('doa'),
('doang'),
('dobel'),
('dobi'),
('doblangan'),
('doble'),
('dobol'),
('dobolo'),
('dobrak'),
('dodekagon'),
('dodekahedron'),
('dodet'),
('dodok'),
('dodol'),
('dodong'),
('dodor'),
('dodos'),
('dodot'),
('doeloe'),
('dogel'),
('dogeng'),
('doger'),
('dogma'),
('dogmatik'),
('dogmatis'),
('dogmatisme'),
('dogol'),
('dohok'),
('dohyo'),
('doi'),
('dok'),
('dokar'),
('doko'),
('dokoh'),
('doksologi'),
('dokter'),
('doktor'),
('doktoranda'),
('doktorandus'),
('doktrin'),
('doku'),
('dokumen'),
('dokumentasi'),
('dokumenter'),
('dol'),
('dolan'),
('dolar'),
('doldrum'),
('dolfin'),
('dolikosepalik'),
('dolmen'),
('dolok'),
('dolomit'),
('dom'),
('domain'),
('domba'),
('domblong'),
('domein'),
('domestik'),
('domestikasi'),
('dominan'),
('dominansi'),
('dominasi'),
('domine'),
('dominggo'),
('dominion'),
('domino'),
('domisili'),
('domot'),
('dompak'),
('dompet'),
('domplang'),
('dompleng'),
('dompol'),
('donasi'),
('donat'),
('donatur'),
('doncang'),
('dondang'),
('donder'),
('dondon'),
('dong'),
('dongak'),
('dongan'),
('dongbret'),
('dongeng'),
('dongkak'),
('dongkel'),
('dongkok'),
('dongkol'),
('dongkrak'),
('dongkrok'),
('dongok'),
('dongpan'),
('dongsok'),
('doni'),
('donjuan'),
('donor'),
('donto'),
('dop'),
('dopis'),
('dor'),
('dorang'),
('dorbi'),
('dorman'),
('dormansi'),
('dorna'),
('dorong'),
('dorsal'),
('dorslah'),
('dorsopalatal'),
('dorsovelar'),
('dorsum'),
('dortrap'),
('dosa'),
('dosen'),
('dosir'),
('dosis'),
('dot'),
('dowel'),
('dower'),
('doyak'),
('doyan'),
('doyang'),
('doyo'),
('doyong'),
('draf'),
('dragon'),
('drai'),
('drainase'),
('drakula'),
('dram'),
('drama'),
('dramatik'),
('dramatikus'),
('dramatis'),
('dramatisasi'),
('dramaturg'),
('dramaturgi'),
('dramawan'),
('draperi'),
('drastis'),
('drat'),
('drel'),
('dresoar'),
('dresur'),
('dribel'),
('drif'),
('dril'),
('drip'),
('drop'),
('dropsi'),
('drum'),
('drumben'),
('drumer'),
('druwe'),
('dua'),
('duafa'),
('duai'),
('duaja'),
('dualis'),
('dualisme'),
('dualistis'),
('duane'),
('dub'),
('dubalang'),
('dubelir'),
('dubes'),
('dubila'),
('dubing'),
('dubius'),
('duble'),
('dublir'),
('dubuk'),
('dubur'),
('duda'),
('dudu'),
('duduk'),
('dudur'),
('dudus'),
('duel'),
('duet'),
('duga'),
('dugal'),
('dugang'),
('dugas'),
('dugdeng'),
('dugder'),
('duh'),
('duha'),
('duhai'),
('duhe'),
('duhu'),
('duilah'),
('duit'),
('duk'),
('duka'),
('dukacarita'),
('dukacita'),
('dukan'),
('dukana'),
('dukat'),
('dukaten'),
('duktulus'),
('duktus'),
('duku'),
('dukuh'),
('dukun'),
('dukung'),
('dula'),
('dulag'),
('dulang'),
('duli'),
('dulur'),
('dum'),
('dumdum'),
('dumi'),
('dumping'),
('dumung'),
('dunah'),
('dunak'),
('dung'),
('dungas'),
('dungkelan'),
('dungkul'),
('dungu'),
('dungun'),
('dunia'),
('duniawi'),
('duodenum'),
('duodesimal'),
('duodrama'),
('duopoli'),
('dup'),
('dupa'),
('dupak'),
('dupleks'),
('duplik'),
('duplikasi'),
('duplikat'),
('duplikator'),
('duplisitas'),
('duplo'),
('dur'),
('dura'),
('duralumin'),
('duramater'),
('durasi'),
('durat'),
('duratif'),
('duren'),
('dureng'),
('durhaka'),
('duri'),
('durian'),
('durias'),
('duriat'),
('durja'),
('durjana'),
('durjasa'),
('durkarsa'),
('durma'),
('durno'),
('durnois'),
('durnoisme'),
('durometer'),
('dursila'),
('duru'),
('duruwiksa'),
('dus'),
('dusin'),
('dusta'),
('dustur'),
('dusun'),
('duta'),
('duwet'),
('duyun'),
('duyung'),
('dwiarti'),
('dwibahasa'),
('dwibahasawan'),
('dwidarma'),
('dwidasawarsa'),
('dwifungsi'),
('dwiganda'),
('dwiguna'),
('dwilingga'),
('dwimatra'),
('dwiminggu'),
('dwimuka'),
('dwiperan'),
('dwipurwa'),
('dwisegi'),
('dwitarung'),
('dwitunggal'),
('dwiwarna'),
('ebam'),
('eban'),
('ebek'),
('ebi'),
('eboni'),
('ebonit'),
('ebro'),
('eburina'),
('ecek'),
('eceng'),
('ecer'),
('eco'),
('edafik'),
('edafit'),
('edafologi'),
('edafon'),
('edan'),
('edar'),
('edema'),
('edentat'),
('edisi'),
('edit'),
('editor'),
('editorial'),
('edukasi'),
('edukatif'),
('efedrina'),
('efek'),
('efektif'),
('efektivitas'),
('efektor'),
('efelis'),
('efendi'),
('efisien'),
('efisiensi'),
('efloresensi'),
('eforus'),
('efusi'),
('egah'),
('egalisasi'),
('egalitarian'),
('egalitarianisme'),
('egalitarisme'),
('egaliter'),
('egat'),
('ego'),
('egois'),
('egoisme'),
('egoistis'),
('egol'),
('egomania'),
('egos'),
('egosentris'),
('egosentrisitas'),
('egosentrisme'),
('egrang'),
('egresif'),
('Ehe'),
('eidetik'),
('eigendom'),
('eikosan'),
('einsteinium'),
('eja'),
('ejakulasi'),
('ejan'),
('ejawantah'),
('ejek'),
('ejektif'),
('ejektor'),
('ekabahasa'),
('ekabahasawan'),
('ekad'),
('ekajati'),
('ekakarsa'),
('ekamatra'),
('ekang'),
('ekaristi'),
('ekatantri'),
('ekbalium'),
('ekdemik'),
('ekderon'),
('ekdisis'),
('ekeh'),
('ekimosis'),
('ekiofit'),
('eklektik'),
('eklektikus'),
('eklektis'),
('eklektisisme'),
('eklips'),
('ekliptika'),
('ekliptis'),
('eklosi'),
('ekofisiologi'),
('ekofraksia'),
('ekografi'),
('ekogrup'),
('ekoklimat'),
('ekoklimatologi'),
('ekokronologi'),
('ekolabel'),
('ekolalia'),
('ekologi'),
('ekologis'),
('ekon'),
('ekonom'),
('ekonometri'),
('ekonomi'),
('ekonomis'),
('ekopolitik'),
('ekopraksia'),
('ekor'),
('ekornia'),
('ekosfer'),
('ekosistem'),
('ekosistematika'),
('ekospesies'),
('ekostratigrafi'),
('ekotipe'),
('ekotipifikasi'),
('ekoturisme'),
('ekozona'),
('ekrin'),
('ekrinologi'),
('eks'),
('eksak'),
('eksakta'),
('eksaltasi'),
('eksamen'),
('eksaminasi'),
('eksaminator'),
('eksantem'),
('eksantropus'),
('eksarasi'),
('eksegesis'),
('ekseget'),
('eksekusi'),
('eksekutif'),
('eksekutor'),
('eksem'),
('eksemplar'),
('eksenterasi'),
('eksentrik'),
('eksepsi'),
('ekseptor'),
('ekses'),
('eksesif'),
('eksfoliasi'),
('ekshalasi'),
('ekshibisi'),
('ekshibisionis'),
('ekshibisionisme'),
('ekshibitum'),
('eksikator'),
('eksin'),
('eksipien'),
('eksisi'),
('eksistensi'),
('eksistensialis'),
('eksistensialisme'),
('eksit'),
('eksitasi'),
('eksitus'),
('ekskavasi'),
('ekskavator'),
('eksklave'),
('eksklusif'),
('eksklusivisme'),
('ekskomunikasi'),
('ekskresi'),
('ekskreta'),
('ekskursi'),
('ekskursif'),
('eksobiologi'),
('eksobiotik'),
('eksodermis'),
('eksodos'),
('eksodus'),
('eksoenzim'),
('eksoergik'),
('eksofasia'),
('eksofora'),
('eksoftalmia'),
('eksoftalmos'),
('eksoftalmus'),
('eksogam'),
('eksogami'),
('eksogen'),
('eksogin'),
('eksoisogami'),
('eksordium'),
('eksorsis'),
('eksosfer'),
('eksospora'),
('eksostosis'),
('eksoterik'),
('eksotermik'),
('eksotik'),
('eksotis'),
('eksotisme'),
('ekspansi'),
('ekspansif'),
('ekspansionis'),
('ekspansionisme'),
('ekspansionistis'),
('ekspatriasi'),
('ekspatriat'),
('ekspedisi'),
('ekspeditor'),
('ekspektoran'),
('eksper'),
('eksperimen'),
('eksperimental'),
('ekspirasi'),
('eksplan'),
('eksplikasi'),
('eksplisit'),
('eksploit'),
('eksploitasi'),
('eksploitir'),
('eksplorasi'),
('eksploratif'),
('eksplorator'),
('eksplosi'),
('eksplosif'),
('ekspo'),
('eksponen'),
('eksponensial'),
('ekspor'),
('eksportir'),
('ekspos'),
('ekspose'),
('eksposisi'),
('ekspres'),
('ekspresi'),
('ekspresif'),
('ekspresionisme'),
('ekspresionistik'),
('ekspresivitas'),
('ekstase'),
('ekstasi'),
('ekstensi'),
('ekstensif'),
('ekstensifikasi'),
('ekstensor'),
('eksterior'),
('eksteriorisasi'),
('eksteritorialitas'),
('ekstern'),
('eksternal'),
('ekstin'),
('ekstra'),
('ekstradisi'),
('ekstrak'),
('ekstrakardial'),
('ekstraksi'),
('ekstraktif'),
('ekstrakurikuler'),
('ekstralinguistis'),
('ekstramarital'),
('ekstranei'),
('ekstraparlementer'),
('ekstrapolasi'),
('ekstraseluler'),
('ekstraterestrial'),
('ekstrateritorialitas'),
('ekstrauterin'),
('ekstraversi'),
('ekstrem'),
('ekstremis'),
('ekstremitas'),
('ekstrinsik'),
('ekstrospeksi'),
('ekstrover'),
('ekstrusi'),
('eksudasi'),
('eksudat'),
('ektoblas'),
('ektoderm'),
('ektohormon'),
('ektoparasit'),
('ektoplasma'),
('ektoterm'),
('ektotermik'),
('ekualitas'),
('ekuatif'),
('ekuator'),
('ekuilibrium'),
('ekuinoks'),
('ekuitas'),
('ekuiti'),
('ekuivalen'),
('ekuivalensi'),
('ekuivokasi'),
('ekumene'),
('ekumenis'),
('ekumenisme'),
('ela'),
('elaborasi'),
('elak'),
('elan'),
('elang'),
('elastik'),
('elastin'),
('elastis'),
('elastisitas'),
('elastomer'),
('elatif'),
('elefantiasis'),
('elegan'),
('elegansi'),
('elegi'),
('elektif'),
('elektorat'),
('elektret'),
('elektrifikasi'),
('elektrik'),
('elektris'),
('elektro'),
('elektrode'),
('elektrodinamika'),
('elektroensefalogram'),
('elektroforesis'),
('elektrokardiogram'),
('elektrokimia'),
('elektrokoagulasi'),
('elektrokusi'),
('elektrolisi'),
('elektrolisis'),
('elektrolit'),
('elektromagnet'),
('elektromagnetik'),
('elektromagnetisme'),
('elektrometalurgi'),
('elektromiografi'),
('elektromotif'),
('elektron'),
('elektronegatif'),
('elektronik'),
('elektronika'),
('elektronis'),
('elektropatologi'),
('elektropositif'),
('elektroskop'),
('elektrostatika'),
('elektroteknik'),
('elektroterapeutika'),
('elektroterapi'),
('elektrotipe'),
('elektrum'),
('elemen'),
('elementer'),
('elemi'),
('eleng'),
('elevasi'),
('elevator'),
('eliksir'),
('eliminasi'),
('eliminir'),
('eling'),
('elips'),
('elipsis'),
('elipsoid'),
('elipsometer'),
('elipsometri'),
('eliptis'),
('elite'),
('elitis'),
('elitron'),
('elo'),
('elok'),
('elokuensi'),
('elon'),
('elongasi'),
('elpiji'),
('eltor'),
('elu'),
('eluat'),
('eluen'),
('elung'),
('elus'),
('elusi'),
('elusian'),
('elusif'),
('elutriasi'),
('eluvial'),
('eluviasi'),
('eluvium'),
('email'),
('emanasi'),
('emang'),
('emansipasi'),
('emas'),
('emaskulasi'),
('emat'),
('embacang'),
('embah'),
('embak'),
('embal'),
('embalase'),
('embalau'),
('emban'),
('embar'),
('embara'),
('embarau'),
('embargo'),
('embarkasi'),
('embaru'),
('embat'),
('embek'),
('embel'),
('ember'),
('embih'),
('embik'),
('emblem'),
('embok'),
('embol'),
('emboli'),
('embolisme'),
('embolus'),
('embosur'),
('embrat'),
('embrio'),
('embriogenesis'),
('embriologi'),
('embrionik'),
('embuai'),
('embuh'),
('embun'),
('embung'),
('embus'),
('embut'),
('emendasi'),
('emeraldin'),
('emeritus'),
('emetik'),
('emetina'),
('emfisema'),
('emigran'),
('emigrasi'),
('eminen'),
('eminensi'),
('emir'),
('emirat'),
('emis'),
('emisi'),
('emisivitas'),
('emitans'),
('emiten'),
('emoh'),
('emol'),
('emolumen'),
('emong'),
('emosi'),
('emosional'),
('emosionalisme'),
('emotif'),
('empal'),
('empang'),
('empap'),
('empar'),
('empas'),
('empat'),
('empati'),
('empedal'),
('empedu'),
('empek'),
('empenak'),
('empeng'),
('emper'),
('empet'),
('empiema'),
('empik'),
('emping'),
('empiri'),
('empiris'),
('empirisme'),
('emplasemen'),
('emplek'),
('employe'),
('empo'),
('empoh'),
('empok'),
('emporium'),
('empos'),
('empot'),
('emprak'),
('empu'),
('empuan'),
('empuk'),
('empul'),
('empulur'),
('empunya'),
('emrat'),
('emulasi'),
('emulator'),
('emulsi'),
('emulsifikasi'),
('emut'),
('enak'),
('enam'),
('enamel'),
('enap'),
('enartrosis'),
('enas'),
('enau'),
('encal'),
('encang'),
('enceh'),
('encek'),
('encel'),
('encer'),
('encik'),
('encim'),
('encit'),
('encok'),
('encot'),
('endal'),
('endang'),
('endap'),
('endasan'),
('endemi'),
('endemis'),
('endilau'),
('endoderm'),
('endoderma'),
('endodermis'),
('endofit'),
('endogami'),
('endogen'),
('endokardia'),
('endokrin'),
('endokrinologi'),
('endolimfa'),
('endometriosis'),
('endometrium'),
('endomiksis'),
('endomiokarditis'),
('endomisium'),
('endon'),
('endong'),
('endoparasit'),
('endoplasma'),
('endorfin'),
('endosemen'),
('endosentris'),
('endoskeleton'),
('endoskop'),
('endoskopi'),
('endosmosis'),
('endosperma'),
('endotel'),
('endoterm'),
('endotermal'),
('endotermis'),
('endotoksin'),
('endrin'),
('enduk'),
('endul'),
('enduro'),
('endus'),
('endut'),
('enek'),
('eneng'),
('energetik'),
('energi'),
('energik'),
('enes'),
('enfitotik'),
('engah'),
('engas'),
('enggak'),
('enggan'),
('enggang'),
('engget'),
('enggil'),
('enggok'),
('engkah'),
('engkak'),
('engkang'),
('engkau'),
('engkoh'),
('engkol'),
('engkong'),
('engku'),
('engkuk'),
('engsel'),
('enigma'),
('enjak'),
('enjal'),
('enjambemen'),
('enjelai'),
('enjin'),
('enjut'),
('enkapsulasi'),
('enklave'),
('enklitik'),
('enkode'),
('enkripsi'),
('enkulturasi'),
('enologi'),
('enom'),
('ensambel'),
('ensefalitis'),
('ensefalitogen'),
('ensefalograf'),
('ensefalografi'),
('ensefalogram'),
('ensefalomielitis'),
('ensefalon'),
('ensiform'),
('ensiklik'),
('ensiklopedia'),
('ensiklopedis'),
('ensopor'),
('entah'),
('entak'),
('entalpi'),
('entar'),
('entas'),
('ente'),
('enten'),
('enteng'),
('entente'),
('enteritis'),
('enterograf'),
('enterologi'),
('enteron'),
('enteropati'),
('enterosel'),
('enterostomi'),
('enterotoksin'),
('enterovirus'),
('entit'),
('entitas'),
('entoderm'),
('entogenus'),
('entok'),
('entomofili'),
('entomolog'),
('entomologi'),
('entong'),
('entot'),
('entozoa'),
('entozoik'),
('entre'),
('entrepot'),
('entri'),
('entropi'),
('enukleasi'),
('enumerasi'),
('enuresis'),
('envoi'),
('enyah'),
('enyak'),
('enzim'),
('enzimolisis'),
('enzimologi'),
('enzootik'),
('eolit'),
('eon'),
('eosen'),
('eosin'),
('eozoikum'),
('epak'),
('epek'),
('epentesis'),
('epibentos'),
('epidemi'),
('epidemiologi'),
('epidermis'),
('epidiaskop'),
('epifaring'),
('epifil'),
('epifiotik'),
('epifisis'),
('epifit'),
('epifiton'),
('epifora'),
('epigastrium'),
('epigenesis'),
('epiglotis'),
('epigon'),
('epigraf'),
('epigrafi'),
('epigram'),
('epik'),
('epikotil'),
('epikuris'),
('epilepsi'),
('epileptik'),
('epilog'),
('epimisium'),
('epinasti'),
('epinefrina'),
('epinurim'),
('episentrum'),
('episiklik'),
('episiotomi'),
('episkopal'),
('episkopat'),
('episode'),
('episodik'),
('epispora'),
('epistaksis'),
('epistel'),
('epistemologi'),
('epistola'),
('epitaf'),
('epitaksi'),
('epitel'),
('epitelioma'),
('epitermal'),
('epitet'),
('epizoik'),
('epizootik'),
('epok'),
('epoksi'),
('epolet'),
('eponim'),
('epos'),
('epsilon'),
('era'),
('eradikasi'),
('erak'),
('eram'),
('erang'),
('erat'),
('erata'),
('erbis'),
('erbium'),
('ercis'),
('ereh'),
('ereksi'),
('erektor'),
('ereng'),
('erepsin'),
('eret'),
('erg'),
('ergasiofit'),
('ergonomi'),
('ergonomika'),
('ergonomis'),
('ergosterol'),
('ergot'),
('ergoterapi'),
('erik'),
('ering'),
('erisipelas'),
('eritema'),
('eritroblas'),
('eritrosit'),
('erong'),
('eror'),
('erosentrisme'),
('erosi'),
('erot'),
('erotik'),
('erotika'),
('erotis'),
('erotisisme'),
('erotisme'),
('erpah'),
('erpak'),
('erti'),
('eru'),
('erupsi'),
('esa'),
('esai'),
('esais'),
('esak'),
('esek'),
('eselon'),
('esens'),
('esensi'),
('esensial'),
('esensialitas'),
('eskader'),
('eskadron'),
('eskalasi'),
('eskalator'),
('eskapisme'),
('eskas'),
('eskatologi'),
('eskatologis'),
('esofagus'),
('esok'),
('esot'),
('esoteris'),
('estafet'),
('ester'),
('estesia'),
('estetik'),
('estetika'),
('estetikus'),
('estetis'),
('estimasi'),
('estriol'),
('estrogen'),
('estron'),
('estrus'),
('estuari'),
('estuarin'),
('eta'),
('etalase'),
('etana'),
('etanol'),
('etape'),
('etatisme'),
('etek'),
('eter'),
('eteris'),
('eternit'),
('etik'),
('etika'),
('etiket'),
('etil'),
('etilalkohol'),
('etilena'),
('etimologi'),
('etimologis'),
('etimon'),
('etiolin'),
('etiologi'),
('etis'),
('etmoid'),
('etnik'),
('etnis'),
('etnobotani'),
('etnograf'),
('etnografi'),
('etnografis'),
('etnolinguistik'),
('etnolog'),
('etnologi'),
('etnologis'),
('etnomusikolog'),
('etnomusikologi'),
('etnopolitik'),
('etnosentrisme'),
('etologi'),
('etos'),
('etsa'),
('eudaemonisme'),
('eufemisme'),
('eufemistis'),
('eufoni'),
('eufonium'),
('euforia'),
('euforian'),
('eugenetika'),
('eugenika'),
('eugenol'),
('eukaliptol'),
('eukaliptus'),
('eukarion'),
('eukariota'),
('eulogi'),
('euploid'),
('Eurasia'),
('eurihalin'),
('europium'),
('eurosentris'),
('euseksual'),
('eusinantropus'),
('eutanasia'),
('eutektik'),
('eutenika'),
('eutrofikasi'),
('evakuasi'),
('evaluasi'),
('evaluatif'),
('evangeli'),
('evangelis'),
('evaporasi'),
('evaporator'),
('evaporimeter'),
('evapotranspirasi'),
('eversi'),
('eviden'),
('eviserasi'),
('evokasi'),
('evokatif'),
('evolusi'),
('evolusioner'),
('evolusionisme'),
('eyang'),
('eyel'),
('faal'),
('faali'),
('fabel'),
('fabula'),
('faden'),
('fadihat'),
('fadil'),
('fadilat'),
('faedah'),
('fafa'),
('fagosit'),
('fagositosis'),
('fagot'),
('fahombe'),
('Fahrenheit'),
('fahsya'),
('fail'),
('fajar'),
('fakih'),
('fakir'),
('faks'),
('faksi'),
('faksimile'),
('fakta'),
('faktif'),
('faktitius'),
('faktor'),
('faktual'),
('faktur'),
('fakultas'),
('fakultatif'),
('falah'),
('falaj'),
('falak'),
('falakiah'),
('falsafah'),
('falsafi'),
('fam'),
('famili'),
('familia'),
('familier'),
('familisme'),
('fana'),
('fanatik'),
('fanatisme'),
('fanfare'),
('fani'),
('fantasi'),
('fantastis'),
('fantom'),
('farad'),
('faraid'),
('farak'),
('fardu'),
('farik'),
('faring'),
('faringal'),
('faringalisasi'),
('faringitis'),
('farisi'),
('farji'),
('farmakodinamika'),
('farmakokinetika'),
('farmakolog'),
('farmakologi'),
('farmakologis'),
('farmakope'),
('farmakoseutika'),
('farmasi'),
('farsakh'),
('fasad'),
('fasakh'),
('fase'),
('faset'),
('fasia'),
('fasid'),
('fasih'),
('fasihat'),
('fasik'),
('fasilitas'),
('fasilitator'),
('fasis'),
('fasisme'),
('fatah'),
('fatal'),
('fatala'),
('fatalis'),
('fatalisme'),
('fatalitas'),
('fatamorgana'),
('fatanah'),
('fatihah'),
('fatir'),
('fatom'),
('fatometer'),
('fatri'),
('fatsun'),
('fatur'),
('fatwa'),
('fauna'),
('faunistik'),
('favorit'),
('favoritisme'),
('febrin'),
('Februari'),
('federal'),
('federalis'),
('federalisme'),
('federalistis'),
('federasi'),
('feko'),
('fekundasi'),
('fekunditas'),
('felon'),
('felspar'),
('feminin'),
('feminisme'),
('fenakit'),
('fengsui'),
('fenit'),
('fenol'),
('fenologi'),
('fenomena'),
('fenomenal'),
('fenomenalisme'),
('fenomenologi'),
('fenosis'),
('fenotipe'),
('feodal'),
('feodalisme'),
('feodalistis'),
('feral'),
('feri'),
('feritin'),
('fermen'),
('fermentasi'),
('fermion'),
('fermium'),
('feromagnetik'),
('feromagnetisme'),
('feromon'),
('feronikel'),
('fertil'),
('fertilisasi'),
('fertilitas'),
('fertilizin'),
('ferum'),
('feses'),
('festival'),
('fetis'),
('fetor'),
('fetus'),
('fiasko'),
('fiat'),
('fiber'),
('fibrasi'),
('fibriblas'),
('fibril'),
('fibrilasi'),
('fibrin'),
('fibrinogen'),
('fibrokistik'),
('fidah'),
('fider'),
('fidiah'),
('fidusia'),
('figur'),
('figuran'),
('figuratif'),
('fiil'),
('fikih'),
('fikli'),
('fikologi'),
('fikrah'),
('fiksasi'),
('fiksi'),
('fiktif'),
('fikus'),
('filamen'),
('filantrop'),
('filantropi'),
('filantropis'),
('filaria'),
('filariasis'),
('filateli'),
('filatelik'),
('filatelis'),
('filharmoni'),
('filial'),
('filibuster'),
('film'),
('filmis'),
('filo'),
('filodendron'),
('filogenesis'),
('filogeni'),
('filolog'),
('filologi'),
('filologis'),
('filopur'),
('filosofi'),
('filosofis'),
('filsafat'),
('filsuf'),
('filter'),
('filtrasi'),
('filtrat'),
('filum'),
('fimbria'),
('final'),
('finansial'),
('finir'),
('finis'),
('fiolaks'),
('firajullah'),
('firasat'),
('firauniah'),
('firdaus'),
('firdausi'),
('firkah'),
('firma'),
('firman'),
('firn'),
('fisi'),
('fisibel'),
('fisibilitas'),
('fisik'),
('fisika'),
('fisikawan'),
('fisiognomi'),
('fisiognomis'),
('fisiologi'),
('fisiologis'),
('fisioterapi'),
('fisis'),
('fiskal'),
('fit'),
('fiting'),
('fitnah'),
('fitofag'),
('fitogeni'),
('fitogeografi'),
('fitokimia'),
('fitologi'),
('fitometer'),
('fiton'),
('fitopatologi'),
('fitosanitasi'),
('fitososiologi'),
('fitosterol'),
('fitostrot'),
('fitotoksin'),
('fitotoksoid'),
('fitotopografi'),
('fitotron'),
('fitrah'),
('fitri'),
('flakon'),
('flamboyan'),
('flamingo'),
('flanel'),
('flat'),
('flegma'),
('flegmatis'),
('fleksi'),
('fleksibel'),
('fleksibilitas'),
('fleksor'),
('flensa'),
('flis'),
('floem'),
('flop'),
('flora'),
('floret'),
('flotasi'),
('flu'),
('fluensi'),
('fluida'),
('fluks'),
('fluktuasi'),
('fluktuatif'),
('fluoresen'),
('fluoresens'),
('fluorin'),
('fluorit'),
('fobia'),
('fokimeter'),
('fokstrot'),
('fokus'),
('folder'),
('foli'),
('folikel'),
('folio'),
('folklor'),
('folksong'),
('fon'),
('fonasi'),
('fondasi'),
('fonem'),
('fonemik'),
('fonemis'),
('fonetik'),
('fonetis'),
('fonik'),
('fonis'),
('fonograf'),
('fonografi'),
('fonologi'),
('fonologis'),
('fonon'),
('fonotaktik'),
('fonotipi'),
('foramen'),
('foraminifera'),
('forensik'),
('forklif'),
('formal'),
('formalin'),
('formalistis'),
('formalitas'),
('forman'),
('formasi'),
('format'),
('formatif'),
('formatur'),
('formika'),
('formula'),
('formulasi'),
('formulator'),
('formulir'),
('fornikasi'),
('forsep'),
('forsir'),
('forte'),
('fortifikasi'),
('fortin'),
('forum'),
('fosfat'),
('fosfina'),
('fosfit'),
('fosfor'),
('fosforesens'),
('fosforilase'),
('fosforus'),
('fosgen'),
('fosil'),
('foto'),
('fotodiode'),
('fotoelektron'),
('fotoemisi'),
('fotogenik'),
('fotograf'),
('fotografer'),
('fotografi'),
('fotografis'),
('fotogravur'),
('fotokimia'),
('fotokonduksi'),
('fotokonduktivitas'),
('fotokonduktor'),
('fotokopi'),
('fotokromi'),
('fotokromik'),
('fotolisis'),
('fotolitografi'),
('fotometer'),
('fotometri'),
('fotomikrografi'),
('fotomodel'),
('foton'),
('fotoperiodisme'),
('fotosel'),
('fotosfer'),
('fotosintesis'),
('fotostat'),
('fototaksis'),
('fototropis'),
('fototustel'),
('fovea'),
('foya'),
('fragmen'),
('fragmentaris'),
('fragmentasi'),
('fraksi'),
('fraksinasi'),
('fraktur'),
('fraktus'),
('frambusia'),
('fransium'),
('frasa'),
('fraseologi'),
('frater'),
('fraternitas'),
('freatofit'),
('fregat'),
('frekuen'),
('frekuensi'),
('frekuentatif'),
('frenologi'),
('freon'),
('frib'),
('frigid'),
('frigorigraf'),
('frigorimeter'),
('frikatif'),
('friksi'),
('fron'),
('front'),
('frontal'),
('fruktosa'),
('frustrasi'),
('fuad'),
('fugasitas'),
('fujur'),
('fukaha'),
('fukara'),
('fuksina'),
('fulgurit'),
('fuli'),
('fulminat'),
('fulus'),
('fumarol'),
('fumigan'),
('fumigasi'),
('fumigator'),
('fundamen'),
('fundamental'),
('fundamentalis'),
('fundamentalisme'),
('fundamentalistis'),
('fungi'),
('fungibel'),
('fungisida'),
('fungistatik'),
('fungoid'),
('fungsi'),
('fungsional'),
('fungsionalisasi'),
('fungsionalisme'),
('fungsionalitas'),
('fungsionaris'),
('fungus'),
('furfural'),
('furnitur'),
('furqan'),
('furuk'),
('fusi'),
('fusta'),
('fusuk'),
('futur'),
('futurisme'),
('futuristik'),
('futuristis'),
('futurolog'),
('futurologi'),
('futurologis'),
('fyord'),
('gabah'),
('gabai'),
('gabak'),
('gabardin'),
('gabas'),
('gabir'),
('gablek'),
('gabor'),
('gabro'),
('gabruk'),
('gabuk'),
('gabung'),
('gabus'),
('gaco'),
('gacok'),
('gacong'),
('gada'),
('gadai'),
('gadamala'),
('gadang'),
('gading'),
('gadis'),
('gado'),
('gadolinit'),
('gadolinium'),
('gadon'),
('gaduh'),
('gaduk'),
('gadung'),
('gadungan'),
('gaek'),
('gaet'),
('gafar'),
('gaflah'),
('gaflat'),
('gaftar'),
('gafur'),
('gaga'),
('gagah'),
('gagai'),
('gagak'),
('gagal'),
('gagang'),
('gagap'),
('gagas'),
('gagau'),
('gagu'),
('gaguk'),
('gah'),
('gaham'),
('gahar'),
('gahara'),
('gahari'),
('gaharu'),
('gai'),
('gaib'),
('gail'),
('gain'),
('gaing'),
('gairah'),
('gait'),
('gajah'),
('gajak'),
('gaji'),
('gajih'),
('gajul'),
('gajus'),
('gakang'),
('gakari'),
('gala'),
('galaba'),
('galaganjur'),
('galagasi'),
('galah'),
('galai'),
('galak'),
('galaksi'),
('galaktometer'),
('galaktorea'),
('galaktosa'),
('galaktosemia'),
('galaktosuria'),
('galan'),
('galang'),
('galanggasi'),
('galar'),
('galas'),
('galat'),
('galau'),
('galbani'),
('galeng'),
('galeri'),
('galgal'),
('gali'),
('galias'),
('galib'),
('galibut'),
('galih'),
('galiot'),
('galir'),
('galium'),
('galiung'),
('galon'),
('galuh'),
('Galungan'),
('galur'),
('galvanis'),
('galvanisasi'),
('galvanometer'),
('galvanometri'),
('galvanoskop'),
('galyas'),
('gam'),
('gama'),
('gamak'),
('gamal'),
('gamalisasi'),
('gamam'),
('gaman'),
('gamang'),
('gamat'),
('gambang'),
('gambar'),
('gambas'),
('gambir'),
('gamblang'),
('gambling'),
('gambuh'),
('gambus'),
('gambut'),
('gambyong'),
('gamelan'),
('gamet'),
('gametangium'),
('gametofit'),
('gametogenesis'),
('gametosit'),
('gamik'),
('gamis'),
('gamit'),
('gamma'),
('gamopetal'),
('gampang'),
('gampar'),
('gamparan'),
('gamping'),
('gamuh'),
('gana'),
('ganal'),
('ganang'),
('ganar'),
('ganas'),
('gancang'),
('gancar'),
('ganco'),
('gancu'),
('ganda'),
('gandal'),
('gandapura'),
('gandar'),
('gandaria'),
('gandarukem'),
('gandarusa'),
('gandarwa'),
('gandasturi'),
('gandasuli'),
('gandem'),
('ganden'),
('gandeng'),
('gandes'),
('gandewa'),
('gandi'),
('gandik'),
('gandin'),
('ganding'),
('gandok'),
('gandola'),
('gandos'),
('gandringan'),
('gandrung'),
('gandu'),
('ganduh'),
('gandul'),
('gandum'),
('gandung'),
('gang'),
('ganggang'),
('ganggu'),
('ganggugugat'),
('ganggut'),
('ganglion'),
('gangsa'),
('gangsar'),
('gangsi'),
('gangsir'),
('gangster'),
('gani'),
('ganih'),
('ganimah'),
('ganja'),
('ganjak'),
('ganjal'),
('ganjar'),
('ganjat'),
('ganjen'),
('ganjil'),
('ganjing'),
('ganjling'),
('ganjur'),
('ganoid'),
('gantal'),
('gantang'),
('gantar'),
('gantel'),
('ganteng'),
('ganti'),
('gantih'),
('gantilan'),
('ganting'),
('gantol'),
('gantole'),
('gantung'),
('ganyah'),
('ganyang'),
('ganyar'),
('ganyong'),
('ganyut'),
('gaok'),
('gap'),
('gapah'),
('gapai'),
('gapil'),
('gapit'),
('gaple'),
('gaplek'),
('gaplok'),
('gapuk'),
('gapura'),
('gar'),
('garah'),
('garai'),
('garam'),
('garan'),
('garang'),
('garangan'),
('garansi'),
('garap'),
('garasi'),
('garau'),
('garba'),
('garbarata'),
('garbis'),
('garda'),
('gardan'),
('gardu'),
('garebek'),
('gari'),
('garib'),
('garindin'),
('garing'),
('garis'),
('garisbawah'),
('garit'),
('garizah'),
('garmen'),
('garnet'),
('garnis'),
('garnisun'),
('garong'),
('garpu'),
('garu'),
('garuda'),
('garuk'),
('garung'),
('garut'),
('garwa'),
('gas'),
('gasab'),
('gasak'),
('gasal'),
('gasang'),
('gasifikasi'),
('gasing'),
('gasket'),
('gasolin'),
('gasometer'),
('gaster'),
('gastrektomi'),
('gastrin'),
('gastritis'),
('gastroenteritis'),
('gastroenterolog'),
('gastroenterologi'),
('gastrointestinal'),
('gastronomi'),
('gastrula'),
('gastrulasi'),
('gatal'),
('gatot'),
('gatra'),
('gatrik'),
('gatuk'),
('gauk'),
('gaukang'),
('gaul'),
('gaun'),
('gaung'),
('gaut'),
('gawai'),
('gawal'),
('gawan'),
('gawang'),
('gawar'),
('gawat'),
('gawir'),
('gaya'),
('gayal'),
('gayam'),
('gayang'),
('gayat'),
('gayau'),
('gayeng'),
('gayuh'),
('gayuk'),
('gayun'),
('gayung'),
('gayut'),
('gaz'),
('gazal'),
('gebah'),
('gebang'),
('gebar'),
('gebeng'),
('geber'),
('geblak'),
('geblek'),
('geblok'),
('gebogan'),
('gebok'),
('gebos'),
('gebot'),
('gebrak'),
('gebu'),
('gebuk'),
('gebung'),
('gebyar'),
('gebyur'),
('gecar'),
('gecek'),
('gecer'),
('gecul'),
('gedabah'),
('gede'),
('gedebeg'),
('gedebok'),
('gedebuk'),
('gedebung'),
('gedek'),
('gedembai'),
('gedembal'),
('gedempol'),
('gedeng'),
('gedi'),
('gedik'),
('gedok'),
('gedombak'),
('gedombrongan'),
('gedong'),
('gedor'),
('gedubang'),
('gedung'),
('geduyut'),
('gegabah'),
('gegadan'),
('gegai'),
('gegakgempita'),
('gegala'),
('gegaman'),
('gegana'),
('gegaokan'),
('gegap'),
('gegar'),
('gegares'),
('gegas'),
('gegat'),
('gegau'),
('gegep'),
('geger'),
('gegetar'),
('gegetun'),
('gegisik'),
('gegua'),
('geiger'),
('geiser'),
('gejah'),
('gejala'),
('gejolak'),
('gejos'),
('gejuju'),
('gel'),
('gela'),
('gelabah'),
('gelabir'),
('gelabur'),
('geladak'),
('geladeri'),
('geladi'),
('geladir'),
('geladrah'),
('gelagah'),
('gelagap'),
('gelagar'),
('gelagat'),
('gelak'),
('gelakak'),
('gelalar'),
('gelam'),
('gelama'),
('gelamai'),
('gelambir'),
('gelandang'),
('gelandot'),
('gelang'),
('gelanggang'),
('gelangsar'),
('gelantang'),
('gelanting'),
('gelantung'),
('gelap'),
('gelapung'),
('gelar'),
('gelas'),
('gelasak'),
('gelasir'),
('gelatik'),
('gelatin'),
('gelatuk'),
('gelayangan'),
('gelayar'),
('gelayut'),
('gelebah'),
('gelebap'),
('gelebar'),
('geleber'),
('gelebuk'),
('geleca'),
('gelecik'),
('geledah'),
('geledang'),
('geledek'),
('geleding'),
('geledur'),
('gelegah'),
('gelegak'),
('gelegar'),
('gelegata'),
('gelek'),
('gelekak'),
('gelekek'),
('gelema'),
('gelemat'),
('gelemberan'),
('gelembong'),
('gelembung'),
('gelembur'),
('gelempang'),
('gelemprang'),
('gelenang'),
('gelendo'),
('gelendong'),
('gelendot'),
('geleng'),
('gelenggang'),
('gelentang'),
('gelenting'),
('gelenyar'),
('gelepai'),
('gelepar'),
('gelepek'),
('gelepot'),
('gelepung'),
('gelepur'),
('geler'),
('gelesek'),
('geleser'),
('gelesot'),
('geleta'),
('geletak'),
('geletar'),
('geletek'),
('geletik'),
('geleting'),
('geletis'),
('geletuk'),
('geli'),
('geliang'),
('geliat'),
('gelibir'),
('gelicik'),
('geligi'),
('geligin'),
('geligis'),
('geligit'),
('gelignit'),
('gelimang'),
('gelimantang'),
('gelimbir'),
('gelimir'),
('gelimpang'),
('gelimun'),
('gelincir'),
('gelincuh'),
('gelinding'),
('gelinggam'),
('gelinggaman'),
('gelinggang'),
('gelingsir'),
('gelinjang'),
('gelintang'),
('gelintar'),
('gelintin'),
('gelinting'),
('gelintir'),
('gelipar'),
('gelisah'),
('gelita'),
('gelitar'),
('gelitik'),
('gelo'),
('gelobak'),
('gelobok'),
('gelocak'),
('gelodar'),
('gelodok'),
('gelogok'),
('gelohok'),
('gelojoh'),
('gelombang'),
('gelompar'),
('gelondong'),
('geloneng'),
('gelonggong'),
('gelongsor'),
('gelontor'),
('gelopak'),
('gelora'),
('gelosang'),
('geloso'),
('gelosok'),
('gelotak'),
('geluduk'),
('geluga'),
('gelugu'),
('gelugur'),
('gelugut'),
('geluh'),
('geluk'),
('gelulur'),
('gelumat'),
('geluncur'),
('gelundung'),
('gelung'),
('gelup'),
('gelupur'),
('gelut'),
('gema'),
('gemah'),
('gemak'),
('gemal'),
('geman'),
('gemang'),
('gemap'),
('gemar'),
('gemas'),
('gemaung'),
('gemawan'),
('gembak'),
('gembala'),
('gembel'),
('gembeng'),
('gembil'),
('gembili'),
('gembira'),
('gemblak'),
('gembleng'),
('gemblong'),
('gemblung'),
('gembok'),
('gembol'),
('gembolo'),
('gembong'),
('gembor'),
('gembos'),
('gembreng'),
('gembrot'),
('gembul'),
('gembung'),
('gembur'),
('gembus'),
('gembut'),
('gemebyar'),
('gemelentam'),
('gemeletak'),
('gemeletap'),
('gemeletek'),
('gemelugut'),
('gementam'),
('gemercak'),
('gemercik'),
('gemerencang'),
('gemerencik'),
('gemerencing'),
('gemerencung'),
('gemeresak'),
('gemeresik'),
('gemeretak'),
('gemeretuk'),
('gemeretup'),
('gemerlap'),
('gemertak'),
('gemertuk'),
('gemerusuk'),
('gemetar'),
('gemi'),
('gemik'),
('gemilang'),
('gemilap'),
('geming'),
('Gemini'),
('gemintang'),
('geminte'),
('gemirang'),
('gempa'),
('gempal'),
('gempar'),
('gempil'),
('gempita'),
('gempol'),
('gempor'),
('gempur'),
('gemuk'),
('gemul'),
('gemulai'),
('gemulung'),
('gemuntur'),
('gemuruh'),
('gen'),
('gena'),
('genah'),
('genahar'),
('genang'),
('genap'),
('gencar'),
('gencat'),
('gencel'),
('gencer'),
('gencet'),
('gencir'),
('gendak'),
('gendala'),
('gendam'),
('gendang'),
('gendar'),
('gendarmeri'),
('gendeng'),
('gender'),
('genderang'),
('genderuwo'),
('gendewa'),
('gending'),
('gendis'),
('gendon'),
('gendong'),
('genduk'),
('gendut'),
('genealogi'),
('genealogis'),
('genegin'),
('geneng'),
('generalis'),
('generalisasi'),
('generalisimo'),
('generasi'),
('generatif'),
('generator'),
('generik'),
('genesis'),
('genetika'),
('genetis'),
('geng'),
('genggam'),
('genggang'),
('genggong'),
('gengsah'),
('gengsi'),
('gengsot'),
('genial'),
('genialitas'),
('genikulum'),
('genis'),
('genit'),
('genital'),
('genitalia'),
('genitif'),
('genius'),
('genjah'),
('genjang'),
('genjer'),
('genjik'),
('genjot'),
('genjrang'),
('genjring'),
('genjur'),
('genom'),
('genosida'),
('genotipe'),
('genre'),
('genta'),
('gentala'),
('gentar'),
('gentas'),
('gentat'),
('gentayang'),
('gentel'),
('genteng'),
('gentian'),
('genting'),
('gentong'),
('gentrifikasi'),
('gentur'),
('gentus'),
('genus'),
('genyot'),
('geobotani'),
('geodesi'),
('geofisika'),
('geofisikawan'),
('geofisis'),
('geofon'),
('geognosi'),
('geografi'),
('geografis'),
('geohidrologi'),
('geokimia'),
('geokronologi'),
('geolog'),
('geologi'),
('geologis'),
('geologiwan'),
('geomansi'),
('geometri'),
('geometris'),
('geomorfologi'),
('geonomi'),
('geopolitik'),
('geosentris'),
('geosinkronis'),
('geostasioner'),
('geostatika'),
('geoteknik'),
('geoteknologi'),
('geotermal'),
('geotermi'),
('geotermometer'),
('gepeng'),
('gepit'),
('geplak'),
('gepok'),
('geprak'),
('gepuk'),
('gera'),
('gerabah'),
('gerabang'),
('geradi'),
('geragai'),
('geragap'),
('geragas'),
('geragau'),
('geragih'),
('geraguk'),
('gerah'),
('geraham'),
('gerai'),
('gerak'),
('geram'),
('geraman'),
('geramang'),
('geramsut'),
('geramus'),
('gerang'),
('gerangan'),
('geranggang'),
('geranium'),
('gerantak'),
('gerantang'),
('geranyam'),
('gerapai'),
('gerapu'),
('gerat'),
('geratak'),
('geratih'),
('gerau'),
('gerawan'),
('gerawat'),
('gerayah'),
('gerayang'),
('gerbak'),
('gerbang'),
('gerbera'),
('gerbong'),
('gerbus'),
('gerda'),
('gerdan'),
('gerdum'),
('gerecak'),
('gerecok'),
('gereget'),
('gereh'),
('gereja'),
('gerejani'),
('gerejawi'),
('gerek'),
('geremet'),
('gerempang'),
('gerencang'),
('gerendel'),
('gerendeng'),
('gerenek'),
('gereneng'),
('gerengseng'),
('gerenik'),
('gerenjeng'),
('gerenjet'),
('gerentang'),
('gerenyau'),
('gerenyeng'),
('gerenyet'),
('gerenying'),
('gerenyit'),
('gerenyot'),
('gerepe'),
('gerepek'),
('gerepes'),
('geresek'),
('geret'),
('geretak'),
('geretang'),
('gergaji'),
('gergasi'),
('gergeran'),
('gerha'),
('gerhana'),
('geriak'),
('geriap'),
('geriatrik'),
('geribik'),
('gericau'),
('geridip'),
('geridit'),
('gerigi'),
('gerigik'),
('gerigis'),
('gerih'),
('gerik'),
('gerilya'),
('gerilyawan'),
('gerilyawati'),
('gerim'),
('gerimis'),
('gerincing'),
('gerinda'),
('gerindin'),
('gerinding'),
('gering'),
('geringging'),
('geringsing'),
('gerinjal'),
('gerinjam'),
('gerinting'),
('gerinyau'),
('gerip'),
('geripir'),
('geripis'),
('gerisik'),
('gerising'),
('gerit'),
('geriuk'),
('gerlap'),
('gerlip'),
('germang'),
('germanium'),
('germinal'),
('germisida'),
('germo'),
('germut'),
('gero'),
('geroak'),
('gerobak'),
('gerobok'),
('gerobyak'),
('gerocok'),
('gerodak'),
('gerogol'),
('gerogot'),
('gerohok'),
('gerohong'),
('gerojok'),
('gerombol'),
('gerombong'),
('gerompok'),
('gerong'),
('geronggang'),
('geronium'),
('gerontokrasi'),
('gerontol'),
('gerontologi'),
('geronyot'),
('geropes'),
('geropyok'),
('geros'),
('gerosak'),
('gerowong'),
('gerowot'),
('gerpol'),
('gersak'),
('gersang'),
('gersik'),
('gertak'),
('gertik'),
('gertuk'),
('geru'),
('gerugut'),
('geruh'),
('geruit'),
('gerumit'),
('gerumpung'),
('gerumuk'),
('gerumut'),
('gerun'),
('gerundang'),
('gerundel'),
('gerung'),
('gerunggung'),
('gerunyam'),
('gerup'),
('gerupis'),
('gerupuk'),
('gerus'),
('gerut'),
('gerutu'),
('gerutup'),
('gerutus'),
('gesa'),
('gesek'),
('gesel'),
('geser'),
('gesit'),
('gesper'),
('gestikulasi'),
('geta'),
('getah'),
('getang'),
('getap'),
('getar'),
('getas'),
('getek'),
('getik'),
('getil'),
('getir'),
('getis'),
('getok'),
('getol'),
('getu'),
('getuk'),
('getun'),
('geulis'),
('gewang'),
('gial'),
('giam'),
('giat'),
('gibah'),
('gibang'),
('giblet'),
('gibtah'),
('gidik'),
('gigahertz'),
('gigantisme'),
('gigi'),
('gigih'),
('gigil'),
('gigis'),
('gigit'),
('gigolo'),
('gila'),
('gilang'),
('gilap'),
('gilas'),
('gili'),
('gilik'),
('giling'),
('gilir'),
('gim'),
('gimbal'),
('gimnasium'),
('gimnastik'),
('gimpal'),
('gin'),
('ginang'),
('gincu'),
('ginding'),
('ginekolog'),
('ginekologi'),
('ginekomasti'),
('ginesium'),
('gingivitis'),
('ginglimus'),
('gingsir'),
('gingsul'),
('ginjal'),
('ginjean'),
('ginkang'),
('ginogenesis'),
('ginseng'),
('gips'),
('gipsi'),
('gir'),
('girah'),
('giral'),
('girang'),
('giras'),
('girasol'),
('giri'),
('girik'),
('girikan'),
('giring'),
('giris'),
('giro'),
('giroskop'),
('girostat'),
('girostatika'),
('gisar'),
('gisik'),
('gisil'),
('gita'),
('gitapati'),
('gitar'),
('gitaris'),
('gites'),
('gitik'),
('gitok'),
('giuk'),
('giur'),
('giwang'),
('gizi'),
('glabela'),
('gladiator'),
('gladiol'),
('glamor'),
('glandula'),
('glans'),
('glasial'),
('glasir'),
('glasnos'),
('glaukoma'),
('glegek'),
('glenik'),
('glenoid'),
('gletser'),
('glidik'),
('glikogen'),
('glikogenesis'),
('glikogenolisis'),
('glikol'),
('glikolisis'),
('glikosida'),
('glikosidase'),
('glikosuria'),
('gliserida'),
('gliserol'),
('global'),
('globalisasi'),
('globalisme'),
('globe'),
('globulin'),
('globus'),
('glokidium'),
('glomerulus'),
('glomus'),
('glosarium'),
('glosem'),
('glosematik'),
('glositis'),
('glotal'),
('glotalisasi'),
('glotis'),
('glukagon'),
('glukosa'),
('glukosan'),
('glukosida'),
('gluten'),
('gnomon'),
('goak'),
('gob'),
('goba'),
('gobak'),
('gobang'),
('gobar'),
('gobek'),
('gobet'),
('goblok'),
('gocap'),
('gocek'),
('gocoh'),
('goda'),
('godak'),
('godam'),
('godek'),
('godok'),
('godong'),
('godot'),
('goel'),
('gogoh'),
('gogok'),
('gogos'),
('gogrok'),
('gohok'),
('gohong'),
('gojek'),
('gojlok'),
('gokar'),
('gol'),
('golak'),
('golbi'),
('golek'),
('goleng'),
('goler'),
('golf'),
('golok'),
('golong'),
('golput'),
('gom'),
('gombak'),
('gombal'),
('gombang'),
('gombeng'),
('gombrang'),
('gombroh'),
('gombyok'),
('gompal'),
('gompiok'),
('gonad'),
('gondang'),
('gondok'),
('gondol'),
('gondola'),
('gondong'),
('gondorukem'),
('gondrong'),
('gong'),
('gonggo'),
('gonggok'),
('gonggong'),
('gongli'),
('gongseng'),
('gongyo'),
('goni'),
('gonidium'),
('goniometri'),
('gonjak'),
('gonjang'),
('gonjing'),
('gonjlang'),
('gonjok'),
('gonjong'),
('gonokokus'),
('gonore'),
('gonrang'),
('gontai'),
('gontok'),
('gonyak'),
('gonyeh'),
('gonyel'),
('gonyoh'),
('gopek'),
('gopoh'),
('gorap'),
('gorden'),
('gorek'),
('goreng'),
('gores'),
('gori'),
('gorila'),
('gorilya'),
('goroh'),
('gorok'),
('gosan'),
('gosip'),
('gosok'),
('gosong'),
('gospel'),
('got'),
('gotes'),
('gotik'),
('gotong'),
('gotongroyong'),
('gotri'),
('gotrok'),
('gotun'),
('gowok'),
('goyah'),
('goyak'),
('goyang'),
('grabadan'),
('grad'),
('gradasi'),
('gradien'),
('gradual'),
('gradualisme'),
('graf'),
('grafem'),
('grafemik'),
('grafemis'),
('grafetik'),
('grafik'),
('grafika'),
('grafikawan'),
('grafis'),
('grafit'),
('grafitasi'),
('grafolog'),
('grafologi'),
('graha'),
('grahita'),
('gram'),
('gramatika'),
('gramatikal'),
('grambyang'),
('gramofon'),
('granat'),
('granit'),
('granolitik'),
('granula'),
('granulasi'),
('granulosit'),
('grapyak'),
('grasi'),
('gratak'),
('gratifikasi'),
('gratis'),
('gravel'),
('graver'),
('gravimeter'),
('gravitas'),
('gravitasi'),
('grecok'),
('gregarius'),
('grehon'),
('grempel'),
('gres'),
('gria'),
('grip'),
('griya'),
('grogi'),
('gronjong'),
('gros'),
('grosir'),
('grup'),
('gruwung'),
('gua'),
('gual'),
('guam'),
('guanidina'),
('guanina'),
('guano'),
('guar'),
('gubah'),
('gubal'),
('gubang'),
('gubel'),
('gubernemen'),
('gubernur'),
('gubit'),
('gubris'),
('gubuk'),
('guci'),
('gudang'),
('gudangan'),
('gude'),
('gudeg'),
('guderi'),
('gudi'),
('gudik'),
('gue'),
('gugah'),
('gugat'),
('gugu'),
('guguh'),
('guguk'),
('gugup'),
('gugur'),
('gugus'),
('guit'),
('gujirat'),
('gukakas'),
('gul'),
('gula'),
('gulah'),
('gulai'),
('gulali'),
('gulam'),
('gulambai'),
('gulana'),
('gulat'),
('guli'),
('guliga'),
('guling'),
('gulir'),
('gulita'),
('gulma'),
('gulud'),
('gulung'),
('gulut'),
('gum'),
('guma'),
('gumal'),
('gumam'),
('gumba'),
('gumbaan'),
('gumbang'),
('gumbar'),
('gumboro'),
('gumbuk'),
('gumebruk'),
('gumelaran'),
('gumpal'),
('gumpil'),
('gumuk'),
('gumul'),
('gumun'),
('gun'),
('guna'),
('gunawan'),
('guncang'),
('gunci'),
('gundah'),
('gundal'),
('gundala'),
('gundang'),
('gundar'),
('gundi'),
('gundik'),
('gundu'),
('gunduk'),
('gundul'),
('gung'),
('gunggung'),
('gunjai'),
('gunjing'),
('gunolugu'),
('gunrit'),
('gunseikan'),
('guntai'),
('guntak'),
('guntang'),
('guntil'),
('gunting'),
('guntung'),
('guntur'),
('gunung'),
('gunyam'),
('gup'),
('gurab'),
('gurah'),
('guram'),
('gurami'),
('gurat'),
('gurau'),
('gurdan'),
('gurdi'),
('guri'),
('gurih'),
('gurik'),
('gurindam'),
('guring'),
('gurit'),
('gurita'),
('gurnadur'),
('guru'),
('gurub'),
('guruh'),
('guruk'),
('gurun'),
('gurung'),
('gurur'),
('gus'),
('gusah'),
('gusar'),
('gusel'),
('gusi'),
('gusrek'),
('gusti'),
('gusul'),
('gusur'),
('gutasi'),
('gutik'),
('gutuk'),
('guyon'),
('guyub'),
('guyur'),
('habenula'),
('habib'),
('habibi'),
('habibullah'),
('habis'),
('habitat'),
('habituasi'),
('habitus'),
('habluk'),
('hablun'),
('hablur'),
('Habsyi'),
('habuan'),
('habuk'),
('habung'),
('had'),
('hadanah'),
('hadap'),
('hadas'),
('hadat'),
('hadiah'),
('hadir'),
('hadirat'),
('hadirin'),
('hadis'),
('hadron'),
('hafal'),
('hafiz'),
('hafnium'),
('hagiografi'),
('hahnium'),
('hai'),
('haid'),
('haik'),
('haiking'),
('haiku'),
('hail'),
('hailai'),
('haj'),
('hajah'),
('hajar'),
('hajat'),
('haji'),
('hajib'),
('hajim'),
('hajis'),
('hak'),
('hakaik'),
('hakam'),
('hakikat'),
('hakiki'),
('hakim'),
('hakimah'),
('hakuladam'),
('hakulah'),
('hakulyakin'),
('hal'),
('hala'),
('halaik'),
('halakah'),
('halal'),
('halalbihalal'),
('halaman'),
('halang'),
('halau'),
('halazon'),
('halba'),
('haleluya'),
('halia'),
('halilintar'),
('halim'),
('halimbubu'),
('halimun'),
('halimunan'),
('halipan'),
('halitosis'),
('halkah'),
('halma'),
('halo'),
('halobion'),
('halofili'),
('halofit'),
('halofob'),
('halogen'),
('halogenasi'),
('halotan'),
('halsduk'),
('halte'),
('halter'),
('haluan'),
('halus'),
('halusinasi'),
('halusinogen'),
('halwa'),
('ham'),
('hama'),
('Hamal'),
('hamatum'),
('hamba'),
('Hambali'),
('hambar'),
('hambat'),
('hambur'),
('hamburger'),
('hamdalah'),
('hamdu'),
('hamik'),
('hamil'),
('haminte'),
('hampa'),
('hampang'),
('hampar'),
('hampir'),
('hamud'),
('hamulus'),
('hamun'),
('hamzah'),
('hana'),
('hanacaraka'),
('Hanafi'),
('hancing'),
('hancur'),
('hancurlebur'),
('hancurluluh'),
('handai'),
('handal'),
('handaruan'),
('handasah'),
('handelar'),
('handuk'),
('hang'),
('hangat'),
('hanger'),
('hanggar'),
('hangit'),
('hangus'),
('hanif'),
('hanjuang'),
('hansop'),
('hantai'),
('hantam'),
('hantap'),
('hantar'),
('hantir'),
('hantu'),
('hanya'),
('hanyut'),
('hap'),
('hapetan'),
('haplografi'),
('haploid'),
('haplologi'),
('hapus'),
('hara'),
('harak'),
('harakah'),
('harakat'),
('harakiri'),
('haram'),
('harap'),
('harawan'),
('harbi'),
('hardik'),
('harem'),
('harendong'),
('harfiah'),
('harga'),
('hari'),
('harimau'),
('haring'),
('harini'),
('haris'),
('harisah'),
('harit'),
('harkat'),
('harmoni'),
('harmonik'),
('harmonika'),
('harmonis'),
('harmonisasi'),
('harmonium'),
('harnet'),
('harpa'),
('harpis'),
('harpun'),
('hart'),
('harta'),
('hartal'),
('hartawan'),
('haru'),
('haruan'),
('harubiru'),
('harum'),
('harungguan'),
('harus'),
('has'),
('hasab'),
('hasad'),
('hasai'),
('hasan'),
('hasar'),
('hasib'),
('hasid'),
('hasil'),
('hasrat'),
('hasta'),
('hasud'),
('hasut'),
('hasyiah'),
('hasyis'),
('hati'),
('hatif'),
('hatta'),
('haud'),
('haudah'),
('haukalah'),
('haul'),
('haur'),
('hauri'),
('haus'),
('haustorium'),
('hawa'),
('hawar'),
('hawari'),
('hawiah'),
('hayat'),
('hayati'),
('hayo'),
('heban'),
('hebat'),
('heboh'),
('hebras'),
('hebring'),
('hedonis'),
('hedonisme'),
('hegelianisme'),
('hegemoni'),
('hegemonik'),
('hegemonisme'),
('heiho'),
('heksadesimal'),
('heksagon'),
('heksahedron'),
('heksaklorida'),
('heksameter'),
('heksana'),
('heksapoda'),
('hektar'),
('hektare'),
('hektograf'),
('hektogram'),
('hektoliter'),
('hektometer'),
('hela'),
('helah'),
('helai'),
('helat'),
('helicak'),
('helikopter'),
('heling'),
('heliofit'),
('heliofobi'),
('heliograf'),
('heliogram'),
('heliometer'),
('heliosentrik'),
('helioskop'),
('heliotaksis'),
('helioterapi'),
('heliotrop'),
('heliotropisme'),
('helipad'),
('helium'),
('helm'),
('helmintologi'),
('hem'),
('hemat'),
('hematit'),
('hematite'),
('hematofobia'),
('hematologi'),
('hematom'),
('hematometra'),
('hematuri'),
('hembak'),
('hembalang'),
('hemeralopi'),
('hemikordat'),
('hemiplegia'),
('hemisfer'),
('hemodialisis'),
('hemofilia'),
('hemoglobin'),
('hemolisis'),
('hemopoiesis'),
('hemopteran'),
('hemoragi'),
('hemoroid'),
('hemosit'),
('hemositometer'),
('hemostasis'),
('hemostatik'),
('hempap'),
('hempas'),
('hendak'),
('hendel'),
('heng'),
('hengit'),
('hengkang'),
('hening'),
('henoteisme'),
('henry'),
('hentar'),
('henti'),
('hepar'),
('hepatitis'),
('heptagon'),
('heptahedron'),
('heptameter'),
('heptana'),
('heraldik'),
('heran'),
('herba'),
('herbarium'),
('herbisida'),
('herbivor'),
('herbivora'),
('herder'),
('hereditas'),
('herediter'),
('heregistrasi'),
('heresi'),
('hering'),
('hermafrodit'),
('hermafroditisme'),
('hermetis'),
('hernia'),
('hero'),
('heroik'),
('heroin'),
('heroisme'),
('herpes'),
('herpetolog'),
('herpetologi'),
('hertz'),
('hesperidin'),
('heterodin'),
('heterodoks'),
('heterofemi'),
('heterofil'),
('heterofit'),
('heterogamet'),
('heterogami'),
('heterogen'),
('heterogenitas'),
('heterograf'),
('heterografi'),
('heteroklitus'),
('heteronim'),
('heteronimi'),
('heteronomi'),
('heteroseksual'),
('heteroseksualitas'),
('heterosfer'),
('heterosiklis'),
('heterosis'),
('heterospora'),
('heterostili'),
('heterotrof'),
('heterozigot'),
('heuristis'),
('hewan'),
('hewani'),
('hia'),
('hialin'),
('hialit'),
('hias'),
('hiatus'),
('hibah'),
('hibat'),
('hibernasi'),
('hibiskus'),
('hibob'),
('hibrida'),
('hibridis'),
('hibridisasi'),
('hibuk'),
('hibur'),
('hidang'),
('hidatod'),
('hidayah'),
('hidrasi'),
('hidrat'),
('hidraulika'),
('hidraulis'),
('hidrida'),
('hidrodinamika'),
('hidrofili'),
('hidrofit'),
('hidrofobia'),
('hidrofoil'),
('hidrofon'),
('hidrogen'),
('hidrogenasi'),
('hidrogeologi'),
('hidrograf'),
('hidrografi'),
('hidrogram'),
('hidrokarbon'),
('hidroklorida'),
('hidrokori'),
('hidroksida'),
('hidroksil'),
('hidrolisis'),
('hidrologi'),
('hidrometeorologi'),
('hidrometer'),
('hidrometri'),
('hidromini'),
('hidronan'),
('hidropati'),
('hidroperoksida'),
('hidroponik'),
('hidropsoma'),
('hidrosfer'),
('hidrosiklon'),
('hidroskop'),
('hidrostatika'),
('hidrostatis'),
('hidroterapi'),
('hidrotermal'),
('hidu'),
('hidung'),
('hidup'),
('hiena'),
('hierarki'),
('hierarkis'),
('hieroglif'),
('hifa'),
('higiene'),
('higienis'),
('higrograf'),
('higrogram'),
('higrometer'),
('higrometri'),
('higroskop'),
('higroskopis'),
('higrotermograf'),
('higrotermogram'),
('hijab'),
('hijaiah'),
('hijau'),
('hijaudaun'),
('hijrah'),
('hijriah'),
('hikayat'),
('hikmah'),
('hikmat'),
('hilal'),
('hilang'),
('hilau'),
('hilir'),
('hilofagus'),
('himanga'),
('himar'),
('himen'),
('himenium'),
('himne'),
('himpun'),
('hina'),
('hinadina'),
('hinap'),
('Hinayana'),
('hindar'),
('Hindi'),
('hinduisme'),
('hingga'),
('hinggap'),
('hinggut'),
('hio'),
('hiosiamina'),
('hiosin'),
('hipantium'),
('hiperaktif'),
('hiperamnesi'),
('hiperbarik'),
('hiperbol'),
('hiperbolis'),
('hiperemia'),
('hiperestesia'),
('hipergami'),
('hiperkelas'),
('hiperkinesis'),
('hiperkorek'),
('hiperkritis'),
('hiperlipemia'),
('hipermetropia'),
('hiperon'),
('hiperopia'),
('hiperparasit'),
('hiperplasia'),
('hiperseksual'),
('hipersensitif'),
('hipersonik'),
('hipersonika'),
('hipertensi'),
('hipertonik'),
('hipertradisional'),
('hipertrikosis'),
('hipertrofi'),
('hipervitaminosis'),
('hipnosis'),
('hipnoterapi'),
('hipnotis'),
('hipnotisme'),
('hipoblas'),
('hipodermis'),
('hipodermoklisis'),
('hipodrom'),
('hipofisis'),
('hipofremia'),
('hipogen'),
('hipoglikemia'),
('hipokondria'),
('hipokotil'),
('hipokrisi'),
('hipokrit'),
('hipokritis'),
('hipolimnion'),
('hipomastia'),
('hipomnesia'),
('hiponim'),
('hipopituitarisme'),
('hipoplankton'),
('hipoplasia'),
('hipopotamus'),
('hiposentrum'),
('hipotaksis'),
('hipotek'),
('hipotensi'),
('hipotenusa'),
('hipotermia'),
('hipotesis'),
('hipotetis'),
('hipotiroid'),
('hipotiroidisme'),
('hipotonik'),
('hipovitaminosis'),
('hipsometer'),
('hipui'),
('hirap'),
('hirau'),
('hirsutisme'),
('hirudin'),
('hiruk'),
('hirup'),
('his'),
('hisab'),
('histamina'),
('histerektomi'),
('histeria'),
('histeris'),
('histerisis'),
('histidina'),
('histogeni'),
('histokimia'),
('histologi'),
('histon'),
('histopatologi'),
('histori'),
('historikus'),
('historiografi'),
('historis'),
('historisisme'),
('historisitas'),
('hit'),
('hitam'),
('hitamputih'),
('hitung'),
('hiu'),
('hiyayat'),
('hobi'),
('hobo'),
('hodadoda'),
('hodometer'),
('hoi'),
('hokah'),
('hoki'),
('holi'),
('holisme'),
('holistis'),
('holmium'),
('holobentos'),
('holoenzim'),
('holofit'),
('holofitik'),
('holofrasis'),
('hologamet'),
('hologami'),
('holograf'),
('holografis'),
('hologram'),
('holokrin'),
('holoplankton'),
('holosen'),
('holozoik'),
('homeostasis'),
('homili'),
('hominid'),
('hominoid'),
('homo'),
('homofon'),
('homofoni'),
('homogami'),
('homogen'),
('homogeni'),
('homogenitas'),
('homograf'),
('homografi'),
('homogram'),
('homoiotermal'),
('homolog'),
('homologi'),
('homonim'),
('homonimi'),
('homorgan'),
('homoseks'),
('homoseksual'),
('homoseksualisme'),
('homoseksualitas'),
('homosfer'),
('homospora'),
('homoterm'),
('homozigot'),
('honae'),
('honcoe'),
('honji'),
('honor'),
('honorarium'),
('honorer');
INSERT INTO `katadasar` (`kata`) VALUES
('honorifik'),
('hop'),
('hopagen'),
('hopbiro'),
('hopkantor'),
('hopyes'),
('horas'),
('hore'),
('horizon'),
('horizontal'),
('hormat'),
('hormon'),
('hornblenda'),
('horor'),
('horoskop'),
('hortikultura'),
('hortikulturis'),
('hoskut'),
('hospital'),
('hostel'),
('hostes'),
('hosti'),
('hot'),
('hotdog'),
('hotel'),
('howitzer'),
('huakiau'),
('hububan'),
('hubulwatan'),
('hubung'),
('huda'),
('hudai'),
('hudhud'),
('hudud'),
('hufaz'),
('huh'),
('hujah'),
('hujaj'),
('hujan'),
('hujat'),
('huji'),
('hujin'),
('hujung'),
('hukama'),
('hukum'),
('hulam'),
('huler'),
('hulu'),
('hulubalang'),
('hulul'),
('huma'),
('human'),
('humaniora'),
('humanis'),
('humanisasi'),
('humanisme'),
('humanistis'),
('humanitas'),
('humaniter'),
('humas'),
('humbalang'),
('humektan'),
('humerus'),
('humidifikasi'),
('humiditas'),
('humifikasi'),
('humin'),
('humor'),
('humoris'),
('humoristis'),
('humorolog'),
('humus'),
('hun'),
('huncue'),
('huni'),
('hunjam'),
('hunkue'),
('hunus'),
('hurah'),
('huria'),
('huriah'),
('hurikan'),
('huruf'),
('hus'),
('husnulkhatimah'),
('Hut'),
('hutan'),
('huyung'),
('ialah'),
('iambus'),
('iatrogenik'),
('iba'),
('ibadah'),
('ibadat'),
('ibadurahman'),
('iban'),
('ibarat'),
('ibayuh'),
('ibid'),
('ibidem'),
('ibing'),
('iblis'),
('ibni'),
('ibnu'),
('ibra'),
('ibrit'),
('ibtida'),
('ibtidaiah'),
('ibu'),
('ibul'),
('ibun'),
('ibunda'),
('ibung'),
('ibus'),
('Ida'),
('idah'),
('idam'),
('idap'),
('idarah'),
('idas'),
('ide'),
('ideal'),
('idealis'),
('idealisasi'),
('idealisme'),
('idealistis'),
('idem'),
('identifikasi'),
('identik'),
('identitas'),
('ideofon'),
('ideograf'),
('ideografi'),
('ideografis'),
('ideogram'),
('ideologi'),
('ideologis'),
('idep'),
('idiil'),
('idiolek'),
('idiom'),
('idiomatis'),
('idiomatologi'),
('idiosi'),
('idiosinkrasi'),
('idiot'),
('idola'),
('idrak'),
('idu'),
('Iduladha'),
('Idulfitri'),
('ifah'),
('ifrit'),
('iftar'),
('iftitah'),
('iga'),
('igal'),
('igau'),
('iglo'),
('ihdad'),
('ihram'),
('ihsan'),
('ihsanat'),
('ihsas'),
('ihtifal'),
('ihtikar'),
('ihtimal'),
('ihwal'),
('ijab'),
('ijabat'),
('ijajil'),
('ijarah'),
('ijas'),
('ijazah'),
('ijbar'),
('ijmak'),
('ijmal'),
('ijon'),
('ijtihad'),
('ijtimaiah'),
('ijtimak'),
('ijuk'),
('ikab'),
('ikal'),
('ikamah'),
('ikan'),
('ikat'),
('ikebana'),
('ikhbar'),
('ikhlas'),
('ikhtiar'),
('ikhtiari'),
('ikhtilaf'),
('ikhtiogeografi'),
('ikhtiosarkotoksisme'),
('ikhtiotoksisme'),
('ikhtisar'),
('ikhwan'),
('iklan'),
('iklim'),
('ikon'),
('ikonis'),
('ikonograf'),
('ikonografi'),
('ikonoklasme'),
('ikonometer'),
('ikrab'),
('ikram'),
('ikrar'),
('iktibar'),
('iktidal'),
('iktikad'),
('iktikaf'),
('iktiografi'),
('iktiolit'),
('iktiologi'),
('iktiologis'),
('iktirad'),
('iktiraf'),
('iktisab'),
('ikuh'),
('ikut'),
('ikutserta'),
('ilafi'),
('ilah'),
('Ilahi'),
('ilahiah'),
('ilahiat'),
('ilai'),
('ilak'),
('ilanun'),
('ilar'),
('ilas'),
('ilat'),
('ilegal'),
('iler'),
('iles'),
('ileum'),
('ilham'),
('ili'),
('ilian'),
('iling'),
('ilmiah'),
('ilmu'),
('ilmuwan'),
('ilu'),
('iluminasi'),
('ilusi'),
('ilusif'),
('ilusionis'),
('ilustrasi'),
('ilustratif'),
('ilustrator'),
('imago'),
('imaji'),
('imajinasi'),
('imajinatif'),
('imajiner'),
('imak'),
('imam'),
('imamah'),
('imamologi'),
('iman'),
('imanen'),
('imanensi'),
('imani'),
('imbak'),
('imbal'),
('imbang'),
('imbas'),
('imbau'),
('imbesil'),
('imbesilitas'),
('imbibisi'),
('imbit'),
('imbuh'),
('imigran'),
('imigrasi'),
('imitasi'),
('imitatif'),
('imitator'),
('imkan'),
('imla'),
('imlek'),
('imobilisasi'),
('impak'),
('impas'),
('impase'),
('impedans'),
('impedansi'),
('impek'),
('imperatif'),
('imperfek'),
('imperfeksi'),
('imperial'),
('imperialis'),
('imperialisme'),
('imperium'),
('impersonal'),
('impersonalia'),
('impersonalitas'),
('impi'),
('impit'),
('implan'),
('implantasi'),
('implemen'),
('implementasi'),
('implikasi'),
('implisit'),
('implosif'),
('impor'),
('importasi'),
('importir'),
('impoten'),
('impotensi'),
('impregnasi'),
('impresariat'),
('impresario'),
('impresi'),
('impresif'),
('impresionis'),
('impresionisme'),
('impresionistik'),
('imprimatur'),
('improvisasi'),
('impuls'),
('impulsif'),
('imsak'),
('imsakiah'),
('imtihan'),
('imun'),
('imunisasi'),
('imunitas'),
('imunokimia'),
('imunokompromi'),
('imunologi'),
('imunologis'),
('imunosupresi'),
('imunoterapi'),
('ina'),
('inabsensia'),
('inadaptabilitas'),
('inai'),
('inang'),
('inangda'),
('inap'),
('inartikulat'),
('inas'),
('inaugurasi'),
('inayat'),
('inca'),
('incar'),
('inci'),
('incit'),
('incling'),
('incrit'),
('incut'),
('indah'),
('indang'),
('indap'),
('indarus'),
('indayang'),
('indebitum'),
('indehoi'),
('indekos'),
('indeks'),
('inden'),
('independen'),
('inderawasih'),
('indeterminisme'),
('indigenos'),
('indigo'),
('indik'),
('indikan'),
('indikasi'),
('indikatif'),
('indikator'),
('inding'),
('indisipliner'),
('indium'),
('individu'),
('individual'),
('individualis'),
('individualisasi'),
('individualisme'),
('individualistis'),
('individualitas'),
('individuasi'),
('indoktrinasi'),
('indolen'),
('indolensi'),
('indologi'),
('Indonesia'),
('indonesianisasi'),
('indra'),
('indraloka'),
('indranila'),
('indriawi'),
('indu'),
('induk'),
('induksi'),
('induktans'),
('induktansi'),
('induktif'),
('induktor'),
('indung'),
('indusemen'),
('industri'),
('industrialis'),
('industrialisasi'),
('industriawan'),
('inefisiensi'),
('inersia'),
('infak'),
('infanteri'),
('infantil'),
('infantilisasi'),
('infantilisme'),
('infarktus'),
('infeksi'),
('inferensi'),
('inferensial'),
('inferior'),
('inferioritas'),
('inferno'),
('infertil'),
('infertilitas'),
('infiks'),
('infiltrasi'),
('infiltrometer'),
('infinitif'),
('infiradi'),
('inflamasi'),
('inflasi'),
('inflatoar'),
('infleksi'),
('infleksibel'),
('infleksif'),
('infloresens'),
('influensa'),
('influenza'),
('info'),
('informal'),
('informan'),
('informasi'),
('informatif'),
('informatika'),
('inframerah'),
('infrasonik'),
('infrastruktur'),
('infus'),
('inga'),
('ingar'),
('ingat'),
('ingau'),
('Inggris'),
('inggu'),
('inggung'),
('ingin'),
('ingintahu'),
('ingkah'),
('ingkar'),
('ingkir'),
('ingresif'),
('ingsar'),
('ingsut'),
('ingus'),
('inheren'),
('inhibisi'),
('inhibitor'),
('ini'),
('inisial'),
('inisiasi'),
('inisiatif'),
('inisiator'),
('injak'),
('injap'),
('injeksi'),
('Injil'),
('inkarnasi'),
('inkarserasi'),
('inkarsunah'),
('inkaso'),
('inklaring'),
('inklinasi'),
('inklinometer'),
('inklusif'),
('inkognito'),
('inkompatibilitas'),
('inkompeten'),
('inkomplet'),
('inkonfeso'),
('inkonsisten'),
('inkonsistensi'),
('inkonstitusional'),
('inkonvensional'),
('inkorporasi'),
('inkremental'),
('inkubasi'),
('inkubator'),
('inlander'),
('inokulasi'),
('inovasi'),
('inovatif'),
('inovator'),
('insaf'),
('insan'),
('insanan'),
('insang'),
('insani'),
('insanulkamil'),
('insar'),
('insek'),
('insekta'),
('insektari'),
('insektisida'),
('insektivor'),
('insektivora'),
('insektologi'),
('inseminasi'),
('insentif'),
('insersi'),
('inses'),
('inset'),
('insiden'),
('insidental'),
('insinerator'),
('insinuasi'),
('insinuatif'),
('insinye'),
('insinyur'),
('inskripsi'),
('inslan'),
('insolven'),
('insomnia'),
('inspeksi'),
('inspektorat'),
('inspektur'),
('inspirasi'),
('instabilitas'),
('instalasi'),
('instalatur'),
('instan'),
('instansi'),
('insting'),
('instingtif'),
('institusi'),
('institusional'),
('institut'),
('instruksi'),
('instruksional'),
('instruktif'),
('instruktur'),
('instrumen'),
('instrumental'),
('instrumentalia'),
('instrumentalis'),
('instrumentasi'),
('insubordinasi'),
('insulator'),
('insuler'),
('insulin'),
('Insulinde'),
('insyaAllah'),
('intai'),
('intan'),
('integral'),
('integralistik'),
('integrasi'),
('integrasionis'),
('integritas'),
('integumen'),
('intel'),
('intelek'),
('intelektual'),
('intelektualisasi'),
('intelektualisme'),
('inteligen'),
('inteligensi'),
('inteligensia'),
('intelijen'),
('intendans'),
('intens'),
('intensi'),
('intensif'),
('intensifikasi'),
('intensional'),
('intensitas'),
('interaksi'),
('interaksionistik'),
('interaktif'),
('interdepartemental'),
('interdependen'),
('interdiksi'),
('interdisipliner'),
('interegnum'),
('interelasi'),
('interen'),
('interes'),
('interesan'),
('interetnik'),
('interferens'),
('interferensi'),
('interferometer'),
('interferon'),
('interglasial'),
('interim'),
('interinsuler'),
('interior'),
('interjeksi'),
('interkom'),
('interkoneksi'),
('interkonsonantal'),
('interkontinental'),
('interlokal'),
('interlokutor'),
('interlud'),
('intermeso'),
('intermezo'),
('intermolekuler'),
('intern'),
('internal'),
('internalisasi'),
('internasional'),
('internasionalisasi'),
('internat'),
('internir'),
('internis'),
('internuntius'),
('interogasi'),
('interogatif'),
('interogator'),
('interpelan'),
('interpelasi'),
('interpelator'),
('interpolasi'),
('interpretasi'),
('interpretatif'),
('interpretator'),
('interpreter'),
('intersepsi'),
('intertestial'),
('intertidal'),
('interupsi'),
('interval'),
('intervensi'),
('intervensionisme'),
('interviu'),
('interzona'),
('inti'),
('intifadah'),
('intiha'),
('intikad'),
('intim'),
('intima'),
('intimasi'),
('intimidasi'),
('intip'),
('intipati'),
('intoksikasi'),
('intoleran'),
('intonasi'),
('intradermal'),
('intrakalimat'),
('intrakurikuler'),
('intralinguistis'),
('intramembran'),
('intramolekul'),
('intramuskuler'),
('intransitif'),
('intraseluler'),
('intrauniversiter'),
('intravaskuler'),
('intravena'),
('intrik'),
('intrinsik'),
('intro'),
('introduksi'),
('introjeksi'),
('introspeksi'),
('introver'),
('intrusi'),
('intuisi'),
('intuitif'),
('intumesensi'),
('invaginasi'),
('invalid'),
('invasi'),
('invensi'),
('inventaris'),
('inventarisasi'),
('inventif'),
('inventor'),
('inventori'),
('inventoriminat'),
('inversi'),
('invertebrata'),
('investasi'),
('investigasi'),
('investigatif'),
('investor'),
('invitasi'),
('invois'),
('involusi'),
('inyik'),
('inzar'),
('inziaj'),
('iodin'),
('ion'),
('ionisasi'),
('ionosfer'),
('iota'),
('ipar'),
('ipis'),
('ipon'),
('iprit'),
('ipuh'),
('ipuk'),
('ipung'),
('iqamat'),
('iqra'),
('ira'),
('iradat'),
('iradiasi'),
('irafah'),
('iram'),
('irama'),
('iras'),
('irasional'),
('irasionalitas'),
('iri'),
('iridium'),
('irigasi'),
('irigator'),
('irihati'),
('irik'),
('iring'),
('iris'),
('irit'),
('iritabilitas'),
('iritasi'),
('iritatif'),
('ironi'),
('ironis'),
('irsyad'),
('irung'),
('irus'),
('IsaAlmasih'),
('isak'),
('isalohipse'),
('isap'),
('isbat'),
('iseng'),
('isentropik'),
('isi'),
('isim'),
('isis'),
('isit'),
('iskemia'),
('islah'),
('Islam'),
('islami'),
('islamiah'),
('islamis'),
('islamisasi'),
('islamisme'),
('islamologi'),
('isoaglutinin'),
('isobar'),
('isobarik'),
('isobat'),
('isobron'),
('isodin'),
('isodinamik'),
('isofase'),
('isofen'),
('isofet'),
('isoflor'),
('isofon'),
('isogamet'),
('isogami'),
('isoglos'),
('isogon'),
('isogram'),
('isohalin'),
('isohel'),
('isohiet'),
('isohips'),
('isokal'),
('isokalori'),
('isokemi'),
('isokeraunik'),
('isokor'),
('isokorik'),
('isokronisme'),
('isolasi'),
('isolasionisme'),
('isolatif'),
('isolator'),
('isoleks'),
('isolemen'),
('isomer'),
('isometrik'),
('isomorf'),
('isomorfis'),
('isomorfisme'),
('isonefel'),
('isonomi'),
('isopal'),
('isopiestik'),
('isoplet'),
('isoriza'),
('isosilabisme'),
('isotah'),
('isoterm'),
('isotermal'),
('isotop'),
('isotrop'),
('isotropik'),
('isovolumik'),
('isra'),
('israf'),
('istal'),
('istan'),
('istana'),
('istanggi'),
('istaz'),
('istazah'),
('istiadat'),
('istianah'),
('istiazah'),
('istibdad'),
('istibra'),
('istidlal'),
('istidraj'),
('istifham'),
('istigasah'),
('istigfar'),
('istihadah'),
('istihsan'),
('istikamah'),
('istikharah'),
('istikhlaf'),
('istiklal'),
('istikmal'),
('istilah'),
('istima'),
('istimaiah'),
('istimewa'),
('istimna'),
('istimtak'),
('istinggar'),
('istinja'),
('istiqlal'),
('istirahat'),
('istislah'),
('istislam'),
('istisna'),
('istitaah'),
('istiwa'),
('istri'),
('isu'),
('isya'),
('isyarat'),
('isytiak'),
('isyu'),
('italik'),
('item'),
('iterasi'),
('iterbium'),
('itibak'),
('itifak'),
('itihad'),
('itik'),
('itil'),
('itisal'),
('itlak'),
('itrium'),
('itu'),
('iudisasi'),
('iur'),
('iwad'),
('iya'),
('izah'),
('izin'),
('jaat'),
('jab'),
('jabal'),
('jabang'),
('Jabariah'),
('jabat'),
('jabattangan'),
('jabir'),
('jables'),
('jabrik'),
('jabung'),
('jadah'),
('jadam'),
('jadayat'),
('jadi'),
('jaduk'),
('jadwal'),
('jaga'),
('jagabaya'),
('jagabela'),
('jagal'),
('jagang'),
('jagapati'),
('jagaraga'),
('jagat'),
('jagawana'),
('jago'),
('jagra'),
('jagrak'),
('jaguar'),
('jagung'),
('jagur'),
('jah'),
('jaha'),
('jahan'),
('jahanam'),
('jahar'),
('jaharu'),
('jahat'),
('jahe'),
('jahil'),
('jahiliah'),
('jahiriah'),
('jahit'),
('jahul'),
('jail'),
('Jainisme'),
('jaipong'),
('jais'),
('jaiz'),
('jaja'),
('jajah'),
('jajak'),
('jajal'),
('jajan'),
('jajar'),
('jaka'),
('jakal'),
('jakas'),
('jaket'),
('jaksa'),
('jaksi'),
('jakun'),
('jala'),
('jalabria'),
('jalad'),
('jalak'),
('jalal'),
('jalan'),
('jalang'),
('jalangkote'),
('jalangkung'),
('jalar'),
('jali'),
('jalibut'),
('jalil'),
('jalin'),
('jalu'),
('jalur'),
('jam'),
('jamadat'),
('jamah'),
('jamak'),
('jamal'),
('jamang'),
('jambak'),
('jambal'),
('jamban'),
('jambang'),
('jambar'),
('jambat'),
('jambe'),
('jambiah'),
('jambian'),
('jamblang'),
('jambon'),
('jambore'),
('jambret'),
('jambu'),
('jambul'),
('jambulan'),
('jambur'),
('jamhur'),
('jamiah'),
('jamiatulhujaj'),
('jamik'),
('jamil'),
('jamin'),
('jamis'),
('jampal'),
('jampen'),
('jampi'),
('jampuk'),
('jamrah'),
('jamu'),
('jamung'),
('jamur'),
('janabah'),
('janabijana'),
('janah'),
('janat'),
('janda'),
('jangak'),
('jangan'),
('jangar'),
('jangat'),
('janggal'),
('janggelan'),
('janggi'),
('janggolan'),
('janggung'),
('janggut'),
('jangka'),
('jangkah'),
('jangkang'),
('jangkar'),
('jangkat'),
('jangkau'),
('jangki'),
('jangking'),
('jangkir'),
('jangkit'),
('jangkrik'),
('jangkung'),
('jangla'),
('jangol'),
('jani'),
('janik'),
('janin'),
('janjang'),
('janji'),
('jantan'),
('jantang'),
('jantina'),
('jantuk'),
('jantung'),
('jantur'),
('janturan'),
('Januari'),
('janubi'),
('janur'),
('jap'),
('japan'),
('japin'),
('japu'),
('jara'),
('jarab'),
('jarah'),
('jarak'),
('jaram'),
('jaran'),
('jaranan'),
('jarang'),
('jaranglaut'),
('jaras'),
('jarem'),
('jargon'),
('jari'),
('jariah'),
('jariji'),
('jarimah'),
('jaring'),
('jarit'),
('jarjau'),
('jaro'),
('jarotan'),
('jarum'),
('jarwa'),
('jas'),
('jasa'),
('jasaboga'),
('jasad'),
('jasadi'),
('jasmani'),
('jasmaniah'),
('jasus'),
('jaswadi'),
('jatah'),
('jatayu'),
('jati'),
('jatilan'),
('jatmika'),
('jatuh'),
('jatukrama'),
('jauh'),
('jauhar'),
('jauhari'),
('Jauza'),
('jawab'),
('jawang'),
('jawara'),
('jawat'),
('jawawut'),
('jawer'),
('jawi'),
('jawil'),
('jaya'),
('jayacihna'),
('jayapatra'),
('jayasong'),
('jayastamba'),
('jayeng'),
('jaz'),
('jazam'),
('jazirah'),
('jebab'),
('jebah'),
('jebai'),
('jebak'),
('jebang'),
('jebar'),
('jebat'),
('jeblok'),
('jeblos'),
('jebluk'),
('jebol'),
('jebor'),
('jebrol'),
('jebuh'),
('jebung'),
('jebur'),
('jeda'),
('jeding'),
('jedot'),
('jegal'),
('jegang'),
('jegil'),
('jegogan'),
('jegung'),
('jejabah'),
('jejak'),
('jejaka'),
('jejal'),
('jejap'),
('jejas'),
('jejengkok'),
('jejer'),
('jejunum'),
('jejuri'),
('jeket'),
('jeksi'),
('jela'),
('jelabak'),
('jelabir'),
('jeladan'),
('jeladren'),
('jeladri'),
('jelaga'),
('jelagra'),
('jelah'),
('jelai'),
('jelajah'),
('jelak'),
('jelalat'),
('jelamprang'),
('jelanak'),
('jelang'),
('jelangak'),
('jelangkung'),
('jelantah'),
('jelapak'),
('jelapang'),
('jelar'),
('jelarang'),
('jelas'),
('jelata'),
('jelatang'),
('jelau'),
('jelawat'),
('jelejeh'),
('jelek'),
('jelempah'),
('jelengar'),
('jelepak'),
('jelepok'),
('jeli'),
('jelih'),
('jelijih'),
('jelimet'),
('jelimpat'),
('jeling'),
('jelir'),
('jelit'),
('jelita'),
('jelma'),
('jelu'),
('jeluak'),
('jeluang'),
('jelujur'),
('jeluk'),
('jelum'),
('jelungkap'),
('jeluntung'),
('jelunut'),
('jelus'),
('jelut'),
('jelutung'),
('jemaah'),
('jemaat'),
('jemah'),
('jemala'),
('jemang'),
('jemari'),
('jemaring'),
('jemawa'),
('jemba'),
('jembak'),
('jembalang'),
('jembar'),
('jembatan'),
('jembel'),
('jember'),
('jembiah'),
('jembrana'),
('jembut'),
('jemeki'),
('jempalit'),
('jempana'),
('jemparing'),
('jempol'),
('jempul'),
('jemput'),
('jemu'),
('jemuas'),
('jemuju'),
('jemur'),
('jenahar'),
('jenak'),
('jenaka'),
('jenama'),
('jenang'),
('jenangau'),
('jenat'),
('jenawi'),
('jenazah'),
('jendal'),
('jendala'),
('jendel'),
('jendela'),
('jendera'),
('jenderal'),
('jendol'),
('jendul'),
('jenela'),
('jeneng'),
('jenewer'),
('jeng'),
('jengah'),
('jengang'),
('jengek'),
('jenggala'),
('jenggar'),
('jengger'),
('jengget'),
('jengglong'),
('jenggot'),
('jengguk'),
('jenggul'),
('jenggut'),
('jengit'),
('jengkal'),
('jengkang'),
('jengkek'),
('jengkel'),
('jengkelit'),
('jengkeng'),
('jengker'),
('jengket'),
('jengki'),
('jengking'),
('jengkit'),
('jengkol'),
('jengkolet'),
('jengkot'),
('jenglong'),
('jenguh'),
('jenguk'),
('jengul'),
('jenis'),
('jenius'),
('jenjam'),
('jenjang'),
('jenjeng'),
('jentaka'),
('jentang'),
('jentayu'),
('jentelmen'),
('jentera'),
('jentik'),
('jenuh'),
('jepa'),
('jepet'),
('jepit'),
('jeprat'),
('jepret'),
('Jepun'),
('jeput'),
('jera'),
('jerabai'),
('jeradik'),
('jeragih'),
('jerah'),
('jerahak'),
('jerahap'),
('jerait'),
('jeram'),
('jeramah'),
('jerambah'),
('jerambai'),
('jerambang'),
('jerambung'),
('jerami'),
('jeran'),
('jerang'),
('jerangan'),
('jerangau'),
('jerangkak'),
('jerangkang'),
('jerangkong'),
('jerap'),
('jerapah'),
('jerat'),
('jerau'),
('jeraus'),
('jerawat'),
('jerba'),
('jerbak'),
('jereket'),
('jeremak'),
('jeremba'),
('jerembap'),
('jerembat'),
('jerembet'),
('jerembun'),
('jerempak'),
('jereng'),
('jerepet'),
('jeri'),
('jeriau'),
('jerigen'),
('jerih'),
('jeriji'),
('jeriken'),
('jering'),
('jeringing'),
('jerit'),
('jerjak'),
('jerkah'),
('jerkat'),
('jermal'),
('jermang'),
('jernang'),
('jernih'),
('jero'),
('jeroan'),
('jerohok'),
('jerojol'),
('jerongkang'),
('jerongkes'),
('jerongkok'),
('jerongkong'),
('jerubung'),
('jeruji'),
('jeruju'),
('jeruk'),
('jerukun'),
('jerukup'),
('jerum'),
('jerumat'),
('jerumbai'),
('jerumun'),
('jerumus'),
('jerun'),
('jerung'),
('jerungkau'),
('jerungkis'),
('jerungkung'),
('jerunuk'),
('jerupih'),
('jet'),
('jetis'),
('jetsam'),
('jetset'),
('jewer'),
('jiawang'),
('jib'),
('jibaku'),
('jibilah'),
('Jibrail'),
('Jibril'),
('jibti'),
('jibun'),
('jicap'),
('jicapgo'),
('jicing'),
('jidar'),
('jidat'),
('jidur'),
('jigong'),
('jigrah'),
('jih'),
('jihad'),
('jihat'),
('jijik'),
('jijit'),
('jika'),
('jikalau'),
('jil'),
('jila'),
('jilah'),
('jilam'),
('jilat'),
('jilbab'),
('jilid'),
('jim'),
('jimak'),
('Jimakir'),
('jimat'),
('Jimawal'),
('jimbit'),
('jimpit'),
('jin'),
('jinak'),
('jinayah'),
('jindra'),
('jinem'),
('jineman'),
('jineng'),
('jingap'),
('jingau'),
('jingga'),
('jinggring'),
('jingkat'),
('jingkik'),
('jingkrak'),
('jingo'),
('jingoisme'),
('jingu'),
('jinjang'),
('jinjing'),
('jinjit'),
('jinsom'),
('jintan'),
('jip'),
('jipang'),
('jiplak'),
('jipro'),
('jir'),
('jirak'),
('jiran'),
('jirat'),
('jirian'),
('jirus'),
('jisim'),
('jitah'),
('jitak'),
('jitok'),
('jitu'),
('jiwa'),
('jiwat'),
('jiwit'),
('jizyah'),
('jlegur'),
('joang'),
('jobak'),
('jobong'),
('jodang'),
('jodoh'),
('jodong'),
('jogan'),
('jogar'),
('joget'),
('joging'),
('joglo'),
('johan'),
('johari'),
('jojing'),
('jojol'),
('jok'),
('joki'),
('jolak'),
('jolek'),
('joli'),
('jolok'),
('jolong'),
('jolor'),
('jombang'),
('jomlo'),
('jompak'),
('jompo'),
('jongang'),
('jonget'),
('jongga'),
('jonggol'),
('jongjorang'),
('jongkang'),
('jongki'),
('jongko'),
('jongkok'),
('jongkong'),
('jongos'),
('jonjot'),
('jontoh'),
('jontor'),
('jontrot'),
('joran'),
('joreng'),
('jori'),
('jorjoran'),
('jorok'),
('jorong'),
('josna'),
('jota'),
('jotang'),
('jotos'),
('joule'),
('jrambah'),
('jreng'),
('jua'),
('juadah'),
('juak'),
('jual'),
('jualbeli'),
('juandang'),
('juang'),
('juar'),
('juara'),
('jubah'),
('jubel'),
('jubin'),
('jublag'),
('jublek'),
('judek'),
('judes'),
('judi'),
('judo'),
('judogi'),
('judoka'),
('judul'),
('juek'),
('juga'),
('juhi'),
('juhut'),
('juih'),
('juita'),
('jujah'),
('jujai'),
('jujitsu'),
('juju'),
('jujuh'),
('jujur'),
('jujuran'),
('jujut'),
('jukstaposisi'),
('jukut'),
('julab'),
('julai'),
('julang'),
('julat'),
('Juli'),
('juling'),
('julir'),
('julo'),
('juluk'),
('julur'),
('Jumadilakhir'),
('Jumadilawal'),
('jumantan'),
('jumantara'),
('Jumat'),
('jumbai'),
('jumbil'),
('jumbo'),
('jumbuh'),
('jumbul'),
('jumeneng'),
('jumhur'),
('jumjumah'),
('jumlah'),
('jumpa'),
('jumpalit'),
('jumpang'),
('jumpelang'),
('jumpul'),
('jumput'),
('jumrah'),
('jumud'),
('jun'),
('junam'),
('jundai'),
('jung'),
('jungat'),
('junggang'),
('jungkal'),
('jungkang'),
('jungkar'),
('jungkat'),
('jungkir'),
('jungkirbalik'),
('jungkit'),
('jungkol'),
('jungur'),
('jungut'),
('Juni'),
('junior'),
('junjung'),
('junta'),
('juntai'),
('juntrung'),
('junub'),
('junun'),
('jupang'),
('jura'),
('juragan'),
('jurai'),
('jurang'),
('juri'),
('jurik'),
('juring'),
('juris'),
('jurit'),
('jurnal'),
('jurnalis'),
('jurnalisme'),
('jurnalistik'),
('juru'),
('jurubicara'),
('juruh'),
('jurung'),
('jurus'),
('jus'),
('justifikasi'),
('justru'),
('juta'),
('jutawan'),
('jute'),
('juvenil'),
('juz'),
('kaba'),
('kabak'),
('kabar'),
('kabaret'),
('kabat'),
('kabau'),
('kabel'),
('kabihat'),
('kabilah'),
('kabin'),
('kabinet'),
('kabir'),
('kabisat'),
('kabit'),
('kaboi'),
('kabriolet'),
('kabruk'),
('kabuki'),
('kabul'),
('kabumbu'),
('kabung'),
('kabupaten'),
('kabur'),
('kabus'),
('kabut'),
('kaca'),
('kacak'),
('kacam'),
('kacamata'),
('kacang'),
('kacapiring'),
('kacapuri'),
('kacau'),
('kacek'),
('kacer'),
('kaci'),
('kacici'),
('kacip'),
('kacipfatimah'),
('kacir'),
('kacrek'),
('kacu'),
('kacuk'),
('kacukan'),
('kacung'),
('kad'),
('kada'),
('kadahajat'),
('kadal'),
('kadam'),
('kadang'),
('kadar'),
('Kadariah'),
('kadas'),
('kadaster'),
('kadastral'),
('kadaver'),
('kade'),
('kademat'),
('kadensa'),
('kader'),
('kadera'),
('kaderisasi'),
('kades'),
('kadet'),
('kadi'),
('kadim'),
('kadipaten'),
('kadir'),
('Kadiriah'),
('kadmium'),
('kado'),
('kadofor'),
('kadru'),
('kadung'),
('kadut'),
('kaedah'),
('kaf'),
('kafaah'),
('kafah'),
('kafan'),
('kafarat'),
('kafe'),
('kafeina'),
('kafetaria'),
('kafi'),
('kafil'),
('kafilah'),
('kafir'),
('kafiri'),
('kaftan'),
('kagak'),
('kaget'),
('kagok'),
('kagum'),
('kah'),
('kahaf'),
('kahak'),
('kahan'),
('kahar'),
('kahat'),
('kahin'),
('kahrab'),
('kahwa'),
('kahwaji'),
('kahyangan'),
('kaidah'),
('kaifiah'),
('kaifiat'),
('kail'),
('kailalo'),
('kaimat'),
('kain'),
('kaing'),
('kainit'),
('kainofobia'),
('kais'),
('kaisar'),
('kait'),
('kajai'),
('kajang'),
('kajangan'),
('kaji'),
('kak'),
('kakaban'),
('kakagau'),
('kakah'),
('kakak'),
('kakaktua'),
('kakanda'),
('kakang'),
('kakao'),
('kakap'),
('kakas'),
('kakawin'),
('Kakbah'),
('kakek'),
('kakerlak'),
('kaki'),
('kakodil'),
('kakofoni'),
('kakografi'),
('kakok'),
('kakologi'),
('kakostokrasi'),
('kaksa'),
('kaktus'),
('kaku'),
('kakuminal'),
('kakus'),
('kal'),
('kala'),
('kalah'),
('kalai'),
('kalajengking'),
('kalaka'),
('kalakanji'),
('kalakati'),
('kalakeran'),
('kalakian'),
('kalam'),
('kalamba'),
('kalamdan'),
('kalamin'),
('kalamisani'),
('kalamkari'),
('kalandar'),
('kalander'),
('kalap'),
('kalar'),
('kalas'),
('kalat'),
('kalau'),
('kalaupun'),
('kalawija'),
('kalaza'),
('kalbi'),
('kalbu'),
('kaldera'),
('kaldron'),
('kaldu'),
('kalebas'),
('kaleidoskop'),
('kaleidoskopis'),
('kalem'),
('kalempagi'),
('kalender'),
('kaleng'),
('kali'),
('kalian'),
('kaliber'),
('kalibit'),
('kalibrasi'),
('kalibut'),
('kalicau'),
('kalifornium'),
('kaligraf'),
('kaligrafi'),
('kaligrafis'),
('kalih'),
('kalikausar'),
('kaliki'),
('kalimah'),
('kalimantang'),
('kalimat'),
('kalimatullah'),
('kalimatusyahadat'),
('kalimayah'),
('kalimpanang'),
('kalingan'),
('kalio'),
('kaliper'),
('kalipso'),
('kaliptra'),
('kalis'),
('kalistenik'),
('kalium'),
('kalk'),
('kalkalah'),
('kalkarium'),
('kalkasar'),
('kalkopirit'),
('kalkosium'),
('kalkulasi'),
('kalkulator'),
('kalkulus'),
('kalkun'),
('kalo'),
('kalomel'),
('kalong'),
('kalongwewe'),
('kalor'),
('kalori'),
('kalorimeter'),
('kalorimetri'),
('kalorisitas'),
('kalowatan'),
('kalpataru'),
('kalsedon'),
('kalsiferol'),
('kalsifikasi'),
('kalsinasi'),
('kalsit'),
('kalsium'),
('kalui'),
('kalumet'),
('kalung'),
('kalus'),
('kalut'),
('kam'),
('kama'),
('Kamajaya'),
('kamal'),
('kamalir'),
('kamantuhu'),
('kamar'),
('kamarban'),
('kamariah'),
('kamas'),
('kamat'),
('kamba'),
('kamban'),
('kambang'),
('kambar'),
('kambeh'),
('kambeli'),
('kamber'),
('kambi'),
('kambinghitam'),
('kambium'),
('kambrik'),
('kambrium'),
('kambuh'),
('kambus'),
('kambut'),
('kamelia'),
('kamera'),
('kamerad'),
('kamerawan'),
('kamfana'),
('kamfer'),
('kamfor'),
('kamhar'),
('kami'),
('kamikaze'),
('kamil'),
('kamilmukamil'),
('kamis'),
('kamisa'),
('kamisol'),
('kamit'),
('kamitua'),
('kamka'),
('kamomil'),
('kamp'),
('kampa'),
('kampai'),
('kampanologi'),
('kampanye'),
('kampas'),
('kampemen'),
('kamper'),
('kampil'),
('kamping'),
('kampiun'),
('kampos'),
('kampret'),
('kampuh'),
('kampul'),
('kampung'),
('kampus'),
('kamrad'),
('kamsen'),
('kamsia'),
('kamu'),
('kamuflase'),
('kamus'),
('kan'),
('kana'),
('kanaah'),
('kanabis'),
('kanal'),
('kanalisasi'),
('kanan'),
('kanang'),
('kancah'),
('kancap'),
('kanceh'),
('kancera'),
('kancil'),
('kancing'),
('kancung'),
('kancut'),
('kanda'),
('kandang'),
('kandar'),
('kandas'),
('kandel'),
('kandela'),
('kandi'),
('kandidat'),
('kandidiasis'),
('kandil'),
('kandiputih'),
('kandis'),
('kandul'),
('kandung'),
('kandut'),
('kane'),
('kang'),
('kangar'),
('kangen'),
('kangka'),
('kangkang'),
('kangkung'),
('kangmas'),
('kangsa'),
('kangsar'),
('kangtau'),
('kanguru'),
('kanibal'),
('kanibalisasi'),
('kanibalisme'),
('kanigara'),
('kanilem'),
('kanina'),
('kanisah'),
('kanjal'),
('kanjang'),
('kanjar'),
('kanjeng'),
('kanji'),
('kanker'),
('kano'),
('kanoman'),
('kanon'),
('kanonir'),
('kanonis'),
('kanopi'),
('kans'),
('kansel'),
('kanselari'),
('kanselir'),
('Kanser'),
('kanstof'),
('kanta'),
('kantan'),
('kantang'),
('kantar'),
('kantata'),
('kanti'),
('kantih'),
('kantil'),
('kantilever'),
('kantin'),
('kanto'),
('kantong'),
('kantor'),
('kantuk'),
('kantung'),
('kanun'),
('kanvas'),
('kanya'),
('kanyon'),
('kaok'),
('kaolin'),
('kaon'),
('kaos'),
('kaotis'),
('kap'),
('kapa'),
('kapabel'),
('kapah'),
('kapai'),
('kapak'),
('kapal'),
('kapan'),
('kapang'),
('kapar'),
('kaparinyo'),
('kapas'),
('kapasitans'),
('kapasitas'),
('kapasitor'),
('kapat'),
('kapel'),
('Kapela'),
('kaper'),
('kapi'),
('kapilaritas'),
('kapiler'),
('kapiran'),
('kapis'),
('kapisa'),
('kapit'),
('kapita'),
('kapital'),
('kapitalis'),
('kapitalisme'),
('kapitalistis'),
('kapitan'),
('kapitaselekta'),
('kapitol'),
('kapitulasi'),
('kapitulum'),
('kaplares'),
('kaplars'),
('kaplok'),
('kapok'),
('kapon'),
('kaporit'),
('kappa'),
('kaprah'),
('kapri'),
('Kaprikornus'),
('kapsalon'),
('kapsel'),
('kapstan'),
('kapster'),
('kapstok'),
('kapsul'),
('kapten'),
('kapu'),
('kapuk'),
('kapung'),
('kapur'),
('kapurancang'),
('kapursirih'),
('kara'),
('karabin'),
('karaeng'),
('karakter'),
('karam'),
('karamba'),
('karambol'),
('karamel'),
('karang'),
('karangkitri'),
('karangwulu'),
('karantina'),
('karantinawan'),
('karaoke'),
('karap'),
('karapaks'),
('karapan'),
('karar'),
('karas'),
('karat'),
('karate'),
('karategi'),
('karateka'),
('karau'),
('karavan'),
('karawitan'),
('karbiah'),
('karbida'),
('karbohidrase'),
('karbohidrat'),
('karboksil'),
('karbol'),
('karbolat'),
('karbolik'),
('karbon'),
('karbonado'),
('karbonan'),
('karbonat'),
('karbonil'),
('karbonisasi'),
('karborundum'),
('karburasi'),
('karburator'),
('karcis'),
('kardamunggu'),
('kardia'),
('kardiak'),
('kardigan'),
('kardil'),
('kardinal'),
('kardiograf'),
('kardiografi'),
('kardiogram'),
('kardiolog'),
('kardiologi'),
('kardiovaskular'),
('karditis'),
('kardus'),
('karel'),
('karembong'),
('karena'),
('karengga'),
('karet'),
('kargo'),
('kari'),
('karib'),
('karibu'),
('karier'),
('karies'),
('karih'),
('karikatur'),
('karikatural'),
('karikaturis'),
('karil'),
('karim'),
('karimah'),
('karina'),
('karinasi'),
('karisma'),
('karismatik'),
('karitas'),
('karitatif'),
('karkas'),
('Karkata'),
('karkun'),
('karma'),
('karmina'),
('karminatif'),
('karnaval'),
('karnivor'),
('karosel'),
('karoseri'),
('karotena'),
('karotenoid'),
('karotis'),
('karpai'),
('karpel'),
('karper'),
('karpet'),
('karpopodil'),
('karsa'),
('karsinogen'),
('karsinogenik'),
('karsinologi'),
('karsinoma'),
('karst'),
('karteker'),
('kartel'),
('karti'),
('kartika'),
('kartilago'),
('kartografi'),
('kartogram'),
('karton'),
('kartonase'),
('kartotek'),
('kartu'),
('kartumerah'),
('kartun'),
('kartunis'),
('karu'),
('karuhun'),
('karun'),
('karung'),
('karunia'),
('karunkel'),
('karusi'),
('karut'),
('karya'),
('karyah'),
('karyasiswa'),
('karyawan'),
('karyawati'),
('karyawisata'),
('kas'),
('kasa'),
('kasab'),
('kasabandiah'),
('kasad'),
('kasah'),
('kasai'),
('kasam'),
('kasang'),
('kasar'),
('kasasi'),
('kasatmata'),
('kasau'),
('kasdu'),
('kasein'),
('kasemat'),
('kasep'),
('kaserin'),
('kaserol'),
('kaset'),
('kasi'),
('kasid'),
('kasidah'),
('kasih'),
('kasihan'),
('kasiku'),
('kasim'),
('kasino'),
('kasintu'),
('kasip'),
('kasir'),
('kasiterit'),
('kaskade'),
('kaskaya'),
('kasmaran'),
('kasmir'),
('kasmutik'),
('kaspe'),
('kasrah'),
('kasregister'),
('kassia'),
('kasta'),
('kastal'),
('kastanyet'),
('kastel'),
('kasti'),
('kastrasi'),
('kastroli'),
('kasturi'),
('kasual'),
('kasualisme'),
('kasualitas'),
('kasuari'),
('kasuarina'),
('kasui'),
('kasuis'),
('kasuistik'),
('kasur'),
('kasus'),
('kasut'),
('kaswah'),
('kata'),
('katabolisme'),
('katadrom'),
('katafalk'),
('katafora'),
('katah'),
('katai'),
('katak'),
('kataka'),
('katakana'),
('kataklisme'),
('katakomba'),
('katalase'),
('katalepsi'),
('katalina'),
('katalis'),
('katalisasi'),
('katalisator'),
('katalisis'),
('katalisit'),
('katalog'),
('katalogisasi'),
('katamaran'),
('katapel'),
('katar'),
('katarak'),
('katarsis'),
('katartik'),
('katastrofe'),
('katatonia'),
('katawi'),
('kate'),
('katebelece'),
('katedral'),
('kategori'),
('kategorial'),
('kategoris'),
('kategorisasi'),
('katek'),
('katekese'),
('katekis'),
('katekisasi'),
('katekismus'),
('katekumen'),
('katel'),
('katelum'),
('kater'),
('katering'),
('kates'),
('kateter'),
('katetometer'),
('kati'),
('katib'),
('katibin'),
('katifah'),
('katifan'),
('katik'),
('katil'),
('katimaha'),
('katimumul'),
('kation'),
('katir'),
('katiti'),
('katode'),
('katok'),
('Katolik'),
('katrol'),
('katuk'),
('katul'),
('katun'),
('katung'),
('katup'),
('katut'),
('katvanga'),
('katwal'),
('kau'),
('kaukab'),
('kaukasoid'),
('kaukus'),
('kaul'),
('kauli'),
('kaum'),
('kaupui'),
('kaus'),
('kausa'),
('kausal'),
('kausalitas'),
('kausatif'),
('kaustik'),
('kaustiksoda'),
('kaut'),
('kavaleri'),
('kaveling'),
('kaver'),
('kaviar'),
('kawah'),
('kawak'),
('kawal'),
('kawan'),
('kawang'),
('kawanua'),
('kawasan'),
('kawat'),
('kawi'),
('kawih'),
('kawijayan'),
('kawin'),
('kawista'),
('kawuk'),
('kawula'),
('kawung'),
('kaya'),
('kayai'),
('kayak'),
('kayan'),
('kayang'),
('kayangan'),
('kayau'),
('kayu'),
('kayuh'),
('kayun'),
('ke'),
('kebab'),
('kebabal'),
('kebah'),
('kebaji'),
('kebal'),
('kebam'),
('kebas'),
('kebat'),
('kebaya'),
('kebayan'),
('kebel'),
('kebelet'),
('kebembem'),
('kebin'),
('kebiri'),
('keblangsak'),
('keblinger'),
('kebuk'),
('kebul'),
('kebuli'),
('kebun'),
('kebur'),
('kebut'),
('kebyar'),
('kecai'),
('kecak'),
('kecakpinggang'),
('kecalingan'),
('kecam'),
('kecambah'),
('kecamuk'),
('kecandan'),
('kecap'),
('kecapi'),
('kecar'),
('kece'),
('kecebong'),
('kecek'),
('kecele'),
('keceng'),
('kecepek'),
('kecer'),
('kecewa'),
('keci'),
('keciak'),
('kecibak'),
('kecibeling'),
('kecik'),
('kecil'),
('kecilhati'),
('kecimik'),
('kecimpring'),
('kecimpung'),
('kecimus'),
('kecipak'),
('kecipir'),
('kecipuk'),
('kecit'),
('keciut'),
('kecoak'),
('kecoh'),
('kecombrang'),
('kecong'),
('kecrek'),
('kecu'),
('kecuali'),
('kecubung'),
('kecumik'),
('kecup'),
('kecut'),
('kedabu'),
('kedadak'),
('kedah'),
('kedai'),
('kedal'),
('kedaluwarsa'),
('kedam'),
('kedang'),
('kedangkai'),
('kedangkan'),
('kedangsa'),
('kedap'),
('kedasih'),
('kedau'),
('kedaung'),
('kedayan'),
('kedebong'),
('kedek'),
('kedekai'),
('kedeki'),
('kedekut'),
('kedelai'),
('kedele'),
('kedemplung'),
('kedempung'),
('kedengkang'),
('keder'),
('kedera'),
('kederang'),
('kedewaga'),
('kedi'),
('kedidi'),
('kedik'),
('kedikit'),
('kedip'),
('kedok'),
('kedondong'),
('kedongkok'),
('kedot'),
('keduduk'),
('keduk'),
('kedul'),
('kedumung'),
('kedung'),
('kedut'),
('keferdom'),
('kehel'),
('keibodan'),
('kejai'),
('kejam'),
('kejamas'),
('kejan'),
('kejang'),
('kejap'),
('kejar'),
('kejat'),
('kejawen'),
('kejen'),
('kejer'),
('keji'),
('kejip'),
('Kejora'),
('keju'),
('kejuju'),
('kejur'),
('kejut'),
('kek'),
('kekah'),
('kekal'),
('kekam'),
('kekandi'),
('kekang'),
('kekapas'),
('kekar'),
('kekara'),
('kekas'),
('kekat'),
('kekau'),
('kekawin'),
('kekeba'),
('kekebik'),
('kekeh'),
('kekek'),
('kekel'),
('kekemben'),
('kekep'),
('keker'),
('keki'),
('kekitir'),
('kekok'),
('kekol'),
('kelab'),
('kelabak'),
('kelabang'),
('kelabat'),
('kelabau'),
('kelabu'),
('keladak'),
('keladan'),
('keladau'),
('keladi'),
('kelah'),
('kelahi'),
('kelai'),
('kelak'),
('kelakah'),
('kelakanji'),
('kelakar'),
('kelalang'),
('kelam'),
('kelambai'),
('kelambir'),
('kelambit'),
('kelambu'),
('kelambur'),
('kelamin'),
('kelamkari'),
('kelana'),
('kelang'),
('kelangkan'),
('kelangkang'),
('kelanjar'),
('kelantang'),
('kelapa'),
('kelar'),
('kelara'),
('kelarah'),
('kelarai'),
('kelaras'),
('kelari'),
('kelas'),
('kelasa'),
('kelasah'),
('kelasak'),
('kelasi'),
('kelat'),
('kelati'),
('kelawan'),
('kelayan'),
('kelayang'),
('kelayu'),
('kelder'),
('kelebat'),
('kelebek'),
('kelebet'),
('kelebu'),
('kelebuk'),
('kelebut'),
('keledai'),
('keledang'),
('keledar'),
('keledek'),
('kelejat'),
('kelek'),
('kelekap'),
('kelekatu'),
('kelelap'),
('kelelawar'),
('kelelesa'),
('kelelot'),
('kelemayar'),
('kelemayuh'),
('kelembahang'),
('kelembak'),
('kelemban'),
('kelembuai'),
('kelempai'),
('kelemping'),
('kelemur'),
('kelendara'),
('keleneng'),
('kelengar'),
('kelenggara'),
('kelengkeng'),
('kelengkiak'),
('kelening'),
('kelenjar'),
('kelentang'),
('kelenteng'),
('kelentik'),
('kelenting'),
('kelentit'),
('kelentong'),
('kelentung'),
('kelenung'),
('kelenyit'),
('kelep'),
('kelepai'),
('kelepak'),
('kelepat'),
('kelepek'),
('kelepet'),
('kelepik'),
('kelepir'),
('kelepit'),
('kelepuk'),
('kelepur'),
('keler'),
('kelereng'),
('kelesa'),
('kelesah'),
('kelesehpeseh'),
('kelesek'),
('kelesot'),
('keletah'),
('keletak'),
('keletang'),
('keletik'),
('keletuk'),
('keletung'),
('kelewang'),
('keli'),
('kelian'),
('keliar'),
('kelibang'),
('kelibat'),
('kelicap'),
('kelici'),
('kelih'),
('kelijak'),
('kelik'),
('kelika'),
('kelikat'),
('keliki'),
('kelikih'),
('kelikik'),
('kelikir'),
('keliling'),
('kelilip'),
('kelim'),
('kelimpanan'),
('kelimpungan'),
('kelimun'),
('kelimut'),
('kelinci'),
('kelincir'),
('kelindan'),
('kelingking'),
('kelingsir'),
('kelining'),
('kelinjat'),
('kelintang'),
('kelintar'),
('kelinting'),
('kelip'),
('kelipat'),
('kelir'),
('keliru'),
('kelis'),
('kelisera'),
('kelit'),
('keliti'),
('kelitik'),
('keliwon'),
('kelobot'),
('kelobotisme'),
('kelocak'),
('keloceh'),
('kelodan'),
('keloelektrovolt'),
('keloid'),
('kelojot'),
('kelok'),
('kelokak'),
('kelola'),
('kelolong'),
('kelom'),
('kelombeng'),
('kelompang'),
('kelompen'),
('kelompok'),
('kelon'),
('keloneng'),
('kelonet'),
('kelong'),
('kelongkong'),
('kelongsong'),
('kelontang'),
('kelontong'),
('kelonyo'),
('kelop'),
('kelopak'),
('kelor'),
('kelorak'),
('kelos'),
('kelosok'),
('kelotok'),
('keloyak'),
('keloyang'),
('keloyor'),
('kelp'),
('kelu'),
('kelua'),
('keluai'),
('keluak'),
('keluan'),
('keluang'),
('keluangsa'),
('keluar'),
('keluarga'),
('kelubak'),
('kelubi'),
('keluburan'),
('keluh'),
('kelui'),
('keluih'),
('keluk'),
('kelukup'),
('kelukur'),
('keluli'),
('kelulu'),
('kelulus'),
('kelulut'),
('kelumit'),
('kelumpang'),
('kelumun'),
('kelun'),
('keluna'),
('kelunak'),
('kelung'),
('kelupas'),
('kelupur'),
('keluron'),
('kelurut'),
('kelus'),
('kelut'),
('kelutum'),
('keluwung'),
('keluyuk'),
('keluyur'),
('kemah'),
('kemal'),
('kemala'),
('kemam'),
('kemamang'),
('kemang'),
('kemangi'),
('kemarau'),
('kemari'),
('kemarin'),
('kemaruk'),
('kemas'),
('kemat'),
('kematu'),
('kematus'),
('kemayu'),
('kembal'),
('kembali'),
('kemban'),
('kembang'),
('kembangbiak'),
('kembar'),
('kembatu'),
('kembayat'),
('kembeng'),
('kembera'),
('kembili'),
('kemboja'),
('kembol'),
('kembu'),
('kembuk'),
('kembung'),
('kembur'),
('kembut'),
('kemeja'),
('kemejan'),
('kemekmek'),
('kemelut'),
('kemenakan'),
('kemendalam'),
('kemendang'),
('kemendur'),
('kementam'),
('kemenyan'),
('kemerakan'),
('kemesu'),
('kemi'),
('kemih'),
('kemik'),
('kemilap'),
('kemiluminesens'),
('kemiri'),
('kemit'),
('kemlaka'),
('kemlandingan'),
('kemoceng'),
('kemokinesis'),
('kemon'),
('kemopsikiatri'),
('kemoterapi'),
('kempa'),
('kempal'),
('kempang'),
('kempas'),
('kempek'),
('kempes'),
('kempetai'),
('kempis'),
('kempit'),
('kemplang'),
('kempot'),
('kempu'),
('kempuh'),
('kempul'),
('kempunan'),
('kempung'),
('kemput'),
('kempyang'),
('kemu'),
('kemudi'),
('kemudian'),
('kemukus'),
('kemul'),
('kemumu'),
('kemuncup'),
('kemung'),
('kemungkus'),
('kemuning'),
('kemunting'),
('kemurgi'),
('kemut'),
('kemutul'),
('ken'),
('kena'),
('kenaf'),
('kenal'),
('kenan'),
('kenang'),
('kenanga'),
('kenap'),
('kenapa'),
('kenapang'),
('kenari'),
('kenas'),
('kencan'),
('kencana'),
('kencang'),
('kencar'),
('kenceng'),
('kencing'),
('kencit'),
('kencong'),
('kencreng'),
('kencung'),
('kencur'),
('kendaga'),
('kendal'),
('kendala'),
('kendali'),
('kendana'),
('kendang'),
('kendara'),
('kendati'),
('kendayakan'),
('kendeka'),
('kenderi'),
('kendi'),
('kendil'),
('kendit'),
('kendo'),
('kendong'),
('kenduduk'),
('kendung'),
('kendur'),
('kenduri'),
('kenek'),
('keneker'),
('kenem'),
('kenematik'),
('kenes'),
('keng'),
('kengkang'),
('kengkeng'),
('kenidai'),
('kenikir'),
('kening'),
('kenohong'),
('kenong'),
('kenop'),
('kensel'),
('kental'),
('kentang'),
('kentar'),
('kentara'),
('kenteng'),
('kentrung'),
('kentung'),
('kentut'),
('kenur'),
('kenya'),
('kenyal'),
('kenyam'),
('kenyang'),
('kenyat'),
('kenyi'),
('kenyih'),
('kenyir'),
('kenyit'),
('kenyut'),
('keok'),
('keong'),
('kep'),
('kepada'),
('kepah'),
('kepai'),
('kepak'),
('kepal'),
('kepala'),
('kepalang'),
('kepam'),
('kepang'),
('kepar'),
('keparat'),
('kepayang'),
('kepecong'),
('kepek'),
('kepel'),
('kepencong'),
('kepeng'),
('keper'),
('keperancak'),
('kepet'),
('kepetang'),
('kepialu'),
('kepiat'),
('kepik'),
('kepil'),
('kepincut'),
('kepinding'),
('keping'),
('kepingin'),
('kepinis'),
('kepinjal'),
('kepiri'),
('kepis'),
('kepit'),
('kepiting'),
('keplak'),
('kepleset'),
('keplok'),
('kepodang'),
('kepoh'),
('kepol'),
('keponakan'),
('kepot'),
('keprak'),
('keprek'),
('kepret'),
('kepris'),
('kepruk'),
('kepuh'),
('kepuk'),
('kepul'),
('kepulaga'),
('kepundan'),
('kepundung'),
('kepung'),
('kepurun'),
('keputren'),
('kepuyuk'),
('kera'),
('kerabang'),
('kerabat'),
('kerabik'),
('kerabu'),
('keracak'),
('keracap'),
('keraeng'),
('kerah'),
('kerahi'),
('kerai'),
('kerajang'),
('kerajat'),
('kerak'),
('kerakah'),
('kerakal'),
('kerakap'),
('kerakeling'),
('keram'),
('kerama'),
('keraman'),
('keramas'),
('keramat'),
('keramba'),
('kerambil'),
('kerambit'),
('keramboja'),
('keramik'),
('keramikus'),
('kerampagi'),
('kerampang'),
('keramunting'),
('keran'),
('kerancang'),
('keranda'),
('kerang'),
('kerangas'),
('kerangkai'),
('kerangkeng'),
('kerani'),
('keranjang'),
('keranjat'),
('keranji'),
('keranta'),
('kerantong'),
('kerap'),
('kerapu'),
('keras'),
('kerasan'),
('kerat'),
('keratabasa'),
('keratin'),
('keratitis'),
('keratoelastin'),
('keraton'),
('kerau'),
('kerawai'),
('kerawak'),
('kerawang'),
('kerawat'),
('kerawit'),
('kerbang'),
('kerbat'),
('kerbau'),
('kerbuk'),
('kercing'),
('kercit'),
('kercut'),
('kerdak'),
('kerdam'),
('kerdil'),
('kerdom'),
('kere'),
('kerebok'),
('kereceng'),
('kerecik'),
('keredak'),
('keredep'),
('keredok'),
('keredong'),
('kerek'),
('kereket'),
('kerekot'),
('kerekut'),
('keremi'),
('keremot'),
('kerempeng'),
('kerempung'),
('keremus'),
('keren'),
('kerencang'),
('kerencung'),
('kerendang'),
('kereneng'),
('kereng'),
('kerengga'),
('kerengkam'),
('kerentam'),
('kerentang'),
('kerenting'),
('kerenyam'),
('kerenyot'),
('kerepek'),
('kerepes'),
('kerepot'),
('kerepyak'),
('keresek'),
('kereseng'),
('keresepese'),
('keresot'),
('kereta'),
('keretaapi'),
('keretan'),
('keretek'),
('keretot'),
('keretut'),
('kereweng'),
('keri'),
('keriap'),
('kerias'),
('keriau'),
('kerical'),
('kericau'),
('keridas'),
('keridik'),
('kerih'),
('kerikal'),
('kerikam'),
('kerikil'),
('kerikit'),
('kerimut'),
('kerinan'),
('kerincing'),
('kerinding'),
('kering'),
('keringat'),
('keriningan'),
('kerinjal'),
('kerinjang'),
('kerinjing'),
('kerintil'),
('kerinting'),
('kerip'),
('keripik'),
('keriput'),
('keris'),
('kerisi'),
('kerisik'),
('kerising'),
('kerisut'),
('kerit'),
('keritik'),
('keriting'),
('keriuk'),
('keriut'),
('kerja'),
('kerjang'),
('kerjantara'),
('kerjap'),
('kerkah'),
('kerkak'),
('kerkap'),
('kerkau'),
('kerkop'),
('kerkup'),
('kerlap'),
('kerling'),
('kerlip'),
('kermak'),
('kermanici'),
('kermi'),
('kernai'),
('kerneli'),
('kernet'),
('kernu'),
('kernyau'),
('kernyih'),
('kernying'),
('kernyit'),
('kernyut'),
('kero'),
('kerobak'),
('kerobat'),
('kerobek'),
('keroco'),
('kerocok'),
('kerogen'),
('keroh'),
('kerok'),
('kerokot'),
('keromong'),
('keron'),
('keroncang'),
('keroncong'),
('keroncor'),
('kerong'),
('kerongkerang'),
('kerongsang'),
('kerontang'),
('kerop'),
('keropak'),
('keropeng'),
('keropok'),
('keropos'),
('kerosak'),
('kerosek'),
('kerosi'),
('kerosin'),
('kerosok'),
('kerosong'),
('kerot'),
('kerotak'),
('kerotot'),
('keroyok'),
('kerpai'),
('kerpak'),
('kerpas'),
('kerpubesi'),
('kerpuk'),
('kerpus'),
('kers'),
('kersai'),
('kersak'),
('kersang'),
('kersani'),
('kersen'),
('kersik'),
('kersuk'),
('kertaaji'),
('kertah'),
('kertak'),
('kertang'),
('kertap'),
('kertas'),
('kertau'),
('kertuk'),
('kertus'),
('keruan'),
('kerubin'),
('kerubung'),
('kerubut'),
('kerucil'),
('kerucut'),
('kerudung'),
('keruh'),
('keruhbumi'),
('keruit'),
('keruk'),
('kerukut'),
('kerul'),
('keruma'),
('kerumit'),
('kerumuk'),
('kerumun'),
('kerumus'),
('kerun'),
('kerung'),
('kerunkel'),
('kerunting'),
('keruntung'),
('kerunyut'),
('kerup'),
('kerupuk'),
('kerut'),
('kerutak'),
('kerutup'),
('keruyuk'),
('kes'),
('kesah'),
('kesak'),
('kesal'),
('kesam'),
('kesambet'),
('kesambi'),
('kesan'),
('kesang'),
('kesat'),
('kesatria'),
('kesek'),
('kesel'),
('keseleo'),
('kesemek'),
('keseran'),
('keseser'),
('keset'),
('kesi'),
('kesiap'),
('kesik'),
('kesima'),
('kesimbukan'),
('kesip'),
('kesiur'),
('keskul'),
('kesomplok'),
('kesongo'),
('kesot'),
('kesrakat'),
('kesting'),
('kesturi'),
('kesuma'),
('kesumat'),
('kesumba'),
('kesup'),
('kesusu'),
('kesut'),
('keta'),
('ketaban'),
('ketai'),
('ketak'),
('ketakong'),
('ketal'),
('ketam'),
('ketambak'),
('ketampi'),
('ketan'),
('ketang'),
('ketap'),
('ketapak'),
('ketapang'),
('ketapek'),
('ketar'),
('ketarap'),
('ketat'),
('ketaton'),
('ketaya'),
('ketayap'),
('ketegar'),
('ketek'),
('ketel'),
('ketela'),
('ketemu'),
('ketena'),
('keteng'),
('ketepel'),
('ketepeng'),
('keter'),
('ketes'),
('keteter'),
('ketgat'),
('keti'),
('ketiak'),
('ketial'),
('ketiap'),
('ketiau'),
('ketiban'),
('ketiding'),
('ketik'),
('ketika'),
('ketil'),
('ketilang'),
('ketimbis'),
('ketimbul'),
('keting'),
('ketinjau'),
('ketinting'),
('ketip'),
('ketiplak'),
('ketipung'),
('ketirah'),
('ketis'),
('ketitir'),
('ketogenesis'),
('ketok'),
('ketola'),
('ketombe'),
('ketonemia'),
('ketonggeng'),
('ketonuria'),
('ketopong'),
('ketoprak'),
('ketosa'),
('ketrek'),
('ketu'),
('ketua'),
('ketuat'),
('ketuban'),
('ketuir'),
('ketuk'),
('ketul'),
('ketumbar'),
('ketumbi'),
('ketumbit'),
('ketumbu'),
('ketumpang'),
('ketun'),
('ketungging'),
('ketup'),
('ketupa'),
('ketupat'),
('ketupuk'),
('ketur'),
('ketus'),
('keweni'),
('kewer'),
('kewes'),
('kewuh'),
('kha'),
('khabis'),
('khadam'),
('khadim'),
('khafi'),
('khair'),
('khairat'),
('khalas'),
('khalayak'),
('khali'),
('khalifah'),
('khalifatullah'),
('khalik'),
('khalikah'),
('khalikulalam'),
('khalikulbahri'),
('khalil'),
('khalilullah'),
('khalis'),
('khalwat'),
('khamar'),
('khamir'),
('khamsin'),
('khamzab'),
('khanjar'),
('kharab'),
('khas'),
('khasi'),
('khasiat'),
('khat'),
('khatam'),
('khatib'),
('khatifah'),
('khatimah'),
('khatulistiwa'),
('khauf'),
('khawas'),
('khawasulkhawas'),
('khawatir'),
('khayal'),
('khayali'),
('khazanah'),
('khi'),
('khianat'),
('khiar'),
('khidaah'),
('khidmah'),
('khidmat'),
('khilaf'),
('khilafiah'),
('khinzir'),
('khisit'),
('khitah'),
('khitan'),
('khitbah'),
('khizanatulkitab'),
('khoja'),
('khojah'),
('khotbah'),
('khuduk'),
('khulafa'),
('khuldi'),
('khuluk'),
('khunsa'),
('khurafat'),
('khusuf'),
('khusus'),
('khusyuk'),
('kia'),
('kiah'),
('kiai'),
('kiak'),
('kial'),
('kiam'),
('kiamat'),
('kiambang'),
('kian'),
('kiani'),
('kiap'),
('kiar'),
('kiara'),
('kias'),
('kiasi'),
('kiasmus'),
('kiat'),
('kiaupau'),
('kibar'),
('kibas'),
('kibernetika'),
('kibir'),
('kiblat'),
('kiblik'),
('kibriah'),
('kibul'),
('kicau'),
('kici'),
('kicik'),
('kicu'),
('kicuh'),
('kicut'),
('kidal'),
('kidam'),
('kidang'),
('kidar'),
('kidul'),
('kidung'),
('kifayah'),
('kifoskaliosis'),
('kihanat'),
('kijai'),
('kijang'),
('kijil'),
('kijing'),
('kik'),
('kikih'),
('kikik'),
('kikil'),
('kikir'),
('kikis'),
('kikitir'),
('kikuk'),
('kikus'),
('kila'),
('kilah'),
('kilai'),
('kilan'),
('kilang'),
('kilap'),
('kilar'),
('kilas'),
('kilat'),
('kilau'),
('kili'),
('kilik'),
('kilir'),
('kiln'),
('kilo'),
('kilogram'),
('kilohertz'),
('kilokalori'),
('kiloliter'),
('kilometer'),
('kiloton'),
('kilovolt'),
('kilowatt'),
('kilowattjam'),
('kilus'),
('kim'),
('kima'),
('kimah'),
('kimantu'),
('kimbah'),
('kimbang'),
('kimbul'),
('kimia'),
('kimiawi'),
('kimkha'),
('kimlo'),
('kimo'),
('kimograf'),
('kimono'),
('kimpal'),
('kimpul'),
('kimpus'),
('kimput'),
('kimus'),
('kina'),
('kinang'),
('kinantan'),
('kinanti'),
('kinasa'),
('kinasih'),
('kinca'),
('kincah'),
('kincak'),
('kincang'),
('kincau'),
('kincir'),
('kincit'),
('kincung'),
('kincup'),
('kindap'),
('kinematika'),
('kinematograf'),
('kinerja'),
('kinesika'),
('kinesimeter'),
('kineskop'),
('kinestesia'),
('kinestesiometer'),
('kinestesis'),
('kinetik'),
('kinetika'),
('kinetokardiografi'),
('kingking'),
('kingkong'),
('kini'),
('kinine'),
('kinja'),
('kinjat'),
('kinred'),
('kintaka'),
('kintal'),
('kinte'),
('kintil'),
('kinyang'),
('kio'),
('kios'),
('kipa'),
('kipai'),
('kipang'),
('kipas'),
('kiper'),
('kiprah'),
('kiprat'),
('kipsiau'),
('kipu'),
('kir'),
('kira'),
('kirab'),
('kirai'),
('kiramat'),
('kiran'),
('kirana'),
('kirap'),
('kiras'),
('kirau'),
('kirbat'),
('kiri'),
('kirik'),
('kirim'),
('kirinyu'),
('kirip'),
('kiris'),
('kiritamakuta'),
('kirmizi'),
('kiru'),
('kiruh'),
('kirung'),
('kisa'),
('kisah'),
('kisai'),
('kisar'),
('kisas'),
('kisat'),
('kisi'),
('kisik'),
('kismat'),
('kismis'),
('kisruh'),
('kista'),
('kisut'),
('kiswah'),
('kit'),
('kita'),
('kitab'),
('kitabulah'),
('kitang'),
('kitar'),
('kitik'),
('kitin'),
('kiting'),
('kitir'),
('kitorang'),
('kitri'),
('kits'),
('kiu'),
('kiuk'),
('kiwari'),
('kiwi'),
('kizib'),
('klaim'),
('klakklik'),
('klakson'),
('klamidospora'),
('klan'),
('klandestin'),
('klangenan'),
('klante'),
('klarifikasi'),
('klarinet'),
('klasemen'),
('klasifikasi'),
('klasik'),
('klasikal'),
('klasis'),
('klasisisme'),
('klausa'),
('klaustrofobia'),
('klaustrum'),
('klausul'),
('klaver'),
('klavikor'),
('klavikula'),
('klaviola'),
('kleder'),
('kleidotomi'),
('kleistogami'),
('klem'),
('klemensi'),
('klen'),
('klenengan'),
('klengkeng'),
('klenik'),
('klenteng'),
('klep'),
('klepon'),
('klepsidra'),
('kleptofobi'),
('kleptoman'),
('kleptomania'),
('kleptomaniak'),
('klerek'),
('klerikal'),
('klerikus'),
('klerus'),
('klien'),
('klik'),
('kliker'),
('klimaks'),
('klimakterium'),
('klimatografi'),
('klimatolog'),
('klimatologi'),
('klimis'),
('klimograf'),
('klimosekuen'),
('klimoskop'),
('klin'),
('klinik'),
('klinis'),
('klinisi'),
('klinometer'),
('klip'),
('klir'),
('kliring'),
('klise'),
('klistron'),
('klitelum'),
('klitik'),
('klitoris'),
('Kliwon'),
('kliyengan'),
('kloaka'),
('klona'),
('kloning'),
('klonograf'),
('klonus'),
('klop'),
('kloral'),
('kloramina'),
('klorat'),
('klorida'),
('kloridimeter'),
('klorin'),
('klorinasi'),
('klorit'),
('klorobenzena'),
('klorofil'),
('kloroform'),
('kloroformat'),
('klorokuin'),
('klorolignin'),
('kloroplas'),
('kloroprena'),
('klorosis'),
('kloset'),
('klub'),
('klusium'),
('knalpot'),
('knop'),
('knot'),
('koa'),
('koagel'),
('koagregasi'),
('koagulan'),
('koagulasi'),
('koak'),
('koaksi'),
('koaksial'),
('koala'),
('koalisi'),
('koana'),
('koar'),
('kobah'),
('kobak'),
('kobalamin'),
('kobalt'),
('kobar'),
('kober'),
('koboi'),
('koboisme'),
('kobok'),
('kobol'),
('kobra'),
('kocak'),
('kocek'),
('koci'),
('kocilembik'),
('kocoh'),
('kocok'),
('kocolan'),
('kocong'),
('kocor'),
('koda'),
('kodak'),
('kode'),
('kodein'),
('kodeks'),
('kodi'),
('kodifikasi'),
('kodok'),
('kodominan'),
('kodrat'),
('kodrati'),
('koe'),
('koedukasi'),
('koefisien'),
('koeksistensi'),
('koenzim'),
('koersi'),
('koersif'),
('kofaktor'),
('kofein'),
('kofermen'),
('kognat'),
('kognatif'),
('kognisi'),
('kognitif'),
('koh'),
('kohabitasi'),
('koheren'),
('koherensi'),
('kohesi'),
('kohesif'),
('kohir'),
('kohlea'),
('kohol'),
('kohong'),
('kohor'),
('koil'),
('koin'),
('koinsiden'),
('koinsidensi'),
('koipuk'),
('koit'),
('koitus'),
('koja'),
('kojang'),
('kojoh'),
('kojol'),
('kojor'),
('kok'),
('koka'),
('kokah'),
('kokaina'),
('kokainisasi'),
('kokainisme'),
('kokang'),
('kokarde'),
('kokas'),
('koki'),
('kokila'),
('koklea'),
('kokoa'),
('kokok'),
('kokokbeluk'),
('kokol'),
('kokon'),
('kokosan'),
('kokot'),
('kokpit'),
('koksa'),
('koktail'),
('kokurikuler'),
('kokus'),
('kol'),
('kola'),
('kolaborasi'),
('kolaborator'),
('kolagen'),
('kolak'),
('kolam'),
('kolaps'),
('kolaret'),
('kolase'),
('kolateral'),
('kolator'),
('kolega'),
('kolegial'),
('kolegialitas'),
('kolek'),
('koleksi'),
('kolekte'),
('kolektif'),
('kolektivis'),
('kolektivisasi'),
('kolektivisme'),
('kolektivitas'),
('kolektor'),
('kolembeng'),
('kolemia'),
('koleng'),
('koleoptil'),
('kolera'),
('kolese'),
('kolesom'),
('kolesterin'),
('kolesterol'),
('koli'),
('kolibri'),
('koligasi'),
('kolik'),
('kolimasi'),
('kolina'),
('kolintang'),
('koliseng'),
('kolitis'),
('kolkhoz'),
('kolodion'),
('kolofon'),
('kologen'),
('koloid'),
('koloidal'),
('kolokasi'),
('kolokium'),
('kolom'),
('kolomben'),
('kolon'),
('kolone'),
('kolonel'),
('kolong'),
('koloni'),
('kolonial'),
('kolonialis'),
('kolonialisme'),
('kolonis'),
('kolonisasi'),
('kolonoskop'),
('kolonye'),
('kolor'),
('kolorimeter'),
('kolorimetri'),
('kolosal'),
('kolosom'),
('kolostomi'),
('kolostrum'),
('kolot'),
('kolportir'),
('kolt'),
('kolum'),
('kolumela'),
('kolumnis'),
('kolumnus'),
('kolusi'),
('koluvium'),
('kom'),
('koma'),
('komaliwan'),
('koman'),
('komandan'),
('komandemen'),
('komanditer'),
('komando'),
('komaran'),
('kombat'),
('kombinasi'),
('kombo'),
('kombor'),
('kombusio'),
('komedi'),
('komedian'),
('komendur'),
('komeng'),
('komensal'),
('komensalisme'),
('komentar'),
('komentator'),
('komersial'),
('komersialisasi'),
('komet'),
('komfortabel'),
('komidi'),
('komik'),
('komikal'),
('komikus'),
('kominusi'),
('komis'),
('komisar'),
('komisariat'),
('komisaris'),
('komisi'),
('komisioner'),
('komisura'),
('komit'),
('komite'),
('komitmen'),
('komoditas'),
('komodo'),
('komodor'),
('kompak'),
('kompanyon'),
('komparasi'),
('komparatif'),
('komparator'),
('kompartemen'),
('kompas'),
('kompatibel'),
('kompatibilitas'),
('kompatriot'),
('kompendium'),
('kompeni'),
('kompensasi'),
('kompes'),
('kompeten'),
('kompetensi'),
('kompetisi'),
('kompetitif'),
('kompetitor'),
('kompi'),
('kompilasi'),
('kompilator'),
('komplain'),
('kompleks'),
('kompleksitas'),
('komplemen'),
('komplementer'),
('komplet'),
('komplikasi'),
('komplikatif'),
('komplimen'),
('komplot'),
('kompon'),
('komponen'),
('kompong'),
('komponis'),
('kompor'),
('kompos'),
('komposer'),
('komposisi'),
('komposit'),
('kompositum'),
('komprador'),
('komprang'),
('komprehensif'),
('kompres'),
('kompresi'),
('kompresor'),
('kompromi'),
('kompromistis'),
('kompulsi'),
('kompulsif'),
('komputer'),
('komputerisasi'),
('komtabilitas'),
('komunal'),
('komunalisme'),
('komunalistik'),
('komune'),
('komuni'),
('komunikabilitas'),
('komunikan'),
('komunikasi'),
('komunikatif'),
('komunikator'),
('komunike'),
('komunis'),
('komunisme'),
('komunistis'),
('komunistofobia'),
('komunitas'),
('komutator'),
('komuter'),
('konan'),
('konco'),
('koncoisme'),
('kondang'),
('kondangan'),
('konde'),
('kondektur'),
('kondensasi'),
('kondensat'),
('kondensator'),
('kondensor'),
('kondilus'),
('kondisi'),
('kondom'),
('kondominium'),
('kondomisasi'),
('kondor'),
('kondrin'),
('kondroblas'),
('konduite'),
('konduksi'),
('konduktans'),
('konduktimeter'),
('konduktivitas'),
('konduktor'),
('kondusif'),
('koneksi'),
('koneksitas'),
('konektor'),
('konfederasi'),
('konfeksi'),
('konferensi'),
('konfesi'),
('konfigurasi'),
('konfiks'),
('konfirmasi'),
('konflik'),
('konform'),
('konformitas'),
('konfrontasi'),
('konfrontatif'),
('kongenital'),
('kongesti'),
('kongkalikong'),
('kongko'),
('kongkoan'),
('kongkong'),
('kongkret'),
('konglomerasi'),
('konglomerat'),
('kongregasi'),
('kongres'),
('kongresis'),
('kongsi'),
('konifera'),
('konis'),
('konjugan'),
('konjugasi'),
('konjungsi'),
('konjungter'),
('konjungtif'),
('konjungtiva'),
('konjungtivitis'),
('konjungtor'),
('konjungtur'),
('konkaf'),
('konklaf'),
('konklusi'),
('konklusif'),
('konkologi'),
('konkomitan'),
('konkordansi'),
('konkordat'),
('konkresi'),
('konkret'),
('konkretisasi'),
('konkuisnador'),
('konkuren'),
('konkurensi'),
('konkurs'),
('konoid'),
('konon'),
('konosemen'),
('konotasi'),
('konotatif'),
('konperensi'),
('konsekrasi'),
('konsekuen'),
('konsekuensi'),
('konsekutif'),
('konseli'),
('konseling'),
('konselor'),
('konsensus'),
('konsentrasi'),
('konsentrat'),
('konsentrik'),
('konsentris'),
('konsep'),
('konsepsi'),
('konsepsional'),
('konseptor'),
('konseptual'),
('konseptualisasi'),
('konser'),
('konsertina'),
('konserto'),
('konservasi'),
('konservasionis'),
('konservatif'),
('konservatisme'),
('konservator'),
('konservatori'),
('konservatorium'),
('konsesi'),
('konsesif'),
('konsesional'),
('konsiderans'),
('konsiderasi'),
('konsili'),
('konsiliasi'),
('konsinyasi'),
('konsisten'),
('konsistensi'),
('konsistori'),
('konsol'),
('konsolasi'),
('konsolidasi'),
('konsonan'),
('konsonansi'),
('konsonantal'),
('konsorsium'),
('konspirasi'),
('konspiratif'),
('konspirator'),
('konstabel'),
('konstan'),
('konstanta'),
('konstantagravitasi'),
('konstatasi'),
('konstatatif'),
('konstatir'),
('konstelasi'),
('konstipasi'),
('konstituante'),
('konstituen'),
('konstitusi'),
('konstitusional'),
('konstitusionalisme'),
('konstriksi'),
('konstriktor'),
('konstruksi'),
('konstruktif'),
('konstruktivisme'),
('konsul'),
('konsulat'),
('konsulen'),
('konsuler'),
('konsultan'),
('konsultasi'),
('konsumen'),
('konsumer'),
('konsumerisme'),
('konsumsi'),
('konsumtif'),
('kontak'),
('kontaminasi'),
('kontan'),
('konte'),
('konteks'),
('kontekstual'),
('kontekstualisme'),
('kontemplasi'),
('kontemplatif'),
('kontemporer'),
('konten'),
('konter'),
('kontes'),
('kontestan'),
('kontet'),
('kontiguitas'),
('kontinen'),
('kontinental'),
('kontingen'),
('kontinu'),
('kontinuitas'),
('kontinum'),
('kontoid'),
('kontol'),
('kontra'),
('kontrabande'),
('kontrabas'),
('kontradiksi'),
('kontradiktif'),
('kontraindikasi'),
('kontrak'),
('kontraksi'),
('kontraktor'),
('kontraktual'),
('kontraproduktif'),
('kontras'),
('kontrasepsi'),
('kontraseptif'),
('kontravensi'),
('kontribusi'),
('kontributor'),
('kontrol'),
('kontrolir'),
('kontroversi'),
('kontroversial'),
('kontur'),
('konus'),
('konveks'),
('konveksi'),
('konvektif'),
('konvensi'),
('konvensional'),
('konvergen'),
('konvergensi'),
('konversasi'),
('konversi'),
('konveyor'),
('konvoi'),
('konvolusi'),
('konvulsan'),
('konvulsi'),
('konyak'),
('konyal'),
('konyan'),
('konyol'),
('kooperasi'),
('kooperatif'),
('kooperativisme'),
('kooperator'),
('kooptasi'),
('koordinasi'),
('koordinat'),
('koordinatif'),
('koordinator'),
('kop'),
('kopah'),
('kopaiba'),
('kopak'),
('kopal'),
('kopbal'),
('kopek'),
('kopel'),
('kopelrim'),
('koper'),
('koperasi'),
('kopet'),
('kopi'),
('kopiah'),
('kopilot'),
('kopling'),
('koplo'),
('kopok'),
('kopolimer'),
('kopong'),
('kopra'),
('koprafagia'),
('koprak'),
('kopral'),
('koprok'),
('koprol'),
('koprolit'),
('kopula'),
('kopulasi'),
('kopulatif'),
('kopyok'),
('kopyor'),
('kor'),
('koral'),
('koralit'),
('koran'),
('korano'),
('korban'),
('korden'),
('kordial'),
('kordit'),
('kordon'),
('korduroi'),
('kored'),
('koreferensialitas'),
('korek'),
('koreke'),
('koreksi'),
('korektif'),
('korektor'),
('korelasi'),
('korelatif'),
('korenah'),
('koreng'),
('koreograf'),
('koreografer'),
('koreografi'),
('koreografis'),
('kores'),
('koresponden'),
('korespondensi'),
('koret'),
('koridor'),
('korion'),
('kornea'),
('kornel'),
('korner'),
('kornet'),
('koroh'),
('koroid'),
('korok'),
('korologi'),
('korona'),
('koronal'),
('koroner'),
('korong'),
('korosi'),
('korosif'),
('korporasi'),
('korporat'),
('korporatif'),
('korporatisme'),
('korps'),
('korpulensi'),
('korpus'),
('korsase'),
('korsel'),
('korselet'),
('korset'),
('korsleting'),
('korteks'),
('kortikulus'),
('korting'),
('kortison'),
('korugator'),
('korundum'),
('korup'),
('korupsi'),
('koruptif'),
('koruptor'),
('korve'),
('korvet'),
('kosakata'),
('kosar'),
('kosbas'),
('kosek'),
('kosekan'),
('kosel'),
('kosen'),
('koset'),
('kosinus'),
('kosmetik'),
('kosmetolog'),
('kosmetologi'),
('kosmetologis'),
('kosmis'),
('kosmogoni'),
('kosmografi'),
('kosmologi'),
('kosmologis'),
('kosmonaut'),
('kosmopolit'),
('kosmopolitan'),
('kosmopolitanisme'),
('kosmos'),
('kosmotron'),
('kosokbali'),
('kosong'),
('kostum'),
('kota'),
('kotah'),
('kotai'),
('kotak'),
('kotakkatik'),
('kotaklema'),
('kotamara'),
('kotek'),
('koteka'),
('koteks'),
('koteng'),
('koterek'),
('kotes'),
('kotiledon'),
('kotipa'),
('kotok'),
('kotong'),
('kotor'),
('kotrek'),
('kovalensi'),
('kover'),
('kowan'),
('kowek'),
('koyak'),
('koyam'),
('koyan'),
('koyok'),
('kram'),
('kranapaksa'),
('krangeyan'),
('kraniologi'),
('kraniometri'),
('kraniotomi'),
('kranium'),
('krans'),
('krasis'),
('krayon'),
('kreasi'),
('kreatif'),
('kreativitas'),
('kreator'),
('krebo'),
('krecek'),
('kredibilitas'),
('kredit'),
('kreditabel');
INSERT INTO `katadasar` (`kata`) VALUES
('kreditor'),
('kredo'),
('krem'),
('kremasi'),
('krematori'),
('krematorium'),
('kreol'),
('kreolin'),
('kreolisasi'),
('kreosol'),
('kresendo'),
('kresol'),
('kretin'),
('kribo'),
('kricak'),
('krida'),
('krifoli'),
('krim'),
('kriminal'),
('kriminalis'),
('kriminalisasi'),
('kriminalitas'),
('kriminolog'),
('kriminologi'),
('kriminologis'),
('kring'),
('krio'),
('kriofil'),
('kriofit'),
('kriogen'),
('kriogenika'),
('krioterapi'),
('kripta'),
('kriptogam'),
('kriptografi'),
('kriptogram'),
('kriptol'),
('kripton'),
('krisan'),
('krisantemum'),
('krisis'),
('krisma'),
('krisoberil'),
('krisofil'),
('krisolit'),
('krisopras'),
('krista'),
('kristal'),
('kristalisasi'),
('kristalografi'),
('kristaloid'),
('kristalosa'),
('Kristen'),
('kristiani'),
('Kristus'),
('kriteria'),
('kriterium'),
('kritik'),
('kritikus'),
('kritis'),
('kritisi'),
('kriya'),
('krobongan'),
('kroco'),
('kroket'),
('krol'),
('kromat'),
('kromatid'),
('kromatika'),
('kromatin'),
('kromatis'),
('kromatofor'),
('kromatografi'),
('kromit'),
('kromium'),
('kromo'),
('kromofil'),
('kromofob'),
('kromogen'),
('kromong'),
('kromosfer'),
('kromosom'),
('kromotropi'),
('kronem'),
('kroni'),
('kronik'),
('kroniometri'),
('kronis'),
('kronisme'),
('kronobiologi'),
('kronogram'),
('kronologi'),
('kronologis'),
('kronometer'),
('kronosekuen'),
('kronoskop'),
('krosboi'),
('kroto'),
('kru'),
('kruistik'),
('kruk'),
('krukat'),
('krusial'),
('krustasea'),
('ksi'),
('ku'),
('kuaci'),
('kuadran'),
('kuadrat'),
('kuadratika'),
('kuadratur'),
('kuadratus'),
('kuadrenium'),
('kuadriliun'),
('kuadripartit'),
('kuadrisep'),
('kuadrupel'),
('kuadrupleks'),
('kuadruplet'),
('kuah'),
('kuai'),
('kuak'),
('kuala'),
('kualat'),
('kuali'),
('kualifikasi'),
('kualitas'),
('kualitatif'),
('kualon'),
('kuang'),
('kuangkiut'),
('kuangwung'),
('kuantifikasi'),
('kuantitas'),
('kuantitatif'),
('kuantum'),
('kuap'),
('kuar'),
('kuari'),
('kuarik'),
('kuark'),
('kuarsa'),
('kuarsit'),
('kuart'),
('kuartal'),
('kuarter'),
('kuarterner'),
('kuartet'),
('kuartil'),
('kuarto'),
('kuas'),
('kuasa'),
('kuasar'),
('kuasi'),
('kuat'),
('kuatren'),
('kuau'),
('kuaya'),
('kuayah'),
('kuayan'),
('kubah'),
('kubak'),
('kubang'),
('kubik'),
('kubil'),
('kubin'),
('kubis'),
('kubisme'),
('kubistik'),
('kubit'),
('kuboid'),
('kubra'),
('Kubti'),
('kubu'),
('kubul'),
('kubung'),
('kubur'),
('kubus'),
('kucai'),
('kucak'),
('kucam'),
('kucek'),
('kucel'),
('kucica'),
('kucil'),
('kucing'),
('kucir'),
('kucup'),
('kucur'),
('kuda'),
('kudai'),
('kudang'),
('kudap'),
('kudeta'),
('kudian'),
('kudis'),
('kudu'),
('kuduk'),
('kudung'),
('kudup'),
('kudus'),
('kue'),
('kueni'),
('kuesioner'),
('kuetiau'),
('kufu'),
('kufur'),
('kui'),
('kuih'),
('kuil'),
('kuilu'),
('kuin'),
('kuini'),
('kuinina'),
('kuintal'),
('kuintesens'),
('kuintet'),
('kuintil'),
('kuintiliun'),
('kuintuplet'),
('kuir'),
('kuis'),
('kuit'),
('kuitansi'),
('kujang'),
('kujarat'),
('kujung'),
('kujur'),
('kujut'),
('kuk'),
('kukabura'),
('kukai'),
('kukila'),
('kuku'),
('kukuh'),
('kukuk'),
('kukukbeluk'),
('kukul'),
('kukup'),
('kukur'),
('kukuruyuk'),
('kukus'),
('kulah'),
('kulai'),
('kulak'),
('kulakasar'),
('kulan'),
('kulansing'),
('kulasentana'),
('kulat'),
('kulawangsa'),
('kuli'),
('kuliah'),
('kulim'),
('kulimat'),
('kuliner'),
('kulir'),
('kulit'),
('kulkas'),
('kulminasi'),
('kulon'),
('kulot'),
('kult'),
('kultivar'),
('kultivasi'),
('kultur'),
('kultural'),
('kulturisasi'),
('kultus'),
('kulub'),
('kuluk'),
('kulum'),
('kulup'),
('kulur'),
('kulut'),
('kulzum'),
('kumai'),
('kumal'),
('kuman'),
('kumandang'),
('kumanga'),
('kumat'),
('kumbah'),
('kumbang'),
('kumbar'),
('kumbik'),
('kumbu'),
('kumbuh'),
('kumena'),
('kumico'),
('kumis'),
('kumiskucing'),
('kumpai'),
('kumpal'),
('kumpar'),
('kumpi'),
('kumpul'),
('kumuh'),
('kumulasi'),
('kumulatif'),
('kumulonimbus'),
('kumulus'),
('kumur'),
('kumus'),
('kumut'),
('kunani'),
('kunarpa'),
('kunca'),
('kuncah'),
('kuncen'),
('kunci'),
('kuncung'),
('kuncup'),
('kundai'),
('kundang'),
('kundi'),
('kundur'),
('kunduran'),
('kung'),
('kungfu'),
('kungkang'),
('kungki'),
('kungkum'),
('kungkung'),
('kuning'),
('kunjung'),
('kuno'),
('kunta'),
('kuntau'),
('kuntilanak'),
('kuntit'),
('kuntuan'),
('kuntul'),
('kuntum'),
('kuntung'),
('kunut'),
('kunyah'),
('kunyam'),
('kunyit'),
('kunyuk'),
('kuorum'),
('kuosien'),
('kuota'),
('kup'),
('kupa'),
('kupahan'),
('kupak'),
('kupang'),
('kupas'),
('kupat'),
('kupe'),
('kupel'),
('kupi'),
('kupil'),
('kuping'),
('kupir'),
('kuplet'),
('kupluk'),
('kupnat'),
('kupon'),
('kuproprotein'),
('kuprum'),
('kupui'),
('kupur'),
('kur'),
('kura'),
('kurai'),
('kurambit'),
('kurang'),
('kurap'),
('kuras'),
('kurasani'),
('kurasao'),
('kuratif'),
('kurator'),
('kuratorium'),
('kurau'),
('kurawal'),
('kurban'),
('kurcaci'),
('kuren'),
('kuret'),
('kuretase'),
('kuria'),
('kuricak'),
('kurigram'),
('kurik'),
('kurikuler'),
('kurikulum'),
('kuring'),
('kuriositas'),
('kuripan'),
('kurir'),
('kuririk'),
('kurium'),
('kurkatovium'),
('kurkuma'),
('kurma'),
('kurs'),
('kursemangat'),
('kursi'),
('kursif'),
('kursor'),
('kursus'),
('kurtase'),
('kurun'),
('kurung'),
('kurus'),
('kurva'),
('kurvalinier'),
('kurvatur'),
('kusa'),
('kusal'),
('kusam'),
('kusanin'),
('kusau'),
('kusen'),
('kusik'),
('kusir'),
('kuskus'),
('kuspis'),
('kusruk'),
('kusta'),
('kusu'),
('kusuf'),
('kusuma'),
('kusut'),
('kuta'),
('kutaha'),
('kutak'),
('kutang'),
('kutat'),
('kuteks'),
('kuteri'),
('kuti'),
('kutik'),
('kutikula'),
('kutil'),
('kutin'),
('kuting'),
('kutip'),
('kutu'),
('kutub'),
('kutubaru'),
('kutubusitah'),
('kutuk'),
('kutung'),
('kutut'),
('kuud'),
('kuwu'),
('kuwuk'),
('kuwur'),
('kuya'),
('kuyang'),
('kuyu'),
('kuyup'),
('kwartet'),
('kwartir'),
('kwasiorkor'),
('kweni'),
('kwetiau'),
('kwosien'),
('laal'),
('lab'),
('laba'),
('labak'),
('labang'),
('labas'),
('label'),
('labelum'),
('laberang'),
('labial'),
('labialisasi'),
('labil'),
('labiodental'),
('labiovelar'),
('labirin'),
('labium'),
('laboran'),
('laboratoris'),
('laboratorium'),
('labrak'),
('labrakan'),
('labres'),
('labrum'),
('labu'),
('labuda'),
('labuh'),
('labun'),
('labur'),
('labut'),
('lacak'),
('laci'),
('lacur'),
('lacut'),
('lada'),
('ladah'),
('ladam'),
('ladan'),
('ladang'),
('laden'),
('ladi'),
('lading'),
('ladu'),
('ladung'),
('lafal'),
('laga'),
('lagak'),
('lagam'),
('lagan'),
('lagang'),
('lagau'),
('lagi'),
('lagiah'),
('lago'),
('lagonder'),
('lagu'),
('laguna'),
('lah'),
('lahab'),
('lahad'),
('lahak'),
('lahan'),
('lahang'),
('lahap'),
('lahar'),
('lahir'),
('lahiriah'),
('lai'),
('laici'),
('laif'),
('laik'),
('lailah'),
('lailatulkadar'),
('lain'),
('lais'),
('laja'),
('lajak'),
('lajang'),
('lajat'),
('lajnah'),
('laju'),
('lajur'),
('lak'),
('lakab'),
('lakak'),
('lakar'),
('lakara'),
('laken'),
('lakeri'),
('laki'),
('laklak'),
('laklakan'),
('lakmus'),
('laknat'),
('laknatullah'),
('lakon'),
('lakonik'),
('lakonisme'),
('lakrimator'),
('laksa'),
('laksamana'),
('laksana'),
('laksatif'),
('laktase'),
('laktasi'),
('laktat'),
('laktogen'),
('laktoglobulin'),
('laktometer'),
('lakton'),
('laktosa'),
('laku'),
('lakulajak'),
('lakum'),
('lakuna'),
('lakur'),
('lakustrin'),
('lala'),
('lalah'),
('lalai'),
('lalak'),
('lalandak'),
('lalang'),
('lalap'),
('lalat'),
('lalau'),
('lali'),
('lalu'),
('lalulintas'),
('lam'),
('lama'),
('lamalif'),
('laman'),
('lamang'),
('lamar'),
('lambai'),
('lambak'),
('lamban'),
('lambang'),
('lambar'),
('lambat'),
('lambda'),
('lambe'),
('lambert'),
('lambit'),
('lambo'),
('lambu'),
('lambuk'),
('lambung'),
('lambur'),
('lamdukpai'),
('lamela'),
('lamender'),
('lamin'),
('lamina'),
('laminasi'),
('laminating'),
('lampai'),
('lampam'),
('lampan'),
('lampang'),
('lampar'),
('lampas'),
('lampau'),
('lampeni'),
('lampes'),
('lampias'),
('lampik'),
('lampin'),
('lamping'),
('lampion'),
('lampir'),
('lampit'),
('lampok'),
('lampor'),
('lampu'),
('lampung'),
('lamtoro'),
('lamtoronisasi'),
('lamun'),
('lamur'),
('lamusir'),
('lana'),
('lanang'),
('lanar'),
('lanau'),
('lanbau'),
('lanca'),
('lancang'),
('lancap'),
('lancar'),
('lancia'),
('lancing'),
('lancip'),
('lancong'),
('lancung'),
('lancur'),
('lancut'),
('landa'),
('landahur'),
('landai'),
('landak'),
('landang'),
('landap'),
('landas'),
('landau'),
('landors'),
('landrad'),
('landuk'),
('landung'),
('landur'),
('lang'),
('langah'),
('langau'),
('langen'),
('langendrian'),
('langenswara'),
('langgah'),
('langgai'),
('langgam'),
('langgan'),
('langgang'),
('langgar'),
('langgas'),
('langgayan'),
('langgeng'),
('langguk'),
('langgung'),
('langi'),
('langir'),
('langis'),
('langit'),
('langka'),
('langkah'),
('langkai'),
('langkan'),
('langkang'),
('langkap'),
('langkara'),
('langkas'),
('langkat'),
('langkau'),
('langking'),
('langkisan'),
('langkong'),
('langkup'),
('langlai'),
('langlang'),
('langsai'),
('langsam'),
('langsar'),
('langsat'),
('langse'),
('langseng'),
('langsi'),
('langsing'),
('langsir'),
('langsuir'),
('langsung'),
('langu'),
('langut'),
('lanhir'),
('lanja'),
('lanjai'),
('lanjak'),
('lanjam'),
('lanjang'),
('lanjar'),
('lanjau'),
('lanji'),
('lanjuk'),
('lanjung'),
('lanjur'),
('lanjut'),
('lanolin'),
('lanset'),
('lansia'),
('lansir'),
('lanskap'),
('lantah'),
('lantai'),
('lantak'),
('lantam'),
('lantan'),
('lantang'),
('lantanum'),
('lantar'),
('lantas'),
('lantera'),
('lantesari'),
('lantik'),
('lantin'),
('lanting'),
('lantip'),
('lantun'),
('lantung'),
('lantur'),
('lanugo'),
('lanun'),
('lanus'),
('lanyah'),
('lanyak'),
('lanyau'),
('laocu'),
('laos'),
('laoteng'),
('lap'),
('lapah'),
('lapak'),
('lapang'),
('lapar'),
('laparoskop'),
('laparoskopi'),
('lapel'),
('lapih'),
('lapik'),
('lapili'),
('lapir'),
('lapis'),
('lapislazuli'),
('lapor'),
('laptop'),
('lapuk'),
('lapun'),
('lara'),
('larah'),
('larai'),
('larak'),
('laram'),
('larang'),
('larap'),
('laras'),
('larat'),
('larau'),
('largisimo'),
('largo'),
('lari'),
('larih'),
('larik'),
('laring'),
('laringal'),
('laringitis'),
('laringoskop'),
('laris'),
('larnaks'),
('laron'),
('lars'),
('laru'),
('larung'),
('larut'),
('larva'),
('larvarium'),
('las'),
('lasa'),
('lasah'),
('lasak'),
('lasana'),
('lasat'),
('laser'),
('lasi'),
('lasinia'),
('laskar'),
('laso'),
('Lasparaginase'),
('lasuh'),
('lat'),
('lata'),
('latah'),
('latak'),
('latam'),
('latar'),
('latarbelakang'),
('latas'),
('lateks'),
('laten'),
('latensi'),
('lateral'),
('laterit'),
('latif'),
('latifundium'),
('latih'),
('lating'),
('latis'),
('latma'),
('latosol'),
('latuh'),
('latuk'),
('latung'),
('latur'),
('lauh'),
('lauk'),
('laun'),
('laung'),
('laur'),
('lauya'),
('lava'),
('lavase'),
('lavendel'),
('lavender'),
('lawa'),
('lawah'),
('lawak'),
('Lawalata'),
('lawamah'),
('lawan'),
('lawang'),
('lawar'),
('lawas'),
('lawat'),
('lawazim'),
('lawe'),
('lawean'),
('lawi'),
('lawina'),
('lawon'),
('lawrensium'),
('layah'),
('layak'),
('layam'),
('layan'),
('layang'),
('layap'),
('layar'),
('layas'),
('layat'),
('layer'),
('layon'),
('layu'),
('layuh'),
('layuk'),
('layung'),
('layur'),
('layut'),
('laza'),
('lazim'),
('lazuardi'),
('leak'),
('lebah'),
('lebai'),
('lebak'),
('lebam'),
('leban'),
('lebang'),
('lebap'),
('lebar'),
('Lebaran'),
('lebas'),
('lebat'),
('leber'),
('lebih'),
('lebuh'),
('lebuk'),
('lebum'),
('lebun'),
('lebung'),
('lebur'),
('lecah'),
('lecak'),
('lecap'),
('lecat'),
('leceh'),
('lecek'),
('lecer'),
('lecet'),
('leci'),
('lecit'),
('leco'),
('lecok'),
('lecuh'),
('lecun'),
('lecup'),
('lecur'),
('lecut'),
('ledak'),
('ledang'),
('ledek'),
('ledeng'),
('ledes'),
('leding'),
('ledos'),
('ledre'),
('leduk'),
('ledung'),
('lefa'),
('lega'),
('legal'),
('legalisasi'),
('legalitas'),
('legam'),
('legap'),
('legar'),
('legasi'),
('legasteni'),
('legat'),
('legataris'),
('legato'),
('legator'),
('lege'),
('legek'),
('legen'),
('legenda'),
('legendaris'),
('leger'),
('leges'),
('leghorn'),
('Legi'),
('legih'),
('legio'),
('legislasi'),
('legislatif'),
('legislator'),
('legisme'),
('legit'),
('legitimaris'),
('legitimas'),
('legitimasi'),
('legitimitas'),
('legiun'),
('lego'),
('legok'),
('legong'),
('legu'),
('legum'),
('legunder'),
('legung'),
('lehar'),
('leher'),
('lei'),
('leja'),
('lejang'),
('lejar'),
('lejas'),
('lejit'),
('lejok'),
('leka'),
('lekam'),
('lekang'),
('lekap'),
('lekar'),
('lekas'),
('lekat'),
('lekemia'),
('lekir'),
('lekit'),
('lekok'),
('lekosit'),
('leksem'),
('leksikal'),
('leksikograf'),
('leksikografi'),
('leksikografis'),
('leksikolog'),
('leksikologi'),
('leksikon'),
('leksikostatistik'),
('leksis'),
('lekton'),
('lektor'),
('lektur'),
('leku'),
('lekuk'),
('lekum'),
('lekun'),
('lekung'),
('lela'),
('lelah'),
('lelai'),
('lelaki'),
('lelancur'),
('lelang'),
('lelangon'),
('lelangse'),
('lelap'),
('lelar'),
('lelas'),
('lelat'),
('lelatu'),
('lele'),
('leleh'),
('lelembut'),
('lelemuku'),
('lelep'),
('leler'),
('leles'),
('lelet'),
('lelewa'),
('leli'),
('leluasa'),
('lelucon'),
('leluhur'),
('leluing'),
('lelung'),
('lelungit'),
('leluri'),
('lem'),
('lema'),
('lemah'),
('lemak'),
('lemang'),
('lemari'),
('lemas'),
('lemau'),
('lembaga'),
('lembah'),
('lembai'),
('lembak'),
('lembam'),
('lembang'),
('lembap'),
('lembar'),
('lembayung'),
('lembega'),
('lembek'),
('lembeng'),
('lembidang'),
('lembing'),
('lembok'),
('lembora'),
('lembu'),
('lembung'),
('lembur'),
('lemburu'),
('lembut'),
('lemena'),
('lemender'),
('lemes'),
('lemidi'),
('lemo'),
('lemon'),
('lempah'),
('lempai'),
('lempap'),
('lempar'),
('lempari'),
('lempaung'),
('lempem'),
('lempeng'),
('lemper'),
('lemping'),
('lempoh'),
('lempuh'),
('lempuk'),
('lempung'),
('lempuyang'),
('lempuyangan'),
('lemur'),
('lemusir'),
('lena'),
('lenan'),
('lencana'),
('lencang'),
('lenceng'),
('lencet'),
('lenci'),
('lencir'),
('lencit'),
('lencong'),
('lencun'),
('lenda'),
('lendaian'),
('lendeh'),
('lender'),
('lendir'),
('lendot'),
('lendung'),
('lendut'),
('leng'),
('lenga'),
('lengah'),
('lengai'),
('lengak'),
('lengan'),
('lengang'),
('lengar'),
('lengas'),
('lengat'),
('lenge'),
('lenggak'),
('lenggana'),
('lenggang'),
('lenggek'),
('lengger'),
('lenggok'),
('lenggong'),
('lenggor'),
('lenggundi'),
('lenggut'),
('lengit'),
('lengkai'),
('lengkanas'),
('lengkang'),
('lengkap'),
('lengkara'),
('lengkeng'),
('lengkesa'),
('lengket'),
('lengking'),
('lengkitang'),
('lengkok'),
('lengkong'),
('lengkuas'),
('lengkung'),
('lengkur'),
('lengoh'),
('lengong'),
('lengos'),
('lengseng'),
('lengser'),
('lengset'),
('lenguh'),
('lengung'),
('lening'),
('lenis'),
('lenitrik'),
('lenja'),
('lenjan'),
('lenjaran'),
('lenjing'),
('lenjuang'),
('lenong'),
('lenor'),
('lens'),
('lensa'),
('lenser'),
('lenset'),
('lenso'),
('lentang'),
('lenteng'),
('lentera'),
('lentik'),
('lenting'),
('lentisel'),
('lentoid'),
('lentok'),
('lentong'),
('lentuk'),
('lentum'),
('lentung'),
('lentur'),
('lentus'),
('lenung'),
('lenyah'),
('lenyai'),
('lenyak'),
('lenyap'),
('lenyau'),
('lenyeh'),
('lenyet'),
('lenyut'),
('Leo'),
('leonid'),
('leontin'),
('leot'),
('lepa'),
('lepai'),
('lepak'),
('lepang'),
('lepap'),
('lepas'),
('lepat'),
('lepau'),
('lepe'),
('lepek'),
('leper'),
('leperi'),
('lepes'),
('lepet'),
('lepih'),
('lepik'),
('lepit'),
('leplap'),
('lepoh'),
('lepok'),
('lepot'),
('lepra'),
('leproma'),
('lepromin'),
('leproseri'),
('leptodos'),
('leptoskop'),
('leptosom'),
('lepu'),
('lepuh'),
('lepuk'),
('lepur'),
('lerah'),
('lerai'),
('lerak'),
('lerang'),
('lerap'),
('lereng'),
('leret'),
('lerok'),
('lerot'),
('les'),
('lesa'),
('lesak'),
('lesan'),
('lesang'),
('lesap'),
('lesbi'),
('lesbian'),
('lesbianisme'),
('leseh'),
('lesek'),
('leset'),
('lesi'),
('lesing'),
('lesir'),
('lesit'),
('lesitina'),
('lesnar'),
('lesot'),
('lesplang'),
('lestari'),
('lestek'),
('lesterung'),
('lesu'),
('lesung'),
('lesus'),
('lesut'),
('leta'),
('letai'),
('letak'),
('letal'),
('letalitas'),
('letang'),
('letargi'),
('letek'),
('leter'),
('letih'),
('letik'),
('leting'),
('letis'),
('letnan'),
('letoi'),
('letos'),
('letraset'),
('letuk'),
('letum'),
('letung'),
('letup'),
('letur'),
('letus'),
('leuca'),
('leukemia'),
('leukoderma'),
('leukofit'),
('leukoma'),
('leukonisia'),
('leukopenia'),
('leukoplakia'),
('leukore'),
('leukosit'),
('leukositometer'),
('leukositosis'),
('level'),
('lever'),
('leveransir'),
('levertran'),
('levirat'),
('levitin'),
('levulosa'),
('lewa'),
('lewah'),
('lewar'),
('lewat'),
('lewisid'),
('leyeh'),
('leyot'),
('lezat'),
('liabilitas'),
('lian'),
('liana'),
('liang'),
('liangliong'),
('liar'),
('lias'),
('liat'),
('liau'),
('libas'),
('libat'),
('libei'),
('liberal'),
('liberalis'),
('liberalisasi'),
('liberalisme'),
('liberalistis'),
('liberasi'),
('liberator'),
('libero'),
('libidis'),
('libido'),
('Libra'),
('librasi'),
('libreto'),
('libur'),
('licak'),
('licau'),
('lici'),
('licik'),
('licin'),
('licurai'),
('lid'),
('lidah'),
('lidas'),
('lidi'),
('lidid'),
('lifo'),
('lift'),
('lifter'),
('liga'),
('ligamen'),
('ligan'),
('ligar'),
('ligas'),
('ligasi'),
('ligat'),
('ligatur'),
('ligih'),
('lignin'),
('lignit'),
('lignoselulosa'),
('lignosulfonat'),
('lignotuber'),
('lihai'),
('lihat'),
('lik'),
('likantropi'),
('likas'),
('likat'),
('likir'),
('liku'),
('likuid'),
('likuida'),
('likuidasi'),
('likuiditas'),
('likur'),
('likut'),
('lil'),
('lila'),
('lilah'),
('lilan'),
('lilau'),
('lili'),
('lilin'),
('liliput'),
('lilit'),
('lilitkutu'),
('lillahi'),
('lima'),
('liman'),
('limar'),
('limas'),
('limau'),
('limbah'),
('limbai'),
('limbak'),
('limban'),
('limbang'),
('limbat'),
('limbing'),
('limbubu'),
('limbuk'),
('limbung'),
('limbur'),
('limfa'),
('limfadema'),
('limfadenitis'),
('limfadenoma'),
('limfadenosis'),
('limfaderitis'),
('limfangioma'),
('limfatik'),
('limfoblartoma'),
('limfoblas'),
('limfoblastoma'),
('limfografi'),
('limfoma'),
('limfonodus'),
('limfopenia'),
('limfosit'),
('limfositopenia'),
('limfositosis'),
('limit'),
('limitasi'),
('limitatif'),
('limnetik'),
('limnologi'),
('limnoplankton'),
('limpa'),
('limpah'),
('limpap'),
('limpapas'),
('limpas'),
('limpau'),
('limpit'),
('limpoh'),
('limpung'),
('limun'),
('limusin'),
('limut'),
('linang'),
('linau'),
('lincah'),
('lincak'),
('lincam'),
('lincir'),
('lincun'),
('lindak'),
('lindang'),
('lindap'),
('lindas'),
('lindik'),
('lindis'),
('lindu'),
('lindung'),
('lindur'),
('linear'),
('linen'),
('ling'),
('lingar'),
('lingat'),
('lingga'),
('linggata'),
('linggayuran'),
('linggi'),
('linggis'),
('lingkap'),
('lingkar'),
('lingkawa'),
('lingkis'),
('lingkung'),
('lingkup'),
('linglung'),
('lingsa'),
('lingsir'),
('lingsu'),
('linguafon'),
('linguis'),
('linguistik'),
('lini'),
('linier'),
('linimen'),
('lining'),
('linjak'),
('linoleum'),
('linsang'),
('lintabung'),
('lintah'),
('lintang'),
('lintap'),
('lintar'),
('lintas'),
('lintibang'),
('linting'),
('lintir'),
('lintuh'),
('lintup'),
('linu'),
('linuhung'),
('linyak'),
('linyar'),
('lio'),
('liofilisasi'),
('liong'),
('liontin'),
('lipai'),
('lipan'),
('lipas'),
('lipase'),
('lipat'),
('lipatganda'),
('lipektomi'),
('lipemia'),
('lipid'),
('lipiodol'),
('lipit'),
('liplap'),
('lipoksidase'),
('lipolisis'),
('lipoprotein'),
('lipstik'),
('lipu'),
('lipur'),
('liput'),
('lir'),
('lira'),
('lirida'),
('lirih'),
('lirik'),
('liris'),
('lis'),
('lisah'),
('lisan'),
('lisani'),
('lisensi'),
('lisimeter'),
('lisis'),
('lisol'),
('lisong'),
('lisplang'),
('lister'),
('listeria'),
('listrik'),
('lisu'),
('lisus'),
('lisut'),
('litah'),
('litak'),
('litani'),
('liter'),
('literator'),
('literer'),
('litium'),
('litografi'),
('litologi'),
('litoral'),
('litosfer'),
('litotes'),
('litotomi'),
('litsus'),
('liturgi'),
('liturgis'),
('liuk'),
('liur'),
('liut'),
('liwa'),
('liwan'),
('liwat'),
('liwet'),
('loak'),
('lob'),
('loba'),
('lobak'),
('loban'),
('loberci'),
('lobi'),
('lobster'),
('locok'),
('locot'),
('lodan'),
('lodeh'),
('lodoh'),
('lodong'),
('log'),
('logam'),
('logaritma'),
('logat'),
('logawiah'),
('logika'),
('logis'),
('logistik'),
('logo'),
('logogram'),
('logopedia'),
('logotip'),
('lohok'),
('loji'),
('lok'),
('loka'),
('lokacipta'),
('lokakarya'),
('lokal'),
('lokalis'),
('lokalisasi'),
('lokan'),
('lokananta'),
('lokap'),
('lokasi'),
('lokastiti'),
('lokatif'),
('lokatikranta'),
('lokatraya'),
('lokawarta'),
('lokawidura'),
('lokawigna'),
('lokawiruda'),
('lokawisata'),
('lokcuan'),
('lokek'),
('lokeswara'),
('loket'),
('loki'),
('lokia'),
('lokika'),
('lokio'),
('loklok'),
('lokomobil'),
('lokomotif'),
('lokos'),
('loksek'),
('loksun'),
('lokus'),
('lokusi'),
('lolak'),
('loleng'),
('loloh'),
('lolohan'),
('lolong'),
('lolos'),
('lomba'),
('lombar'),
('lombok'),
('lombong'),
('lomek'),
('lomot'),
('lompat'),
('lompayang'),
('lompok'),
('lompong'),
('lonan'),
('loncat'),
('loncek'),
('lonceng'),
('loncer'),
('lonco'),
('loncos'),
('londang'),
('londong'),
('loneng'),
('long'),
('longdres'),
('longgar'),
('longgok'),
('longgor'),
('longitudinal'),
('longo'),
('longok'),
('longong'),
('longser'),
('longsor'),
('longtorso'),
('lonjak'),
('lonjong'),
('lonjor'),
('lonsong'),
('lontai'),
('lontar'),
('lontara'),
('lonte'),
('lontok'),
('lontong'),
('lonyok'),
('lop'),
('lopak'),
('lopek'),
('loper'),
('lopis'),
('lopor'),
('lor'),
('lorah'),
('loran'),
('lorat'),
('lorber'),
('lorek'),
('loreng'),
('lori'),
('lornyet'),
('lorong'),
('lorot'),
('los'),
('lose'),
('losion'),
('losmen'),
('loso'),
('losong'),
('lot'),
('lota'),
('lotak'),
('lotek'),
('loteng'),
('lotis'),
('lotong'),
('lotre'),
('lotus'),
('lowong'),
('loya'),
('loyak'),
('loyal'),
('loyalis'),
('loyalitas'),
('loyang'),
('loyar'),
('loyo'),
('loyong'),
('lozenge'),
('luah'),
('luak'),
('luang'),
('luap'),
('luar'),
('luarbiasa'),
('luas'),
('luat'),
('luban'),
('lubang'),
('luber'),
('lubuk'),
('lucah'),
('lucu'),
('lucup'),
('lucut'),
('ludah'),
('ludat'),
('ludes'),
('luding'),
('ludruk'),
('lues'),
('lugas'),
('lugu'),
('lugut'),
('luhmahful'),
('luhung'),
('luhur'),
('luih'),
('luik'),
('luing'),
('luk'),
('luka'),
('lukah'),
('lukat'),
('lukeh'),
('lukis'),
('luks'),
('luku'),
('lukut'),
('lulai'),
('luli'),
('luluh'),
('luluhlantak'),
('luluk'),
('lulum'),
('lulup'),
('lulur'),
('lulus'),
('lulut'),
('lum'),
('lumai'),
('lumang'),
('lumar'),
('lumas'),
('lumat'),
('lumayan'),
('lumbal'),
('lumbu'),
('lumbung'),
('lumen'),
('lumer'),
('luminositas'),
('lumpang'),
('lumpektomi'),
('lumpia'),
('lumping'),
('lumpuh'),
('lumpuk'),
('lumpur'),
('lumrah'),
('lumsum'),
('lumuh'),
('lumur'),
('lumus'),
('lumut'),
('lunak'),
('lunas'),
('lunau'),
('luncai'),
('luncas'),
('luncung'),
('luncur'),
('lundang'),
('lundi'),
('lundu'),
('luner'),
('lung'),
('lungguh'),
('lungkah'),
('lungkang'),
('lungkum'),
('lunglai'),
('lunglung'),
('lungsar'),
('lungse'),
('lungsin'),
('lungsung'),
('lungsur'),
('lungun'),
('lunjur'),
('lunta'),
('luntang'),
('luntas'),
('luntur'),
('lunyah'),
('lunyai'),
('lup'),
('lupa'),
('lupat'),
('lupi'),
('lupuh'),
('lupuk'),
('lupung'),
('lupus'),
('luput'),
('lurah'),
('lurik'),
('luru'),
('lurub'),
('luruh'),
('lurus'),
('lurut'),
('lus'),
('lusa'),
('lusin'),
('lustrum'),
('lusuh'),
('lut'),
('lutetium'),
('luti'),
('lutu'),
('lutung'),
('lutut'),
('luweng'),
('luwes'),
('luyak'),
('luyu'),
('luyut'),
('maab'),
('maaf'),
('mabriuk'),
('mabrur'),
('mabuh'),
('mabuk'),
('mabul'),
('macakal'),
('macam'),
('macan'),
('macapat'),
('mace'),
('macet'),
('macis'),
('mad'),
('madah'),
('madali'),
('madam'),
('madang'),
('madani'),
('madar'),
('madat'),
('madewi'),
('madi'),
('madia'),
('madik'),
('madinding'),
('madmadah'),
('mado'),
('madona'),
('madras'),
('madrasah'),
('madu'),
('madukara'),
('madumangsa'),
('madya'),
('maesan'),
('maesenas'),
('maestro'),
('mafela'),
('mafhum'),
('mafia'),
('mafioso'),
('mafsadah'),
('mafsadat'),
('mag'),
('magainin'),
('magalah'),
('magandi'),
('magang'),
('magasin'),
('magel'),
('magenta'),
('magersari'),
('magfirah'),
('magi'),
('magis'),
('magister'),
('magistrat'),
('maglub'),
('magma'),
('magnesium'),
('magnesol'),
('magnet'),
('magnetik'),
('magnetika'),
('magnetis'),
('magnetisme'),
('magnetit'),
('magnetometer'),
('magnetor'),
('magnetostatika'),
('magnitudo'),
('magrib'),
('magribi'),
('magrur'),
('magun'),
('mah'),
('mahabah'),
('mahabintang'),
('mahadewa'),
('mahadewi'),
('mahaduta'),
('MahaEsa'),
('mahaguru'),
('mahah'),
('mahajana'),
('mahakala'),
('mahakarya'),
('mahakuasa'),
('mahal'),
('mahamen'),
('mahamenteri'),
('mahamulia'),
('mahang'),
('mahaparana'),
('mahapatih'),
('mahar'),
('maharaja'),
('maharajalela'),
('maharana'),
('maharani'),
('mahardika'),
('maharesi'),
('maharupa'),
('mahasiswa'),
('mahasiswi'),
('mahasuci'),
('mahatahu'),
('mahatma'),
('mahatur'),
('Mahayana'),
('mahbub'),
('mahbubah'),
('mahdi'),
('maherat'),
('mahesa'),
('maheswara'),
('mahfuz'),
('mahia'),
('mahir'),
('mahkamah'),
('mahkota'),
('mahligai'),
('mahmud'),
('mahoni'),
('mahram'),
('mahsul'),
('mahsyar'),
('mahwu'),
('mahyong'),
('mahzurat'),
('mai'),
('maido'),
('maimun'),
('main'),
('mair'),
('mairat'),
('maizena'),
('maja'),
('majaan'),
('majakane'),
('majakaya'),
('majakeling'),
('majal'),
('majalah'),
('majas'),
('majasi'),
('majati'),
('majedub'),
('majelis'),
('majemuk'),
('majenun'),
('majikan'),
('majir'),
('majizat'),
('majong'),
('maju'),
('majuh'),
('majuj'),
('majun'),
('majung'),
('majusi'),
('mak'),
('maka'),
('makadam'),
('makadasang'),
('makadok'),
('makalah'),
('makalangkang'),
('makam'),
('makan'),
('makantah'),
('makantuh'),
('makanya'),
('makao'),
('makaopo'),
('makar'),
('makaroni'),
('makbud'),
('makbul'),
('makcik'),
('makcomblang'),
('makda'),
('makdan'),
('makelar'),
('makerel'),
('maket'),
('makhdum'),
('makhluk'),
('makhraj'),
('maki'),
('makin'),
('making'),
('makiyah'),
('maklaf'),
('maklum'),
('maklumat'),
('maklun'),
('makmal'),
('makmum'),
('makmur'),
('makna'),
('maknawi'),
('makramat'),
('makrame'),
('makrifat'),
('makrifatullah'),
('makro'),
('makroekonomi'),
('makrofita'),
('makrofotografi'),
('makroftalmus'),
('makrogametosit'),
('makrohistori'),
('makrokosmos'),
('makrokriminologi'),
('makrolinguistik'),
('makromelia'),
('makrometeorologi'),
('makromolekul'),
('makrosefalik'),
('makroskopis'),
('makrosmatik'),
('makrososiologi'),
('makruf'),
('makruh'),
('maksi'),
('maksiat'),
('maksila'),
('maksim'),
('maksimal'),
('maksimum'),
('maksud'),
('maksum'),
('maktab'),
('maktub'),
('makua'),
('makul'),
('makula'),
('makulat'),
('makurung'),
('makyong'),
('makzul'),
('mal'),
('mala'),
('malabau'),
('malabsorpsi'),
('malafide'),
('malafungsi'),
('malagandang'),
('malagizi'),
('malah'),
('malai'),
('malaikat'),
('malaikatulmaut'),
('malaise'),
('malaka'),
('malakama'),
('malakat'),
('malakit'),
('malakofili'),
('malakologi'),
('malakut'),
('malam'),
('malan'),
('malang'),
('malangbang'),
('malap'),
('malapari'),
('malapetaka'),
('malapraktik'),
('malar'),
('malaria'),
('malas'),
('malasia'),
('malasuai'),
('malatindak'),
('maldistribusi'),
('male'),
('maleman'),
('maleo'),
('maleolus'),
('maligai'),
('malih'),
('malik'),
('Maliki'),
('Malikuljabar'),
('Malikulmuluk'),
('malim'),
('maling'),
('malis'),
('malisol'),
('malka'),
('malnutrisi'),
('maloklusi'),
('malt'),
('maltase'),
('maltosa'),
('malu'),
('malun'),
('malung'),
('mam'),
('mama'),
('mamai'),
('mamak'),
('mamalia'),
('maman'),
('mamanah'),
('mamanda'),
('mamang'),
('mamano'),
('mamat'),
('mambang'),
('mambek'),
('mambo'),
('mambruk'),
('mambu'),
('mambung'),
('mamduhah'),
('mami'),
('mamik'),
('mamlakat'),
('mamografi'),
('mampai'),
('mampir'),
('mampu'),
('mampung'),
('mampus'),
('mamut'),
('man'),
('mana'),
('manah'),
('manai'),
('manajemen'),
('manajer'),
('manajerial'),
('manakala'),
('manakan'),
('manakib'),
('manalagi'),
('manasik'),
('manasongo'),
('manasuka'),
('manau'),
('mancanegara'),
('mancawarna'),
('manci'),
('mancung'),
('mancur'),
('manda'),
('mandah'),
('mandai'),
('mandala'),
('mandalika'),
('mandam'),
('mandarin'),
('mandat'),
('mandataris'),
('mandau'),
('mandeh'),
('mandek'),
('mandelevium'),
('mandi'),
('mandibula'),
('mandil'),
('mandir'),
('mandiri'),
('mandolin'),
('mandor'),
('mandraguna'),
('mandril'),
('mandrin'),
('mandu'),
('mandul'),
('mandung'),
('maneken'),
('manerisme'),
('manfaat'),
('mang'),
('mangan'),
('mangap'),
('mangas'),
('mangau'),
('mangayubagya'),
('mangga'),
('manggah'),
('manggala'),
('manggar'),
('manggis'),
('manggung'),
('mangir'),
('mangkak'),
('mangkanya'),
('mangkar'),
('mangkas'),
('mangkat'),
('mangkel'),
('mangkih'),
('mangkir'),
('mangkok'),
('mangkubumi'),
('mangkuk'),
('mangkus'),
('mangsa'),
('mangsi'),
('mangu'),
('mangun'),
('mangut'),
('mani'),
('mania'),
('maniak'),
('manifes'),
('manifestasi'),
('manifesto'),
('manik'),
('manikam'),
('manikdepresi'),
('manikmaya'),
('manikur'),
('manila'),
('manimba'),
('manipol'),
('manipulasi'),
('manipulatif'),
('manipulator'),
('manira'),
('manis'),
('manise'),
('manja'),
('manjapada'),
('manjau'),
('manjeri'),
('manjing'),
('manjung'),
('manjur'),
('manol'),
('manometer'),
('manora'),
('manostat'),
('manset'),
('mansiang'),
('mansukh'),
('manta'),
('mantan'),
('mantap'),
('mantel'),
('manten'),
('mantik'),
('mantiki'),
('mantisa'),
('mantra'),
('mantram'),
('mantri'),
('mantu'),
('mantuk'),
('manual'),
('manufaktur'),
('manufakturing'),
('manuk'),
('manumisio'),
('manumpak'),
('manunggal'),
('manusia'),
('manusiawi'),
('manuskrip'),
('manut'),
('manuver'),
('manuwa'),
('manyala'),
('manyar'),
('manzil'),
('manzilah'),
('maois'),
('map'),
('mapalus'),
('mapan'),
('mar'),
('mara'),
('marah'),
('maraja'),
('marak'),
('marakas'),
('marambung'),
('maramus'),
('maranta'),
('marapulai'),
('maras'),
('maraton'),
('marbling'),
('marbut'),
('marcapada'),
('mardatillah'),
('mardud'),
('mare'),
('marem'),
('Maret'),
('marfuk'),
('marga'),
('margalit'),
('margarin'),
('margasatwa'),
('margin'),
('marginal'),
('marginalisasi'),
('marginalisme'),
('margrit'),
('marhaban'),
('marhaen'),
('marhaenis'),
('marhaenisme'),
('mari'),
('maria'),
('Marikh'),
('marikultur'),
('marimu'),
('marina'),
('marinade'),
('marine'),
('marinir'),
('marinyo'),
('marinyu'),
('marital'),
('maritim'),
('mariyuana'),
('marjik'),
('mark'),
('marka'),
('markado'),
('markah'),
('markas'),
('markasit'),
('marketri'),
('markis'),
('markisa'),
('markoni'),
('markonis'),
('markusip'),
('marlin'),
('marmelade'),
('marmer'),
('marmot'),
('maro'),
('marpaud'),
('marsaoleh'),
('marsekal'),
('marsepen'),
('marsose'),
('martabak'),
('martaban'),
('martabat'),
('martandang'),
('martil'),
('martini'),
('martir'),
('maru'),
('marus'),
('marut'),
('marwas'),
('mas'),
('masa'),
('masabodoh'),
('masai'),
('masak'),
('masakat'),
('masala'),
('masalah'),
('masam'),
('masap'),
('masase'),
('masayu'),
('masbuk'),
('masdar'),
('Masehi'),
('masektomi'),
('maser'),
('maserasi'),
('masif'),
('masih'),
('masin'),
('masinal'),
('masinis'),
('masir'),
('masjid'),
('Masjidilaksa'),
('Masjidilharam'),
('maskanat'),
('maskapai'),
('maskara'),
('maskat'),
('maskawin'),
('masker'),
('maskodok'),
('maskon'),
('maskot'),
('maskulin'),
('maskulinitas'),
('maskumambang'),
('maslahat'),
('masnawi'),
('masohi'),
('masoi'),
('masokhis'),
('masokhisme'),
('masokisme'),
('mason'),
('masrum'),
('massa'),
('massal'),
('mastautin'),
('mastektomi'),
('master'),
('masterplan'),
('mastik'),
('mastitis'),
('mastodon'),
('mastuli'),
('masturbasi'),
('masuk'),
('masuliah'),
('masyaAllah'),
('masyakah'),
('masyarakat'),
('masygul'),
('masyhadat'),
('masyhur'),
('masyrik'),
('masyuk'),
('mata'),
('matador'),
('matahari'),
('matakao'),
('matalamat'),
('matan'),
('matang'),
('mate'),
('matematika'),
('matematikawan'),
('matematikus'),
('matematis'),
('materi'),
('material'),
('materialis'),
('materialisme'),
('materialistis'),
('materiil'),
('mati'),
('matine'),
('matlak'),
('matoa'),
('maton'),
('matra'),
('matras'),
('matres'),
('matriarkal'),
('matriarkat'),
('matriks'),
('matrikulasi'),
('matrilineal'),
('matrilokal'),
('matris'),
('matronim'),
('matros'),
('matu'),
('matur'),
('maturasi'),
('maturitas'),
('mau'),
('mauizah'),
('maujud'),
('maujudat'),
('maukhid'),
('maukif'),
('maukuf'),
('maula'),
('maulai'),
('maulana'),
('maulhayat'),
('maulid'),
('maulidurasul'),
('maulud'),
('maung'),
('maupun'),
('mausoleum'),
('maut'),
('mauz'),
('mawadah'),
('mawar'),
('mawas'),
('mawasdiri'),
('maweda'),
('mawin'),
('mawon'),
('mawut'),
('mayam'),
('mayangda'),
('mayapada'),
('mayat'),
('mayeng'),
('mayokratio'),
('mayones'),
('mayor'),
('mayoret'),
('mayoritas'),
('mayung'),
('mayur'),
('mazarin'),
('mazbah'),
('mazhab'),
('mazi'),
('mazkur'),
('mazmumah'),
('mazmur'),
('mbah'),
('mbak'),
('mbakyu'),
('mbeling'),
('mbok'),
('meander'),
('mebel'),
('mecis'),
('medali'),
('medalion'),
('medan'),
('medang'),
('mede'),
('media'),
('medial'),
('median'),
('mediasi'),
('mediastinum'),
('mediator'),
('medik'),
('medikamentosa'),
('medikasi'),
('medikolegal'),
('medikus'),
('medil'),
('medio'),
('medis'),
('medisinal'),
('medit'),
('meditasi'),
('Mediterania'),
('medium'),
('medok'),
('medu'),
('medula'),
('Medusa'),
('mega'),
('megafon'),
('megah'),
('megak'),
('megakredit'),
('megalit'),
('Megalitikum'),
('megalomania'),
('megalomaniak'),
('megalopolis'),
('megalosit'),
('megamerger'),
('megan'),
('megaohm'),
('megapolis'),
('megaproyek'),
('megar'),
('megaspora'),
('megasporangium'),
('megasporofil'),
('megat'),
('megaton'),
('megatren'),
('megatruh'),
('megawatt'),
('meger'),
('Mei'),
('meiosis'),
('meja'),
('mejahijau'),
('mejam'),
('mejan'),
('mejana'),
('mejeng'),
('mek'),
('mekanik'),
('mekanika'),
('mekanikgraha'),
('mekanis'),
('mekanisasi'),
('mekanisme'),
('mekap'),
('mekar'),
('meko'),
('mekonium'),
('mel'),
('melabuai'),
('melambang'),
('Melanesia'),
('melangkup'),
('melanin'),
('melanisme'),
('melankolia'),
('melankolis'),
('melankonis'),
('melanoderma'),
('melar'),
('melas'),
('melase'),
('melasma'),
('melati'),
('melawah'),
('melek'),
('meleng'),
('meler'),
('melesek'),
('meleset'),
('melik'),
('melinjo'),
('melit'),
('melitofili'),
('meliwis'),
('melodi'),
('melodika'),
('melodius'),
('melodrama'),
('melodramatik'),
('melodramatis'),
('melon'),
('melor'),
('melotot'),
('melpari'),
('melukut'),
('melulu'),
('melur'),
('memang'),
('memar'),
('membal'),
('memble'),
('membran'),
('memedi'),
('memek'),
('memo'),
('memoar'),
('memorabilia'),
('memorandum'),
('memorat'),
('memori'),
('memorial'),
('mempan'),
('mempelai'),
('mempelam'),
('mempelas'),
('mempelasari'),
('mempelashari'),
('mempening'),
('memper'),
('mempitis'),
('mempurung'),
('memutah'),
('menaga'),
('menak'),
('menampun'),
('menang'),
('menantu'),
('menara'),
('menat'),
('mencak'),
('menceng'),
('menceret'),
('mencit'),
('menclok'),
('mencok'),
('mencong'),
('mencos'),
('mencret'),
('mendak'),
('mendap'),
('mendapa'),
('mendeleka'),
('mendelevium'),
('mendeng'),
('mendiang'),
('mendikai'),
('mending'),
('mendira'),
('mendoan'),
('mendonan'),
('mendong'),
('mendreng'),
('mendu'),
('mendung'),
('mendur'),
('mendura'),
('mendut'),
('menep'),
('menepaat'),
('mengah'),
('mengangah'),
('mengap'),
('mengapmendam'),
('mengeh'),
('mengerawan'),
('mengerna'),
('menget'),
('mengga'),
('menggala'),
('menggusta'),
('mengi'),
('mengicip'),
('mengirat'),
('mengkal'),
('mengkali'),
('mengkaras'),
('mengkelan'),
('mengkerang'),
('mengkeret'),
('mengking'),
('mengkirai'),
('mengkis'),
('mengkona'),
('mengkudu'),
('mengok'),
('mengor'),
('mengot'),
('mengsol'),
('mengsong'),
('mengung'),
('menhir'),
('meni'),
('meningitis'),
('menir'),
('meniran'),
('meniskus'),
('menit'),
('menjangan'),
('menjelai'),
('menong'),
('menopause'),
('menor'),
('menoragia'),
('menostaksis'),
('mens'),
('Menserendahi'),
('mensiang'),
('menstruasi'),
('mensurasi'),
('mentah'),
('mentak'),
('mental'),
('mentalitas'),
('mentang'),
('mentari'),
('mentaruh'),
('mentas'),
('mentaus'),
('mentega'),
('menteleng'),
('menteng'),
('mentereng'),
('menteri'),
('mentibu'),
('mentifakta'),
('mentigi'),
('mentilau'),
('mentimun'),
('mentis'),
('mentok'),
('mentol'),
('mentolo'),
('mentor'),
('mentora'),
('mentul'),
('menu'),
('menuet'),
('menung'),
('menur'),
('meong'),
('mepet'),
('meracang'),
('merah'),
('merajak'),
('merakan'),
('meralgia'),
('merambai'),
('merambung'),
('merana'),
('merang'),
('meranggi'),
('merangsi'),
('merangu'),
('meranti'),
('merat'),
('merawal'),
('merbah'),
('merbau'),
('merbaya'),
('merbuk'),
('merbulan'),
('mercon'),
('mercu'),
('mercusuar'),
('merdangga'),
('merdeka'),
('merdesa'),
('merdinah'),
('merdu'),
('merduk'),
('mere'),
('merek'),
('mereka'),
('merem'),
('merembung'),
('mereng'),
('meres'),
('mergat'),
('merger'),
('mergul'),
('meri'),
('meriam'),
('meriang'),
('merica'),
('meridian'),
('merih'),
('merik'),
('merikan'),
('merikarp'),
('mering'),
('meristem'),
('merjan'),
('merkah'),
('merkantilisme'),
('merkubang'),
('merkuri'),
('merkurium'),
('Merkurius'),
('merkuro'),
('merkurokrom'),
('merlilin'),
('merlimau'),
('merogoni'),
('merot'),
('merpati'),
('merpaud'),
('merpitis'),
('merpoyan'),
('merserisasi'),
('mersik'),
('merta'),
('mertamu'),
('mertapal'),
('mertayam'),
('mertega'),
('mertelu'),
('mertua'),
('meru'),
('merubi'),
('merunggai'),
('merut'),
('merwatin'),
('mes'),
('Mesa'),
('mesan'),
('mesara'),
('mesem'),
('mesin'),
('mesiu'),
('meskalina'),
('meski'),
('mesmerisme'),
('mesoderm'),
('mesodermik'),
('mesofili'),
('mesofit'),
('mesolitik'),
('mesolitikum'),
('mesometeorologi'),
('mesomorf'),
('meson'),
('mesopause'),
('mesosfer'),
('mesotel'),
('mesotoraks'),
('mesozoa'),
('mesozoikum'),
('mesra'),
('mesti'),
('mestika'),
('mestizo'),
('mesum'),
('mesut'),
('meta'),
('metabahasa'),
('metabolik'),
('metabolis'),
('metabolisme'),
('metabolit'),
('metafil'),
('metafisik'),
('metafisika'),
('metafora'),
('metaforis'),
('metah'),
('metai'),
('metal'),
('metalik'),
('metalinguistik'),
('metalografi'),
('metaloid'),
('metalurgi'),
('metalurgis'),
('metamorf'),
('metamorfis'),
('metamorfisme'),
('metamorfosis'),
('metana'),
('metanefros'),
('metanol'),
('metari'),
('metasenter'),
('metastasis'),
('metatarsus'),
('metatesis'),
('metazoa'),
('mete'),
('meteor'),
('meteorit'),
('meteorograf'),
('meteorogram'),
('meteoroid'),
('meteorologi'),
('meteorologis'),
('meteorologiwan'),
('meter'),
('meterai'),
('metil'),
('metode'),
('metodik'),
('metodis'),
('metodologi'),
('metonimi'),
('metonimia'),
('metrik'),
('metris'),
('metro'),
('metrologi'),
('metromini'),
('metronimik'),
('metronom'),
('metronomis'),
('metropolis'),
('metropolisasi'),
('metropolitan'),
('metroragia'),
('metrum'),
('meunasah'),
('mewah'),
('mewari'),
('mewek'),
('mezanin'),
('mezbah'),
('mezosopran'),
('miak'),
('miana'),
('miang'),
('miap'),
('miasma'),
('midar'),
('midi'),
('midik'),
('midodareni'),
('mieloma'),
('migrain'),
('migran'),
('migrasi'),
('migren'),
('mihrab'),
('mihun'),
('miiofili'),
('mijil'),
('miju'),
('mik'),
('mika'),
('mikat'),
('mikologi'),
('mikologiwan'),
('mikoprotein'),
('mikosis'),
('mikotoksin'),
('mikraj'),
('mikro'),
('mikroanalisis'),
('mikroangiopati'),
('mikrob'),
('mikrobiologi'),
('mikrobiologis'),
('mikrobisida'),
('mikrobus'),
('mikroekonomi'),
('mikroelektronika'),
('mikroelemen'),
('mikrofag'),
('mikrofarad'),
('mikrofilm'),
('mikrofita'),
('mikrofon'),
('mikrofotografi'),
('mikrogelombang'),
('mikrograf'),
('mikrografika'),
('mikrogram'),
('mikrohabitat'),
('mikrohistori'),
('mikrohm'),
('mikroklimat'),
('mikrokomputer'),
('mikrokosmos'),
('mikrolet'),
('mikrolinguistik'),
('mikrolit'),
('mikromanipulasi'),
('mikrometer'),
('mikrometri'),
('mikron'),
('mikroorganisme'),
('mikroprosesor'),
('mikrosefalia'),
('mikrosekon'),
('mikroskop'),
('mikroskopis'),
('mikrospora'),
('mikrotom'),
('mikrovilus'),
('mikrowatt'),
('mikser'),
('miksoedema'),
('mil'),
('milad'),
('milenium'),
('miliampere'),
('miliar'),
('miliarder'),
('miliaria'),
('miliarwan'),
('milibar'),
('milieu'),
('miligram'),
('milik'),
('mililiter'),
('milimeter'),
('milimikron'),
('milimol'),
('milioner'),
('milir'),
('milisi'),
('militan'),
('militansi'),
('militer'),
('militerisme'),
('militeristis'),
('miliun'),
('miliuner'),
('milivolt'),
('milu'),
('mim'),
('mimbar'),
('mimeograf'),
('mimesis'),
('mimi'),
('mimik'),
('mimikri'),
('mimis'),
('mimisan'),
('mimosa'),
('mimpi'),
('min'),
('minat'),
('minder'),
('mindi'),
('mindoan'),
('mindring'),
('mineral'),
('mineralisasi'),
('mineralogi'),
('mineralogis'),
('minggat'),
('minggir'),
('Minggu'),
('minhaj'),
('mini'),
('miniatur'),
('minibasket'),
('minibus'),
('minikar'),
('minikata'),
('minikomputer'),
('minim'),
('minimal'),
('minimarket'),
('minimum'),
('minium'),
('minor'),
('minoritas'),
('minta'),
('mintak'),
('mintakat'),
('mintakulburuj'),
('minterat'),
('Mintuna'),
('minum'),
('minus'),
('minyak'),
('mioglobin'),
('miokardia'),
('mioma'),
('miop'),
('miopia'),
('miosis'),
('miotik'),
('mipis'),
('mirah'),
('mirakel'),
('mirat'),
('miriapod'),
('mirih'),
('mirik'),
('miring'),
('mirip'),
('miris'),
('mirmekofag'),
('mirmekofili'),
('mirmekologi'),
('misa'),
('misai'),
('misal'),
('misan'),
('misantrop'),
('misbah'),
('misdinar'),
('misi'),
('misil'),
('misiologi'),
('misionaris'),
('misioner'),
('miskal'),
('miskin'),
('miskram'),
('misoa'),
('misofobia'),
('misogami'),
('misoginis'),
('mispersepsi'),
('mistar'),
('mister'),
('misteri'),
('misterius'),
('mistik'),
('mistis'),
('mistisisme'),
('mistri'),
('misuh'),
('miswat'),
('mitasi'),
('mite'),
('mitisida'),
('mitogen'),
('mitologi'),
('mitologis'),
('mitos'),
('mitosis'),
('mitra'),
('mitraliur'),
('mitrasejajar'),
('mizab'),
('mizan'),
('mnemonik'),
('mob'),
('mobil'),
('mobilet'),
('mobilisasi'),
('mobilisator'),
('mobilitas'),
('moblong'),
('mobokrasi'),
('mochi'),
('modal'),
('modalitas'),
('modar'),
('mode'),
('model'),
('modeling'),
('modem'),
('moderamen'),
('moderat'),
('moderato'),
('moderator'),
('modern'),
('modernisasi'),
('modernisme'),
('modernitas'),
('modernomaniak'),
('modifikasi'),
('modifikatif'),
('modin'),
('modis'),
('modiste'),
('modul'),
('modular'),
('modulasi'),
('modulator'),
('modus'),
('mofet'),
('moga'),
('mogok'),
('mohair'),
('mohon'),
('mohor'),
('mojah'),
('mojang'),
('mok'),
('moka'),
('moke'),
('moko'),
('moksa'),
('mol'),
('mola'),
('molar'),
('mole'),
('molek'),
('molekul'),
('molekuler'),
('moler'),
('moles'),
('molibden'),
('molibdenum'),
('molor'),
('molos'),
('molotov'),
('moluska'),
('momen'),
('momental'),
('momentum'),
('momok'),
('momong'),
('monarki'),
('moncong'),
('moncor'),
('mondial'),
('mondok'),
('mondolan'),
('mondong'),
('monel'),
('moneter'),
('monggol'),
('mongkok'),
('mongmong'),
('mongolisme'),
('mongoloid'),
('monisme'),
('monitor'),
('mono'),
('monoatom'),
('monodi'),
('monodrama'),
('monofag'),
('monofobia'),
('monofonir'),
('monogam'),
('monogami'),
('monogini'),
('monografi'),
('monogram'),
('monokarpa'),
('monokel'),
('monokini'),
('monoklin'),
('monoklinal'),
('monokotil'),
('monokotiledon'),
('monokrasi'),
('monokrom'),
('monokromatis'),
('monokromator'),
('monoksida'),
('monokultur'),
('monolingual'),
('monolit'),
('monolitik'),
('monolog'),
('monoloyalitas'),
('monomania'),
('monomer'),
('monoploid'),
('monopoli'),
('monopolistik'),
('monopsoni'),
('monorel'),
('monosakarida'),
('monosem'),
('monosemantik'),
('monosilabel'),
('monosilabisme'),
('monosit'),
('monospermi'),
('monoteis'),
('monoteisme'),
('monotipe'),
('monoton'),
('monsinyur'),
('monster'),
('monstera'),
('monsun'),
('montase'),
('montir'),
('montit'),
('montok'),
('monumen'),
('monumental'),
('monyet'),
('monyong'),
('monyos'),
('mop'),
('mopela'),
('mopit'),
('morak'),
('moral'),
('moralis'),
('moralisasi'),
('moralisme'),
('moralistis'),
('moralitas'),
('moratorium'),
('morbiditas'),
('morbili'),
('mordan'),
('moreng'),
('mores'),
('morf'),
('morfem'),
('morfemik'),
('morfemis'),
('morfin'),
('morfinis'),
('morfofonem'),
('morfofonemik'),
('morfofonemis'),
('morfofonologi'),
('morfogenesis'),
('morfologi'),
('morfzero'),
('mori'),
('moril'),
('mormon'),
('moron'),
('morong'),
('mortalitas'),
('mortar'),
('mortir'),
('mosaik'),
('mosi'),
('moster'),
('mota'),
('motel'),
('motif'),
('motivasi'),
('motivator'),
('moto'),
('motor'),
('motorik'),
('motoris'),
('motorisasi'),
('moyang'),
('mozaik'),
('mua'),
('muai'),
('muak'),
('muakadah'),
('mual'),
('mualaf'),
('mualamat'),
('mualif'),
('mualim'),
('muamalah'),
('muamalat'),
('muanas'),
('muara'),
('muarikh'),
('muas'),
('muasasah'),
('muasir'),
('muat'),
('muazam'),
('muazin'),
('mubah'),
('mubalig'),
('mubaligah'),
('mubarak'),
('mubarat'),
('mubazir'),
('mubtadi'),
('mubut'),
('mud'),
('muda'),
('mudah'),
('mudarabah'),
('mudarat'),
('mudasir'),
('mudat'),
('mudigah'),
('mudik'),
('mudra'),
('mudun'),
('mufaham'),
('mufakat'),
('mufarik'),
('mufasal'),
('mufasir'),
('muflis'),
('mufrad'),
('mufsidin'),
('mufti'),
('mugabat'),
('muhabah'),
('muhadarah'),
('muhadat'),
('muhajat'),
('muhajir'),
('muhajirin'),
('muhal'),
('muhalil'),
('muhami'),
('Muhammad'),
('Muharam'),
('muhasabah'),
('muhib'),
('muhibah'),
('muhit'),
('muhlikah'),
('muhrim'),
('muhsin'),
('muhtasyam'),
('muih'),
('mujadalah'),
('mujadid'),
('mujahadat'),
('mujahid'),
('mujahidin'),
('mujair'),
('mujang'),
('mujarab'),
('mujarad'),
('mujari'),
('mujbir'),
('mujtahid'),
('mujtamak'),
('mujur'),
('muka'),
('mukabalah'),
('mukadam'),
('mukadas'),
('mukadim'),
('mukadimah'),
('mukadis'),
('mukah'),
('mukalaf'),
('mukalid'),
('mukaram'),
('mukatabah'),
('mukena'),
('mukhabarah'),
('mukhalaf'),
('mukhalafah'),
('mukhalif'),
('mukhalis'),
('mukhlis'),
('mukhtasar'),
('mukibat'),
('mukim'),
('mukimin'),
('mukjizat'),
('mukmin'),
('mukminat'),
('mukminin'),
('mukoprotein'),
('mukosa'),
('mukositis'),
('muktabar'),
('muktamad'),
('muktamar'),
('muktamirin'),
('muktazilah'),
('mukun'),
('mula'),
('mulai'),
('mulakat'),
('mulamasah'),
('mulas'),
('mulato'),
('mulazamah'),
('mulhid'),
('mulia'),
('muliawan'),
('mullah'),
('mulsa'),
('multazam'),
('multibahasa'),
('multibahasawan'),
('multidimensi'),
('multidisipliner'),
('multietnik'),
('multifaset'),
('multifungsi'),
('multigravida'),
('multiguna'),
('multijutawan'),
('multikompleks'),
('multikrisis'),
('multikultur'),
('multikulturalisme'),
('multilateral'),
('multilingual'),
('multilingualisme'),
('multimedia'),
('multimeter'),
('multimilioner'),
('multinasional'),
('multinegara'),
('multiorgan'),
('multipara'),
('multipel'),
('multipleks'),
('multiplikasi'),
('multiplikator'),
('multipolar'),
('multiprosesor'),
('multirasial'),
('multirasialisme'),
('multiseluler'),
('multivalen'),
('multivalensi'),
('multivitamin'),
('muluk'),
('mulur'),
('mulus'),
('mulut'),
('mumayiz'),
('mumbang'),
('mumbul'),
('mumbung'),
('mumet'),
('mumi'),
('mumifikasi'),
('mumpung'),
('mumpuni'),
('mumuk'),
('mumut'),
('munafik'),
('munafikin'),
('munajat'),
('munajim'),
('munasabah'),
('muncang'),
('munci'),
('muncikari'),
('muncrat'),
('muncul'),
('muncus'),
('mundam'),
('munding'),
('mundu'),
('mundur'),
('mung'),
('munggu'),
('munggur'),
('mungil'),
('mungkar'),
('mungkin'),
('mungkir'),
('mungkum'),
('mungkur'),
('mungmung'),
('mungsi'),
('mungut'),
('munib'),
('munjung'),
('muno'),
('munsyi'),
('muntaber'),
('muntah'),
('muntaha'),
('muntu'),
('muntul'),
('muntup'),
('munyuk'),
('muon'),
('mupus'),
('mur'),
('mura'),
('murad'),
('muradif'),
('murah'),
('murai'),
('murakab'),
('murakabi'),
('mural'),
('muram'),
('murang'),
('muras'),
('murbei'),
('murca'),
('muri'),
('murid'),
('muring'),
('muris'),
('murka'),
('murni'),
('mursal'),
('mursyid'),
('murtad'),
('muruah'),
('murung'),
('murup'),
('murus'),
('mus'),
('musaadah'),
('musabab'),
('musabaqah'),
('musafir'),
('musafirin'),
('musakat'),
('musala'),
('musang'),
('musara'),
('museolog'),
('museologi'),
('museum'),
('mushaf'),
('musibah'),
('musik'),
('musikal'),
('musikalisasi'),
('musikalitas'),
('musikolog'),
('musikologi'),
('musikologis'),
('musikus'),
('musim'),
('musisi'),
('muskil'),
('muskovit'),
('muslih'),
('muslihat'),
('muslim'),
('muslimat'),
('muslimin'),
('muslin'),
('musnah'),
('muspra'),
('mustahak'),
('mustahik'),
('mustahil'),
('mustaid'),
('mustajab'),
('mustaka'),
('mustakim'),
('mustamik'),
('mustang'),
('musuh'),
('musyarakah'),
('musyarakat'),
('musyarik'),
('musyawarah'),
('musyrik'),
('musyrikin'),
('musytak'),
('musytari'),
('mutagen'),
('mutah'),
('mutakadim'),
('mutakalim'),
('mutakhir'),
('mutaki'),
('mutalaah'),
('mutan'),
('mutasawif'),
('mutasi'),
('mutawif'),
('mute'),
('mutiara'),
('mutih'),
('mutilasi'),
('mutisme'),
('mutlak'),
('mutmainah'),
('mutu'),
('mutualisme'),
('mutung'),
('muwafakat'),
('muwahid'),
('muwajahah'),
('muwakal'),
('muwakil'),
('muwari'),
('muzah'),
('muzakar'),
('muzakarah'),
('muzaki'),
('muzamil'),
('muzawir'),
('muzhab'),
('naam'),
('nabatah'),
('nabati'),
('nabi'),
('nabu'),
('nada'),
('nadi'),
('nadim'),
('nadir'),
('naf'),
('nafar'),
('nafi'),
('nafiri'),
('nafkah'),
('nafsi'),
('nafsu'),
('nafta'),
('naftalena'),
('naftena'),
('naftol'),
('naga'),
('nagam'),
('nagara'),
('nagari'),
('nagasari'),
('nah'),
('nahak'),
('nahas'),
('nahdiyin'),
('nahi'),
('nahkoda'),
('nahu'),
('naib'),
('naif'),
('naik'),
('naikkelas'),
('naim'),
('najam'),
('najasah'),
('najis'),
('nak'),
('naka'),
('nakal'),
('nakara'),
('nakhoda'),
('nal'),
('nala'),
('nalam'),
('nalar'),
('nali'),
('naluri'),
('naluriah'),
('nama'),
('namaskara'),
('namatad'),
('namatium'),
('nambi'),
('namnam'),
('nampan'),
('namun'),
('nan'),
('nanah'),
('nanang'),
('nanap'),
('nanaplankton'),
('nanar'),
('nanas'),
('nandu'),
('nandung'),
('nang'),
('nangka'),
('nangkring'),
('nangui'),
('naning'),
('nanofarad'),
('nanofosil'),
('nanogram'),
('nanometer'),
('nanti'),
('napal'),
('napalm'),
('napas'),
('napuh'),
('naqal'),
('naqli'),
('nara'),
('narablog'),
('narapati'),
('narapidana'),
('narapraja'),
('narasi'),
('narasumber'),
('naratif'),
('narator'),
('narkolepsi'),
('narkomaniak'),
('narkose'),
('narkosis'),
('narkotik'),
('narpati'),
('narsis'),
('narsisisme'),
('narsisme'),
('narwastu'),
('nas'),
('nasab'),
('nasabah'),
('nasakh'),
('nasal'),
('nasalisasi'),
('nasar'),
('nasehat'),
('nasel'),
('nasi'),
('nasib'),
('nasihat'),
('nasion'),
('nasional'),
('nasionalis'),
('nasionalisasi'),
('nasionalisme'),
('nasionalistis'),
('nasionisme'),
('naskah'),
('nasofaring'),
('Nasrani'),
('nasti'),
('nasut'),
('natal'),
('natalitas'),
('natang'),
('natar'),
('nativis'),
('nativisme'),
('nativistik'),
('natolokal'),
('natrium'),
('natur'),
('natura'),
('natural'),
('naturalis'),
('naturalisasi'),
('naturalisme'),
('naturalistis'),
('naturopatis'),
('naung'),
('nauplius'),
('nausea'),
('nautik'),
('nautika'),
('nautikal'),
('nautilus'),
('navigasi'),
('navigator'),
('nawa'),
('nawaitu'),
('nawala'),
('nawalapatra'),
('nawalapradata'),
('nayaka'),
('nayam'),
('nayap'),
('nazam'),
('nazar'),
('Nazi'),
('naziisme'),
('nazim'),
('nazir'),
('ndoro'),
('ndoroisme'),
('neala'),
('nealogi'),
('nebeng'),
('nebula'),
('nebulium'),
('neces'),
('necis'),
('nefoskop'),
('nefrektomi'),
('nefridium'),
('nefrit'),
('nefritis'),
('nefroblastoma'),
('nefrologi'),
('nefron'),
('nefrosis'),
('negara'),
('negarawan'),
('negasi'),
('negatif'),
('negativisme'),
('negativistik'),
('Neger'),
('negosi'),
('negosiasi'),
('negosiator'),
('negrito'),
('Negro'),
('negroid'),
('Negus'),
('nek'),
('neka'),
('nekad'),
('nekara'),
('nekat'),
('nekel'),
('nekoneko'),
('nekrofag'),
('nekrofagus'),
('nekrofili'),
('nekrofilia'),
('nekrogeografi'),
('nekrolog'),
('nekrologi'),
('nekromansi'),
('nekropolis'),
('nekropsi'),
('nekrosis'),
('neksus'),
('nektar'),
('nelangsa'),
('nelayan'),
('nemagon'),
('nematoda'),
('nematologi'),
('nematosida'),
('nematosis'),
('nenda'),
('nendatan'),
('nenek'),
('nenekanda'),
('nenen'),
('nenenda'),
('nener'),
('nenes'),
('neng'),
('neodarwinisme'),
('neodimium'),
('neofeodalisme'),
('neofeodalistis'),
('neoiknologi'),
('neoimpresionisme'),
('neokarpi'),
('neoklasik'),
('neoklasisme'),
('neokolonialisme'),
('neoliberalisme'),
('neolit'),
('neolitik'),
('neolitikum'),
('neologi'),
('neologisme'),
('neolokal'),
('neon'),
('neonatal'),
('neonatus'),
('neontologi'),
('neoplasma'),
('neoplatonisme'),
('neoprena'),
('neositosis'),
('neotipologi'),
('neovirus'),
('neozoikum'),
('nepotis'),
('nepotisme'),
('neptunium'),
('Neptunus'),
('neraca'),
('neraka'),
('neraksarak'),
('neritik'),
('neritopelagik'),
('neritoplankton'),
('nervasi'),
('nervur'),
('nestapa'),
('nestor'),
('net'),
('neto'),
('netra'),
('netral'),
('netralis'),
('netralisasi'),
('netralisme'),
('netralitas'),
('neural'),
('neuralgia'),
('neurastenia'),
('neuritis'),
('neuroblastoma'),
('neuroglia'),
('neurolinguistik'),
('neurolog'),
('neurologi'),
('neurologis'),
('neuron'),
('neurosis'),
('neurotik'),
('neurotransmiter'),
('neustonologi'),
('neutrino'),
('neutron'),
('newton'),
('ngaben'),
('ngakngikngok'),
('ngalau'),
('nganga'),
('ngarai'),
('ngeang'),
('ngebet'),
('ngebut'),
('ngeceng'),
('ngeden'),
('ngenas'),
('ngengat'),
('ngeong'),
('ngeri'),
('ngiang'),
('ngilu'),
('ngoko'),
('ngoyo'),
('ngung'),
('nia'),
('niaga'),
('niagawan'),
('nian'),
('niasin'),
('niat'),
('nibung'),
('nidasi'),
('nidera'),
('nidikola'),
('nidulus'),
('nifak'),
('nifas'),
('nih'),
('nihil'),
('nihilis'),
('nihilisme'),
('nijas'),
('nik'),
('nikah'),
('nikel'),
('nikmat'),
('nikotin'),
('niktigami'),
('nila'),
('nilai'),
('nilakandi'),
('nilam'),
('nilau'),
('nilon'),
('nimbostratus'),
('nimbrung'),
('nimfomania'),
('ninabobo'),
('ning'),
('ningnong'),
('ningrat'),
('nini'),
('ninik'),
('ninitowok'),
('niobium'),
('nipah'),
('nipis'),
('nira'),
('niraksara'),
('niraksarawan'),
('nirgagasan'),
('nirgesekan'),
('nirguna'),
('nirkabel'),
('nirlaba'),
('nirleka'),
('nirmala'),
('nirselera'),
('nirwana'),
('nirwarta'),
('nisab'),
('nisan'),
('nisbah'),
('nisbi'),
('niscaya'),
('niskala'),
('nista'),
('nistagmus'),
('nistatin'),
('nitrat'),
('nitrifikasi'),
('nitrobenzena'),
('nitrofili'),
('nitrofit'),
('nitrogen'),
('nitrogliserin'),
('nitroselulosa'),
('niyaga'),
('noa'),
('nobat'),
('nobelium'),
('noda'),
('nodulus'),
('nodus'),
('noja'),
('noken'),
('noktah'),
('nokturia'),
('nokturnal'),
('nol'),
('nomad'),
('nomenklatur'),
('nomina'),
('nominal'),
('nominalisasi'),
('nominalisme'),
('nominasi'),
('nominatif'),
('nominator'),
('nomine'),
('nomogram'),
('nomokrasi'),
('nomor'),
('nomplok'),
('non'),
('nonagresi'),
('nonaktif'),
('nonblok'),
('nondepartemen'),
('nondepartemental'),
('none'),
('nonekonomi'),
('noneksakta'),
('nonfiksi'),
('nonformal'),
('nongol'),
('nonhistoris'),
('noni'),
('nonilium'),
('nonindustri'),
('nonintervensi'),
('nonius'),
('nonkimia'),
('nonkombatan'),
('nonkonvensional'),
('nonkooperasi'),
('nonkooperatif'),
('nonmedis'),
('nonmigas'),
('nonmiliter'),
('nonok'),
('nonol'),
('nonong'),
('nonpatogenik'),
('nonpemerintah'),
('nonpolitik'),
('nonpredikatif'),
('nonpribumi'),
('nonproduktif'),
('nonprofit'),
('nonprotein'),
('nonsens'),
('nonsilabis'),
('nonstandar'),
('nonstop'),
('nonteknis'),
('nontradisional'),
('nonverbal'),
('nopek'),
('norak'),
('norit'),
('norma'),
('normal'),
('normalisasi'),
('normatif'),
('nosologi'),
('nostalgia'),
('nostrum'),
('not'),
('nota'),
('notabene'),
('notariat'),
('notaris'),
('notasi'),
('notes'),
('notifikasi'),
('notula'),
('notulis'),
('nova'),
('novel'),
('novela'),
('novelet'),
('novelis'),
('November'),
('novena'),
('novokaina'),
('nrima'),
('nuansa'),
('nubuat'),
('nudis'),
('nudisme'),
('nugat'),
('nugraha'),
('nujum'),
('nukil'),
('nukleat'),
('nukleolus'),
('nukleon'),
('nukleoprotein'),
('nukleus'),
('nuklida'),
('nuklir'),
('nulipara'),
('numeralia'),
('numerik'),
('numeris'),
('numismatika'),
('nun'),
('nunatak'),
('nung'),
('nunsius'),
('nunut'),
('nur'),
('nuraga'),
('nurani'),
('nurbisa'),
('nuri'),
('nuriah'),
('nus'),
('nusaindah'),
('nusantara'),
('nusyu'),
('nutan'),
('nutasi'),
('nutfah'),
('nutriea'),
('nutrisi'),
('nutrisionis'),
('nutrisisme'),
('nuzul'),
('NuzululQuran'),
('nyai'),
('nyak'),
('nyala'),
('nyalang'),
('nyalar'),
('nyale'),
('nyali'),
('nyaman'),
('nyambing'),
('nyamik'),
('nyamleng'),
('nyampang'),
('nyamplung'),
('nyamuk'),
('nyamur'),
('nyana'),
('nyang'),
('nyanya'),
('nyanyah'),
('nyanyang'),
('nyanyar'),
('nyanyi'),
('nyanyu'),
('nyanyuk'),
('nyapang'),
('nyapnyap'),
('nyarang'),
('nyarik'),
('nyaring'),
('nyaris'),
('nyata'),
('nyatuh'),
('nyawa'),
('nyawang'),
('nyelekit'),
('nyemplong'),
('nyentrik'),
('nyenyai'),
('nyenyak'),
('nyenyat'),
('nyenyeh'),
('nyenyep'),
('Nyepi'),
('nyeri'),
('nyerocos'),
('nyi'),
('nyingnying'),
('nyinyir'),
('nyiri'),
('nyiru'),
('nyit'),
('nyiur'),
('nyolnyolan'),
('nyolo'),
('nyoman'),
('nyong'),
('nyonya'),
('nyonyeh'),
('nyonyong'),
('nyonyor'),
('nyungsung'),
('nyunyut'),
('nyureng'),
('nyut'),
('oase'),
('oasis'),
('obar'),
('obat'),
('obduksi'),
('obelisk'),
('obeng'),
('obesitas'),
('obi'),
('obituarium'),
('objek'),
('objektif'),
('objektivisme'),
('objektivitas'),
('oblak'),
('oblasi'),
('obligasi'),
('oblong'),
('obo'),
('obor'),
('obral'),
('obras'),
('obrol'),
('obrus'),
('observasi'),
('observatorium'),
('obsesi'),
('obsesif'),
('obsidian'),
('obsolet'),
('obstetri'),
('obstruen'),
('obstruksi'),
('obviatif'),
('obyek'),
('obyektif'),
('obyektivisme'),
('obyektivitas'),
('oceh'),
('odalan'),
('ode'),
('odekolonye'),
('odinometer'),
('oditur'),
('odoh'),
('odol'),
('odometer'),
('odontoblas'),
('odontoid'),
('odontologi'),
('odoran'),
('oersted'),
('ofensif'),
('oferte'),
('ofisial'),
('ofset'),
('oftalmia'),
('oftalmoskop'),
('oga'),
('ogah'),
('ogam'),
('ogel'),
('ogok'),
('ogonium'),
('ohm'),
('ohmmeter'),
('oja'),
('ojeg'),
('ojek'),
('ojok'),
('okarina'),
('oke'),
('oker'),
('oklokrasi'),
('oklusi'),
('oklusif'),
('oknum'),
('okok'),
('oksalat'),
('oksiasetilena'),
('oksida'),
('oksidan'),
('oksidasi'),
('oksidator'),
('oksigen'),
('oksigenase'),
('oksimoron'),
('oksitetrasiklin'),
('oksiton'),
('oktaf'),
('oktagon'),
('oktahedron'),
('oktal'),
('oktana'),
('oktet'),
('Oktober'),
('oktroi'),
('okulasi'),
('okuler'),
('okulis'),
('okultis'),
('okultisme'),
('okupasi'),
('okupasional'),
('olah'),
('olahgerak'),
('olahraga'),
('olahragawan'),
('olahtubuh'),
('olak'),
('Olanda'),
('oleander'),
('olefin'),
('oleh'),
('olek'),
('oleng'),
('oleografi'),
('oleometer'),
('oleovitamin'),
('oles'),
('olet'),
('oleum'),
('oli'),
('oligarki'),
('oligofagus'),
('oligofrenia'),
('oligopoli'),
('oligopolistis'),
('oligopsoni'),
('oligosen'),
('oligositemia'),
('oligotrofik'),
('oliman'),
('Olimpiade'),
('oliva'),
('olivin'),
('olok'),
('om'),
('oma'),
('ombak'),
('ombyok'),
('omega'),
('omel'),
('omikron'),
('omnibus'),
('omnivor'),
('omong'),
('ompol'),
('ompong'),
('ompreng'),
('omprong'),
('ompu'),
('omset'),
('omslah'),
('omswastiastu'),
('omzet'),
('onagata'),
('onak'),
('onani'),
('onar'),
('oncat'),
('once'),
('oncek'),
('oncen'),
('oncer'),
('oncom'),
('oncor'),
('onder'),
('onderdil'),
('onderdistrik'),
('onderneming'),
('onderok'),
('ondo'),
('ondoafi'),
('ondok'),
('ondos'),
('ong'),
('ongahangih'),
('ongeh'),
('onggok'),
('ongji'),
('ongkang'),
('ongkok'),
('ongkos'),
('ongok'),
('oniks'),
('onkogen'),
('onkologi'),
('onomasiologi'),
('onomastika'),
('onomatologi'),
('onomatope'),
('ons'),
('onslah'),
('ontogeni'),
('ontologi'),
('ontologis'),
('onyang'),
('onyok'),
('onyot'),
('oogenesis'),
('oolit'),
('opa'),
('opak'),
('opal'),
('opalesen'),
('opas'),
('opasitas'),
('opelet'),
('open'),
('opendim'),
('openkap'),
('oper'),
('opera'),
('operasi'),
('operasional'),
('operasionalisasi'),
('operatif'),
('operator'),
('operet'),
('operkulum'),
('opini'),
('opisometer'),
('opium'),
('oplah'),
('oplet'),
('oplos'),
('opmak'),
('opname'),
('oponen'),
('opor'),
('oportunis');
INSERT INTO `katadasar` (`kata`) VALUES
('oportunisme'),
('oportunistis'),
('oportunitas'),
('oposan'),
('oposisi'),
('oppo'),
('opsen'),
('opseter'),
('opsi'),
('opsin'),
('opsiner'),
('opsional'),
('opsir'),
('opstal'),
('optatif'),
('optik'),
('optika'),
('optimal'),
('optimis'),
('optimisme'),
('optimistis'),
('optimum'),
('optis'),
('optisien'),
('optoelektronika'),
('optometri'),
('optometris'),
('opus'),
('orak'),
('orakel'),
('oral'),
('oralit'),
('orang'),
('oranye'),
('orasi'),
('orator'),
('oratoria'),
('oratoris'),
('oratorium'),
('orbit'),
('orbita'),
('orbital'),
('orde'),
('order'),
('ordi'),
('ordinal'),
('ordinasi'),
('ordinat'),
('ordiner'),
('ordner'),
('ordo'),
('ordonans'),
('ordonansi'),
('oren'),
('oreng'),
('oreol'),
('oret'),
('organ'),
('organdi'),
('organel'),
('organik'),
('organis'),
('organisasi'),
('organisator'),
('organisatoris'),
('organisme'),
('organismus'),
('organogram'),
('organon'),
('orgasme'),
('orgasmik'),
('orgel'),
('orien'),
('oriental'),
('orientalis'),
('orientasi'),
('origami'),
('Orion'),
('orisinal'),
('orisinalitas'),
('orkes'),
('orkestra'),
('orkestrasi'),
('ornamen'),
('ornamental'),
('ornamentasi'),
('ornitologi'),
('ornitologis'),
('ornitosis'),
('orografi'),
('orografik'),
('orografis'),
('orok'),
('ortodidaktik'),
('ortodoks'),
('ortodoksi'),
('ortodrom'),
('ortoepi'),
('ortografi'),
('ortografis'),
('ortoklas'),
('ortopedagogik'),
('ortopedi'),
('ortopedis'),
('ose'),
('osean'),
('oseanarium'),
('oseanografi'),
('oseanologi'),
('osifikasi'),
('osikel'),
('osilasi'),
('osilator'),
('osilograf'),
('osilogram'),
('osiloskop'),
('oskulum'),
('osmium'),
('osmometer'),
('osmoregulasi'),
('osmose'),
('osmosis'),
('ostentasi'),
('osteoblas'),
('osteoklas'),
('osteologi'),
('osteopati'),
('osteoporosis'),
('ostium'),
('otak'),
('otar'),
('otek'),
('otentik'),
('oto'),
('otobus'),
('otofon'),
('otologi'),
('otomat'),
('otomatis'),
('otomatisasi'),
('otomobil'),
('otomotif'),
('otonom'),
('otonomi'),
('otopet'),
('otorisasi'),
('otoritas'),
('otoriter'),
('otoritet'),
('otoskop'),
('otot'),
('ototipi'),
('oval'),
('ovarium'),
('ovasi'),
('oven'),
('over'),
('overaktif'),
('overal'),
('overdosis'),
('overkompensasi'),
('overpopulasi'),
('overproduksi'),
('oversimplifikasi'),
('overste'),
('oviduk'),
('ovipar'),
('oviparitas'),
('ovipositor'),
('ovitesis'),
('ovovivipar'),
('ovulasi'),
('ovulum'),
('ovum'),
('oyak'),
('oyek'),
('oyok'),
('oyong'),
('oyot'),
('ozokerit'),
('ozon'),
('ozonisator'),
('ozonometer'),
('pabean'),
('pabrik'),
('pabrikan'),
('pabrikasi'),
('pacai'),
('pacak'),
('pacal'),
('pacangan'),
('pacar'),
('pacarcina'),
('pacau'),
('pace'),
('pacek'),
('paceklik'),
('pacet'),
('pacih'),
('pacik'),
('pacok'),
('pacu'),
('pacuk'),
('pacul'),
('pada'),
('padah'),
('padahal'),
('padak'),
('padam'),
('padan'),
('padang'),
('padas'),
('padasan'),
('padat'),
('padepokan'),
('padi'),
('padma'),
('padmasana'),
('padmi'),
('padri'),
('padu'),
('padudan'),
('paduk'),
('paduka'),
('paduraksa'),
('paedofil'),
('paes'),
('pagan'),
('paganisme'),
('pagar'),
('pagas'),
('pagebluk'),
('pagelaran'),
('pagi'),
('pagina'),
('pagoda'),
('pagon'),
('pagu'),
('pagun'),
('pagupon'),
('pagut'),
('paguyuban'),
('pah'),
('paha'),
('pahala'),
('paham'),
('pahang'),
('pahar'),
('pahat'),
('paheman'),
('pahit'),
('pahlawan'),
('pahter'),
('pai'),
('paidon'),
('pail'),
('pailit'),
('Paing'),
('pair'),
('pais'),
('paitua'),
('paja'),
('pajak'),
('pajan'),
('pajang'),
('pajuan'),
('pajuh'),
('pak'),
('pakai'),
('pakal'),
('pakan'),
('pakanira'),
('pakansi'),
('pakar'),
('pakaryan'),
('pakat'),
('pakau'),
('pakcik'),
('pakde'),
('pakem'),
('paket'),
('pakihang'),
('pakihi'),
('paking'),
('pakis'),
('paklik'),
('pakpui'),
('pakpung'),
('paksa'),
('paksi'),
('paksina'),
('pakta'),
('pakter'),
('paku'),
('pakuh'),
('pakuk'),
('pakuncen'),
('pakus'),
('pal'),
('pala'),
('paladium'),
('palagan'),
('palai'),
('palak'),
('palaka'),
('palam'),
('palamarta'),
('palang'),
('palapa'),
('palar'),
('palari'),
('palas'),
('palat'),
('palatabilitas'),
('palatal'),
('palatalisasi'),
('palatografi'),
('palatogram'),
('palatum'),
('palau'),
('palawija'),
('paldu'),
('pale'),
('palem'),
('palen'),
('paleoantropologi'),
('paleobotani'),
('paleoekologi'),
('paleogeografi'),
('paleografi'),
('paleografis'),
('paleoklimatologi'),
('paleolitik'),
('paleolitikum'),
('paleontologi'),
('paleosen'),
('paleozoikum'),
('pales'),
('palet'),
('paliatif'),
('palindrom'),
('paling'),
('palinologi'),
('palis'),
('palit'),
('palka'),
('pallawa'),
('palmarosa'),
('palmin'),
('palmistri'),
('palmitat'),
('palolo'),
('palpasi'),
('palsu'),
('paltu'),
('palu'),
('paluh'),
('palun'),
('palung'),
('palut'),
('pamah'),
('paman'),
('pameget'),
('pamer'),
('pamflet'),
('pamit'),
('pamong'),
('pamongpraja'),
('pamor'),
('pampa'),
('pampan'),
('pampang'),
('pampas'),
('pampat'),
('pamper'),
('pampiniform'),
('pamrih'),
('pamungkas'),
('pan'),
('pana'),
('panah'),
('panai'),
('panakawan'),
('panar'),
('panas'),
('panasea'),
('panau'),
('pancabicara'),
('pancabuta'),
('pancacita'),
('pancadarma'),
('pancaindra'),
('pancaka'),
('pancakara'),
('pancakembar'),
('pancal'),
('pancalima'),
('pancalogam'),
('pancalomba'),
('pancalongok'),
('pancamarga'),
('pancamuka'),
('pancang'),
('pancaniti'),
('pancapersada'),
('pancar'),
('pancaragam'),
('pancarajadiraja'),
('pancaroba'),
('pancarona'),
('pancarterus'),
('Pancasila'),
('Pancasilais'),
('pancasona'),
('pancasuara'),
('pancasuda'),
('pancausaha'),
('pancawalikrama'),
('pancawara'),
('pancawarna'),
('pancawarsa'),
('panci'),
('pancing'),
('pancir'),
('pancit'),
('panco'),
('pancong'),
('pancung'),
('pancur'),
('pancut'),
('pandai'),
('pandak'),
('pandam'),
('pandan'),
('pandang'),
('pandau'),
('pandawa'),
('pandega'),
('pandemi'),
('pandemik'),
('pandialektal'),
('pandir'),
('pandit'),
('pandom'),
('pandu'),
('panekuk'),
('panel'),
('panelis'),
('panembahan'),
('panembrama'),
('panen'),
('panewu'),
('pangabekti'),
('pangah'),
('pangan'),
('pangeran'),
('pangestu'),
('panggak'),
('panggal'),
('panggang'),
('panggar'),
('panggau'),
('panggih'),
('panggil'),
('panggon'),
('panggu'),
('panggul'),
('panggung'),
('pangkah'),
('pangkai'),
('pangkal'),
('pangkaltolak'),
('pangkas'),
('pangkat'),
('pangkek'),
('pangkin'),
('pangkon'),
('pangku'),
('pangkung'),
('pangkur'),
('panglima'),
('pangling'),
('panglong'),
('pangolat'),
('pangonan'),
('pangpet'),
('pangpung'),
('pangrehpraja'),
('pangrukti'),
('pangsa'),
('pangsek'),
('pangsi'),
('pangsit'),
('panguk'),
('pangur'),
('pangus'),
('panik'),
('paniki'),
('panil'),
('paninggil'),
('paningset'),
('panir'),
('paniradia'),
('panitera'),
('panitia'),
('panja'),
('panjak'),
('panjang'),
('panjar'),
('panjarwala'),
('panjat'),
('panji'),
('panjing'),
('panjul'),
('panjunan'),
('panjut'),
('pankreas'),
('pankromatis'),
('pankronis'),
('panlektal'),
('panleukopenia'),
('panoptikum'),
('panorama'),
('panser'),
('pantai'),
('pantak'),
('pantalon'),
('pantang'),
('pantar'),
('pantas'),
('pantat'),
('pantau'),
('panteis'),
('panteisme'),
('panteistis'),
('pantek'),
('Pantekosta'),
('panteon'),
('panter'),
('panti'),
('pantik'),
('panting'),
('pantis'),
('panto'),
('pantofel'),
('pantograf'),
('pantomim'),
('pantri'),
('pantul'),
('pantun'),
('panus'),
('panutan'),
('panyembrama'),
('papa'),
('papacang'),
('papah'),
('papain'),
('papak'),
('papakerma'),
('papan'),
('papar'),
('paparazi'),
('papas'),
('papatong'),
('papi'),
('papila'),
('papirus'),
('papras'),
('paprika'),
('papui'),
('par'),
('para'),
('parab'),
('parabasis'),
('parabel'),
('parabiosis'),
('parabola'),
('paradam'),
('parade'),
('paradigma'),
('paradigmatis'),
('paradiso'),
('paradoks'),
('paradoksal'),
('parados'),
('paraf'),
('parafasia'),
('parafemia'),
('parafin'),
('parafrasa'),
('parafrenia'),
('paragaster'),
('paragog'),
('paragon'),
('paragraf'),
('parah'),
('parak'),
('paralaks'),
('paraldehida'),
('paralel'),
('paralelisasi'),
('paralelisme'),
('paralelogram'),
('paralgesia'),
('paralinguistik'),
('paralinguistis'),
('paralipsis'),
('paralisis'),
('paralitis'),
('param'),
('paramarta'),
('paramasastra'),
('paramedis'),
('paramen'),
('parameter'),
('paramiliter'),
('paran'),
('parang'),
('paranoia'),
('paranoid'),
('paranormal'),
('paranpara'),
('parap'),
('parapalatal'),
('parapati'),
('paraplasme'),
('paraplegia'),
('parapodium'),
('parapsikolog'),
('parapsikologi'),
('paras'),
('parasetamol'),
('parasintesis'),
('parasit'),
('parasitisme'),
('parasitoid'),
('parasitologi'),
('parasitoma'),
('parasitopolis'),
('parasut'),
('parasutis'),
('parataksis'),
('parataktis'),
('paratesis'),
('paratifus'),
('paratiroid'),
('parau'),
('pare'),
('parenial'),
('parenkim'),
('parental'),
('parentesis'),
('parestesia'),
('parewa'),
('parfum'),
('parga'),
('parhelion'),
('pari'),
('paria'),
('parididimis'),
('parih'),
('parik'),
('parikan'),
('paring'),
('paripurna'),
('paris'),
('parit'),
('paritas'),
('pariwara'),
('pariwisata'),
('parka'),
('parket'),
('parkinson'),
('parkinsonisme'),
('parkir'),
('parkit'),
('parlemen'),
('parlementaria'),
('parlementarisme'),
('parlementer'),
('parmitu'),
('parodi'),
('paroki'),
('parokial'),
('parokialisme'),
('parolfaktori'),
('paron'),
('paronim'),
('paronisia'),
('paronomasia'),
('parotitis'),
('parser'),
('parsi'),
('parsial'),
('partai'),
('partenogenesis'),
('partikel'),
('partikelir'),
('partikularisme'),
('partisan'),
('partisi'),
('partisipan'),
('partisipasi'),
('partitif'),
('partitur'),
('partner'),
('partus'),
('paru'),
('paruh'),
('parun'),
('parut'),
('parvenu'),
('parwa'),
('pas'),
('pasah'),
('pasai'),
('pasak'),
('pasal'),
('pasang'),
('pasanggiri'),
('pasar'),
('pasara'),
('pasaraya'),
('pasase'),
('pasasir'),
('pasat'),
('pascabedah'),
('pascadoktoral'),
('pascajual'),
('pascakawin'),
('pascakrisis'),
('pascalahir'),
('pascalarva'),
('pascalikuidasi'),
('pascamodern'),
('pascamodernisme'),
('pascaoperasi'),
('pascapanen'),
('pascaperang'),
('pascaproduksi'),
('pascareformasi'),
('pascasarjana'),
('pascausaha'),
('pascayuwana'),
('paseban'),
('paser'),
('paset'),
('pasfoto'),
('pasi'),
('pasien'),
('pasif'),
('pasifikasi'),
('pasifisme'),
('pasigrafi'),
('pasilan'),
('pasim'),
('pasimologi'),
('pasir'),
('pasit'),
('pasiva'),
('Paskah'),
('pasmat'),
('pasmen'),
('pasok'),
('pasowan'),
('paspor'),
('pasrah'),
('pasta'),
('pastel'),
('pasteur'),
('pasteurisasi'),
('pasti'),
('pastiles'),
('pastor'),
('pastoral'),
('pastura'),
('pasu'),
('pasuel'),
('pasuk'),
('pasumandan'),
('pasung'),
('patah'),
('pataka'),
('patam'),
('patang'),
('patar'),
('patek'),
('patela'),
('paten'),
('pater'),
('patera'),
('paternalis'),
('paternalisme'),
('paternalistis'),
('patet'),
('patetis'),
('patgulipat'),
('pati'),
('patih'),
('patik'),
('patil'),
('patin'),
('patina'),
('pating'),
('patio'),
('patirasa'),
('patiseri'),
('patka'),
('patogen'),
('patogenesis'),
('patogenik'),
('patois'),
('patok'),
('patokimia'),
('patola'),
('patolog'),
('patologi'),
('patologis'),
('patolopolis'),
('patos'),
('patri'),
('patriark'),
('patriarkat'),
('patrilineal'),
('patrimonium'),
('patriot'),
('patriotik'),
('patriotisme'),
('patroli'),
('patron'),
('patronasi'),
('patrun'),
('patuh'),
('patuk'),
('patung'),
('patungan'),
('patut'),
('pauh'),
('pauhi'),
('pauk'),
('paul'),
('paun'),
('paung'),
('paus'),
('pause'),
('paut'),
('paviliun'),
('pawai'),
('pawak'),
('pawaka'),
('pawana'),
('pawang'),
('pawiyatan'),
('pawukon'),
('paya'),
('payah'),
('payang'),
('payar'),
('payau'),
('payet'),
('payon'),
('payu'),
('payudara'),
('payung'),
('peang'),
('pecah'),
('pecahbelah'),
('pecahbeling'),
('pecai'),
('pecak'),
('pecal'),
('pecara'),
('pecat'),
('pece'),
('pecel'),
('peci'),
('pecicilan'),
('pecinan'),
('pecok'),
('pecuk'),
('pecun'),
('pecut'),
('peda'),
('pedada'),
('pedadah'),
('pedagog'),
('pedagogi'),
('pedagogis'),
('pedak'),
('pedaka'),
('pedal'),
('pedanda'),
('pedang'),
('pedapa'),
('pedar'),
('pedas'),
('pedati'),
('pedel'),
('pedena'),
('pedendang'),
('pedengan'),
('pedepokan'),
('pedestrian'),
('pedet'),
('pedewakan'),
('pediatri'),
('pedih'),
('pedikur'),
('pedis'),
('pedisel'),
('pedogenesis'),
('pedok'),
('pedologi'),
('pedoman'),
('pedometer'),
('pedongkang'),
('peduli'),
('pedunkel'),
('pedusi'),
('pedut'),
('pegagang'),
('pegah'),
('pegal'),
('pegan'),
('pegang'),
('pegar'),
('pegari'),
('pegas'),
('pegat'),
('pego'),
('pegoh'),
('pegon'),
('pegun'),
('pehong'),
('pei'),
('pejaka'),
('pejal'),
('pejam'),
('pejatian'),
('pejera'),
('pek'),
('peka'),
('pekaja'),
('pekak'),
('pekakak'),
('pekan'),
('pekarang'),
('pekasam'),
('pekaseh'),
('pekat'),
('pekatu'),
('pekau'),
('pekerti'),
('pekik'),
('peking'),
('pekir'),
('pekis'),
('pekiwan'),
('pekojan'),
('peksi'),
('pektik'),
('pektin'),
('peku'),
('pekuk'),
('pekulun'),
('pekung'),
('pelabi'),
('pelagas'),
('pelagis'),
('pelagra'),
('pelah'),
('pelak'),
('pelampang'),
('pelan'),
('pelana'),
('pelanduk'),
('pelang'),
('pelangai'),
('pelanggi'),
('pelangi'),
('pelangkin'),
('pelangpang'),
('pelanting'),
('pelas'),
('pelasik'),
('pelaspas'),
('pelasuh'),
('pelat'),
('pelata'),
('pelatuk'),
('pelayon'),
('pelbagai'),
('pelbak'),
('pelbet'),
('pelebat'),
('pelebaya'),
('pelebegu'),
('pelebon'),
('pelecet'),
('pelecok'),
('peleh'),
('pelek'),
('pelekat'),
('pelekok'),
('pelekuk'),
('pelembaya'),
('pelencit'),
('pelengak'),
('pelengan'),
('pelengset'),
('pelepah'),
('peles'),
('pelesat'),
('peleset'),
('pelesir'),
('pelet'),
('peletek'),
('peletik'),
('peleting'),
('peleton'),
('pelias'),
('pelihara'),
('pelik'),
('pelikan'),
('pelikel'),
('pelinggam'),
('pelinteng'),
('pelintir'),
('pelipir'),
('pelipis'),
('pelir'),
('pelisir'),
('pelisit'),
('pelit'),
('pelita'),
('pelitur'),
('pelo'),
('pelog'),
('peloh'),
('pelojok'),
('pelonco'),
('pelong'),
('pelopor'),
('pelor'),
('pelorot'),
('pelosok'),
('pelosot'),
('pelota'),
('pelotaris'),
('pelotot'),
('pelples'),
('pelpolisi'),
('pels'),
('peluh'),
('peluit'),
('peluk'),
('pelumpung'),
('pelupuk'),
('peluru'),
('pelus'),
('pelvis'),
('pemali'),
('pemarip'),
('pematang'),
('pembayan'),
('pemendak'),
('pemeo'),
('pemidang'),
('pempek'),
('pemudi'),
('pemuras'),
('pen'),
('pena'),
('penak'),
('penaka'),
('penalti'),
('penampan'),
('penaram'),
('penasaran'),
('penat'),
('penatu'),
('penatua'),
('pencak'),
('pencar'),
('pencet'),
('pencil'),
('pencok'),
('pencong'),
('pencu'),
('pencut'),
('penda'),
('pendahan'),
('pendak'),
('pendam'),
('pendapa'),
('pendar'),
('pendaringan'),
('pendek'),
('pendet'),
('pendeta'),
('pending'),
('pendok'),
('pendongkok'),
('pendopo'),
('penduk'),
('pendulum'),
('penembahan'),
('penes'),
('penetrasi'),
('penetron'),
('penewu'),
('penganak'),
('penganan'),
('pengang'),
('pengantin'),
('pengap'),
('pengapuh'),
('pengar'),
('pengaruh'),
('pengat'),
('pengatu'),
('pengeng'),
('pengerih'),
('pengga'),
('penggaga'),
('penggah'),
('penggal'),
('penggar'),
('penggawa'),
('penghulu'),
('pengin'),
('pengkal'),
('pengkar'),
('pengki'),
('pengkis'),
('pengkol'),
('pengkor'),
('pengos'),
('penguin'),
('pengulun'),
('peni'),
('pening'),
('peningset'),
('penis'),
('penisilin'),
('penisilinat'),
('penitensi'),
('peniti'),
('penjajap'),
('penjalin'),
('penjara'),
('penjaruman'),
('penjor'),
('penjura'),
('penmes'),
('penologi'),
('penomah'),
('pensi'),
('pensil'),
('pensiun'),
('pentagin'),
('pentagon'),
('pentagram'),
('pentahedron'),
('pental'),
('pentameter'),
('pentan'),
('pentana'),
('pentang'),
('pentar'),
('pentas'),
('pentatonik'),
('pentil'),
('pentilasi'),
('penting'),
('pentode'),
('pentol'),
('pentosa'),
('pentotal'),
('pentung'),
('penuh'),
('penyap'),
('penyek'),
('penyet'),
('penyok'),
('penyu'),
('peok'),
('peot'),
('pepagan'),
('pepah'),
('pepak'),
('pepaku'),
('peparu'),
('pepas'),
('pepat'),
('pepatah'),
('pepaya'),
('pepe'),
('pepek'),
('pepeling'),
('peper'),
('pepermin'),
('pepes'),
('pepet'),
('pepindan'),
('peplum'),
('pepsin'),
('pepsina'),
('pepsinogen'),
('peptida'),
('peptidase'),
('peptik'),
('pepton'),
('pepuju'),
('pepunden'),
('pepung'),
('peputut'),
('per'),
('pera'),
('perabot'),
('perada'),
('peragat'),
('peragawan'),
('peragawati'),
('perah'),
('perahu'),
('perai'),
('peraji'),
('perak'),
('peraka'),
('peram'),
('peran'),
('perang'),
('perangah'),
('perangai'),
('peranggang'),
('peranggu'),
('perangin'),
('peranjat'),
('peranserta'),
('peranti'),
('peranye'),
('perap'),
('peras'),
('perasat'),
('perasukan'),
('perat'),
('perata'),
('perawan'),
('perawas'),
('perawis'),
('perbal'),
('perban'),
('perbani'),
('perbatin'),
('perbawa'),
('perbekel'),
('perca'),
('percaya'),
('percik'),
('percis'),
('percit'),
('percul'),
('perdah'),
('perdana'),
('perdata'),
('perdeo'),
('perdikan'),
('perdom'),
('perdu'),
('pere'),
('peredus'),
('pereh'),
('perei'),
('perekik'),
('perempuan'),
('perenggan'),
('perengkat'),
('perenial'),
('perenyak'),
('perenyuk'),
('perepat'),
('peres'),
('peresau'),
('peresih'),
('perestroika'),
('peretel'),
('perewa'),
('perfek'),
('perfeksi'),
('perfeksionis'),
('perfeksionisme'),
('perfektif'),
('perforasi'),
('perforator'),
('performa'),
('pergam'),
('pergedel'),
('pergi'),
('pergok'),
('pergol'),
('pergola'),
('peri'),
('peria'),
('perian'),
('periang'),
('peribahasa'),
('periboga'),
('peribudi'),
('peridi'),
('perifer'),
('periferal'),
('periferalis'),
('periferi'),
('perifiton'),
('perifrasa'),
('perifrastis'),
('perige'),
('perigel'),
('perigi'),
('perih'),
('perihal'),
('perihelion'),
('perikarditis'),
('perikardium'),
('perikemanusiaan'),
('perikondrium'),
('periksa'),
('perilaku'),
('perimbas'),
('perimeter'),
('perimisium'),
('perimpin'),
('perin'),
('perinci'),
('perincit'),
('perineum'),
('perineurium'),
('pering'),
('peringgan'),
('peringgi'),
('peringgitan'),
('peringis'),
('peringkat'),
('perintah'),
('periodat'),
('periode'),
('periodik'),
('periodisasi'),
('periodontium'),
('periorbita'),
('periosteum'),
('perirana'),
('perisa'),
('perisai'),
('periskop'),
('perispora'),
('peristalsis'),
('peristaltik'),
('peristerit'),
('peristiwa'),
('peristonium'),
('perit'),
('peritoneum'),
('peritonitis'),
('periuk'),
('perivaskuler'),
('perjaka'),
('perkakas'),
('perkale'),
('perkamen'),
('perkara'),
('perkasa'),
('perkedel'),
('perkelang'),
('perkolar'),
('perkolasi'),
('perkolator'),
('perkoler'),
('perkosa'),
('perkusi'),
('perkutut'),
('perlahan'),
('perlak'),
('perlambang'),
('perleng'),
('perlente'),
('perlenteh'),
('perli'),
('perlina'),
('perling'),
('perlip'),
('perlit'),
('perlop'),
('perlu'),
('perlup'),
('perlus'),
('permadani'),
('permai'),
('permaisuri'),
('permak'),
('permalin'),
('permana'),
('permanen'),
('permanganat'),
('permasan'),
('permata'),
('permeabel'),
('permeabilitas'),
('permen'),
('permil'),
('permisi'),
('permisif'),
('permutasi'),
('pernah'),
('pernak'),
('pernekel'),
('pernik'),
('pernikel'),
('pernis'),
('perogol'),
('perohong'),
('peroi'),
('peroksida'),
('peroksidase'),
('peroksisom'),
('peroman'),
('peron'),
('peroneal'),
('peronyok'),
('perosok'),
('perosot'),
('perot'),
('perpatih'),
('perpetuasi'),
('perponding'),
('pers'),
('persada'),
('persangga'),
('persekot'),
('persekusi'),
('persen'),
('persentase'),
('persentil'),
('persepsi'),
('perseptif'),
('perseptivitas'),
('perseus'),
('perseverasi'),
('persih'),
('persik'),
('persil'),
('persis'),
('persisi'),
('perslah'),
('persneling'),
('person'),
('persona'),
('personal'),
('personalia'),
('personalisme'),
('personalitas'),
('personanongrata'),
('personel'),
('personifikasi'),
('perspektif'),
('perspektivisme'),
('persuasi'),
('persuasif'),
('pertal'),
('pertama'),
('pertepel'),
('pertiwi'),
('pertua'),
('perturbasi'),
('pertusis'),
('peruak'),
('peruan'),
('peruang'),
('perubalsem'),
('perudang'),
('peruk'),
('perum'),
('perumpung'),
('perun'),
('perunggu'),
('perunjung'),
('perupuk'),
('perus'),
('perusa'),
('perusi'),
('perut'),
('perversi'),
('perwara'),
('perwira'),
('pes'),
('pesa'),
('pesai'),
('pesak'),
('pesakin'),
('pesam'),
('pesan'),
('pesantren'),
('pesara'),
('pesat'),
('pesawat'),
('pese'),
('pesek'),
('peser'),
('peset'),
('pesi'),
('pesimis'),
('pesimisme'),
('pesimistis'),
('pesing'),
('pesirah'),
('pesisir'),
('pesolot'),
('pesona'),
('pesong'),
('pesta'),
('pestaka'),
('pestapora'),
('pestisida'),
('pestol'),
('pesuk'),
('pesut'),
('pet'),
('peta'),
('petah'),
('petai'),
('petak'),
('petaka'),
('petal'),
('petala'),
('petaling'),
('petam'),
('petamari'),
('petan'),
('petanen'),
('petang'),
('petaram'),
('petarang'),
('petaruan'),
('petas'),
('petatus'),
('petegian'),
('petek'),
('petel'),
('petenteng'),
('peterana'),
('peterseli'),
('petes'),
('peti'),
('petia'),
('peties'),
('petik'),
('petikrah'),
('petikut'),
('petilan'),
('peting'),
('petiolus'),
('petir'),
('petis'),
('petisi'),
('petisiwan'),
('petitih'),
('petitum'),
('petogram'),
('petola'),
('petopan'),
('petor'),
('petrodolar'),
('petrografi'),
('petrogram'),
('petrokimia'),
('petrol'),
('petrolatum'),
('petroleum'),
('petrologi'),
('petromaks'),
('petsai'),
('petuah'),
('petuding'),
('petuduh'),
('petuk'),
('petunia'),
('peturun'),
('petus'),
('petut'),
('pewaka'),
('pewat'),
('peyek'),
('peyorasi'),
('peyot'),
('piadah'),
('piagam'),
('piah'),
('piak'),
('pial'),
('piala'),
('pialang'),
('pialing'),
('pialu'),
('piama'),
('piang'),
('pianggang'),
('pianggu'),
('pianika'),
('pianis'),
('piano'),
('pianola'),
('piantan'),
('piara'),
('piarit'),
('pias'),
('piaster'),
('piat'),
('piatu'),
('piawai'),
('pica'),
('picik'),
('picing'),
('picis'),
('picit'),
('pico'),
('picu'),
('picung'),
('pidana'),
('pidato'),
('pidi'),
('piezoelektrik'),
('piezoelektrisitas'),
('piezometer'),
('pigmen'),
('pigmentasi'),
('pigmi'),
('pigura'),
('pihak'),
('pijah'),
('pijak'),
('pijar'),
('pijat'),
('pijin'),
('pijinasi'),
('pijit'),
('pika'),
('pikap'),
('pikat'),
('pikau'),
('pike'),
('piket'),
('pikir'),
('piknik'),
('piknometer'),
('pikofarad'),
('pikogram'),
('pikolo'),
('piktografi'),
('piktogram'),
('pikul'),
('pikun'),
('pil'),
('pilah'),
('pilak'),
('pilang'),
('pilar'),
('pilas'),
('pilaster'),
('pilau'),
('pileh'),
('pilek'),
('pileren'),
('pilih'),
('pilin'),
('pilis'),
('pilon'),
('pilong'),
('pilorus'),
('pilositas'),
('pilot'),
('pilsener'),
('pilu'),
('pilus'),
('pimpel'),
('pimpin'),
('pimping'),
('pin'),
('pinak'),
('pinang'),
('pinar'),
('pincang'),
('pincuk'),
('pincut'),
('pinda'),
('pindah'),
('pindahtugas'),
('pindai'),
('pindang'),
('pines'),
('pinga'),
('pingai'),
('pinggah'),
('pinggan'),
('pinggang'),
('pinggir'),
('pinggul'),
('pingit'),
('pingkal'),
('pingkau'),
('pingpong'),
('pingsan'),
('pingul'),
('pinis'),
('pinisepuh'),
('pinisi'),
('pinjal'),
('pinjam'),
('pinjung'),
('pinset'),
('pinta'),
('pintal'),
('pintan'),
('pintang'),
('pintar'),
('pintas'),
('pintil'),
('pintu'),
('pintur'),
('pinus'),
('piogenik'),
('pion'),
('pioner'),
('piong'),
('pionir'),
('pipa'),
('pipet'),
('pipi'),
('pipih'),
('pipil'),
('pipis'),
('pipit'),
('pir'),
('pirai'),
('piramida'),
('piramidal'),
('pirang'),
('piranograf'),
('piranogram'),
('piranometer'),
('pirau'),
('pireksia'),
('pirektik'),
('piretrum'),
('pirian'),
('piriform'),
('pirik'),
('piring'),
('pirit'),
('pirofilit'),
('pirofobia'),
('piroksen'),
('pirolisis'),
('piromania'),
('pirometalurgi'),
('pirometer'),
('piroteknik'),
('pirsa'),
('piruet'),
('pirus'),
('pis'),
('pisah'),
('pisang'),
('pisau'),
('Pises'),
('pisiformis'),
('pisik'),
('pisin'),
('pisit'),
('pisitan'),
('pisovonus'),
('pispot'),
('pistol'),
('pistom'),
('piston'),
('pisuh'),
('pit'),
('pita'),
('pitak'),
('pitam'),
('pitanggang'),
('pitar'),
('pitarah'),
('pitawat'),
('piting'),
('pitiriasis'),
('pitis'),
('pitometer'),
('piton'),
('pitot'),
('pitut'),
('piuh'),
('piung'),
('piut'),
('piutang'),
('pivot'),
('piwulang'),
('piyik'),
('piza'),
('plafon'),
('plagiarisme'),
('plagiat'),
('plagiator'),
('plagioklas'),
('plakat'),
('plaket'),
('plaksegel'),
('plamir'),
('plan'),
('planaria'),
('planet'),
('planetarium'),
('planetoid'),
('plang'),
('plangkan'),
('planimeter'),
('planimetri'),
('planing'),
('planisfer'),
('plankton'),
('plano'),
('planologi'),
('planologis'),
('planospora'),
('plantase'),
('planula'),
('plasenta'),
('plaser'),
('plasma'),
('plasmodium'),
('plasmosis'),
('plastid'),
('plastik'),
('plastin'),
('plastis'),
('plastisitas'),
('plastogami'),
('plastometer'),
('plastron'),
('platelet'),
('platform'),
('platina'),
('platinoid'),
('platinum'),
('platisma'),
('plato'),
('platonik'),
('platonisme'),
('plaza'),
('plebisit'),
('pleidoi'),
('pleiogami'),
('pleistosen'),
('pleksus'),
('plengkung'),
('pleno'),
('pleonasme'),
('pleopod'),
('plerem'),
('plester'),
('pletora'),
('pleura'),
('plinplan'),
('plinteng'),
('plintit'),
('pliosaurus'),
('pliosen'),
('ploi'),
('ploidi'),
('plombir'),
('plonci'),
('plonco'),
('plong'),
('plontos'),
('plosif'),
('plot'),
('plug'),
('plumbago'),
('plumbum'),
('plural'),
('pluralis'),
('pluralisme'),
('pluralistis'),
('pluriform'),
('plus'),
('Pluto'),
('plutokrasi'),
('plutonik'),
('plutonium'),
('pluvial'),
('pluviograf'),
('pluviometer'),
('pneumatika'),
('pneumatofos'),
('pneumatokista'),
('pneumonia'),
('poal'),
('poces'),
('poci'),
('pocok'),
('pocong'),
('podemporem'),
('podikal'),
('podium'),
('poetika'),
('pof'),
('pogrom'),
('pohon'),
('poikilohalin'),
('poikiloterm'),
('poin'),
('poise'),
('poiseuille'),
('pojok'),
('pok'),
('pokah'),
('pokeng'),
('poker'),
('poket'),
('poko'),
('pokok'),
('pokrol'),
('poksai'),
('pokta'),
('pol'),
('pola'),
('polah'),
('polan'),
('polang'),
('polarimeter'),
('polarimetri'),
('polaris'),
('polarisasi'),
('polaritas'),
('poldan'),
('polder'),
('polemik'),
('polemis'),
('polen'),
('poleng'),
('polenter'),
('poler'),
('poles'),
('polet'),
('poliandri'),
('poliantus'),
('poliester'),
('polifagia'),
('polifase'),
('polifoni'),
('poligam'),
('poligami'),
('poligini'),
('poliglot'),
('poliglotisme'),
('poligon'),
('poligraf'),
('polihalin'),
('polikel'),
('poliket'),
('poliklinik'),
('polikrom'),
('polikultur'),
('polimer'),
('polimerisasi'),
('polinia'),
('polio'),
('polip'),
('polipeptida'),
('polipetal'),
('poliploid'),
('polipropilena'),
('polis'),
('polisakarida'),
('polisemi'),
('polisentrisme'),
('polisepal'),
('polisi'),
('polisiklis'),
('polisilogisme'),
('polisindeton'),
('polisional'),
('polispermi'),
('polister'),
('politbiro'),
('politeis'),
('politeisme'),
('politeistis'),
('politeknik'),
('politena'),
('politik'),
('politikus'),
('politis'),
('politisasi'),
('poliuretan'),
('polivini'),
('polizoa'),
('polka'),
('polkadot'),
('polmah'),
('polo'),
('polok'),
('polones'),
('polong'),
('polonium'),
('polonter'),
('polos'),
('polusi'),
('polutan'),
('polutif'),
('poma'),
('pomade'),
('pomologi'),
('pompa'),
('pompang'),
('pompon'),
('pompong'),
('ponakan'),
('ponco'),
('pondamen'),
('pondar'),
('ponderabilitas'),
('pondik'),
('pondoh'),
('pondok'),
('pondong'),
('pongah'),
('ponggang'),
('ponggok'),
('pongkol'),
('pongsu'),
('poni'),
('ponil'),
('ponok'),
('ponor'),
('pons'),
('ponten'),
('pontoh'),
('ponton'),
('poo'),
('pop'),
('popelin'),
('popi'),
('popok'),
('popor'),
('popularisasi'),
('popularitas'),
('populasi'),
('populer'),
('populis'),
('populisme'),
('porah'),
('porfiria'),
('pori'),
('porisitas'),
('porno'),
('pornografi'),
('pornografis'),
('porok'),
('porong'),
('poros'),
('porositas'),
('porot'),
('porselen'),
('porsi'),
('porta'),
('portabel'),
('portal'),
('portepel'),
('portik'),
('portir'),
('porto'),
('portofolio'),
('pos'),
('pose'),
('poser'),
('posesif'),
('posisi'),
('positif'),
('positivisme'),
('positivistik'),
('positron'),
('positronium'),
('poskar'),
('poso'),
('posologi'),
('postar'),
('poster'),
('posterior'),
('postulat'),
('postur'),
('pot'),
('potas'),
('potasium'),
('potator'),
('potehi'),
('potel'),
('potensi'),
('potensial'),
('potensiometer'),
('potia'),
('potlot'),
('potol'),
('potong'),
('potret'),
('poundal'),
('poyang'),
('praanggapan'),
('praba'),
('prabu'),
('pradana'),
('pradesa'),
('pradesain'),
('pradini'),
('praduga'),
('pragmatik'),
('pragmatika'),
('pragmatis'),
('pragmatisme'),
('prah'),
('prahara'),
('prahoto'),
('prairi'),
('praja'),
('prajaksa'),
('prajurit'),
('prakala'),
('prakarsa'),
('prakarya'),
('prakata'),
('prakilang'),
('prakira'),
('prakondisi'),
('prakonsepsi'),
('praksis'),
('praktik'),
('praktikan'),
('praktikum'),
('praktis'),
('praktisi'),
('pralahir'),
('pramenstruasi'),
('prameswari'),
('pramodern'),
('pramubakti'),
('pramubarang'),
('pramubayi'),
('pramudi'),
('pramugara'),
('pramugari'),
('pramujasa'),
('pramuka'),
('pramukamar'),
('pramuniaga'),
('pramupintu'),
('pramuria'),
('pramusaji'),
('pramusiwi'),
('pramutamu'),
('pramuwisata'),
('pramuwisma'),
('pranala'),
('pranata'),
('pranatacara'),
('pranatal'),
('prangas'),
('prangko'),
('pranikah'),
('prapalatal'),
('prapatan'),
('prapendapat'),
('praperadilan'),
('prapromosi'),
('prapuber'),
('prapubertas'),
('prapuna'),
('prapustaka'),
('prarasa'),
('prarekam'),
('praremaja'),
('prasaja'),
('prasangka'),
('prasaran'),
('prasarana'),
('prasasti'),
('prasawya'),
('prasejahtera'),
('prasejarah'),
('prasekolah'),
('praseminar'),
('praseodimium'),
('prasetia'),
('prasi'),
('prasmanan'),
('prastudi'),
('prasyarat'),
('pratersier'),
('pratinjau'),
('prawacana'),
('prawira'),
('prayang'),
('prayitna'),
('prayojana'),
('prayuwana'),
('preadvis'),
('preambul'),
('preantena'),
('preasetabulum'),
('predasi'),
('predator'),
('predestinasi'),
('predikat'),
('predikatif'),
('prediksi'),
('predisposisi'),
('preferensi'),
('prefiks'),
('prehistori'),
('prei'),
('prekositas'),
('prekursor'),
('preliminer'),
('prelude'),
('preman'),
('prematur'),
('premi'),
('premis'),
('premium'),
('premolar'),
('prenatal'),
('prenjak'),
('preparat'),
('preposisi'),
('prepotensi'),
('prerogatif'),
('pres'),
('presbiopia'),
('presbiterium'),
('preseden'),
('presensi'),
('presentabel'),
('presentasi'),
('presentil'),
('preservasi'),
('presesi'),
('presiden'),
('presidensial'),
('presidentil'),
('presidium'),
('presiositas'),
('presipitasi'),
('presisi'),
('preskripsi'),
('preskriptif'),
('prestasi'),
('prestise'),
('prestisius'),
('presto'),
('presumsi'),
('pretel'),
('pretensi'),
('prevalensi'),
('preventif'),
('prewangan'),
('pria'),
('priagung'),
('priayi'),
('pribadi'),
('pribumi'),
('prihatin'),
('prima'),
('primadona'),
('primas'),
('primata'),
('primbon'),
('primer'),
('primitif'),
('primogenetur'),
('primordial'),
('primordialisme'),
('primpen'),
('pringgitan'),
('prinsip'),
('prinsipiil'),
('prioritas'),
('pripih'),
('pris'),
('prisma'),
('prit'),
('privasi'),
('privat'),
('privatisasi'),
('prive'),
('privilese'),
('pro'),
('proaktif'),
('probabilitas'),
('problem'),
('problematik'),
('procot'),
('prodemokrasi'),
('prodeo'),
('produk'),
('produksi'),
('produktif'),
('produktivitas'),
('produsen'),
('produser'),
('proenzim'),
('prof'),
('profan'),
('profanitas'),
('profase'),
('profesi'),
('profesional'),
('profesionalisme'),
('profesionalitas'),
('profesor'),
('profetik'),
('profil'),
('profilaksis'),
('profit'),
('profitabel'),
('profitabilitas'),
('proforma'),
('progeni'),
('progesteron'),
('prognosis'),
('program'),
('programa'),
('progres'),
('progresif'),
('progresivitas'),
('prohibisi'),
('proklamasi'),
('proklamator'),
('proklitik'),
('proksimal'),
('proksimat'),
('prokurasi'),
('prokurator'),
('prolat'),
('prolegomena'),
('proleksem'),
('proletar'),
('proletariat'),
('proletarisasi'),
('proliferasi'),
('prolog'),
('promenade'),
('prometium'),
('prominen'),
('prominensia'),
('promiskuitas'),
('promontorium'),
('promosi'),
('promotif'),
('promotor'),
('promovendus'),
('pronomina'),
('pronominal'),
('pronominalisasi'),
('prop'),
('propaganda'),
('propagandis'),
('propana'),
('propelan'),
('propeler'),
('properti'),
('propfan'),
('propilena'),
('proporsi'),
('proporsional'),
('proposal'),
('proposisi'),
('propulsi'),
('prosa'),
('prosais'),
('prosede'),
('prosedur'),
('prosedural'),
('prosenium'),
('proses'),
('prosesi'),
('prosesor'),
('proskonion'),
('proskriptivisme'),
('prosodi'),
('prosodis'),
('prospek'),
('prospeksi'),
('prospektif'),
('prospektus'),
('prostaglandin'),
('prostat'),
('prostitusi'),
('protagonis'),
('protaktinium'),
('protandri'),
('protasis'),
('proteid'),
('protein'),
('proteinuria'),
('proteksi'),
('proteksionisme'),
('protektif'),
('protektorat'),
('proteolisis'),
('proteolitik'),
('protes'),
('protese'),
('protesis'),
('Protestan'),
('Protestantisme'),
('protista'),
('protofon'),
('protogenesis'),
('protokol'),
('protokoler'),
('protolisis'),
('protolitik'),
('proton'),
('protoneolitik'),
('protoplasma'),
('protoraks'),
('prototipe'),
('protozoa'),
('protrombin'),
('protuberansia'),
('provinsi'),
('provinsialisme'),
('provisi'),
('provisional'),
('provitamin'),
('provokasi'),
('provokatif'),
('provokator'),
('provos'),
('proyek'),
('proyeksi'),
('proyektil'),
('proyektor'),
('prudensial'),
('prurigo'),
('psalm'),
('psamolitoral'),
('pseudokata'),
('pseudomorf'),
('pseudonim'),
('psi'),
('psike'),
('psikiater'),
('psikiatri'),
('psikis'),
('psikoanalisis'),
('psikodrama'),
('psikofarmakologi'),
('psikofisiologis'),
('psikokinesis'),
('psikolepsi'),
('psikolinguistik'),
('psikolog'),
('psikologi'),
('psikologis'),
('psikometri'),
('psikometrika'),
('psikomotor'),
('psikomotorik'),
('psikoneurosis'),
('psikopat'),
('psikopati'),
('psikopatologi'),
('psikosastra'),
('psikoseksual'),
('psikosis'),
('psikosomatik'),
('psikoteknik'),
('psikoteknis'),
('psikoterapi'),
('psikotes'),
('psikotropika'),
('psikrofili'),
('psikrometer'),
('psikrometri'),
('psitakosis'),
('psoriasis'),
('pterodaktil'),
('pteropoda'),
('ptialin'),
('ptomaina'),
('puadai'),
('puah'),
('puak'),
('puaka'),
('pual'),
('pualam'),
('puan'),
('puas'),
('puasa'),
('puatang'),
('pub'),
('puber'),
('pubertas'),
('pubesens'),
('publik'),
('publikasi'),
('publisis'),
('publisistik'),
('publisitas'),
('pucang'),
('pucat'),
('pucik'),
('pucuk'),
('pucung'),
('pudar'),
('pudat'),
('pudel'),
('puder'),
('pudi'),
('puding'),
('pudur'),
('puerpera'),
('puerperium'),
('pugak'),
('pugar'),
('pugas'),
('puguh'),
('puih'),
('puing'),
('puisi'),
('puitis'),
('puitisasi'),
('puja'),
('pujangga'),
('puji'),
('pujuk'),
('pujur'),
('pujut'),
('pukah'),
('pukal'),
('pukang'),
('pukas'),
('pukat'),
('pukau'),
('puki'),
('pukul'),
('pukulrata'),
('pul'),
('pula'),
('pulai'),
('pulan'),
('pulang'),
('pulas'),
('pulasan'),
('pulasari'),
('pulau'),
('pulen'),
('pulih'),
('pulik'),
('pulover'),
('pulp'),
('pulpen'),
('pulper'),
('pulsa'),
('pulsar'),
('pulsasi'),
('puluh'),
('pulun'),
('pulung'),
('pulut'),
('puma'),
('pumpun'),
('pun'),
('punah'),
('punai'),
('punakawan'),
('punar'),
('punat'),
('punca'),
('puncak'),
('punci'),
('pundak'),
('punden'),
('pundi'),
('punding'),
('punduh'),
('punduk'),
('pundung'),
('pung'),
('punggah'),
('punggai'),
('punggal'),
('pungguk'),
('punggung'),
('punggur'),
('pungkah'),
('pungkang'),
('pungkas'),
('pungkur'),
('pungli'),
('pungsi'),
('pungtuasi'),
('punguk'),
('pungut'),
('punia'),
('punjul'),
('punjung'),
('punjut'),
('punk'),
('puntal'),
('punti'),
('puntianak'),
('puntir'),
('puntuk'),
('puntul'),
('puntung'),
('punuk'),
('punya'),
('pupa'),
('pupil'),
('pupu'),
('pupuan'),
('pupuh'),
('pupuk'),
('pupur'),
('pupus'),
('puput'),
('pura'),
('purba'),
('purbakala'),
('purbani'),
('purbasangka'),
('purbawisesa'),
('purdah'),
('pure'),
('purgatif'),
('puri'),
('purifikasi'),
('purik'),
('puring'),
('puris'),
('purisme'),
('puristis'),
('puritan'),
('puritanisme'),
('purnabakti'),
('purnaintegrasi'),
('purnajabatan'),
('purnajual'),
('purnakarya'),
('purnakaryawan'),
('purnama'),
('purnapugar'),
('purnasarjana'),
('purnatugas'),
('purnawaktu'),
('purnawirawan'),
('purpura'),
('purser'),
('puru'),
('puruk'),
('purun'),
('purus'),
('purusa'),
('purut'),
('purwa'),
('purwakanti'),
('purwapada'),
('purwarupa'),
('pus'),
('pusak'),
('pusaka'),
('pusang'),
('pusar'),
('pusara'),
('pusat'),
('pusing'),
('puskesmas'),
('puso'),
('puspa'),
('puspadana'),
('puspadanta'),
('puspamala'),
('pusparagam'),
('puspas'),
('puspawarna'),
('puspita'),
('pusta'),
('pustaha'),
('pustaka'),
('pustakaloka'),
('pustakawan'),
('pusu'),
('pusung'),
('pusut'),
('putar'),
('putarbalik'),
('putarlidah'),
('putat'),
('puter'),
('puti'),
('putih'),
('putihmata'),
('putihtulang'),
('putik'),
('puting'),
('putra'),
('putranda'),
('putrawali'),
('putrefaksi'),
('putresin'),
('putri'),
('putriboyongan'),
('putriditas'),
('putrimalu'),
('putu'),
('putumayang'),
('putus'),
('putut'),
('puyan'),
('puyeng'),
('puyer'),
('puyonghai'),
('puyuh'),
('qaf'),
('qari'),
('qariah'),
('qasar'),
('qiamulail'),
('qiraah'),
('qiraat'),
('qudsi'),
('Quran'),
('raba'),
('rabak'),
('raban'),
('rabana'),
('rabani'),
('rabas'),
('rabat'),
('rabet'),
('rabi'),
('rabies'),
('rabit'),
('Rabiulakhir'),
('Rabiulawal'),
('rabotase'),
('rabuk'),
('Rabulizat'),
('rabun'),
('rabung'),
('rabut'),
('racak'),
('racau'),
('racik'),
('racuh'),
('racun'),
('rad'),
('rada'),
('radah'),
('radai'),
('radak'),
('radang'),
('radar'),
('radas'),
('raden'),
('rades'),
('radi'),
('radial'),
('radian'),
('radians'),
('radiasi'),
('radiator'),
('radif'),
('radikal'),
('radikalisasi'),
('radikalisme'),
('radiks'),
('radikula'),
('radin'),
('radio'),
('radioaktif'),
('radioaktivitas'),
('radiogenetika'),
('radiogoniometer'),
('radiogoniometri'),
('radiograf'),
('radiografi'),
('radiogram'),
('radioisotop'),
('radiokarbon'),
('radiokimia'),
('radiolisis'),
('radiolog'),
('radiologi'),
('radiolokasi'),
('radiometer'),
('radiosonde'),
('radiotelefoni'),
('radiotelegrafi'),
('radiotelegrafis'),
('radioterapi'),
('radis'),
('radium'),
('radius'),
('radon'),
('radu'),
('radurisasi'),
('rafaksi'),
('rafe'),
('rafi'),
('rafia'),
('rafidi'),
('rafik'),
('raflesia'),
('raga'),
('ragam'),
('ragang'),
('ragas'),
('ragawi'),
('ragi'),
('ragib'),
('ragil'),
('ragu'),
('raguk'),
('ragum'),
('ragung'),
('ragut'),
('rahak'),
('rahang'),
('rahap'),
('raharja'),
('rahasia'),
('rahat'),
('rahayu'),
('rahib'),
('rahim'),
('rahimakallah'),
('rahimakumullah'),
('rahman'),
('rahmat'),
('rahmatullah'),
('rahu'),
('rai'),
('raib'),
('raih'),
('raimuna'),
('rais'),
('raja'),
('Rajab'),
('rajabiah'),
('rajah'),
('rajalela'),
('rajam'),
('rajang'),
('rajapati'),
('rajawali'),
('rajim'),
('rajin'),
('rajok'),
('rajuk'),
('rajul'),
('rajungan'),
('rajut'),
('rak'),
('raka'),
('rakaat'),
('rakah'),
('rakanita'),
('rakap'),
('rakat'),
('rakawira'),
('rakbol'),
('raket'),
('rakila'),
('rakis'),
('rakit'),
('rakitis'),
('rakna'),
('raksa'),
('raksabumi'),
('raksasa'),
('raksi'),
('rakuk'),
('rakung'),
('rakus'),
('rakut'),
('rakyat'),
('rakyu'),
('ralat'),
('ralip'),
('ram'),
('rama'),
('Ramadan'),
('ramah'),
('ramahtamah'),
('ramai'),
('ramal'),
('ramanda'),
('ramania'),
('rambah'),
('rambai'),
('ramban'),
('rambang'),
('rambat'),
('rambeh'),
('rambu'),
('rambun'),
('rambung'),
('rambut'),
('rambutan'),
('rambuti'),
('rames'),
('rami'),
('ramin'),
('ramirezi'),
('rampa'),
('rampai'),
('rampak'),
('rampang'),
('rampas'),
('rampat'),
('ramping'),
('rampok'),
('rampuh'),
('rampung'),
('rampus'),
('ramu'),
('ramus'),
('rana'),
('ranah'),
('ranap'),
('ranca'),
('rancah'),
('rancak'),
('rancam'),
('rancang'),
('rancap'),
('rancau'),
('rancu'),
('rancung'),
('randa'),
('randah'),
('randai'),
('randajawan'),
('randak'),
('randat'),
('randau'),
('randek'),
('randi'),
('randu'),
('randuk'),
('randung'),
('rang'),
('rangah'),
('rangai'),
('rangak'),
('rangam'),
('rangas'),
('rangga'),
('ranggah'),
('ranggak'),
('ranggas'),
('ranggi'),
('ranggit'),
('ranggul'),
('ranggung'),
('rangin'),
('rangina'),
('rangka'),
('rangkai'),
('rangkak'),
('rangkam'),
('rangkang'),
('rangkaya'),
('rangket'),
('rangkiang'),
('rangkik'),
('rangking'),
('rangkit'),
('rangkok'),
('rangkul'),
('rangkum'),
('rangkung'),
('rangkup'),
('rangkus'),
('rangkut'),
('rangrang'),
('rangrangan'),
('rangsang'),
('rangu'),
('rangum'),
('rangup'),
('rani'),
('ranjang'),
('ranjau'),
('ranji'),
('ranjing'),
('rankine'),
('ransel'),
('ransum'),
('rantai'),
('rantam'),
('rantang'),
('rantas'),
('rantau'),
('rante'),
('ranti'),
('ranting'),
('rantuk'),
('rantus'),
('ranum'),
('ranyah'),
('ranyau'),
('ranyun'),
('rap'),
('rapah'),
('rapai'),
('rapak'),
('rapal'),
('rapang'),
('rapat'),
('rapel'),
('rapi'),
('rapiah'),
('rapik'),
('rapor'),
('rapsodi'),
('rapu'),
('rapuh'),
('rapun'),
('rapung'),
('rapus'),
('raraha'),
('rarai'),
('rarak'),
('rarangan'),
('raras'),
('ras'),
('rasa'),
('rasai'),
('rasam'),
('rasamala'),
('rasau'),
('rasberi'),
('rase'),
('rasem'),
('rasi'),
('rasia'),
('rasial'),
('rasialis'),
('rasialisme'),
('rasian'),
('rasio'),
('rasional'),
('rasionalis'),
('rasionalisasi'),
('rasionalisme'),
('rasionalitas'),
('rasisme'),
('raster'),
('rasuk'),
('rasul'),
('rasuli'),
('Rasulullah'),
('rasyid'),
('rasywah'),
('rat'),
('rata'),
('ratah'),
('ratap'),
('ratib'),
('ratifikasi'),
('ratna'),
('ratu'),
('ratus'),
('rau'),
('raudah'),
('raudatulatfal'),
('raum'),
('raun'),
('raung'),
('raup'),
('raut'),
('rawa'),
('rawai'),
('rawak'),
('rawan'),
('rawat'),
('rawatib'),
('rawi'),
('rawin'),
('rawit'),
('rawon'),
('raya'),
('rayah'),
('rayan'),
('rayang'),
('rayap'),
('rayau'),
('rayon'),
('rayonisasi'),
('rayu'),
('razia'),
('reagen'),
('reagensia'),
('reak'),
('reaksi'),
('reaksioner'),
('reaktan'),
('reaktans'),
('reaktansi'),
('reaktif'),
('reaktivitas'),
('reakton'),
('reaktor'),
('reaktualisasi'),
('real'),
('realis'),
('realisasi'),
('realisme'),
('realistis'),
('realitas'),
('realokasi'),
('realpolitik'),
('reasuransi'),
('Reaumur'),
('reba'),
('rebab'),
('rebah'),
('rebak'),
('reban'),
('rebana'),
('rebas'),
('rebat'),
('rebeh'),
('rebek'),
('rebes'),
('rebet'),
('rebewes'),
('reboisasi'),
('rebon'),
('rebu'),
('rebuk'),
('rebung'),
('rebus'),
('rebut'),
('reca'),
('recak'),
('receh'),
('recet'),
('recik'),
('recok'),
('recup'),
('reda'),
('redah'),
('redaksi'),
('redaksional'),
('redaktur'),
('redam'),
('redang'),
('redap'),
('redefinisi'),
('redih'),
('redik'),
('redoks'),
('reduksi'),
('reduksionisme'),
('redum'),
('redup'),
('reduplikasi'),
('redusir'),
('redut'),
('reedukasi'),
('reekspor'),
('referat'),
('referen'),
('referendaris'),
('referendum'),
('referensi'),
('referensial'),
('reflasi'),
('refleks'),
('refleksi'),
('reflektif'),
('reflektor'),
('reformasi'),
('reformis'),
('refraksi'),
('refraktometer'),
('refraktor'),
('refrein'),
('refrigerator'),
('regah'),
('regan'),
('regang'),
('regas'),
('regat'),
('regata'),
('regel'),
('regen'),
('regenerasi'),
('reges'),
('regi'),
('regio'),
('region'),
('regional'),
('regionalisme'),
('register'),
('registrasi'),
('regisur'),
('reglemen'),
('reglementer'),
('regol'),
('regresi'),
('regresif'),
('regu'),
('reguk'),
('regularisasi'),
('regulasi'),
('regulatif'),
('regulator'),
('reguler'),
('regup'),
('rehab'),
('rehabilitasi'),
('rehabilitatif'),
('rehal'),
('rehat'),
('rehidrasi'),
('reideologisasi'),
('reindoktrinasi'),
('reinkarnasi'),
('reintegrasi'),
('reinterpretasi'),
('reinvestasi'),
('reja'),
('rejah'),
('rejan'),
('rejang'),
('rejasa'),
('rejeh'),
('rejeng'),
('rejuk'),
('rek'),
('reka'),
('rekabentuk'),
('rekacipta'),
('rekah'),
('rekal'),
('rekalkulasi'),
('rekam'),
('rekan'),
('rekanalisasi'),
('rekap'),
('rekapangan'),
('rekapitalisasi'),
('rekapitulasi'),
('rekat'),
('rekata'),
('rekayasa'),
('rekayasawan'),
('reken'),
('rekening'),
('rekes'),
('rekisitor'),
('rekisitur'),
('reklamasi'),
('reklame'),
('reklasering'),
('reklasifikasi'),
('rekognisi'),
('rekoleksi'),
('rekombinan'),
('rekombinasi'),
('rekomendasi'),
('rekonsiliasi'),
('rekonstruksi'),
('rekonstruktif'),
('rekonvensi'),
('rekor'),
('rekreasi'),
('rekrut'),
('rekrutmen'),
('reksa'),
('rekstok'),
('rektifikasi'),
('rekto'),
('rektor'),
('rekuiem'),
('rekuisisi'),
('rekuisitor'),
('rekurs'),
('rel'),
('rela'),
('relai'),
('relaks'),
('relaksasi'),
('relang'),
('relap'),
('relas'),
('relasi'),
('relatif'),
('relativisasi'),
('relativisme'),
('relativitas'),
('relau'),
('relawan'),
('relban'),
('relevan'),
('relevansi'),
('reli'),
('reliabel'),
('reliabilitas'),
('relief'),
('religi'),
('religiositas'),
('religius'),
('relik'),
('relikui'),
('relokasi'),
('reluk'),
('relung'),
('rem'),
('rema'),
('remah'),
('remai'),
('remaja'),
('remak'),
('remanen'),
('remang'),
('remas'),
('rematik'),
('rematisme'),
('rematoid'),
('rembah'),
('rembang'),
('rembas'),
('rembat'),
('rembega'),
('rembes'),
('rembet'),
('rembih'),
('rembuk'),
('rembulan'),
('rembunai'),
('remburs'),
('rembut'),
('remedi'),
('remedial'),
('remediasi'),
('remeh'),
('remenia'),
('remet'),
('remi'),
('remiak'),
('remiling'),
('reminisensi'),
('remis'),
('remisi'),
('remoh'),
('rempa'),
('rempah'),
('rempak'),
('rempela'),
('rempelas'),
('rempenai'),
('rempeyek'),
('rempong'),
('rempuh'),
('rempuk'),
('rempus'),
('remujung'),
('remuk'),
('remunerasi'),
('remunggai'),
('renah'),
('renai'),
('renaisans'),
('renal'),
('renang'),
('rencah'),
('rencak'),
('rencam'),
('rencana'),
('rencang'),
('rencat'),
('renceh'),
('renceng'),
('rencet'),
('rencong'),
('renda'),
('rendabel'),
('rendah'),
('rendam'),
('rendang'),
('rendemen'),
('rendeng'),
('rendong'),
('renegosiasi'),
('renek'),
('renes'),
('reng'),
('rengadean'),
('rengap'),
('rengas'),
('rengat'),
('rengeh'),
('rengek'),
('rengeng'),
('rengga'),
('renggam'),
('renggang'),
('renggat'),
('renggek'),
('rengges'),
('rengginang'),
('renggut'),
('rengit'),
('rengkah'),
('rengkam'),
('rengkeh'),
('rengket'),
('rengkit'),
('rengkong'),
('rengkudah'),
('rengkuh'),
('rengrengan'),
('rengsa'),
('rengus'),
('rengut'),
('renik'),
('renin'),
('renium'),
('renjana'),
('renjatan'),
('renjeng'),
('renjis'),
('renjong'),
('renjul'),
('renkinang'),
('renovasi'),
('renta'),
('rentabilitas'),
('rentak'),
('rentaka'),
('rental'),
('rentan'),
('rentang'),
('rentap'),
('rentas'),
('rente'),
('renteng'),
('rentenir'),
('rentet'),
('renti'),
('rentik'),
('renung'),
('renvoi'),
('renyah'),
('renyam'),
('renyang'),
('renyap'),
('renyau'),
('renyeh'),
('renyek'),
('renyem'),
('renyuk'),
('renyut'),
('reog'),
('reol'),
('reologi'),
('reometri'),
('reorganisasi'),
('reorientasi'),
('reostat'),
('reot'),
('repang'),
('reparasi'),
('repas'),
('repatrian'),
('repatriasi'),
('repek'),
('repertoar'),
('repes'),
('repet'),
('repeten'),
('repetisi'),
('repetitif'),
('repetitor'),
('repih'),
('replik'),
('replika'),
('repolarisasi'),
('repormir'),
('reportase'),
('reporter'),
('reposisi'),
('repot'),
('representasi'),
('representatif'),
('represi'),
('represif'),
('reproduksi'),
('reprografi'),
('reptil'),
('reptilia'),
('republik'),
('republiken'),
('repuh'),
('repui'),
('reput'),
('reputasi'),
('rerak'),
('rerangka'),
('reranting'),
('reras'),
('rerata'),
('rerongkong'),
('rerot'),
('rerugi'),
('reruntuk'),
('resa'),
('resah'),
('resak'),
('resam'),
('resan'),
('resap'),
('resbang'),
('resek'),
('resensi'),
('resensor'),
('resep'),
('resepsi'),
('resepsionis'),
('reseptif'),
('reseptor'),
('reserse'),
('resersir'),
('reservat'),
('reserve'),
('reservoir'),
('reses'),
('resesi'),
('resi'),
('residen'),
('residivis'),
('residivisme'),
('residivistis'),
('residu'),
('resik'),
('resiko'),
('resimen'),
('resin'),
('resinol'),
('resipien'),
('resiprok'),
('resiprokal'),
('resistan'),
('resistans'),
('resistansi'),
('resistor'),
('resital'),
('resitasi'),
('resmi'),
('resolusi'),
('resonan'),
('resonansi'),
('resonator'),
('resor'),
('resorpsi'),
('resorsinol'),
('resosialisasi'),
('respek'),
('respirasi'),
('respirator'),
('responden'),
('respons'),
('responsi'),
('responsif'),
('restan'),
('restiformis'),
('restitusi'),
('restoran'),
('restorasi'),
('restriksi'),
('restriktif'),
('restrukturisasi'),
('restu'),
('restung'),
('resultan'),
('resume'),
('resurjensi'),
('ret'),
('reta'),
('retail'),
('retak'),
('retardasi'),
('retas'),
('retek'),
('retenidos'),
('retensi'),
('retet'),
('retih'),
('retikuler'),
('retina'),
('retinakulum'),
('retinitis'),
('retok'),
('retorik'),
('retorika'),
('retoris'),
('retorsi'),
('retradisionalisasi'),
('retreatisme'),
('retret'),
('retribusi'),
('retroaktif'),
('retrofleks'),
('retrofleksi'),
('retrogresi'),
('retrogresif'),
('retrolingual'),
('retromamal'),
('retromandibuler'),
('retrospeksi'),
('retur'),
('retus'),
('reumatismos'),
('reuni'),
('reunifikasi'),
('revaksinasi'),
('revaluasi'),
('revans'),
('reverberasi'),
('revisi'),
('revisibilitas'),
('revisionis'),
('revitalisasi'),
('revolusi'),
('revolusioner'),
('revolver'),
('rewak'),
('rewan'),
('rewanda'),
('rewang'),
('rewel'),
('rewet'),
('reyal'),
('reyot'),
('rezeki'),
('rezim'),
('ria'),
('riadat'),
('riah'),
('riak'),
('rial'),
('riam'),
('rian'),
('riang'),
('riap'),
('rias'),
('riba'),
('ribang'),
('ribat'),
('ribatat'),
('riben'),
('riboflavin'),
('ribosom'),
('ribu'),
('ribut'),
('rica'),
('ricau'),
('ricik'),
('ricuh'),
('rida'),
('ridan'),
('ridi'),
('riding'),
('ridip'),
('ridu'),
('rigai'),
('rihat'),
('rihlah'),
('riil'),
('rijal'),
('rijalulgaib'),
('rijang'),
('rikuh'),
('rileks'),
('rilis'),
('rim'),
('rima'),
('rimas'),
('rimata'),
('rimba'),
('rimbas'),
('rimbat'),
('rimbawan'),
('rimbun'),
('rime'),
('rimis'),
('rimpang'),
('rimpel'),
('rimpi'),
('rimpuh'),
('rimpung'),
('rinai'),
('rincis'),
('rincu'),
('rindang'),
('rinding'),
('rindu'),
('ring'),
('ringan'),
('ringgit'),
('ringih'),
('ringik'),
('ringin'),
('ringis'),
('ringkai'),
('ringkas'),
('ringkih'),
('ringkik'),
('ringking'),
('ringkuk'),
('ringkus'),
('ringsek'),
('ringsing'),
('rini'),
('rinitis'),
('rinjing'),
('rinoskop'),
('rintang'),
('rintas'),
('rintih'),
('rintik'),
('rintis'),
('rinyai'),
('riol'),
('ripit'),
('riptaloka'),
('ripuh'),
('ripuk'),
('ririt'),
('risa'),
('risak'),
('risalah'),
('risau'),
('riset'),
('risi'),
('risik'),
('risiko'),
('risit'),
('riskan'),
('rit'),
('ritel'),
('ritme'),
('ritmis'),
('ritual'),
('ritul'),
('ritus'),
('riuh'),
('riuk'),
('riung'),
('rival'),
('rivalitas'),
('riwan'),
('riwayat'),
('robek'),
('roboh'),
('robok'),
('robot'),
('robotika'),
('rocet'),
('roda'),
('rodan'),
('rodat'),
('rodensial'),
('rodentisida'),
('rodi'),
('rodium'),
('rodok'),
('rodolit'),
('rodong'),
('roga'),
('rogoh'),
('rogok'),
('rogol'),
('roh'),
('rohani'),
('rohaniah'),
('rohaniwan'),
('rohmat'),
('Rohulkudus'),
('roi'),
('rojeng'),
('rojol'),
('rok'),
('rokade'),
('roker'),
('roket'),
('roki'),
('rokok'),
('rol'),
('rolet'),
('rolpres'),
('roma'),
('roman'),
('romanistik'),
('romansa'),
('romantik'),
('romantika'),
('romantikus'),
('romantis'),
('romantisisme'),
('Romawi'),
('rombak'),
('rombeng'),
('rombik'),
('rombohedron'),
('romboid'),
('rombok'),
('rombong'),
('rombus'),
('romet'),
('romok'),
('romong'),
('rompak'),
('rompal'),
('rompang'),
('rompeng'),
('rompes'),
('rompi'),
('rompoh'),
('rompok'),
('rompong'),
('rompyok'),
('romsus'),
('romusa'),
('rona'),
('ronce'),
('roncet'),
('ronda'),
('ronde'),
('rondo'),
('rondok'),
('roneo'),
('rong'),
('rongak'),
('rongga'),
('ronggang'),
('ronggeng'),
('ronggok'),
('ronggong'),
('rongkoh'),
('rongkok'),
('rongkol'),
('rongkong'),
('rongos'),
('rongrong'),
('rongseng'),
('rongsok'),
('ronta'),
('rontek'),
('rontgen'),
('rontok'),
('ronyeh'),
('ronyok'),
('rorehe'),
('rorod'),
('ros'),
('rosario'),
('rosela'),
('roseng'),
('roseola'),
('roset'),
('rosin'),
('rosok'),
('rosot'),
('rotan'),
('rotasi'),
('rotator'),
('roti'),
('rotograf'),
('rotok'),
('rowot'),
('royak'),
('royal'),
('royalti'),
('royan'),
('royemen'),
('royer'),
('rua'),
('ruadat'),
('ruai'),
('ruak'),
('ruam'),
('ruang'),
('ruap'),
('ruas'),
('ruat'),
('ruaya'),
('rubah'),
('rubai'),
('rubaiat'),
('ruban'),
('rubanat'),
('rubel'),
('rubela'),
('rubeola'),
('rubiah'),
('rubidium'),
('rubik'),
('rubin'),
('rubing'),
('rubrik'),
('rubu'),
('rubung'),
('rucah'),
('rudah'),
('rudal'),
('rudapaksa'),
('rudi'),
('rudimen'),
('rudin'),
('rudu'),
('rudus'),
('rugbi'),
('rugi'),
('ruh'),
('ruhban'),
('ruhbanat'),
('ruhbaniat'),
('ruilslag'),
('ruing'),
('ruit'),
('rujah'),
('rujak'),
('ruji'),
('rujuk'),
('rukam'),
('rukhsah'),
('rukiah'),
('ruku'),
('rukuh'),
('rukuk'),
('rukun'),
('rukyat'),
('rukyatulhilal'),
('rumah'),
('rumahsakit'),
('rumahtangga'),
('rumba'),
('rumbah'),
('rumbai'),
('rumbia'),
('rumbing'),
('rumbu'),
('rumen'),
('rumenia'),
('Rumi'),
('rumin'),
('ruminansia'),
('rumit'),
('rumor'),
('rumpakan'),
('rumpang'),
('rumpi'),
('rumpil'),
('rumpon'),
('rumpun'),
('rumput'),
('rumrum'),
('rumuk'),
('rumung'),
('rumus'),
('runcing'),
('runcit'),
('runding'),
('runduk'),
('rundung'),
('rungau'),
('runggas'),
('runggu'),
('rungguh'),
('runggut'),
('rungkau'),
('rungkuh'),
('rungkun'),
('rungkup'),
('rungu'),
('rungus'),
('rungut'),
('runjam'),
('runjang'),
('runjau'),
('runjung'),
('runtai'),
('runtas'),
('runti'),
('runtih'),
('runtuh'),
('runtun'),
('runtut'),
('runut'),
('runyam'),
('runyut'),
('ruok'),
('rupa'),
('rupawan'),
('rupee'),
('rupiah'),
('rurut'),
('rusa'),
('rusak'),
('rusuh'),
('rusuk'),
('rutab'),
('rute'),
('rutenium'),
('ruterfordium'),
('rutin'),
('rutuk'),
('rutup'),
('Ruwah'),
('ruwat'),
('ruwet'),
('ruyak'),
('ruyap'),
('ruyung'),
('ruyup'),
('saadah'),
('saadin'),
('saanen'),
('saat'),
('saba'),
('sabah'),
('sabak'),
('Saban'),
('sabana'),
('sabang'),
('sabar'),
('sabasani'),
('sabat'),
('sabatikal'),
('sabda'),
('sabel'),
('saben'),
('sabet'),
('sabil'),
('sabilillah'),
('sabit'),
('sabitah'),
('sableng'),
('sablon'),
('sabo'),
('sabot'),
('sabotase'),
('sabsab'),
('Sabtu'),
('sabun'),
('sabung'),
('sabur'),
('sabut'),
('sad'),
('sadah'),
('sadai'),
('sadak'),
('sadang'),
('sadap'),
('sadar'),
('sadariah'),
('sadau'),
('sadel'),
('sadik'),
('sadin'),
('sading'),
('sadir'),
('sadis'),
('sadisme'),
('sadistis'),
('sadrah'),
('sadran'),
('sadu'),
('sadur'),
('saf'),
('safa'),
('safari'),
('safi'),
('safih'),
('safinah'),
('safinatunajah'),
('safir'),
('safron'),
('safsaf'),
('saga'),
('sagai'),
('sagang'),
('sagar'),
('Sagitarius'),
('sagon'),
('sagu'),
('saguer'),
('sagur'),
('sah'),
('sahabat'),
('saham'),
('sahan'),
('sahang'),
('sahap'),
('sahara'),
('saharah'),
('sahaya'),
('sahayanda'),
('sahdu'),
('sahi'),
('sahib'),
('sahibulbait'),
('sahibulhajat'),
('sahibulhikayat'),
('sahifah'),
('sahih'),
('sahir'),
('sahkan'),
('sahmura'),
('sahur'),
('sahut'),
('sai'),
('saif'),
('Sailan'),
('sailo'),
('saing'),
('sains'),
('saintis'),
('sair'),
('sais'),
('saja'),
('sajadah'),
('sajak'),
('sajang'),
('sajen'),
('saji'),
('sak'),
('sakal'),
('sakang'),
('sakap'),
('sakar'),
('sakarida'),
('sakarimeter'),
('sakarin'),
('sakarosa'),
('sakat'),
('sake'),
('sakelar'),
('sakelek'),
('sakhawat'),
('sakhi'),
('sakhrat'),
('sakhsi'),
('saki'),
('sakinah'),
('saking'),
('sakit'),
('saklek'),
('sakral'),
('sakramen'),
('sakramental'),
('sakramentalia'),
('sakratulmaut'),
('sakrilegi'),
('sakristi'),
('sakrokoksigeal'),
('sakrolumbal'),
('sakrum'),
('saksama'),
('saksang'),
('saksi'),
('saksofon'),
('sakti'),
('saku'),
('sakura'),
('salaf'),
('salaharti'),
('salahguna'),
('salai'),
('salak'),
('salam'),
('salang'),
('salar'),
('salaris'),
('salasal'),
('salat'),
('salatin'),
('saldo'),
('sale'),
('saleh'),
('salem'),
('salep'),
('sali'),
('salib'),
('salihah'),
('salim'),
('salin'),
('salina'),
('salindia'),
('salindra'),
('saling'),
('salinisasi'),
('salinitas'),
('salinometer'),
('salip'),
('salir'),
('salivasi'),
('salju'),
('salmon'),
('salmonela'),
('salon'),
('salpeter'),
('salping'),
('saltasi'),
('salto'),
('saluir'),
('saluk'),
('salung'),
('salur'),
('salut'),
('salvarsan'),
('salvo'),
('sama'),
('samaada'),
('samad'),
('samak'),
('saman'),
('samanera'),
('samaniah'),
('samapta'),
('samar'),
('samara'),
('samarata'),
('samarium'),
('samas'),
('samawi'),
('samba'),
('sambal'),
('sambalewa'),
('sambangan'),
('sambar'),
('sambat'),
('sambau'),
('samben'),
('sambet'),
('sambi'),
('sambil'),
('sambillalu'),
('sambiloto'),
('sambit'),
('sambuk'),
('sambung'),
('sambungtangan'),
('sambur'),
('sambut'),
('sami'),
('samidra'),
('samijaga'),
('samin'),
('samir'),
('samovar'),
('sampa'),
('sampah'),
('sampai'),
('sampak'),
('sampakan'),
('sampan'),
('sampang'),
('sampanye'),
('sampar'),
('samparan'),
('sampat'),
('sampean'),
('sampek'),
('sampel'),
('samper'),
('sampeyan'),
('sampil'),
('sampilik'),
('samping'),
('sampir'),
('samplok'),
('sampo'),
('sampu'),
('sampuk'),
('sampul'),
('sampur'),
('samsak'),
('samsam'),
('samseng'),
('samsir'),
('samsiti'),
('samsu'),
('samudra'),
('samuh'),
('samum'),
('samun'),
('samurai'),
('sana'),
('sanad'),
('sanak'),
('sanat'),
('sanatogen'),
('sanatorium'),
('sanawiah'),
('sanca'),
('sanda'),
('sandal'),
('sandang'),
('sandar'),
('sandel'),
('sandera'),
('sandi'),
('sanding'),
('sandiwara'),
('sando'),
('sandung'),
('sandungan'),
('sang'),
('sanga'),
('sangai'),
('sangan'),
('sangar'),
('sangat'),
('sangau'),
('sangga'),
('sanggah'),
('sanggam'),
('sanggama'),
('sanggamara'),
('sanggan'),
('sanggang'),
('sanggar'),
('sanggarunggi'),
('sanggat'),
('sanggep'),
('sanggerah'),
('sangging'),
('sanggit'),
('sanggrah'),
('sanggraloka'),
('sanggul'),
('sanggup'),
('sanggurdi'),
('sangha'),
('sangih'),
('sangir'),
('sangit'),
('sangka'),
('sangkak'),
('sangkakala'),
('sangkal'),
('sangkala'),
('sangkan'),
('sangkar'),
('sangkil'),
('sangku'),
('sangkur'),
('sangkut'),
('sangkutpaut'),
('sangli'),
('sangling'),
('sanglir'),
('sangon'),
('sangrai'),
('sangsam'),
('sangsang'),
('sangsi'),
('sangu'),
('sanguifikasi'),
('sangulun'),
('sangyang'),
('sani'),
('sanik'),
('sanitas'),
('sanitasi'),
('saniter'),
('sanjai'),
('sanjak'),
('sanjang'),
('sanjung'),
('sanksi'),
('sano'),
('sansai'),
('sanseviera'),
('Sanskerta'),
('santa'),
('santai'),
('santak'),
('santam'),
('santan'),
('santap'),
('santase'),
('santau'),
('santer'),
('santet'),
('santiaji'),
('santing'),
('santir'),
('santo'),
('santonin'),
('santri'),
('santriwati'),
('santun'),
('santung'),
('sanubari'),
('sap'),
('sapa'),
('sapai'),
('saparantu'),
('sapat'),
('sapau'),
('sapersi'),
('sapi'),
('sapih'),
('sapir'),
('sapit'),
('sapogenin'),
('saponin'),
('saprofit'),
('saptadarma'),
('saptamarga'),
('saptapesona'),
('sapu'),
('saput'),
('saputangan'),
('sar'),
('sara'),
('saraf'),
('sarak'),
('saran'),
('sarana'),
('sarang'),
('sarangan'),
('sarap'),
('sarasehan'),
('sarat'),
('sarau'),
('sarden'),
('sardencis'),
('sarean'),
('sareh'),
('sarekat'),
('saren'),
('sarengat'),
('sarhad'),
('sari'),
('saridele'),
('sarik'),
('sarikan'),
('saring'),
('saripati'),
('sarira'),
('sarirah'),
('sarit'),
('sarjana'),
('sarju'),
('sarkasme'),
('sarkastis'),
('sarkode'),
('sarkoderma'),
('sarkofagus'),
('sarkolema'),
('sarkologi'),
('sarkoma'),
('sarkoplasma'),
('saron'),
('sarsaparila'),
('Sartan'),
('saru'),
('saruk'),
('sarung'),
('sarut'),
('sarwa'),
('sasa'),
('sasak'),
('sasakala'),
('sasana'),
('sasando'),
('sasap'),
('sasar'),
('sasau'),
('sasi'),
('sasian'),
('sasis'),
('sasmita'),
('sastra'),
('sastrawan'),
('sastrawi'),
('sat'),
('satai'),
('satak'),
('satang'),
('satanologi'),
('satar'),
('sate'),
('satelit'),
('satih'),
('satin'),
('satinet'),
('satir'),
('satire'),
('satiris'),
('satori'),
('satpam'),
('satron'),
('satu'),
('satumeja'),
('satupadu'),
('Saturnus'),
('saturometer'),
('satwa'),
('satyagraha'),
('satyalencana'),
('satyawacana'),
('saudagar'),
('saudara'),
('saudari'),
('sauh'),
('saujana'),
('sauk'),
('saum'),
('sauna'),
('saung'),
('saus'),
('saut'),
('sauvinis'),
('sauvinisme'),
('sauvinistis'),
('sawa'),
('sawab'),
('sawah'),
('sawai'),
('sawala'),
('sawan'),
('sawang'),
('sawangan');
INSERT INTO `katadasar` (`kata`) VALUES
('sawar'),
('sawat'),
('sawer'),
('sawi'),
('sawit'),
('sawo'),
('sawut'),
('saya'),
('sayak'),
('sayang'),
('sayat'),
('sayembara'),
('sayet'),
('sayib'),
('sayid'),
('sayidani'),
('sayidi'),
('sayidina'),
('sayu'),
('sayung'),
('sayup'),
('sayur'),
('seba'),
('sebab'),
('sebahat'),
('sebai'),
('sebak'),
('sebal'),
('sebam'),
('sebar'),
('sebarau'),
('sebarluas'),
('sebasah'),
('sebat'),
('sebaur'),
('sebekah'),
('sebel'),
('sebeng'),
('seberang'),
('seberhana'),
('sebet'),
('sebit'),
('seblang'),
('sebrot'),
('sebu'),
('sebuk'),
('sebum'),
('sebun'),
('sebura'),
('seburas'),
('seburu'),
('seburus'),
('seburut'),
('sebut'),
('secang'),
('seceng'),
('secerek'),
('secina'),
('sedahan'),
('sedak'),
('sedam'),
('sedan'),
('sedang'),
('sedap'),
('sedat'),
('sedatif'),
('sedativa'),
('sedawai'),
('sedekah'),
('sedekap'),
('sedelinggam'),
('sedeng'),
('sederhana'),
('sederum'),
('sedia'),
('sediakala'),
('sedih'),
('sedikit'),
('sedimen'),
('sedimentasi'),
('sedimenter'),
('sedingin'),
('sedong'),
('sedot'),
('sedu'),
('seduayah'),
('seduh'),
('sefalopoda'),
('sefalotoraks'),
('seg'),
('sega'),
('segah'),
('segak'),
('segala'),
('segan'),
('seganda'),
('segani'),
('segar'),
('segara'),
('segata'),
('segeger'),
('segeh'),
('segel'),
('segenap'),
('segera'),
('segi'),
('segianya'),
('segitiga'),
('segmen'),
('segmental'),
('segmentasi'),
('segregasi'),
('seh'),
('sehat'),
('sehingga'),
('seilometer'),
('sein'),
('seismik'),
('seismograf'),
('seismogram'),
('seismolog'),
('seismologi'),
('seismometer'),
('sejahtera'),
('sejak'),
('sejarah'),
('sejarawan'),
('sejari'),
('sejat'),
('sejati'),
('sejingkat'),
('sejuk'),
('sek'),
('seka'),
('sekadar'),
('sekak'),
('sekakar'),
('sekakmat'),
('sekal'),
('sekala'),
('sekaligus'),
('sekalipun'),
('sekalor'),
('sekam'),
('sekan'),
('sekang'),
('sekap'),
('sekapar'),
('sekar'),
('sekarang'),
('sekarat'),
('sekat'),
('sekaten'),
('sekaut'),
('sekeber'),
('sekebun'),
('sekedeng'),
('sekeduduk'),
('sekedup'),
('sekelat'),
('sekelian'),
('sekema'),
('sekendal'),
('sekendi'),
('sekengkeng'),
('sekepat'),
('sekeram'),
('sekeri'),
('sekerindangan'),
('sekering'),
('sekesel'),
('sekh'),
('sekilwak'),
('sekip'),
('sekira'),
('sekiram'),
('seko'),
('sekoci'),
('sekoi'),
('sekolah'),
('sekon'),
('sekongkol'),
('sekop'),
('sekopong'),
('sekoteng'),
('sekrap'),
('sekresi'),
('sekreta'),
('sekretariat'),
('sekretaris'),
('sekretin'),
('sekring'),
('sekrip'),
('sekrup'),
('seks'),
('seksi'),
('seksmaniak'),
('seksolog'),
('seksologi'),
('seksologis'),
('sekstan'),
('sekstet'),
('seksual'),
('seksualitas'),
('sektarian'),
('sektarianisme'),
('sekte'),
('sektor'),
('sektoral'),
('sekuas'),
('sekul'),
('sekularis'),
('sekularisasi'),
('sekularisme'),
('sekularitas'),
('sekuler'),
('sekulir'),
('sekunar'),
('sekunder'),
('sekunyit'),
('sekuritas'),
('sekuriti'),
('sekutu'),
('sel'),
('sela'),
('selabar'),
('selaberak'),
('selada'),
('seladang'),
('seladon'),
('selai'),
('selain'),
('selaju'),
('selak'),
('selaka'),
('selakarang'),
('selalu'),
('selam'),
('selamat'),
('selamba'),
('selampai'),
('selampe'),
('selampek'),
('selampit'),
('Selan'),
('selancak'),
('selancang'),
('selancar'),
('selang'),
('selangat'),
('selangka'),
('selangkang'),
('selangkup'),
('selanting'),
('selap'),
('selapan'),
('selaput'),
('selar'),
('selara'),
('selarak'),
('selaras'),
('selarung'),
('Selasa'),
('selasar'),
('selasih'),
('selat'),
('Selatan'),
('selawah'),
('selawat'),
('selaya'),
('selayun'),
('selayur'),
('sele'),
('selebaran'),
('selebran'),
('selebrasi'),
('selebritas'),
('selebriti'),
('selebu'),
('seleder'),
('selederi'),
('seledri'),
('seleguri'),
('selekeh'),
('selekoh'),
('selekor'),
('seleksi'),
('selektif'),
('selektivitas'),
('seleler'),
('selembana'),
('selempada'),
('selempang'),
('selempuri'),
('selendang'),
('selender'),
('selendro'),
('selenggara'),
('selengkatan'),
('selenium'),
('selenografi'),
('selenologi'),
('selentik'),
('selenting'),
('seleo'),
('selepa'),
('selepang'),
('selepat'),
('selepe'),
('seleper'),
('selepetan'),
('selepi'),
('selera'),
('selerak'),
('selerang'),
('selesa'),
('selesai'),
('selesma'),
('seletuk'),
('seleweng'),
('selia'),
('seliap'),
('selibat'),
('selibu'),
('selibut'),
('selidik'),
('seligi'),
('seligit'),
('selimang'),
('selimpang'),
('selimpat'),
('selimut'),
('selinap'),
('selindung'),
('seling'),
('selingar'),
('selingkit'),
('selingkuh'),
('selingkup'),
('selip'),
('selipar'),
('selir'),
('selira'),
('selirak'),
('selirat'),
('seliri'),
('selisih'),
('selisik'),
('selisip'),
('selisir'),
('selit'),
('seliwer'),
('selo'),
('selofan'),
('selok'),
('seloka'),
('selokan'),
('seloki'),
('selom'),
('selomot'),
('selompret'),
('Selon'),
('selonding'),
('selongkar'),
('selongsong'),
('selonjor'),
('selonong'),
('selop'),
('seloroh'),
('selot'),
('seloyak'),
('seloyong'),
('selter'),
('seluang'),
('seluar'),
('selubung'),
('seludang'),
('seludu'),
('seluduk'),
('seludup'),
('selui'),
('seluk'),
('selukat'),
('selukung'),
('seluler'),
('seluloid'),
('selulosa'),
('selulup'),
('selulur'),
('selumar'),
('selumbar'),
('selumbari'),
('selumbat'),
('selumu'),
('selumur'),
('seluncur'),
('selundat'),
('selundup'),
('selungkang'),
('selungkup'),
('selup'),
('selupan'),
('selupat'),
('selurah'),
('seluru'),
('seluruh'),
('selusuh'),
('selusup'),
('selusur'),
('selut'),
('sema'),
('semadi'),
('semafor'),
('semah'),
('semai'),
('semaja'),
('semak'),
('semalu'),
('semambu'),
('semampai'),
('semampang'),
('semampat'),
('seman'),
('semanak'),
('semandan'),
('semandarasa'),
('semandarasah'),
('semandera'),
('semangat'),
('semanggi'),
('semangka'),
('semangkok'),
('semantan'),
('semantik'),
('semantis'),
('semantung'),
('semaput'),
('semara'),
('semarai'),
('semaram'),
('semarmendem'),
('semawang'),
('semawar'),
('semaya'),
('semayam'),
('semayi'),
('sembab'),
('sembabat'),
('sembada'),
('sembagi'),
('sembah'),
('sembahyang'),
('sembai'),
('sembak'),
('sembam'),
('sembap'),
('sembar'),
('sembarang'),
('sembari'),
('sembat'),
('sembayan'),
('sembelih'),
('sembelit'),
('sember'),
('semberap'),
('semberip'),
('sembesi'),
('sembeta'),
('sembiang'),
('sembilan'),
('sembilang'),
('sembilik'),
('sembilu'),
('sembir'),
('semboyan'),
('sembrani'),
('sembrono'),
('sembuang'),
('sembuh'),
('sembul'),
('sembung'),
('sembunyi'),
('sembur'),
('semburat'),
('semburit'),
('semecah'),
('semeleh'),
('sememeh'),
('semen'),
('semena'),
('semenanjung'),
('semenda'),
('semendarasa'),
('semenggah'),
('semenjak'),
('semenjana'),
('sementara'),
('sementasi'),
('sementelah'),
('sementung'),
('semerawang'),
('semerbak'),
('semerdanta'),
('semesta'),
('semester'),
('semi'),
('semidiurnal'),
('semifinal'),
('semifinalis'),
('semiidiom'),
('semikonduktor'),
('semilat'),
('seminai'),
('seminar'),
('seminari'),
('seminaris'),
('seminau'),
('semiologi'),
('semiotik'),
('semiotika'),
('semipermanen'),
('semir'),
('semitisme'),
('semivokal'),
('semok'),
('sempada'),
('sempadan'),
('sempak'),
('sempal'),
('sempalai'),
('sempang'),
('sempat'),
('sempelah'),
('sempena'),
('sempil'),
('sempit'),
('semplak'),
('sempoyong'),
('semprit'),
('semprong'),
('semprot'),
('sempul'),
('sempur'),
('sempuras'),
('sempurna'),
('semrawut'),
('semringah'),
('semu'),
('semua'),
('semunding'),
('semunian'),
('semur'),
('semut'),
('sen'),
('sena'),
('senak'),
('senam'),
('senamaki'),
('senandika'),
('senandung'),
('senang'),
('senangin'),
('senantan'),
('senantiasa'),
('senapan'),
('senapati'),
('senar'),
('senarai'),
('senario'),
('senat'),
('senator'),
('senawan'),
('senawar'),
('senawat'),
('senawi'),
('senda'),
('sendal'),
('sendalu'),
('sendam'),
('sendang'),
('sendar'),
('sendarat'),
('sendaren'),
('sendat'),
('sendawa'),
('sendayan'),
('sendayang'),
('sendel'),
('sendeng'),
('sender'),
('senderik'),
('senderung'),
('senderut'),
('sendi'),
('sending'),
('sendiri'),
('sendocong'),
('sendok'),
('sendon'),
('sendorong'),
('sendratari'),
('sendu'),
('senduduk'),
('senduk'),
('Senen'),
('senewen'),
('seng'),
('sengaja'),
('sengal'),
('sengam'),
('sengangar'),
('sengangkar'),
('sengap'),
('sengar'),
('sengarat'),
('sengaring'),
('sengat'),
('sengau'),
('sengelat'),
('senget'),
('senggak'),
('senggang'),
('senggat'),
('senggau'),
('senggayut'),
('senggeruk'),
('sengget'),
('senggol'),
('senggora'),
('senggugu'),
('senggugut'),
('sengguk'),
('senggulung'),
('senggut'),
('sengih'),
('sengingih'),
('sengir'),
('sengit'),
('sengkak'),
('sengkal'),
('sengkalan'),
('sengkang'),
('sengkar'),
('sengkarut'),
('sengkawang'),
('sengkayan'),
('sengked'),
('sengkek'),
('sengkela'),
('sengkelang'),
('sengkelat'),
('sengkeling'),
('sengkelit'),
('sengkenit'),
('sengker'),
('sengketa'),
('sengkil'),
('sengkilit'),
('sengkuang'),
('sengkuap'),
('sengon'),
('sengsai'),
('sengsam'),
('sengsara'),
('sengsem'),
('sengsurit'),
('senguk'),
('sengungut'),
('sengut'),
('seni'),
('senigai'),
('senil'),
('senilitas'),
('seniman'),
('Senin'),
('senior'),
('senioritas'),
('seniwan'),
('seniwati'),
('senja'),
('senjang'),
('senjata'),
('senjolong'),
('senjong'),
('senohong'),
('senonoh'),
('senoyong'),
('sensasi'),
('sensasional'),
('sensibel'),
('sensibilitas'),
('sensitif'),
('sensitivitas'),
('sensor'),
('sensoris'),
('sensual'),
('sensualisme'),
('sensualitas'),
('sensur'),
('sensus'),
('senta'),
('sentada'),
('sentadu'),
('sentagi'),
('sentak'),
('sentaka'),
('sentali'),
('sentana'),
('sentap'),
('senteng'),
('senter'),
('senterpor'),
('senti'),
('sentiare'),
('sentigram'),
('sentil'),
('sentiliter'),
('sentimen'),
('sentimental'),
('sentimentalitas'),
('sentimentil'),
('sentimeter'),
('senting'),
('sentiong'),
('sentol'),
('sentong'),
('sentosa'),
('sentra'),
('sentral'),
('sentralisasi'),
('sentralistis'),
('sentrifugal'),
('sentripetal'),
('sentrum'),
('sentuh'),
('sentuk'),
('sentul'),
('sentung'),
('senu'),
('senuh'),
('senuk'),
('senunggang'),
('senur'),
('senyampang'),
('senyap'),
('senyar'),
('senyum'),
('senyur'),
('seok'),
('sep'),
('sepada'),
('sepah'),
('sepai'),
('sepak'),
('sepakat'),
('sepakbola'),
('sepal'),
('sepam'),
('sepan'),
('sepanar'),
('sepandri'),
('sepang'),
('separasi'),
('separatis'),
('separatisme'),
('separbang'),
('sepasin'),
('sepat'),
('sepatbor'),
('sepatu'),
('sepeda'),
('sepedas'),
('sepegoh'),
('sepekuk'),
('sepel'),
('sepele'),
('sepeling'),
('sepen'),
('seperah'),
('seperantu'),
('sepersi'),
('seperti'),
('sepet'),
('sepetir'),
('sepi'),
('sepih'),
('sepiker'),
('sepir'),
('sepit'),
('seples'),
('sepoi'),
('seprai'),
('seprei'),
('sepsis'),
('September'),
('septima'),
('septum'),
('sepuh'),
('sepuit'),
('sepuk'),
('sepul'),
('sepulih'),
('sepur'),
('seput'),
('sera'),
('serabi'),
('serabut'),
('serabutan'),
('seraga'),
('serah'),
('serahi'),
('serahterima'),
('serai'),
('serak'),
('serakah'),
('seram'),
('serama'),
('serambi'),
('serampin'),
('serampu'),
('serampuk'),
('seran'),
('serana'),
('seranah'),
('serandang'),
('serandau'),
('Serandib'),
('serandung'),
('serang'),
('serangga'),
('seranggung'),
('serangkak'),
('serangsang'),
('Serani'),
('seranograf'),
('seranometer'),
('seranta'),
('serap'),
('serapah'),
('serapat'),
('serasah'),
('serasi'),
('serat'),
('seratah'),
('serati'),
('seratung'),
('serau'),
('seraumeter'),
('seraut'),
('serawak'),
('serawal'),
('seraya'),
('serba'),
('serbaada'),
('serbaakal'),
('serbabaru'),
('serbabisa'),
('serbadua'),
('serbaemas'),
('serbaguna'),
('serbaindah'),
('serbak'),
('serbakeemasan'),
('serbakurang'),
('serbamacam'),
('serban'),
('serbaneka'),
('serbaputih'),
('serbarumah'),
('serbasalah'),
('serbasama'),
('serbasusah'),
('serbat'),
('serbausaha'),
('serbet'),
('serbi'),
('serbu'),
('serbuk'),
('serdadu'),
('serdak'),
('serdam'),
('serdang'),
('serdawa'),
('serdi'),
('serdih'),
('serealia'),
('serealin'),
('sereat'),
('serebral'),
('serebrospinal'),
('serebrum'),
('seregang'),
('sereh'),
('seremban'),
('seremoni'),
('seremonial'),
('serempet'),
('serempu'),
('serendah'),
('serendeng'),
('sereng'),
('serengam'),
('serengeh'),
('serengit'),
('serenjak'),
('serenjang'),
('serenta'),
('serep'),
('seresin'),
('seret'),
('sergah'),
('sergam'),
('sergap'),
('sergut'),
('seri'),
('serial'),
('seriap'),
('seriat'),
('seriawan'),
('seribulan'),
('seribumi'),
('seridanta'),
('seriding'),
('serigala'),
('serik'),
('serikat'),
('serikaya'),
('serimala'),
('serimpet'),
('serimpi'),
('serimpung'),
('serindai'),
('serindit'),
('sering'),
('seringai'),
('seringing'),
('seriosa'),
('serit'),
('serium'),
('serius'),
('serkah'),
('serkai'),
('serkap'),
('serkup'),
('serlah'),
('serling'),
('sermangin'),
('sermet'),
('sernak'),
('sero'),
('serobeh'),
('serobok'),
('serobot'),
('serografi'),
('seroja'),
('serologi'),
('serombong'),
('serompok'),
('serondeng'),
('serondok'),
('serondol'),
('serondong'),
('serong'),
('seronok'),
('seroplastik'),
('seropot'),
('serositas'),
('serosoh'),
('serot'),
('seroyong'),
('serpentina'),
('serpih'),
('sersan'),
('serse'),
('sersi'),
('serta'),
('sertifikasi'),
('sertifikat'),
('sertu'),
('seru'),
('seruak'),
('seruda'),
('serudi'),
('seruduk'),
('serugat'),
('seruh'),
('serui'),
('seruit'),
('seruk'),
('serul'),
('seruling'),
('serum'),
('serumat'),
('serumen'),
('serumpu'),
('serun'),
('serunai'),
('serunda'),
('serundang'),
('serundeng'),
('serunjang'),
('seruntun'),
('serupih'),
('seruput'),
('seruru'),
('serut'),
('serutu'),
('seruyuk'),
('servis'),
('sesah'),
('sesai'),
('sesak'),
('sesal'),
('sesam'),
('sesamoid'),
('sesanti'),
('sesap'),
('sesar'),
('sesat'),
('sesenap'),
('seser'),
('sesi'),
('sesil'),
('sesira'),
('sesium'),
('sesoca'),
('sespan'),
('sestina'),
('set'),
('seta'),
('setabelan'),
('setagen'),
('setai'),
('setakona'),
('setal'),
('setambun'),
('setan'),
('setana'),
('setang'),
('setangan'),
('setanggi'),
('setaria'),
('setat'),
('setawar'),
('seteger'),
('seteheng'),
('setek'),
('seteker'),
('setel'),
('setela'),
('seteleng'),
('setem'),
('setempel'),
('seten'),
('setenggar'),
('seter'),
('seteranah'),
('seteru'),
('setewel'),
('seti'),
('setia'),
('setiabu'),
('setiakawan'),
('setiar'),
('setiawan'),
('setiga'),
('setik'),
('setin'),
('setinggi'),
('setip'),
('setir'),
('setirman'),
('setiwel'),
('setoka'),
('setokin'),
('setolop'),
('setom'),
('seton'),
('setop'),
('setoples'),
('setor'),
('setori'),
('setoter'),
('setra'),
('setrap'),
('setrat'),
('setren'),
('setreng'),
('setrik'),
('setrika'),
('setrip'),
('setruk'),
('setrum'),
('setrup'),
('setti'),
('setu'),
('setuil'),
('setum'),
('setung'),
('setup'),
('seturi'),
('seturu'),
('seudati'),
('sewa'),
('sewah'),
('sewaka'),
('sewal'),
('sewar'),
('sewat'),
('sewot'),
('sewu'),
('sfenoidal'),
('sferoid'),
('sferometer'),
('sfigmograf'),
('sfigmomanometer'),
('sfingofili'),
('sfingter'),
('sfinks'),
('sia'),
('siaga'),
('siah'),
('siak'),
('siakap'),
('siakon'),
('sial'),
('sialang'),
('sialit'),
('siam'),
('siamang'),
('sian'),
('sianamida'),
('sianang'),
('siang'),
('sianggit'),
('sianida'),
('sianometer'),
('sianometri'),
('sianosis'),
('siantan'),
('siap'),
('siapa'),
('siapsedia'),
('siapsiaga'),
('siapuh'),
('siar'),
('siarah'),
('siasat'),
('siat'),
('siau'),
('sibak'),
('sibar'),
('sibernetika'),
('sibilan'),
('sibir'),
('sibuk'),
('sibur'),
('sibusuk'),
('sice'),
('sicerek'),
('sida'),
('sidai'),
('sidamukti'),
('sidang'),
('sidat'),
('siderit'),
('sidi'),
('sidik'),
('siding'),
('sidomukti'),
('sidratulmuntaha'),
('siduga'),
('siduk'),
('sif'),
('sifat'),
('sifatullah'),
('sifer'),
('sifilis'),
('sifilobia'),
('sifon'),
('sigai'),
('sigak'),
('sigando'),
('sigap'),
('sigar'),
('sigaret'),
('sigasir'),
('sigenting'),
('siger'),
('sigi'),
('sigilografi'),
('sigma'),
('signifikan'),
('signifikansi'),
('signifikasi'),
('sigot'),
('sigung'),
('sih'),
('sihir'),
('sijil'),
('sika'),
('sikah'),
('sikai'),
('sikak'),
('sikap'),
('sikari'),
('sikas'),
('sikat'),
('sikedempung'),
('sikeras'),
('sikik'),
('sikikih'),
('sikin'),
('sikit'),
('siklis'),
('sikloid'),
('siklon'),
('sikloparafin'),
('siklotron'),
('siklus'),
('siksa'),
('siku'),
('sikudidi'),
('sikudomba'),
('sikut'),
('sil'),
('sila'),
('silabel'),
('silabis'),
('silabus'),
('silah'),
('silalatu'),
('silam'),
('silampukau'),
('silang'),
('silap'),
('silara'),
('silase'),
('silat'),
('silaturahmi'),
('silau'),
('silengah'),
('silet'),
('silih'),
('silik'),
('silika'),
('silikat'),
('silikon'),
('silikona'),
('silikosis'),
('silinder'),
('silindris'),
('silindroid'),
('silir'),
('silium'),
('silo'),
('silogisme'),
('silok'),
('silologi'),
('silometer'),
('siloptik'),
('silsilah'),
('silt'),
('silu'),
('siluet'),
('siluk'),
('siluman'),
('silungkang'),
('silvika'),
('silvikultur'),
('silvisida'),
('simak'),
('simalakama'),
('simaung'),
('simbah'),
('simbai'),
('simbang'),
('simbar'),
('simbat'),
('simbion'),
('simbiosis'),
('simbiotis'),
('simbok'),
('simbol'),
('simbolis'),
('simbolisme'),
('simbur'),
('simetri'),
('simetris'),
('simfisis'),
('simfoni'),
('simile'),
('simpai'),
('simpak'),
('simpan'),
('simpang'),
('simpangsiur'),
('simpanse'),
('simpati'),
('simpatik'),
('simpatisan'),
('simpel'),
('simpetal'),
('simping'),
('simpir'),
('simpleks'),
('simplifikasi'),
('simplistis'),
('simposium'),
('simpuh'),
('simpuk'),
('simpul'),
('simpur'),
('simtom'),
('simtomatis'),
('simtomatologi'),
('simulasi'),
('simulator'),
('simulfiks'),
('simultan'),
('simuntu'),
('sin'),
('sinagoge'),
('sinambung'),
('sinanaga'),
('Sinansari'),
('sinar'),
('sinatan'),
('sinau'),
('sinawar'),
('sindap'),
('sinden'),
('sinder'),
('sindeton'),
('sindikalisme'),
('sindikasi'),
('sindikat'),
('sindir'),
('sindrom'),
('sindur'),
('sineas'),
('sinekdoke'),
('sinektika'),
('sinema'),
('sinemapleks'),
('sinemaskop'),
('sinematik'),
('sinematograf'),
('sinematografi'),
('sinematografis'),
('sinemikrografik'),
('sineol'),
('sinepleks'),
('sinergi'),
('sinergis'),
('sinergisme'),
('sineskop'),
('sinestesia'),
('sinetron'),
('sing'),
('singa'),
('singahak'),
('singelar'),
('singga'),
('singgah'),
('singgan'),
('singgang'),
('singgasana'),
('singgel'),
('singgir'),
('singgit'),
('singgul'),
('singgung'),
('singit'),
('singkak'),
('singkang'),
('singkap'),
('singkat'),
('singkeh'),
('singkek'),
('singkil'),
('singkir'),
('singkong'),
('singkur'),
('singlet'),
('singsat'),
('singse'),
('singset'),
('singsing'),
('singularis'),
('singulum'),
('singunen'),
('sini'),
('sinis'),
('sinisme'),
('sinjang'),
('sinklin'),
('sinkonina'),
('sinkope'),
('sinkretis'),
('sinkretisasi'),
('sinkretisme'),
('sinkron'),
('sinkronis'),
('sinkronisasi'),
('sinkronisme'),
('sinode'),
('sinolog'),
('sinologi'),
('sinom'),
('sinoman'),
('sinonim'),
('sinonimi'),
('sinopsis'),
('sinoptis'),
('sinovia'),
('sinovitis'),
('sinrili'),
('sinse'),
('sintagma'),
('sintagmatis'),
('sintaksis'),
('sintal'),
('sintar'),
('sintas'),
('sinter'),
('Sinterklas'),
('sintese'),
('sintesis'),
('sintetik'),
('sintetis'),
('sintir'),
('sintonik'),
('sintren'),
('sintua'),
('sintuk'),
('sintulang'),
('sintung'),
('sinu'),
('sinuhun'),
('sinus'),
('sinusal'),
('sinusitis'),
('sinusoid'),
('sinyal'),
('sinyalemen'),
('sinyalir'),
('sinyo'),
('Sinyokolas'),
('sio'),
('sioca'),
('siong'),
('siongka'),
('sip'),
('sipahi'),
('sipangkalan'),
('sipat'),
('sipatung'),
('sipedas'),
('sipi'),
('sipil'),
('sipir'),
('sipit'),
('sipongang'),
('sipu'),
('sipulut'),
('siput'),
('sir'),
('sira'),
('sirah'),
('siram'),
('sirap'),
('sirat'),
('siratalmustakim'),
('siraut'),
('sirene'),
('sirep'),
('siri'),
('siriasis'),
('sirib'),
('sirih'),
('sirik'),
('siring'),
('siringitis'),
('sirip'),
('sirkam'),
('sirke'),
('sirkol'),
('sirkuit'),
('sirkulasi'),
('sirkuler'),
('sirkumfiks'),
('sirkumfleks'),
('sirkus'),
('sirlak'),
('sirna'),
('sirokumulus'),
('sirop'),
('sirostratus'),
('sirsak'),
('siru'),
('sirus'),
('sis'),
('sisa'),
('sisal'),
('sisalak'),
('sisi'),
('sisih'),
('sisik'),
('sisip'),
('sisir'),
('sistaltik'),
('sistem'),
('sistematik'),
('sistematika'),
('sistematis'),
('sistematisasi'),
('sistemis'),
('sistemisasi'),
('sisterna'),
('sistitis'),
('sistole'),
('sistolik'),
('sisurut'),
('siswa'),
('siswi'),
('sit'),
('sita'),
('sitak'),
('sitat'),
('siter'),
('siti'),
('sitinggil'),
('sitir'),
('sitolisis'),
('sitologi'),
('sitoplasma'),
('sitrat'),
('sitrin'),
('sitrun'),
('situ'),
('situasi'),
('situasional'),
('situn'),
('situs'),
('siuh'),
('siuk'),
('siul'),
('siuman'),
('siung'),
('siur'),
('siut'),
('sivilisasi'),
('siwalan'),
('siwer'),
('sizigi'),
('skafa'),
('skala'),
('skalar'),
('skalop'),
('skandal'),
('skandium'),
('skarifikasi'),
('skatola'),
('skatologi'),
('skedul'),
('skelet'),
('skema'),
('skematis'),
('skenario'),
('skene'),
('skeptis'),
('skeptisisme'),
('sketsa'),
('ski'),
('skiameter'),
('skiatika'),
('skilot'),
('skip'),
('skiping'),
('skisma'),
('skizofrenia'),
('skizoid'),
('sklerenkima'),
('sklerosis'),
('skleroterapi'),
('skolastik'),
('skolastikus'),
('skolastisi'),
('skolastisisme'),
('skombroid'),
('skop'),
('skopometer'),
('skor'),
('skorbut'),
('Skorpio'),
('skors'),
('skrin'),
('skrip'),
('skripsi'),
('skrobikulus'),
('skrotum'),
('skuadron'),
('skuas'),
('skuat'),
('skuter'),
('slagorde'),
('slah'),
('slang'),
('slebor'),
('slendro'),
('sling'),
('slip'),
('slof'),
('slogan'),
('smes'),
('smokel'),
('snob'),
('snobisme'),
('soak'),
('soal'),
('soang'),
('soarma'),
('soba'),
('soban'),
('sobat'),
('sobek'),
('sobok'),
('soda'),
('sodet'),
('sodium'),
('sodok'),
('sodomasosisme'),
('sodomi'),
('sodomia'),
('sodor'),
('soe'),
('sofa'),
('sofis'),
('sofisme'),
('sofistri'),
('sofitel'),
('soga'),
('sogan'),
('sogang'),
('sogo'),
('sogok'),
('sohar'),
('sohib'),
('sohor'),
('sohun'),
('soja'),
('sok'),
('soka'),
('sokah'),
('soker'),
('soket'),
('sokom'),
('sokong'),
('sol'),
('solah'),
('solak'),
('solang'),
('solanina'),
('solar'),
('solarimeter'),
('solder'),
('solek'),
('solenoide'),
('solfatara'),
('solid'),
('solidaritas'),
('solider'),
('soliditas'),
('solilokui'),
('solinometer'),
('solipsisme'),
('solis'),
('soliter'),
('solo'),
('solois'),
('solok'),
('solokan'),
('solot'),
('solum'),
('solusi'),
('solvabilitas'),
('solven'),
('som'),
('soma'),
('somah'),
('somasi'),
('somatis'),
('somatomegali'),
('sombok'),
('sombol'),
('sombong'),
('sombrero'),
('someng'),
('somnambulis'),
('somnambulisme'),
('sompek'),
('sompeng'),
('somplak'),
('somplok'),
('sompoh'),
('sompok'),
('sompong'),
('sompret'),
('sonar'),
('sonata'),
('sonatina'),
('sondai'),
('sondanco'),
('sondang'),
('sondase'),
('sondek'),
('sonder'),
('sondok'),
('sondong'),
('soneta'),
('songar'),
('songel'),
('songgeng'),
('songket'),
('songkok'),
('songkro'),
('songong'),
('sonik'),
('sono'),
('sonogram'),
('sonokeling'),
('sonor'),
('sonoran'),
('sontak'),
('sontek'),
('sontok'),
('sontoloyo'),
('sop'),
('sopak'),
('sopan'),
('sopansantun'),
('sopek'),
('sopi'),
('sopir'),
('soporifik'),
('sopran'),
('sorak'),
('sorang'),
('sorbet'),
('sore'),
('sorek'),
('soren'),
('sorgum'),
('sori'),
('sorog'),
('sorok'),
('sorong'),
('sorot'),
('sortir'),
('sosi'),
('sosial'),
('sosialis'),
('sosialisasi'),
('sosialisme'),
('sosialistis'),
('sosiawan'),
('sosiobiolog'),
('sosiodemokrasi'),
('sosiodrama'),
('sosiokultural'),
('sosiolek'),
('sosiolinguistik'),
('sosiolog'),
('sosiologi'),
('sosiologis'),
('sosiometri'),
('sosionasional'),
('sosiopat'),
('sosis'),
('sositet'),
('sosoh'),
('sosok'),
('sosor'),
('soto'),
('sotoh'),
('sotong'),
('soun'),
('sowan'),
('soyak'),
('spageti'),
('spalasi'),
('span'),
('spanduk'),
('spaning'),
('sparing'),
('spasi'),
('spasial'),
('spasmodis'),
('spasmus'),
('spastik'),
('spatbor'),
('spatula'),
('spedometer'),
('spektakel'),
('spektakuler'),
('spektator'),
('spektograf'),
('spektogram'),
('spektrograf'),
('spektrogram'),
('spektrokimia'),
('spektrometer'),
('spektroskop'),
('spektrum'),
('spekuk'),
('spekulan'),
('spekulasi'),
('spekulatif'),
('spekulator'),
('speleologi'),
('spelter'),
('sperma'),
('spermaseti'),
('spermatid'),
('spermatofora'),
('spermatogenesis'),
('spermatosit'),
('spermatozoa'),
('spermatozoid'),
('spesial'),
('spesialis'),
('spesialisasi'),
('spesialistis'),
('spesies'),
('spesifik'),
('spesifikasi'),
('spesimen'),
('spidol'),
('spidometer'),
('spikul'),
('spil'),
('spinabifida'),
('spion'),
('spionase'),
('spiral'),
('spiralisasi'),
('spirilum'),
('spirit'),
('spiritis'),
('spiritisme'),
('spiritual'),
('spiritualisasi'),
('spiritualisme'),
('spiritus'),
('spirometer'),
('spons'),
('sponsor'),
('spontan'),
('spontanitas'),
('spora'),
('sporadis'),
('sporangium'),
('sporofil'),
('sport'),
('sportif'),
('sportivitas'),
('spring'),
('sprint'),
('sprinter'),
('sputnik'),
('sputum'),
('sreg'),
('sregep'),
('srempet'),
('sri'),
('srigading'),
('srigunggu'),
('srigunting'),
('Srikandi'),
('srikaya'),
('srimanganti'),
('sripah'),
('sripanggung'),
('sriti'),
('stabil'),
('stabilisasi'),
('stabilisator'),
('stabilitas'),
('stadion'),
('stadium'),
('staf'),
('stafilitis'),
('stagnan'),
('stagnasi'),
('stalagmit'),
('stalagmometri'),
('stalaktit'),
('stalinisme'),
('stalon'),
('stamba'),
('stambon'),
('stambuk'),
('stamen'),
('stamina'),
('stan'),
('standar'),
('standardisasi'),
('stanplat'),
('stanum'),
('stanza'),
('stapler'),
('staples'),
('start'),
('starter'),
('stasi'),
('stasioner'),
('stasis'),
('stasiun'),
('statis'),
('statistik'),
('statistika'),
('statistis'),
('stator'),
('status'),
('statuta'),
('statuter'),
('stearat'),
('stearin'),
('steatit'),
('steatosis'),
('stegodon'),
('steik'),
('stek'),
('steker'),
('stela'),
('stema'),
('stemma'),
('stempel'),
('sten'),
('stengun'),
('steno'),
('stenografer'),
('stenografi'),
('stenogram'),
('stensil'),
('step'),
('stepa'),
('stepler'),
('steradian'),
('stereo'),
('stereofoni'),
('stereofonik'),
('stereognosis'),
('stereograf'),
('stereografi'),
('stereoisomerisme'),
('stereokimia'),
('stereometri'),
('stereoskop'),
('stereotip'),
('stereotipikal'),
('steril'),
('sterilisasi'),
('sterilitas'),
('steroid'),
('steroidal'),
('sterol'),
('stetoskop'),
('stevador'),
('stibium'),
('stigma'),
('stigmata'),
('stik'),
('stiker'),
('stilbestrol'),
('stilir'),
('stilistika'),
('stilograf'),
('stimulan'),
('stimulasi'),
('stimulatif'),
('stimulator'),
('stimulus'),
('stipendium'),
('stipulasi'),
('stirena'),
('stoikiometri'),
('stok'),
('stokastik'),
('stoker'),
('stol'),
('stoliditas'),
('stolon'),
('stomata'),
('stomatitis'),
('stomatogastrik'),
('stomatoskop'),
('stoper'),
('stopkeran'),
('stopkontak'),
('stoples'),
('stori'),
('strabotomi'),
('strata'),
('strategem'),
('strategi'),
('strategis'),
('stratifikasi'),
('stratigrafi'),
('strato'),
('stratokumulus'),
('stratopause'),
('stratosfer'),
('stratum'),
('stratus'),
('streng'),
('streptokokus'),
('streptomisin'),
('stres'),
('striker'),
('strimin'),
('strip'),
('striptis'),
('stroberi'),
('strobila'),
('stroboskop'),
('stroke'),
('stromking'),
('strontium'),
('struktur'),
('struktural'),
('strukturalisasi'),
('strukturalisme'),
('struma'),
('studen'),
('studi'),
('studio'),
('stuko'),
('stupa'),
('sua'),
('suah'),
('suai'),
('suak'),
('suaka'),
('suam'),
('suami'),
('suaminda'),
('suang'),
('suangi'),
('suap'),
('suar'),
('suara'),
('suarang'),
('suarawati'),
('suargaloka'),
('suari'),
('suasa'),
('suasana'),
('suat'),
('suatu'),
('subak'),
('subal'),
('subam'),
('suban'),
('subang'),
('subbab'),
('subbagian'),
('subdirektorat'),
('subentri'),
('suberin'),
('subetnik'),
('subfilum'),
('subgeneralisasi'),
('subgenus'),
('subhana'),
('subirigasi'),
('subjek'),
('subjektif'),
('subjektivisme'),
('subkategorisasi'),
('subkelas'),
('subkontraktor'),
('subkultur'),
('sublema'),
('subletal'),
('sublim'),
('sublimasi'),
('sublimat'),
('submarine'),
('submukosa'),
('subordinasi'),
('subordinat'),
('suborganisasi'),
('subsider'),
('subsidi'),
('subskrip'),
('subsonik'),
('substandar'),
('substansi'),
('substansial'),
('substantif'),
('substitusi'),
('substitutif'),
('substrat'),
('subtil'),
('subtonik'),
('subtropik'),
('subuco'),
('subuh'),
('subunit'),
('subur'),
('subversi'),
('subversif'),
('subyek'),
('subyektif'),
('subyektivisme'),
('suceng'),
('suci'),
('sucihama'),
('sucikuman'),
('suda'),
('sudah'),
('sudet'),
('sudi'),
('sudip'),
('sudoriferus'),
('Sudra'),
('sudu'),
('suduayah'),
('suduk'),
('sudung'),
('sudut'),
('suf'),
('sufah'),
('sufal'),
('sufi'),
('sufiks'),
('sufisme'),
('sufrah'),
('sugar'),
('sugesti'),
('sugi'),
('sugih'),
('suguh'),
('sugul'),
('sugun'),
('suh'),
('suhad'),
('suhian'),
('suhu'),
('suhuf'),
('suhun'),
('suiseki'),
('suit'),
('sujana'),
('sujen'),
('suji'),
('sujud'),
('suka'),
('sukacita'),
('sukade'),
('sukamandi'),
('sukan'),
('sukar'),
('sukarela'),
('sukarelawan'),
('sukaria'),
('sukat'),
('suke'),
('suket'),
('suki'),
('suklapaksa'),
('sukma'),
('sukrosa'),
('sukses'),
('suksesi'),
('suksesif'),
('suku'),
('sukuisme'),
('sukun'),
('sula'),
('sulah'),
('sulalah'),
('sulam'),
('sulang'),
('sulap'),
('sulbi'),
('sulfanasi'),
('sulfanilamida'),
('sulfat'),
('sulfhidril'),
('sulfolipid'),
('sulfonamida'),
('sulfur'),
('sulfurasi'),
('suli'),
('sulih'),
('suling'),
('sulit'),
('sultan'),
('sultanat'),
('sultani'),
('suluh'),
('suluk'),
('sulung'),
('sulur'),
('sulut'),
('sum'),
('sumah'),
('sumarah'),
('sumasi'),
('sumba'),
('sumbang'),
('sumbangsih'),
('sumbar'),
('sumbat'),
('sumbel'),
('sumber'),
('sumbi'),
('sumbing'),
('sumbu'),
('sumbuk'),
('sumbul'),
('sumbung'),
('sumbur'),
('sumbut'),
('sumeh'),
('sumengit'),
('sumilir'),
('sumir'),
('sumirat'),
('sumo'),
('sumpah'),
('sumpal'),
('sumpek'),
('sumping'),
('sumpit'),
('sumsum'),
('sumur'),
('sumurung'),
('sun'),
('sunah'),
('sunam'),
('sunan'),
('sunat'),
('sunatrasul'),
('sunatullah'),
('Sunbulat'),
('sundai'),
('sundak'),
('sundal'),
('sundang'),
('sundari'),
('sundep'),
('sunduk'),
('sundul'),
('sundus'),
('sundusin'),
('sundut'),
('sungai'),
('sungga'),
('sunggi'),
('sungging'),
('sunggit'),
('sungguh'),
('sungguhpun'),
('sungil'),
('sungkah'),
('sungkai'),
('sungkal'),
('sungkan'),
('sungkap'),
('sungkawa'),
('sungkem'),
('sungkit'),
('sungkuk'),
('sungkum'),
('sungkup'),
('sungkur'),
('sungkuran'),
('sungsang'),
('sungu'),
('sungut'),
('suni'),
('sunjam'),
('sunti'),
('suntiabu'),
('suntih'),
('suntik'),
('sunting'),
('suntuk'),
('sunu'),
('sunukung'),
('sunyata'),
('sunyi'),
('sup'),
('supa'),
('supaya'),
('supel'),
('super'),
('superblok'),
('supercepat'),
('superfisial'),
('superfosfat'),
('superheterodin'),
('superinfeksi'),
('superintenden'),
('superior'),
('superioritas'),
('superjet'),
('superkomputer'),
('superkonduktivitas'),
('superkonduktor'),
('superlatif'),
('superlativisme'),
('superlunar'),
('supermarket'),
('supernatural'),
('supernova'),
('superskrip'),
('superskripsi'),
('supersonik'),
('superstar'),
('superstruktur'),
('supervisi'),
('supervisor'),
('suplai'),
('suplemen'),
('suplementasi'),
('suplesi'),
('supletoar'),
('suporter'),
('suportif'),
('supraalami'),
('suprafiks'),
('supramolekuler'),
('supranasional'),
('suprarene'),
('suprarenoma'),
('suprasasti'),
('suprasegmental'),
('supremasi'),
('supresif'),
('supresor'),
('Sura'),
('surah'),
('surahi'),
('surai'),
('suralaya'),
('suraloka'),
('suram'),
('surat'),
('surati'),
('suratkabar'),
('surau'),
('suraya'),
('surealis'),
('surealisme'),
('suren'),
('surfaktan'),
('surga'),
('surgaloka'),
('surgawi'),
('suri'),
('surian'),
('surih'),
('surili'),
('surjan'),
('surogat'),
('surplus'),
('suruh'),
('suruk'),
('surup'),
('surut'),
('survei'),
('surya'),
('suryakanta'),
('suryani'),
('sus'),
('susah'),
('susahpayah'),
('susastra'),
('suseptibilitas'),
('susila'),
('susilat'),
('suspender'),
('suspensi'),
('suster'),
('susu'),
('susuh'),
('susuk'),
('susul'),
('susun'),
('susung'),
('susup'),
('susur'),
('susut'),
('sut'),
('sutan'),
('suten'),
('sutil'),
('sutra'),
('sutradara'),
('sutura'),
('suuladab'),
('suun'),
('suuzan'),
('suvenir'),
('suwarnabumi'),
('Suwarnadwipa'),
('suwir'),
('suwita'),
('swabakar'),
('swabela'),
('swadana'),
('swadarma'),
('swadaya'),
('swadesi'),
('swadidik'),
('swadisiplin'),
('swagriya'),
('swahara'),
('swaharga'),
('swaimbas'),
('swak'),
('swakaji'),
('swakarsa'),
('swakarya'),
('swakelola'),
('swakendali'),
('swakontradiksi'),
('swalayan'),
('swanama'),
('swanggi'),
('swapraja'),
('swarabakti'),
('swarawati'),
('swasembada'),
('swasensor'),
('swasraya'),
('swasta'),
('swastanisasi'),
('swastika'),
('swatabur'),
('swatantra'),
('swausaha'),
('sweter'),
('swike'),
('swimpak'),
('swipoa'),
('syabah'),
('syabas'),
('syafaat'),
('syafakat'),
('Syafii'),
('syah'),
('syahadat'),
('syahadatain'),
('syahbandar'),
('syahda'),
('syahdan'),
('syahdu'),
('syahid'),
('syahriah'),
('syahsiah'),
('syahwat'),
('syair'),
('syairi'),
('syajar'),
('syajarah'),
('syak'),
('Syaka'),
('Syakban'),
('syakhsi'),
('syakir'),
('syal'),
('syala'),
('Syam'),
('syamali'),
('syaman'),
('syamanisme'),
('syamsi'),
('syamsiah'),
('syamsir'),
('syamsu'),
('syantung'),
('syar'),
('syarab'),
('syarah'),
('syarak'),
('syarat'),
('syarbat'),
('syarekat'),
('syariat'),
('syarif'),
('syarifah'),
('syarik'),
('syarikat'),
('syatar'),
('syaulam'),
('Syawal'),
('syeir'),
('syekh'),
('syeti'),
('syiar'),
('syikak'),
('syin'),
('syirik'),
('Syiwa'),
('Syiwaratri'),
('syogun'),
('syok'),
('syubhat'),
('syuhada'),
('syukur'),
('syumuliah'),
('syur'),
('syura'),
('syuriah'),
('syuruk'),
('taajul'),
('taala'),
('taaruf'),
('taasub'),
('taat'),
('taatasas'),
('taazur'),
('tabak'),
('tabal'),
('taban'),
('tabarak'),
('tabaruk'),
('tabayun'),
('tabe'),
('tabel'),
('tabela'),
('tabelaris'),
('tabernakel'),
('tabia'),
('tabiat'),
('tabib'),
('tabii'),
('tabiin'),
('tabik'),
('tabir'),
('tablet'),
('tablig'),
('tablo'),
('tabloid'),
('tabo'),
('tabok'),
('tabrak'),
('tabu'),
('tabuh'),
('tabularasa'),
('tabulasi'),
('tabulator'),
('tabulatur'),
('tabun'),
('tabung'),
('tabur'),
('tabut'),
('tabzir'),
('taci'),
('tadabur'),
('tadah'),
('tadaruk'),
('tadarus'),
('tadbir'),
('tadi'),
('tadir'),
('tadung'),
('tadwin'),
('taekwondo'),
('taeniasis'),
('taf'),
('tafadal'),
('tafahus'),
('tafakur'),
('tafeta'),
('tafsir'),
('tagak'),
('tagal'),
('tagan'),
('tagar'),
('tageh'),
('tagih'),
('tago'),
('tagut'),
('tah'),
('tahajud'),
('tahak'),
('tahalul'),
('tahan'),
('tahana'),
('tahang'),
('tahap'),
('tahar'),
('taharah'),
('tahbis'),
('tahi'),
('tahiat'),
('tahil'),
('tahir'),
('tahkik'),
('tahkim'),
('tahlil'),
('tahmid'),
('tahniah'),
('tahnik'),
('tahsil'),
('tahu'),
('tahun'),
('taib'),
('taifun'),
('taiga'),
('taiko'),
('taipan'),
('tais'),
('taiso'),
('taja'),
('tajak'),
('tajali'),
('tajam'),
('tajarud'),
('tajau'),
('tajdid'),
('tajen'),
('taji'),
('tajin'),
('tajnis'),
('tajribah'),
('tajuk'),
('tajung'),
('tajur'),
('tajusalatin'),
('tajwid'),
('tak'),
('takabur'),
('takaful'),
('takah'),
('takak'),
('takal'),
('takar'),
('takarir'),
('takarub'),
('takat'),
('takbir'),
('takbiratulihram'),
('takdir'),
('takdis'),
('takeh'),
('takeyari'),
('takhayul'),
('takhlik'),
('takhsis'),
('takhta'),
('taki'),
('takigrafi'),
('takik'),
('takimeter'),
('takir'),
('takisme'),
('takjil'),
('takjub'),
('taklid'),
('taklif'),
('taklik'),
('taklikat'),
('taklim'),
('taklimat'),
('takluk'),
('takma'),
('takmurni'),
('takoah'),
('takol'),
('takometer'),
('takraw'),
('takrif'),
('takrim'),
('takrir'),
('taksa'),
('taksasi'),
('taksem'),
('taksi'),
('taksidermi'),
('taksimeter'),
('taksin'),
('taksir'),
('taksologi'),
('takson'),
('taksonomi'),
('taktik'),
('taktil'),
('taktis'),
('takuh'),
('takuk'),
('takung'),
('takur'),
('takut'),
('takwa'),
('takwil'),
('takwim'),
('takwin'),
('takyin'),
('takziah'),
('takzim'),
('takzir'),
('tal'),
('tala'),
('talabiah'),
('talah'),
('talak'),
('talam'),
('talang'),
('talar'),
('talas'),
('talasemia'),
('talasofit'),
('talbiah'),
('talempong'),
('talen'),
('talenan'),
('talenta'),
('tali'),
('talib'),
('talibun'),
('talium'),
('talk'),
('talkin'),
('talon'),
('talu'),
('talun'),
('talupuh'),
('talut'),
('tam'),
('tamadun'),
('tamak'),
('tamam'),
('taman'),
('tamar'),
('tamarinda'),
('tamasya'),
('tamat'),
('tamatulkalam'),
('tambah'),
('tambak'),
('tambakan'),
('tambakbukit'),
('tambal'),
('tamban'),
('tambang'),
('tambar'),
('tambat'),
('tambera'),
('tambi'),
('tambo'),
('tamborin'),
('tambuh'),
('tambul'),
('tambun'),
('tambung'),
('tambur'),
('tambus'),
('tameng'),
('tamimah'),
('tampah'),
('tampak'),
('tampal'),
('tampan'),
('tampang'),
('tampar'),
('tampas'),
('tampel'),
('tampi'),
('tampik'),
('tampil'),
('tampin'),
('tamping'),
('tampon'),
('tamponade'),
('tampuk'),
('tampung'),
('tampus'),
('tamsil'),
('tamtam'),
('tamtama'),
('tamu'),
('tamuk'),
('tamyiz'),
('tan'),
('tanah'),
('tanai'),
('tanak'),
('tanam'),
('tanang'),
('tanau'),
('tanazul'),
('tanbiat'),
('tanbihat'),
('tancang'),
('tancap'),
('tanda'),
('tandak'),
('tandan'),
('tandang'),
('tandas'),
('tandem'),
('tandik'),
('tandikat'),
('tandil'),
('tanding'),
('tandon'),
('tandu'),
('tanduk'),
('tandun'),
('tandur'),
('tandus'),
('tanfiziah'),
('tang'),
('tangap'),
('tangar'),
('tangas'),
('tangeh'),
('tangen'),
('tangga'),
('tanggah'),
('tanggal'),
('tanggam'),
('tanggang'),
('tanggap'),
('tanggar'),
('tanggetong'),
('tangguh'),
('tangguk'),
('tanggul'),
('tanggulang'),
('tanggung'),
('tanggungjawab'),
('tangis'),
('tangkah'),
('tangkai'),
('tangkaian'),
('tangkal'),
('tangkap'),
('tangkar'),
('tangkas'),
('tangki'),
('tangkil'),
('tangkis'),
('tangkue'),
('tangkuk'),
('tangkul'),
('tangkup'),
('tangkuptelentang'),
('tangkur'),
('tanglung'),
('tango'),
('tangsa'),
('tangsel'),
('tangsi'),
('tani'),
('tania'),
('tanin'),
('tanjak'),
('tanji'),
('tanjidor'),
('tanju'),
('tanjul'),
('tanjung'),
('tanjur'),
('tank'),
('tanker'),
('tanpa'),
('tansi'),
('tantang'),
('tante'),
('tanti'),
('tantiem'),
('tantrisme'),
('tanur'),
('tanwin'),
('tanwir'),
('tanwujud'),
('tanya'),
('tanzih'),
('tanzil'),
('taocang'),
('taoci'),
('taoco'),
('taoge'),
('taoisme'),
('taoke'),
('taosi'),
('tap'),
('tapa'),
('tapai'),
('tapak'),
('tapakburung'),
('tapakdara'),
('tapakgajah'),
('tapakkuda'),
('tapakliman'),
('tapaktilas'),
('tapal'),
('tapang'),
('tapestri'),
('tapi'),
('tapih'),
('tapin'),
('tapioka'),
('tapir'),
('tapis'),
('taplak'),
('taprofit'),
('taptibau'),
('taptu'),
('tapui'),
('tapuk'),
('tapung'),
('tapus'),
('tara'),
('taraf'),
('tarah'),
('tarak'),
('taraksasin'),
('taram'),
('tarang'),
('tarantisme'),
('tarantula'),
('tarap'),
('taraqi'),
('tarasul'),
('tarawangsa'),
('Tarawih'),
('tarbiah'),
('tarbil'),
('tarbus'),
('tarcis'),
('tarekat'),
('target'),
('tarhim'),
('tari'),
('tarif'),
('tarik'),
('tarikh'),
('taring'),
('taris'),
('tarjih'),
('tarkas'),
('tarling'),
('tarmak'),
('tarpaulin'),
('tarsus'),
('tartar'),
('tartil'),
('tartir'),
('tartrat'),
('taruh'),
('taruk'),
('tarum'),
('tarung'),
('tarup'),
('tarzan'),
('tas'),
('tasa'),
('tasai'),
('tasak'),
('tasalsul'),
('tasamuh'),
('tasaruf'),
('tasawuf'),
('tasbeh'),
('tasbih'),
('tasdik'),
('tasel'),
('tashih'),
('tasik'),
('taslim'),
('tasmik'),
('tasrif'),
('tasrih'),
('taswir'),
('tasyahud'),
('tasyakur'),
('tasyaum'),
('tasyayuh'),
('tasybih'),
('tasydid'),
('tasyhid'),
('tasyrih'),
('tasyrik'),
('tata'),
('tatabahasa'),
('tataganing'),
('tataguna'),
('tatah'),
('tatai'),
('tatak'),
('tatal'),
('tatalaksana'),
('tatami'),
('tatanan'),
('tatanegara'),
('tatang'),
('tataniaga'),
('tatap'),
('tatapraja'),
('tatar'),
('tatausaha'),
('tatih'),
('tating'),
('tatkala'),
('tato'),
('tau'),
('taucang'),
('taufah'),
('taufik'),
('tauhid'),
('tauhidiah'),
('tauke'),
('taul'),
('tauliah'),
('taun'),
('taung'),
('taur'),
('Taurat'),
('Tauret'),
('Taurus'),
('taut'),
('tautofoni'),
('tautologi'),
('tautomerisme'),
('tautonimi'),
('tawa'),
('tawadu'),
('tawaduk'),
('tawaf'),
('tawajuh'),
('tawak'),
('tawakal'),
('tawan'),
('tawang'),
('tawarik'),
('tawaruk'),
('tawas'),
('tawasul'),
('tawes'),
('tawon'),
('tawur'),
('tayamum'),
('tayang'),
('tayib'),
('tayibah'),
('tayub'),
('tayum'),
('tazkirah'),
('tean'),
('teater'),
('teatris'),
('tebah'),
('tebak'),
('teban'),
('tebang'),
('tebar'),
('tebas'),
('tebat'),
('tebeng'),
('teberau'),
('tebing'),
('tebok'),
('tebon'),
('tebu'),
('tebuhar'),
('tebuk'),
('tebung'),
('tebus'),
('tedak'),
('tedas'),
('tedeng'),
('tedong'),
('teduh'),
('tedung'),
('tega'),
('tegah'),
('tegak'),
('tegal'),
('tegang'),
('tegap'),
('tegar'),
('tegari'),
('tegarun'),
('tegas'),
('tegel'),
('tegil'),
('tegmen'),
('teguh'),
('teguk'),
('tegun'),
('tegur'),
('teh'),
('teisme'),
('teja'),
('teji'),
('tekaan'),
('tekad'),
('tekah'),
('tekak'),
('tekalak'),
('tekam'),
('tekan'),
('tekang'),
('tekap'),
('tekar'),
('tekat'),
('tekateki'),
('tekek'),
('tekel'),
('teken'),
('teker'),
('teki'),
('tekidanto'),
('tekik'),
('tekis'),
('teklek'),
('teklok'),
('teknifon'),
('teknik'),
('teknikus'),
('teknis'),
('teknisi'),
('teknokrasi'),
('teknokrat'),
('teknokratik'),
('teknokratisme'),
('teknologi'),
('teknologiwan'),
('teknonim'),
('teknonimi'),
('teko'),
('tekoan'),
('tekoh'),
('tekokak'),
('tekong'),
('tekor'),
('tekoran'),
('tekpi'),
('teks'),
('tekstil'),
('tekstur'),
('tekstural'),
('tekte'),
('tektek'),
('tektit'),
('tektogenesa'),
('tektonik'),
('tektonis'),
('tektum'),
('tekuk'),
('tekukur'),
('tekun'),
('tekung'),
('tekur'),
('tel'),
('tela'),
('telaah'),
('telabang'),
('telabat'),
('telacak'),
('teladan'),
('teladas'),
('telaga'),
('telah'),
('telajak'),
('telak'),
('telakup'),
('telampung'),
('telan'),
('telancang'),
('telang'),
('telangkai'),
('telangkup'),
('telanjang'),
('telanjur'),
('telantar'),
('telap'),
('telapak'),
('telas'),
('telat'),
('telatah'),
('telatap'),
('telaten'),
('telau'),
('tele'),
('telearsika'),
('teledek'),
('teledor'),
('teledrama'),
('telefon'),
('telefoni'),
('telefoto'),
('telegenik'),
('telegraf'),
('telegrafi'),
('telegrafis'),
('telegram'),
('telegrap'),
('telekan'),
('telekap'),
('telekinesis'),
('telekomedi'),
('telekomunikasi'),
('teleks'),
('teleku'),
('telekung'),
('telelensa'),
('telemeter'),
('telemetri'),
('telempap'),
('telempong'),
('teleng'),
('telenovela'),
('telentang'),
('teleologi'),
('teleost'),
('telepati'),
('telepok'),
('telepon'),
('teleprinter'),
('telepromter'),
('telepuk'),
('teler'),
('telerang'),
('teles'),
('teleskop'),
('telestesia'),
('televisi'),
('telgram'),
('telik'),
('telikung'),
('telimpuh'),
('telinak'),
('telinga'),
('telingkah'),
('telingkung'),
('teliti'),
('telmotofit'),
('telop'),
('telor'),
('telotak'),
('telpon'),
('teluh'),
('teluk'),
('teluki'),
('telungkup'),
('telunjuk'),
('telur'),
('telurit'),
('telus'),
('telusuk'),
('telusur'),
('telut'),
('telutuh'),
('telutur'),
('telutut'),
('tem'),
('tema'),
('temaah'),
('temabur'),
('temak'),
('temalang'),
('temali'),
('teman'),
('temangau'),
('temangga'),
('temanten'),
('temara'),
('temaram'),
('temas'),
('tematik'),
('tematisasi'),
('temayun'),
('tembadau'),
('tembaga'),
('tembak'),
('tembakang'),
('tembakau'),
('tembakul'),
('tembam'),
('tembang'),
('tembarau'),
('tembatar'),
('tembatu'),
('tembek'),
('tembekar'),
('tembel'),
('tembelang'),
('tembelian'),
('tembeliung'),
('tembelok'),
('tembera'),
('temberam'),
('temberang'),
('temberas'),
('temberek'),
('tembereng'),
('temberih'),
('temberos'),
('tembesu'),
('tembiang'),
('tembikai'),
('tembikar'),
('tembilang'),
('tembilar'),
('tembis'),
('tembok'),
('tembolok'),
('tembong'),
('tembosa'),
('tembra'),
('tembu'),
('tembuk'),
('tembuku'),
('tembung'),
('tembuni'),
('tembus'),
('temegun'),
('temeh'),
('temenung'),
('temesar'),
('temetu'),
('temiang'),
('temilang'),
('temin'),
('temoleh'),
('tempa'),
('tempah'),
('tempala'),
('tempan'),
('tempang'),
('tempap'),
('tempat'),
('tempaus'),
('tempawak'),
('tempawan'),
('tempayak'),
('tempayan'),
('tempayung'),
('tempe'),
('tempek'),
('tempel'),
('tempelak'),
('tempeleng'),
('temperamen'),
('temperamental'),
('temperas'),
('temperatur'),
('temperau'),
('tempiar'),
('tempias'),
('tempik'),
('tempilai'),
('tempinah'),
('tempinis'),
('templek'),
('templok'),
('tempo'),
('tempoh'),
('tempolong'),
('temponek'),
('tempong'),
('temporal'),
('temporer'),
('tempoyak'),
('tempoyan'),
('tempua'),
('tempuh'),
('tempui'),
('tempuling'),
('tempunai'),
('tempunik'),
('tempur'),
('tempurung'),
('tempus'),
('tempuyung'),
('temu'),
('temucut'),
('temuduga'),
('temukut'),
('temungkul'),
('temuras'),
('temurat'),
('tenaga'),
('tenagakerja'),
('tenaganuklir'),
('tenahak'),
('tenak'),
('tenam'),
('tenang'),
('tenar'),
('tenat'),
('tenda'),
('tendang'),
('tendas'),
('tendensi'),
('tendensius'),
('tender'),
('tendinitis'),
('tendo'),
('tendon'),
('tener'),
('teng'),
('tengadah'),
('tengah'),
('tengak'),
('tengalan'),
('tengar'),
('tengara'),
('tengas'),
('tenggadai'),
('tenggak'),
('tenggala'),
('tenggalung'),
('tenggan'),
('tenggang'),
('tenggara'),
('tenggarang'),
('tenggat'),
('tenggayun'),
('tenggayung'),
('tenggehem'),
('tenggek'),
('tenggelam'),
('tengger'),
('tenggiling'),
('tenggiri'),
('tenggok'),
('tenggorok'),
('tengguli'),
('tengik'),
('tengil'),
('tengkalak'),
('tengkalang'),
('tengkaluk'),
('tengkam'),
('tengkang'),
('tengkar'),
('tengkarah'),
('tengkarap'),
('tengkaras'),
('tengkawang'),
('tengkek'),
('tengkel'),
('tengkelek'),
('tengker'),
('tengkerong'),
('tengkes'),
('tengking'),
('tengkoh'),
('tengkolok'),
('tengkorak'),
('tengku'),
('tengkujuh'),
('tengkuk'),
('tengkulak'),
('tengkuluk'),
('tengkurap'),
('tengkuyung'),
('tengok'),
('tengteng'),
('tengu'),
('tenis'),
('tenjet'),
('tenok'),
('tenong'),
('tenor'),
('tensi'),
('tentakel'),
('tentamen'),
('tentang'),
('tentara'),
('tentatif'),
('tentawan'),
('tenteng'),
('tenteram'),
('tentir'),
('tentu'),
('tenuk'),
('tenun'),
('tenung'),
('teodolit'),
('teokrasi'),
('teokratis'),
('teolog'),
('teologi'),
('teologis'),
('teoretikus'),
('teoretis'),
('teori'),
('teorisasi'),
('teosofi'),
('teosofis'),
('tepa'),
('tepak'),
('tepam'),
('tepas'),
('tepasalira'),
('tepat'),
('tepatguna'),
('tepeh'),
('tepek'),
('tepekong'),
('teperam'),
('tepet'),
('tepi'),
('tepik'),
('tepis'),
('teplok'),
('tepo'),
('tepok'),
('tepos'),
('teptibau'),
('tepu'),
('tepuk'),
('tepung'),
('tepungtawar'),
('tepurang'),
('tepus'),
('ter'),
('tera'),
('teracak'),
('terada'),
('teraju'),
('terak'),
('terakota'),
('terakup'),
('teral'),
('terali'),
('teraling'),
('teramisin'),
('terampil'),
('teran'),
('teranas'),
('terang'),
('terangjelas'),
('terap'),
('terapang'),
('terapeutik'),
('terapi'),
('terarium'),
('teras'),
('terasi'),
('teraso'),
('terasul'),
('teratai'),
('teratak'),
('teratap'),
('teratologi'),
('teratu'),
('terau'),
('terawang'),
('teraweh'),
('terban'),
('terbang'),
('terbis'),
('terbit'),
('terbium'),
('terbul'),
('terbut'),
('terein'),
('terem'),
('terenang'),
('terendak'),
('terenen'),
('terenyuh'),
('teres'),
('teret'),
('teretet'),
('teri'),
('teriak'),
('teriba'),
('terigu'),
('terik'),
('terika'),
('terikit'),
('terima'),
('terimakasih'),
('terin'),
('terindil'),
('tering'),
('teripang'),
('terista'),
('teritih'),
('teritik'),
('teritip'),
('teritis'),
('teritorial'),
('teritorium'),
('teriujung'),
('terjal'),
('terjang'),
('terjemah'),
('terjun'),
('terka'),
('terkam'),
('terkap'),
('terkul'),
('terkup'),
('terlak'),
('terlut'),
('term'),
('termaestesia'),
('termal'),
('termin'),
('terminal'),
('terminasi'),
('terminografi'),
('terminologi'),
('termion'),
('termionika'),
('termistor'),
('termodinamika'),
('termodinamis'),
('termoelektris'),
('termoelektrisitas'),
('termofili'),
('termofilik'),
('termofosforesens'),
('termograf'),
('termogram'),
('termohigrograf'),
('termokimia'),
('termoklin'),
('termolabil'),
('termolisis'),
('termolistrik'),
('termoluminesens'),
('termometer'),
('termonuklir'),
('termoplastik'),
('termos'),
('termosfer'),
('termostat'),
('terna'),
('ternak'),
('terobos'),
('terok'),
('teroka'),
('terombol'),
('teromol'),
('terompah'),
('terompet'),
('terondol'),
('terong'),
('terongko'),
('teropong'),
('teror'),
('teroris'),
('terorisme'),
('terowongan'),
('terpa'),
('terpal'),
('terpana'),
('terpedo'),
('terpentin'),
('tersier'),
('tertib'),
('terubuk'),
('terubus'),
('terucuk'),
('terucukan'),
('teruk'),
('terum'),
('terumba'),
('terumbu'),
('terumbuk'),
('teruna'),
('terung'),
('terungku'),
('teruntum'),
('terup'),
('terus'),
('terusi'),
('terusterang'),
('terwelu'),
('terzina'),
('tes'),
('tesaurus'),
('tesis'),
('tesmak'),
('testa'),
('testamen'),
('tester'),
('testes'),
('testikel'),
('testimonium'),
('testing'),
('testis'),
('testosteron'),
('teta'),
('tetak'),
('tetal'),
('tetampan'),
('tetangga'),
('tetanus'),
('tetap'),
('tetapi'),
('tetar'),
('tetas'),
('teteguk'),
('teteh'),
('tetek'),
('tetelan'),
('tetelo'),
('teter'),
('teterapan'),
('tetes'),
('tetibar'),
('tetikus'),
('tetoron'),
('tetra'),
('tetrahidrokanabinol'),
('tetrahidron'),
('tetraklorida'),
('tetraploid'),
('tetris'),
('tewas'),
('teyan'),
('tezi'),
('tiada'),
('tiaga'),
('tiam'),
('tian'),
('tiang'),
('tiangpancang'),
('tiangui'),
('tiap'),
('tiara'),
('tiarap'),
('tib'),
('tiba'),
('tiban'),
('tidak'),
('tidur'),
('tifa'),
('tifus'),
('tiga'),
('tigari'),
('tigas'),
('tihul'),
('Tijaniah'),
('tik'),
('tika'),
('tikai'),
('tikam'),
('tikar'),
('tikas'),
('tike'),
('tiket'),
('tikim'),
('tikpi'),
('tikung'),
('tikus'),
('tilam'),
('tilan'),
('tilang'),
('tilap'),
('tilas'),
('tilawah'),
('tilde'),
('tilik'),
('tim'),
('timah'),
('timang'),
('timarah'),
('timba'),
('timbal'),
('timbang'),
('timbau'),
('timbel'),
('timbil'),
('timbo'),
('timbre'),
('timbrung'),
('timbuk'),
('timbul'),
('timbun'),
('timburu'),
('timbus'),
('timi'),
('timol'),
('timpa'),
('timpal'),
('timpang'),
('timpani'),
('timpanitis'),
('timpanum'),
('timpas'),
('timpuh'),
('timpuk'),
('timpus'),
('timun'),
('timur'),
('timus'),
('tin'),
('tindak'),
('tindaklanjut'),
('tindan'),
('tindas'),
('tindawan'),
('tindih'),
('tindik'),
('tiner'),
('ting'),
('tinggal'),
('tinggam'),
('tinggi'),
('tinggung'),
('tingi'),
('tingkah'),
('tingkal'),
('tingkalak'),
('tingkap'),
('tingkar'),
('tingkarang'),
('tingkarung'),
('tingkas'),
('tingkat'),
('tingkeb'),
('tingkis'),
('tingkrang'),
('tingkuh'),
('tingting'),
('tingtong'),
('tingtur'),
('tinja'),
('tinjak'),
('tinjau'),
('tinju'),
('tinta'),
('tinting'),
('tintir'),
('tinulat'),
('tip'),
('tipar'),
('tipe'),
('tipi'),
('tipikal'),
('tipis'),
('tipograf'),
('tipografi'),
('tipologi'),
('tipologis'),
('tipu'),
('tir'),
('tirah'),
('tirai'),
('tirakat'),
('tiram'),
('tiran'),
('tirani'),
('tiras'),
('tiraton'),
('tirau'),
('tiri'),
('tiris'),
('tirkah'),
('tiroid'),
('tiroiditis'),
('tiroksin'),
('tirta'),
('tiru'),
('tirus'),
('tis'),
('tisik'),
('tisotropi'),
('tisu'),
('titah'),
('titanium'),
('titar'),
('titel'),
('titer'),
('titi'),
('titik'),
('titikberat'),
('titilasi'),
('titimangsa'),
('titinada'),
('titip'),
('titir'),
('titis'),
('titisara'),
('titit'),
('titrasi'),
('titrimetri'),
('tituler'),
('tiung'),
('tiup'),
('tiwah'),
('tiwikrama'),
('tiwul'),
('tmesis'),
('toapekong'),
('toas'),
('tobak'),
('tobang'),
('tobat'),
('toboh'),
('tobong'),
('tobralko'),
('todak'),
('todong'),
('toga'),
('togan'),
('toge'),
('togel'),
('togok'),
('toh'),
('tohok'),
('tohor'),
('toilet'),
('tok'),
('tokak'),
('tokcer'),
('toke'),
('tokek'),
('toko'),
('tokoh'),
('tokok'),
('tokong'),
('toksemia'),
('toksikogenik'),
('toksikolog'),
('toksikologi'),
('toksin'),
('toktok'),
('tol'),
('tolak'),
('tolan'),
('tolap'),
('toleh'),
('toleran'),
('toleransi'),
('tolok'),
('tolol'),
('tolong'),
('toluena'),
('tom'),
('toman'),
('tomang'),
('tomat'),
('tombak'),
('tomboi'),
('tombok'),
('tombol'),
('tombola'),
('tombong'),
('tombru'),
('tomong'),
('tompel'),
('ton'),
('tona'),
('tonase'),
('tonem'),
('tonetika'),
('tong'),
('tonggak'),
('tonggara'),
('tonggek'),
('tonggeret'),
('tonggok'),
('tonggos'),
('tongkah'),
('tongkang'),
('tongkat'),
('tongkeng'),
('tongkol'),
('tongkor'),
('tongkrong'),
('tongol'),
('tongong'),
('tongpes'),
('tongsan'),
('tongseng'),
('tongsit'),
('tongtong'),
('tonik'),
('tonikum'),
('tonil'),
('tonisitas'),
('tonit'),
('tonjok'),
('tonjol'),
('tonometer'),
('tonsil'),
('tonton'),
('tonus'),
('top'),
('topan'),
('topang'),
('topas'),
('topdal'),
('topek'),
('topeng'),
('topes'),
('tophit'),
('topi'),
('topiari'),
('topik'),
('topikalisasi'),
('topikalitas'),
('topo'),
('topografi'),
('topografis'),
('topong'),
('toponimi'),
('torak'),
('toraks'),
('torani'),
('toreh'),
('torek'),
('tores'),
('torida'),
('torium'),
('tornado'),
('torne'),
('toro'),
('torpedo'),
('torpedor'),
('torsi'),
('torso'),
('tortor'),
('torus'),
('tos'),
('tosanaji'),
('toserba'),
('total'),
('totalisator'),
('totalitas'),
('totaliter'),
('totaliterisme'),
('totau'),
('totem'),
('totemisme'),
('totok'),
('totol'),
('towel'),
('toya'),
('toyor'),
('tra'),
('trabekula'),
('tradisi'),
('tradisional'),
('tradisionalisme'),
('trafo'),
('tragedi'),
('tragikomedi'),
('tragis'),
('tragus'),
('trailer'),
('trakeid'),
('trakom'),
('traksi'),
('traktasi'),
('traktat'),
('traktir'),
('traktor'),
('traktus'),
('trama'),
('trampolin'),
('trans'),
('transaksi'),
('transduksi'),
('transek'),
('transeksual'),
('transenden'),
('transendental'),
('transfer'),
('transfigurasi'),
('transformasi'),
('transformasionalis'),
('transformatif'),
('transformator'),
('transfusi'),
('transgenik'),
('transisi'),
('transistor'),
('transit'),
('transitif'),
('transkrip'),
('transkripsi'),
('translasi'),
('transliterasi'),
('translokasi'),
('translusens'),
('transmigran'),
('transmigrasi'),
('transmigrasilokal'),
('transmisi'),
('transmiter'),
('transmogrifikasi'),
('transmutasi'),
('transnasional'),
('transonik'),
('transparan'),
('transparansi'),
('transpirasi'),
('transplantasi'),
('transpor'),
('transportasi'),
('transposisi'),
('transversal'),
('transvetisme'),
('trap'),
('trapesium'),
('trapezoid'),
('trauler'),
('trauma'),
('traumatis'),
('travesti'),
('trayek'),
('trek'),
('trekbal'),
('trem'),
('trema'),
('trematoda'),
('trembesi'),
('tremer'),
('tremor'),
('tren'),
('trendi'),
('trengginas'),
('trenyuh'),
('tres'),
('tresna'),
('triaspolitika'),
('triatlon'),
('tribokelistrikan'),
('tribologi'),
('tribrata'),
('tribunal'),
('tribune'),
('tributa'),
('trica'),
('tridarma'),
('tridentat'),
('trienial'),
('trifoliat'),
('triftong'),
('trigatra'),
('trigemius'),
('trigliserida'),
('trigonometri'),
('trigraf'),
('trihidrik'),
('trik'),
('triko'),
('trikotomi'),
('trikuspid'),
('tril'),
('trilateral'),
('trilingga'),
('trilipat'),
('triliun'),
('trilogi'),
('trilomba'),
('trim'),
('trimatra'),
('trimurti'),
('trinil'),
('trinitas'),
('trinitrotoluena'),
('trio'),
('triode'),
('trip'),
('tripartit'),
('tripleks'),
('triplet'),
('triplik'),
('tripod'),
('triprasetia'),
('trips'),
('tripsin'),
('tripsinogen'),
('triptofan'),
('triptotos'),
('trisep'),
('trisula'),
('tritunggal'),
('triturasi'),
('triumvirat'),
('trivalen'),
('trivialitas'),
('triwangsa'),
('triwindu'),
('triwulan'),
('trofi'),
('trofoblas'),
('troi'),
('troika'),
('trokanter'),
('trokea'),
('troli'),
('trombin'),
('trombon'),
('trombosis'),
('trombosit'),
('trombus'),
('tromol'),
('trompet'),
('trompong'),
('tropik'),
('tropika'),
('tropis'),
('tropisme'),
('tropopause'),
('troposfer'),
('tropus'),
('tros'),
('trotoar'),
('trubadur'),
('truf'),
('truk'),
('truntum'),
('trusa'),
('tsar'),
('tsunami'),
('tsuru'),
('tua'),
('tuah'),
('tuai'),
('tuak'),
('tual'),
('tuala'),
('tualang'),
('tuam'),
('tuan'),
('tuang'),
('tuangku'),
('tuanku'),
('tuanrumah'),
('tuap'),
('tuar'),
('tuarang'),
('tuas'),
('tuba'),
('Tubagus'),
('tuban'),
('tube'),
('tubektomi'),
('tuberkulosis'),
('tubi'),
('tubin'),
('tubir'),
('tubruk'),
('tubuh'),
('tuding'),
('tuduh'),
('tudung'),
('tufa'),
('tufah'),
('tugal'),
('tugar'),
('tugas'),
('tugaskarya'),
('tugi'),
('tugu'),
('tugur'),
('Tuhan'),
('tuhfah'),
('tuhfahtulajnas'),
('tuhfat'),
('tuhmah'),
('tuhu'),
('tui'),
('tuidi'),
('tuil'),
('tuit'),
('tujah'),
('tuji'),
('tuju'),
('tujuh'),
('tujuhbulan'),
('tujuhhari'),
('tujul'),
('tuk'),
('tukai'),
('tukak'),
('tukal'),
('tukam'),
('tukang'),
('tukar'),
('tukas'),
('tukik'),
('tukil'),
('tukmis'),
('tuksedo'),
('tuku'),
('tukuk'),
('tukul'),
('tukun'),
('tukung'),
('tukup'),
('Tula'),
('tulah'),
('tulak'),
('tulang'),
('tular'),
('tulat'),
('tule'),
('tulen'),
('tuli'),
('tulis'),
('tulium'),
('tulu'),
('tulup'),
('tulus'),
('tum'),
('tuma'),
('tuman'),
('tumang'),
('tumbakan'),
('tumbal'),
('tumbang'),
('tumbas'),
('tumben'),
('tumbu'),
('tumbuh'),
('tumbuk'),
('tumbung'),
('tumenggung'),
('tumika'),
('tumis'),
('tumit'),
('tumor'),
('tumpah'),
('tumpak'),
('tumpal'),
('tumpang'),
('tumpangsari'),
('tumpas'),
('tumpat'),
('tumpeng'),
('tumper'),
('tumpil'),
('tumplak'),
('tumpu'),
('tumpuk'),
('tumpul'),
('tumpur'),
('tumtam'),
('tumu'),
('tumungkul'),
('tumus'),
('tun'),
('tuna'),
('tunaaksara'),
('tunabusana'),
('tunadaksa'),
('tunaganda'),
('tunagizi'),
('tunagrahita'),
('tunai'),
('tunak'),
('tunakarya'),
('tunalaras'),
('tunam'),
('tunan'),
('tunanetra'),
('tunang'),
('tunapolitik'),
('tunarungu'),
('tunas'),
('tunasosial'),
('tunasusila'),
('tunatenaga'),
('tunawicara'),
('tunawisma'),
('tunda'),
('tundang'),
('tundra'),
('tunduk'),
('tundun'),
('tundung'),
('tung'),
('tungau'),
('tunggak'),
('tunggal'),
('tungganai'),
('tunggang'),
('tungganglanggang'),
('tunggik'),
('tungging'),
('tunggu'),
('tunggul'),
('tungkahan'),
('tungkai'),
('tungkak'),
('tungkap'),
('tungku'),
('tungkul'),
('tungkup'),
('tungkus'),
('tungro'),
('tungsten'),
('tunik'),
('tunjal'),
('tunjam'),
('tunjang'),
('tunjuk'),
('tunjung'),
('tuntas'),
('tuntun'),
('tuntung'),
('tuntut'),
('tunu'),
('tupai'),
('tur'),
('tura'),
('turang'),
('turangga'),
('turap'),
('turas'),
('turba'),
('turbiditas'),
('turbin'),
('turbogenerator'),
('turbojet'),
('turbulen'),
('turbulensi'),
('turfat'),
('turgor'),
('turi'),
('turiang'),
('turinisasi'),
('turis'),
('turisme'),
('turistik'),
('turkuois'),
('turmalin'),
('turnamen'),
('turne'),
('turnoi'),
('turun'),
('turus'),
('turut'),
('tus'),
('tusam'),
('tusir'),
('tuslah'),
('tustel'),
('tusuk'),
('tuter'),
('tutor'),
('tutorial'),
('tuts'),
('tutu'),
('tutuh'),
('tutuk'),
('tutul'),
('tutung'),
('tutup'),
('tutur'),
('tutut'),
('tuwuhan'),
('tuwung'),
('tuyuk'),
('tuyul'),
('uai'),
('uak'),
('uan'),
('uanda'),
('uang'),
('uap'),
('uar'),
('uba'),
('ubah'),
('ubahbentuk'),
('ubahsuai'),
('uban'),
('ubang'),
('ubar'),
('ubat'),
('ubek'),
('ubel'),
('uber'),
('ubet'),
('ubi'),
('ubikuitas'),
('ubin'),
('ubit'),
('ubub'),
('ubudiah'),
('ubung'),
('ucap'),
('ucek'),
('ucis'),
('ucok'),
('ucu'),
('uda'),
('udak'),
('udam'),
('udang'),
('udani'),
('udap'),
('udar'),
('udara'),
('ude'),
('udek'),
('udel'),
('udeng'),
('udet'),
('udi'),
('udik'),
('udim'),
('udu'),
('uduh'),
('uduk'),
('udut'),
('uek'),
('ufti'),
('ufuk'),
('ugahari'),
('ugem'),
('uger'),
('ugut'),
('uhu'),
('uih'),
('uik'),
('uis'),
('uit'),
('ujana'),
('ujang'),
('ujar'),
('uji'),
('uju'),
('ujub'),
('ujuk'),
('ujul'),
('ujung'),
('ukas'),
('ukhrawi'),
('ukhuwah'),
('ukik'),
('ukir'),
('uktab'),
('ukulele'),
('ukup'),
('ukur'),
('ulah'),
('ulak'),
('ulam'),
('ulama'),
('ulan'),
('ulang'),
('ulangkali'),
('ulangtahun'),
('ular'),
('ulas'),
('ulat'),
('ulayat'),
('ulek'),
('ulem'),
('ulen'),
('ules'),
('ulet'),
('uli'),
('ulik'),
('ulin'),
('uling'),
('ulir'),
('ulit'),
('ulna'),
('ulos'),
('ultima'),
('ultimatum'),
('ultimo'),
('ultimogenitur'),
('ultrafilter'),
('ultramarin'),
('ultramikroskopiks'),
('ultramodern'),
('ultrasonik'),
('ultrasonika'),
('ultrasonografi'),
('ultraungu'),
('ultraviolet'),
('ulu'),
('uluksalam'),
('ulun'),
('ulung'),
('ulup'),
('ulur'),
('uma'),
('uman'),
('umara'),
('umat'),
('umbai'),
('umbalan'),
('umban'),
('umbang'),
('umbar'),
('umbi');
INSERT INTO `katadasar` (`kata`) VALUES
('umbilikus'),
('umbin'),
('umbisi'),
('umbo'),
('umbra'),
('umbu'),
('umbuk'),
('umbul'),
('umbut'),
('umi'),
('umlaut'),
('umpak'),
('umpama'),
('umpan'),
('umpat'),
('umpet'),
('umpil'),
('umpuk'),
('umput'),
('umrah'),
('umu'),
('umuk'),
('umum'),
('umun'),
('umur'),
('unam'),
('uncang'),
('uncit'),
('uncu'),
('uncue'),
('unda'),
('undagi'),
('undak'),
('undan'),
('undang'),
('undi'),
('unduh'),
('undur'),
('ungam'),
('ungar'),
('unggah'),
('unggal'),
('unggas'),
('unggis'),
('unggit'),
('unggul'),
('unggun'),
('unggut'),
('ungka'),
('ungkah'),
('ungkai'),
('ungkak'),
('ungkal'),
('ungkap'),
('ungkat'),
('ungkau'),
('ungkil'),
('ungkit'),
('ungkul'),
('ungkur'),
('ungsi'),
('ungti'),
('ungu'),
('unguis'),
('ungutirus'),
('uni'),
('uniat'),
('unifikasi'),
('uniform'),
('uniformitas'),
('unik'),
('unilateral'),
('unilineal'),
('unilinear'),
('union'),
('uniseks'),
('uniseluler'),
('unit'),
('unitaris'),
('unitarisme'),
('univalen'),
('universal'),
('universalia'),
('universalisme'),
('universalitas'),
('universiade'),
('universitas'),
('universiter'),
('universitet'),
('universum'),
('unjuk'),
('unjukrasa'),
('unjun'),
('unjung'),
('unjur'),
('unjut'),
('unsur'),
('unsuri'),
('unta'),
('untai'),
('untal'),
('unti'),
('until'),
('unting'),
('untir'),
('untuk'),
('untun'),
('untung'),
('untut'),
('unun'),
('unyai'),
('upa'),
('upaboga'),
('upacara'),
('upaduta'),
('upah'),
('upajiwa'),
('upak'),
('upakara'),
('upakarti'),
('upam'),
('upan'),
('upanishad'),
('upar'),
('upas'),
('upau'),
('upawasa'),
('upaya'),
('upet'),
('upeti'),
('upih'),
('upik'),
('upil'),
('upsilon'),
('uraemia'),
('urah'),
('urai'),
('urak'),
('urakus'),
('urang'),
('uranisme'),
('uranium'),
('uranologi'),
('Uranus'),
('urap'),
('uras'),
('urat'),
('urban'),
('urbanisasi'),
('urbanisme'),
('Urdu'),
('urea'),
('uremia'),
('ureter'),
('uretra'),
('uretritis'),
('urgen'),
('urgensi'),
('uri'),
('urian'),
('uribang'),
('urik'),
('urinalisis'),
('urine'),
('uring'),
('urinoar'),
('urinometer'),
('urip'),
('uris'),
('urita'),
('uritan'),
('urna'),
('urolog'),
('urologi'),
('uroskopi'),
('uruk'),
('urun'),
('urung'),
('urup'),
('urus'),
('urut'),
('usada'),
('usah'),
('usaha'),
('usahawan'),
('usai'),
('usak'),
('usali'),
('usam'),
('usang'),
('usap'),
('usar'),
('usat'),
('usia'),
('usik'),
('usil'),
('usir'),
('uskup'),
('usrek'),
('ustaz'),
('ustazah'),
('usuk'),
('usul'),
('usuluddin'),
('usung'),
('usur'),
('usurpatol'),
('usus'),
('usut'),
('uswah'),
('utama'),
('utara'),
('Utarid'),
('utas'),
('uterus'),
('utih'),
('utik'),
('utilitas'),
('utopia'),
('utopis'),
('utopisme'),
('utrikel'),
('utrolokal'),
('utuh'),
('utus'),
('uvula'),
('uvular'),
('uwungan'),
('uwur'),
('uyuh'),
('uzlah'),
('uzur'),
('vagina'),
('vak'),
('vakansi'),
('vakasi'),
('vakatur'),
('vakbon'),
('vaksin'),
('vaksinasi'),
('vakum'),
('vakuol'),
('vakuola'),
('valas'),
('valensi'),
('Valentine'),
('valeria'),
('valid'),
('validitas'),
('valis'),
('valium'),
('valorisasi'),
('valuta'),
('vampir'),
('vanadium'),
('vandal'),
('vandalisme'),
('vandalistis'),
('vandel'),
('vanili'),
('varia'),
('variabel'),
('variabilitas'),
('varian'),
('variansi'),
('variasi'),
('variatif'),
('varietas'),
('variola'),
('varises'),
('vas'),
('vasal'),
('vasektomi'),
('vaselin'),
('vaskular'),
('vaskularisasi'),
('vaskulum'),
('vasodilasi'),
('vasodilator'),
('vasomotor'),
('Vatikan'),
('vaucer'),
('veem'),
('vegetarian'),
('vegetarir'),
('vegetaris'),
('vegetarisme'),
('vegetasi'),
('vektor'),
('velamentum'),
('velar'),
('velarisasi'),
('velodrom'),
('velositas'),
('velum'),
('vena'),
('venal'),
('venalitas'),
('vendeta'),
('vendor'),
('ventilasi'),
('ventilator'),
('ventrikel'),
('ventrikulus'),
('Venus'),
('verba'),
('verbal'),
('verbalisan'),
('verbalisasi'),
('verbalisme'),
('verbalistis'),
('verbatim'),
('verbena'),
('verdigris'),
('verifikasi'),
('verifikatur'),
('veritisme'),
('verkoper'),
('vermiliun'),
('vermiseli'),
('vermisida'),
('vernis'),
('veronal'),
('verset'),
('versi'),
('verso'),
('verstek'),
('versus'),
('vertebra'),
('vertebrata'),
('vertikal'),
('verzet'),
('vespa'),
('veste'),
('vestibul'),
('vestibula'),
('vestibulum'),
('vet'),
('veter'),
('veteran'),
('veterinarian'),
('veteriner'),
('vetiver'),
('veto'),
('vetsin'),
('via'),
('viabel'),
('viabilitas'),
('viaduk'),
('vibran'),
('vibrasi'),
('vibrator'),
('vibrio'),
('vide'),
('video'),
('videofon'),
('videoklip'),
('videoteks'),
('vigia'),
('vigili'),
('vignet'),
('vikariat'),
('vikaris'),
('vila'),
('vinil'),
('vinyet'),
('viol'),
('viola'),
('violces'),
('violet'),
('violin'),
('violinis'),
('violis'),
('virga'),
('virginia'),
('Virgo'),
('virilis'),
('virilisme'),
('virilitas'),
('virilokal'),
('virologi'),
('virtual'),
('virtuoso'),
('virulen'),
('virulensi'),
('virus'),
('visera'),
('visi'),
('visibel'),
('visibilitas'),
('visioner'),
('visitasi'),
('visitator'),
('visiun'),
('viskometer'),
('viskose'),
('viskositas'),
('vista'),
('visual'),
('visualisasi'),
('visum'),
('visus'),
('vitakultur'),
('vital'),
('vitalitas'),
('vitamin'),
('vitelin'),
('vitiligo'),
('vitreositas'),
('vitrifikasi'),
('vitriol'),
('vivarium'),
('vivifikasi'),
('vivipar'),
('vla'),
('vlek'),
('voal'),
('vodka'),
('vokabuler'),
('vokal'),
('vokalia'),
('vokalis'),
('vokasional'),
('vokatif'),
('vokoid'),
('volatil'),
('volatilitas'),
('voli'),
('volt'),
('voltameter'),
('voltase'),
('volume'),
('volumeter'),
('volumetri'),
('volunter'),
('vonis'),
('vopo'),
('vorteks'),
('votum'),
('vrah'),
('vrahoto'),
('vulgar'),
('vulgata'),
('vulkan'),
('vulkanis'),
('vulkanisasi'),
('vulkanolog'),
('vulkanologi'),
('vulkavit'),
('vulpen'),
('vulva'),
('vulvektomi'),
('vuring'),
('waad'),
('waadat'),
('wabah'),
('wabakdu'),
('wabarakatuh'),
('wacana'),
('wadah'),
('wadak'),
('wadal'),
('wadam'),
('wadat'),
('wadi'),
('waduh'),
('waduk'),
('wadung'),
('wafa'),
('wafak'),
('wafat'),
('Wage'),
('wagon'),
('wagu'),
('wah'),
('wahah'),
('wahai'),
('waham'),
('wahana'),
('wahdah'),
('wahdaniah'),
('wahdiah'),
('wahib'),
('wahid'),
('wahyu'),
('wai'),
('waid'),
('waima'),
('Waisak'),
('waisya'),
('waitankung'),
('wajah'),
('wajan'),
('wajar'),
('wajib'),
('wajik'),
('wak'),
('wakaf'),
('wakil'),
('waktu'),
('wakun'),
('walabi'),
('walad'),
('walafiat'),
('walah'),
('walak'),
('walakhir'),
('walakin'),
('walang'),
('walangkopo'),
('walango'),
('walau'),
('walaupun'),
('waledan'),
('waleh'),
('walet'),
('walhasil'),
('wali'),
('walikukun'),
('walimah'),
('walimana'),
('waliullah'),
('wallahi'),
('wallahualam'),
('wals'),
('waluh'),
('waluku'),
('wambrau'),
('wan'),
('wana'),
('wanara'),
('wanawisata'),
('wanda'),
('wang'),
('wangi'),
('wangkang'),
('wangsa'),
('wangsit'),
('wanita'),
('wanodya'),
('wantah'),
('wantek'),
('wantilan'),
('wara'),
('warak'),
('warakawuri'),
('waralaba'),
('warangan'),
('waranggana'),
('warangka'),
('waras'),
('warasah'),
('wardi'),
('warga'),
('warganegara'),
('wari'),
('waria'),
('warid'),
('waringin'),
('waris'),
('warita'),
('warkat'),
('warna'),
('warok'),
('warsa'),
('warta'),
('wartawan'),
('wartawati'),
('waru'),
('waruga'),
('waruna'),
('warung'),
('wasahlan'),
('wasak'),
('wasal'),
('wasalam'),
('wasangka'),
('wasiat'),
('wasilah'),
('wasit'),
('wasitah'),
('waskita'),
('waslap'),
('waspada'),
('wastafel'),
('waswas'),
('watak'),
('watan'),
('watang'),
('watas'),
('watase'),
('watermantel'),
('watermark'),
('waterpas'),
('waterpruf'),
('watt'),
('wau'),
('wawa'),
('wawancara'),
('wawanmuka'),
('wawanrembuk'),
('wawas'),
('wawasdiri'),
('Wawu'),
('wayang'),
('wayuh'),
('wazari'),
('wazir'),
('Weda'),
('wedam'),
('wedana'),
('wedang'),
('wedani'),
('wedar'),
('wede'),
('wedel'),
('weduk'),
('weh'),
('weharima'),
('wejang'),
('wekel'),
('weker'),
('welahar'),
('welas'),
('weling'),
('welirang'),
('welit'),
('welter'),
('welut'),
('wenang'),
('wenter'),
('werak'),
('were'),
('werek'),
('wereng'),
('werit'),
('werst'),
('wese'),
('wesel'),
('weselbor'),
('wesiaji'),
('wesket'),
('westernis'),
('westernisasi'),
('wet'),
('weton'),
('wewarah'),
('wewe'),
('wibawa'),
('wicara'),
('Widiwasa'),
('widoro'),
('widuri'),
('widyaiswara'),
('widyawisata'),
('wig'),
('wigata'),
('wihara'),
('wijaya'),
('wijayakusuma'),
('wijayamala'),
('wijayamulia'),
('wijdaniah'),
('wijen'),
('wiji'),
('wijik'),
('wikalat'),
('wiku'),
('wiladah'),
('wilangon'),
('wilayah'),
('wilis'),
('wilwatikta'),
('wimana'),
('winaya'),
('windu'),
('wing'),
('wingit'),
('winglet'),
('wira'),
('wirabank'),
('wiracarita'),
('wiraga'),
('wirakarya'),
('wirang'),
('wiraniaga'),
('wirasuara'),
('wiraswasta'),
('wirawan'),
('wirid'),
('wiru'),
('wisal'),
('wisata'),
('wisatawan'),
('wisaya'),
('wisesa'),
('wisik'),
('wiski'),
('wisma'),
('Wisnu'),
('wisuda'),
('wisudawan'),
('wisudawati'),
('witir'),
('wiwaha'),
('wiweka'),
('wiyaga'),
('wiyata'),
('wizurai'),
('wol'),
('wolanda'),
('wolfram'),
('wombat'),
('won'),
('wong'),
('wortel'),
('wosi'),
('wrang'),
('wreda'),
('wredatama'),
('wregu'),
('Wrisaba'),
('wudani'),
('wudu'),
('wuduk'),
('wujud'),
('wuker'),
('wukerar'),
('wukuf'),
('wulan'),
('wulang'),
('wulucumbu'),
('wulung'),
('wungon'),
('wungu'),
('wuwungan'),
('xantat'),
('xantena'),
('xantofil'),
('xenia'),
('xenofili'),
('xenofobia'),
('xenoglosia'),
('xenograf'),
('xenokrasi'),
('xenolit'),
('xenomania'),
('xenon'),
('xerofil'),
('xerofit'),
('xeroftalmia'),
('xerografi'),
('xerosis'),
('xifoid'),
('xilem'),
('xilena'),
('xilofon'),
('xilograf'),
('xilografi'),
('xiloid'),
('xiloidina'),
('xilol'),
('xilologi'),
('xilonit'),
('xilosa'),
('ya'),
('yad'),
('yahud'),
('Yahudi'),
('Yahudiah'),
('Yahwe'),
('yais'),
('yaitu'),
('yakin'),
('yakis'),
('yakitori'),
('YakjujwaMakjuj'),
('yakni'),
('yaksa'),
('yakun'),
('yakut'),
('yamtuan'),
('yang'),
('yantra'),
('yard'),
('yasan'),
('yasmin'),
('yasti'),
('yatim'),
('yaum'),
('yaumudin'),
('yaumulakhir'),
('yaumuljamak'),
('yaumuljaza'),
('yaumulkiamah'),
('yaumulmahsyar'),
('yayasan'),
('yayu'),
('Yehova'),
('yel'),
('yen'),
('yeyunum'),
('yodium'),
('yoga'),
('yoghurt'),
('yogi'),
('yogia'),
('yohimbina'),
('yojana'),
('yokal'),
('yolk'),
('yos'),
('yosong'),
('yoyo'),
('yubileum'),
('yuda'),
('yudikatif'),
('yudisial'),
('yudisium'),
('yuk'),
('yunda'),
('yunta'),
('yupaprasasti'),
('Yupiter'),
('yura'),
('yuridis'),
('yuris'),
('yurisdiksi'),
('yurisprudensi'),
('yustisi'),
('yute'),
('yuvenil'),
('yuwana'),
('yuwaraja'),
('yuyitsu'),
('yuyu'),
('zabah'),
('Zabaniah'),
('zabarjad'),
('zabib'),
('Zabur'),
('zadah'),
('zahid'),
('zai'),
('zaim'),
('zair'),
('zaitun'),
('zakar'),
('zakat'),
('zakelek'),
('zakiah'),
('zakum'),
('zal'),
('zalim'),
('zalir'),
('zaman'),
('zamin'),
('zamindar'),
('zamrud'),
('zamzam'),
('zan'),
('Zanggi'),
('zantara'),
('zarafah'),
('zarah'),
('zaratit'),
('zat'),
('zatua'),
('zawal'),
('zawiat'),
('zebra'),
('zebu'),
('zelot'),
('Zen'),
('zendeling'),
('zending'),
('zeni'),
('zenit'),
('zeolit'),
('zeoponik'),
('zero'),
('zet'),
('zeta'),
('ziadah'),
('ziarah'),
('zib'),
('zigomorf'),
('zigot'),
('zikir'),
('zilullah'),
('zimase'),
('zimi'),
('zimogen'),
('zimolisis'),
('zimosis'),
('zimotik'),
('zimurgi'),
('zina'),
('zindik'),
('zink'),
('zinkografi'),
('Zion'),
('Zionis'),
('zionisme'),
('zirafah'),
('zirah'),
('zirbad'),
('zirkonia'),
('zirkonium'),
('zirkoniumoksida'),
('zirnikh'),
('ziter'),
('zodiak'),
('zoetrop'),
('Zohal'),
('Zohrah'),
('zona'),
('zonasi'),
('zonder'),
('zoofit'),
('zoofobia'),
('zoogani'),
('zoogeografi'),
('zoologi'),
('zoonosis'),
('zoosemiotika'),
('zuama'),
('zuhud'),
('zuhur'),
('zulfikar'),
('Zulhijah'),
('Zulkaidah'),
('zulmat'),
('zurafah'),
('zuriah'),
('zus');

-- --------------------------------------------------------

--
-- Table structure for table `kategori`
--

CREATE TABLE IF NOT EXISTS `kategori` (
  `id_kategori` int(11) NOT NULL,
  `kategori` varchar(50) DEFAULT NULL,
  `dari` varchar(20) DEFAULT NULL,
  `kepada` varchar(30) DEFAULT NULL
) ENGINE=InnoDB AUTO_INCREMENT=12 DEFAULT CHARSET=latin1;

--
-- Dumping data for table `kategori`
--

INSERT INTO `kategori` (`id_kategori`, `kategori`, `dari`, `kepada`) VALUES
(7, 'Kehilangan KTM', 'Kajur TE', 'TU Fakultas Teknik'),
(9, 'Pengantar Rekap Hasil Studi', 'Ketua Jurusan', 'Sub Bag TU FT UNNES'),
(10, 'surat Observasi', 'Dekan FT', ''),
(11, 'surat PKL', 'Jurusan Elektro ', 'Fakultas Teknik');

-- --------------------------------------------------------

--
-- Table structure for table `kategori_makalah`
--

CREATE TABLE IF NOT EXISTS `kategori_makalah` (
  `id_makalah` int(11) DEFAULT NULL,
  `id_kategori` int(11) DEFAULT NULL
) ENGINE=InnoDB DEFAULT CHARSET=latin1;

--
-- Dumping data for table `kategori_makalah`
--

INSERT INTO `kategori_makalah` (`id_makalah`, `id_kategori`) VALUES
(7, 1),
(7, 2),
(8, 1),
(8, 2),
(9, 2),
(10, 1),
(11, 2),
(12, 1),
(13, 1),
(14, 1),
(15, 2),
(16, 2),
(17, 2),
(18, 1),
(19, 5),
(20, 5),
(21, 1),
(23, 1),
(24, 1),
(25, 2),
(26, 2),
(27, 2),
(28, 1),
(29, 1),
(31, 1),
(32, 2),
(33, 2),
(1, 1),
(2, 6),
(3, 7),
(4, 9),
(5, 9);

-- --------------------------------------------------------

--
-- Table structure for table `komentar_makalah`
--

CREATE TABLE IF NOT EXISTS `komentar_makalah` (
  `id_komentar` int(11) NOT NULL,
  `komentar` text,
  `id_makalah` int(11) DEFAULT NULL,
  `id_user` int(11) DEFAULT NULL,
  `waktu` datetime DEFAULT NULL,
  `readby` text
) ENGINE=InnoDB AUTO_INCREMENT=31 DEFAULT CHARSET=latin1;

--
-- Dumping data for table `komentar_makalah`
--

INSERT INTO `komentar_makalah` (`id_komentar`, `komentar`, `id_makalah`, `id_user`, `waktu`, `readby`) VALUES
(1, 'Halo', 7, 4, '2016-05-10 00:12:07', '(4),(3),(5),(6)'),
(2, 'Halo makalah anda sepertinya harus ada yang diperbaiki', 7, 4, '2016-05-12 00:12:22', '(4),(3),(5),(6)'),
(3, 'dibagian mananya', 7, 3, '2016-05-13 00:12:31', '(3),(4),(5),(6)'),
(4, 'dibagian abstrak', 7, 4, '2016-05-15 00:12:38', '(4),(5),(3),(6)'),
(5, 'Tolong diperbaiki juga permasalahannya', 7, 5, '2016-05-16 00:36:55', '(5),(3),(4),(6)'),
(6, 'Oke2 siap gan', 7, 3, '2016-05-16 00:36:55', '(3),(4),(6),(5)'),
(7, 'halo, gimana status makalah saya?', 11, 3, '2016-05-16 00:36:55', '(3),(4),(5)'),
(8, 'Oke gan siap!!!', 7, 3, '2016-05-15 19:49:48', '(3),(4),(6),(5)'),
(9, 'gimana apanya bro?', 11, 3, '2016-05-22 19:05:59', '(3),(4),(5)'),
(10, 'gimana apanya bro?', 11, 4, '2016-05-22 19:07:01', '(4),(3),(5)'),
(11, 'selamat ya yovi, makalahnya diterima', 11, 4, '2016-05-24 00:54:23', '(4),(3),(5)'),
(12, 'yoi sama2 bro...', 11, 3, '2016-05-24 00:55:36', '(3),(4),(5)'),
(13, 'halo', 13, 6, '2016-05-25 08:42:26', '(6),(3)'),
(14, 'ya, knapa gan dengan makalahnya?', 13, 3, '2016-05-26 04:46:10', '(3),(6)'),
(15, 'makasih sudah menerima makalah saya...', 13, 6, '2016-05-26 09:07:07', '(6),(3)'),
(16, 'sama-sama... :)', 13, 3, '2016-05-27 03:18:17', '(3),(6)'),
(17, 'wah saya gak diajak diskusi nih... :(', 11, 4, '2016-05-27 03:29:39', '(4),(3),(5)'),
(18, 'bagus', 8, 3, '2016-06-01 11:24:30', '(3)'),
(19, 'Lanjutkan ', 18, 17, '2016-06-01 11:39:58', '(17),(16),(3)'),
(20, 'baik pak', 18, 16, '2016-06-01 11:41:14', '(16),(17),(3)'),
(21, 'selamat gan udah lolos makalahnya', 24, 3, '2016-06-01 17:44:43', '(3)'),
(22, 'selamat gan udah lolos makalahnya', 24, 3, '2016-06-01 17:52:23', '(3)'),
(23, 'Kurang oke', 27, 3, '2016-06-03 05:46:58', '(3)'),
(24, 'judulnya direvisi ya', 28, 3, '2016-06-03 05:51:07', '(3),(18),(19),(26)'),
(25, 'bagus, lanjutkan lagi', 28, 19, '2016-06-03 06:22:53', '(19),(18),(3),(26)'),
(26, 'iya pak', 28, 18, '2016-06-03 06:23:50', '(18),(19),(3),(26)'),
(27, 'cek', 28, 18, '2016-06-03 06:24:43', '(18),(19),(3),(26)'),
(28, 'perbaiki judul', 24, 3, '2016-06-08 04:28:44', '(3)'),
(29, 'ok', 28, 26, '2016-07-17 17:47:26', '(26),(3)'),
(30, 'bagus', 28, 3, '2016-07-17 21:47:10', '(3)');

-- --------------------------------------------------------

--
-- Table structure for table `makalah`
--

CREATE TABLE IF NOT EXISTS `makalah` (
  `id_makalah` int(11) NOT NULL,
  `id_user` int(11) DEFAULT NULL,
  `id_status` int(11) DEFAULT NULL,
  `judul` text,
  `abstrak` text,
  `permasalahan` text,
  `tujuan` text,
  `tinjauan_pustaka` text,
  `kesimpulan_sementara` text,
  `daftar_pustaka` text,
  `created_at` datetime DEFAULT NULL,
  `updated_at` datetime DEFAULT NULL
) ENGINE=InnoDB AUTO_INCREMENT=6 DEFAULT CHARSET=latin1;

--
-- Dumping data for table `makalah`
--

INSERT INTO `makalah` (`id_makalah`, `id_user`, `id_status`, `judul`, `abstrak`, `permasalahan`, `tujuan`, `tinjauan_pustaka`, `kesimpulan_sementara`, `daftar_pustaka`, `created_at`, `updated_at`) VALUES
(1, 3, 2, 'qw', 'd', 'q', 'wq', 'wq', 'wq', 'wq', '2016-10-24 14:37:09', '2016-10-25 23:35:18'),
(2, 3, 1, 'wefw', 'W', 'W', 'EW', 'W', 'E', 'W', '2016-10-26 12:54:26', '2016-10-26 12:54:26'),
(3, 18, 3, 'dfa', 'ds', 'sw', 'w', 'wq', 'w', 'ew', '2016-10-30 12:08:33', '2016-11-04 17:25:17'),
(4, 3, 1, '', 'K', 'K', 'K', 'K', 'K', 'K', '2016-11-09 14:57:11', '2016-11-09 14:57:11'),
(5, 3, 0, '', 'J', 'J', 'J', 'J', 'J', 'J', '2016-11-09 14:59:31', '2016-11-09 14:59:31');

-- --------------------------------------------------------

--
-- Table structure for table `password_resets`
--

CREATE TABLE IF NOT EXISTS `password_resets` (
  `email` varchar(50) DEFAULT NULL,
  `token` varchar(500) DEFAULT NULL,
  `created_at` datetime DEFAULT NULL
) ENGINE=InnoDB DEFAULT CHARSET=latin1;

-- --------------------------------------------------------

--
-- Table structure for table `pengaturan`
--

CREATE TABLE IF NOT EXISTS `pengaturan` (
  `id` int(11) NOT NULL,
  `persen` double DEFAULT NULL,
  `form` text,
  `kgram` int(11) NOT NULL
) ENGINE=InnoDB AUTO_INCREMENT=2 DEFAULT CHARSET=latin1;

--
-- Dumping data for table `pengaturan`
--

INSERT INTO `pengaturan` (`id`, `persen`, `form`, `kgram`) VALUES
(1, 37, 'judul', 4);

-- --------------------------------------------------------

--
-- Table structure for table `role`
--

CREATE TABLE IF NOT EXISTS `role` (
  `id_role` int(11) DEFAULT NULL,
  `deskripsi` varchar(25) DEFAULT NULL
) ENGINE=InnoDB DEFAULT CHARSET=latin1;

--
-- Dumping data for table `role`
--

INSERT INTO `role` (`id_role`, `deskripsi`) VALUES
(1, 'admin'),
(2, 'editor'),
(3, 'penulis');

-- --------------------------------------------------------

--
-- Table structure for table `status_makalah`
--

CREATE TABLE IF NOT EXISTS `status_makalah` (
  `id_status` int(11) NOT NULL,
  `status` varchar(25) DEFAULT NULL
) ENGINE=InnoDB DEFAULT CHARSET=latin1;

--
-- Dumping data for table `status_makalah`
--

INSERT INTO `status_makalah` (`id_status`, `status`) VALUES
(0, 'plagiat'),
(1, 'lolos'),
(2, 'diterima'),
(3, 'revisi'),
(4, 'ditolak');

-- --------------------------------------------------------

--
-- Table structure for table `stoplist`
--

CREATE TABLE IF NOT EXISTS `stoplist` (
  `kata` varchar(40) NOT NULL
) ENGINE=MyISAM DEFAULT CHARSET=utf8;

--
-- Dumping data for table `stoplist`
--

INSERT INTO `stoplist` (`kata`) VALUES
('ada'),
('adalah'),
('adanya'),
('adapun'),
('agak'),
('agaknya'),
('agan'),
('agar'),
('ah'),
('akan'),
('akankah'),
('akhir'),
('akhiri'),
('akhirnya'),
('aku'),
('akulah'),
('amat'),
('amatlah'),
('anda'),
('andalah'),
('antar'),
('antara'),
('antaranya'),
('apa'),
('apaan'),
('apabila'),
('apakah'),
('apalagi'),
('apatah'),
('artinya'),
('asal'),
('asalkan'),
('atas'),
('atau'),
('ataukah'),
('ataupun'),
('awal'),
('awalnya'),
('bagai'),
('bagaikan'),
('bagaimana'),
('bagaimanakah'),
('bagaimanapun'),
('bagi'),
('bagian'),
('bahkan'),
('bahwa'),
('bahwasanya'),
('baik'),
('bakal'),
('bakalan'),
('balik'),
('banyak'),
('bapak'),
('baru'),
('bawah'),
('beberapa'),
('begini'),
('beginian'),
('beginikah'),
('beginilah'),
('begitu'),
('begitukah'),
('begitulah'),
('begitupun'),
('bekerja'),
('belakang'),
('belakangan'),
('belum'),
('belumlah'),
('benar'),
('benarkah'),
('benarlah'),
('berada'),
('berakhir'),
('berakhirlah'),
('berakhirnya'),
('berapa'),
('berapakah'),
('berapalah'),
('berapapun'),
('berarti'),
('berawal'),
('berbagai'),
('berdatangan'),
('beri'),
('berikan'),
('berikut'),
('berikutnya'),
('berjumlah'),
('berkali-kali'),
('berkata'),
('berkehendak'),
('berkeinginan'),
('berkenaan'),
('berlainan'),
('berlalu'),
('berlangsung'),
('berlebihan'),
('bermacam'),
('bermacam-macam'),
('bermaksud'),
('bermula'),
('beroh'),
('bersama'),
('bersama-sama'),
('bersiap'),
('bersiap-siap'),
('bertanya'),
('bertanya-tanya'),
('berturut'),
('berturut-turut'),
('bertutur'),
('berujar'),
('berupa'),
('besar'),
('betul'),
('betulkah'),
('biasa'),
('biasanya'),
('bila'),
('bilakah'),
('bisa'),
('bisakah'),
('boleh'),
('bolehkah'),
('bolehlah'),
('bro'),
('buat'),
('bukan'),
('bukankah'),
('bukanlah'),
('bukannya'),
('bulan'),
('bung'),
('cara'),
('caranya'),
('cie'),
('cieee'),
('cukup'),
('cukupkah'),
('cukuplah'),
('cuma'),
('dahulu'),
('dalam'),
('dan'),
('dapat'),
('dari'),
('daripada'),
('datang'),
('dekat'),
('demi'),
('demikian'),
('demikianlah'),
('dengan'),
('depan'),
('di'),
('dia'),
('diakhiri'),
('diakhirinya'),
('dialah'),
('diantara'),
('diantaranya'),
('diberi'),
('diberikan'),
('diberikannya'),
('dibuat'),
('dibuatnya'),
('didapat'),
('didatangkan'),
('digunakan'),
('diibaratkan'),
('diibaratkannya'),
('diingat'),
('diingatkan'),
('diinginkan'),
('dijawab'),
('dijelaskan'),
('dijelaskannya'),
('dikarenakan'),
('dikatakan'),
('dikatakannya'),
('dikerjakan'),
('diketahui'),
('diketahuinya'),
('dikira'),
('dilakukan'),
('dilalui'),
('dilihat'),
('dimaksud'),
('dimaksudkan'),
('dimaksudkannya'),
('dimaksudnya'),
('diminta'),
('dimintai'),
('dimisalkan'),
('dimulai'),
('dimulailah'),
('dimulainya'),
('dimungkinkan'),
('dini'),
('dipastikan'),
('diperbuat'),
('diperbuatnya'),
('dipergunakan'),
('diperkirakan'),
('diperlihatkan'),
('diperlukan'),
('diperlukannya'),
('dipersoalkan'),
('dipertanyakan'),
('dipunyai'),
('diri'),
('dirinya'),
('disampaikan'),
('disebut'),
('disebutkan'),
('disebutkannya'),
('disini'),
('disinilah'),
('ditambahkan'),
('ditandaskan'),
('ditanya'),
('ditanyai'),
('ditanyakan'),
('ditegaskan'),
('ditujukan'),
('ditunjuk'),
('ditunjuki'),
('ditunjukkan'),
('ditunjukkannya'),
('ditunjuknya'),
('dituturkan'),
('dituturkannya'),
('diucapkan'),
('diucapkannya'),
('diungkapkan'),
('dkk'),
('dll'),
('dong'),
('dsb'),
('dst'),
('dua'),
('dulu'),
('eeee'),
('ehheh'),
('empat'),
('enggak'),
('enggaknya'),
('entah'),
('entahlah'),
('gan'),
('guna'),
('gunakan'),
('Haa'),
('haha'),
('hahah'),
('Hahahaha'),
('hal'),
('hampir'),
('hanya'),
('hanyalah'),
('hari'),
('harus'),
('haruslah'),
('harusnya'),
('hawhahwha'),
('he'),
('hehe'),
('heheh'),
('hendak'),
('hendaklah'),
('hendaknya'),
('hingga'),
('ia'),
('ialah'),
('ibarat'),
('ibaratkan'),
('ibaratnya'),
('ibu'),
('ikut'),
('ingat'),
('ingat-ingat'),
('ingin'),
('inginkah'),
('inginkan'),
('ini'),
('inikah'),
('inilah'),
('itu'),
('itukah'),
('itulah'),
('jadi'),
('jadilah'),
('jadinya'),
('jangan'),
('jangankan'),
('janganlah'),
('jauh'),
('jawab'),
('jawaban'),
('jawabnya'),
('jelas'),
('jelaskan'),
('jelaslah'),
('jelasnya'),
('jika'),
('jikalau'),
('juga'),
('jumlah'),
('jumlahnya'),
('justru'),
('kala'),
('kalau'),
('kalaulah'),
('kalaupun'),
('kalian'),
('kami'),
('kamilah'),
('kamu'),
('kamulah'),
('kan'),
('kapan'),
('kapankah'),
('kapanpun'),
('karena'),
('karenanya'),
('kasus'),
('kata'),
('katakan'),
('katakanlah'),
('katanya'),
('ke'),
('keadaan'),
('kebetulan'),
('kecil'),
('kedua'),
('keduanya'),
('keinginan'),
('kelamaan'),
('kelihatan'),
('kelihatannya'),
('kelima'),
('keluar'),
('kembali'),
('kemudian'),
('kemungkinan'),
('kemungkinannya'),
('kenapa'),
('kepada'),
('kepadanya'),
('kesampaian'),
('keseluruhan'),
('keseluruhannya'),
('keterlaluan'),
('ketika'),
('khususnya'),
('kini'),
('kinilah'),
('kira'),
('kira-kira'),
('kiranya'),
('kita'),
('kitalah'),
('km'),
('kok'),
('kurang'),
('lagi'),
('lagian'),
('lah'),
('lain'),
('lainnya'),
('lalu'),
('lama'),
('lamanya'),
('lanjut'),
('lanjutnya'),
('lebih'),
('lewat'),
('lho'),
('lima'),
('loh'),
('luar'),
('m'),
('macam'),
('maka'),
('makanya'),
('makin'),
('malah'),
('malahan'),
('mampu'),
('mampukah'),
('mana'),
('manakala'),
('manalagi'),
('masa'),
('masalah'),
('masalahnya'),
('masbro'),
('masih'),
('masihkah'),
('masing'),
('masing-masing'),
('mau'),
('maupun'),
('melainkan'),
('melakukan'),
('melalui'),
('melihat'),
('melihatnya'),
('memang'),
('memastikan'),
('memberi'),
('memberikan'),
('membuat'),
('memerlukan'),
('memihak'),
('meminta'),
('memintakan'),
('memisalkan'),
('memperbuat'),
('mempergunakan'),
('memperkirakan'),
('memperlihatkan'),
('mempersiapkan'),
('mempersoalkan'),
('mempertanyakan'),
('mempunyai'),
('memulai'),
('memungkinkan'),
('menaiki'),
('menambahkan'),
('menandaskan'),
('menanti'),
('menanti-nanti'),
('menantikan'),
('menanya'),
('menanyai'),
('menanyakan'),
('mendapat'),
('mendapatkan'),
('mendatang'),
('mendatangi'),
('mendatangkan'),
('menegaskan'),
('mengakhiri'),
('mengapa'),
('mengatakan'),
('mengatakannya'),
('mengenai'),
('mengerjakan'),
('mengetahui'),
('menggunakan'),
('menghendaki'),
('mengibaratkan'),
('mengibaratkannya'),
('mengingat'),
('mengingatkan'),
('menginginkan'),
('mengira'),
('mengucapkan'),
('mengucapkannya'),
('mengungkapkan'),
('menjadi'),
('menjawab'),
('menjelaskan'),
('menuju'),
('menunjuk'),
('menunjuki'),
('menunjukkan'),
('menunjuknya'),
('menurut'),
('menuturkan'),
('menyampaikan'),
('menyangkut'),
('menyatakan'),
('menyebutkan'),
('menyeluruh'),
('menyiapkan'),
('merasa'),
('mereka'),
('merekalah'),
('merupakan'),
('meski'),
('meskipun'),
('meyakini'),
('meyakinkan'),
('minta'),
('mirip'),
('misal'),
('misalkan'),
('misalnya'),
('mula'),
('mulai'),
('mulailah'),
('mulanya'),
('mungkin'),
('mungkinkah'),
('nah'),
('naik'),
('namun'),
('nan'),
('nanti'),
('nantinya'),
('nyaris'),
('nyatanya'),
('ok'),
('oleh'),
('olehnya'),
('pada'),
('padahal'),
('padanya'),
('pak'),
('paling'),
('panjang'),
('pantas'),
('para'),
('pasti'),
('pastilah'),
('penting'),
('pentingnya'),
('per'),
('percuma'),
('perlu'),
('perlukah'),
('perlunya'),
('pernah'),
('persoalan'),
('pertama'),
('pertama-tama'),
('pertanyaan'),
('pertanyakan'),
('pihak'),
('pihaknya'),
('pukul'),
('pula'),
('pun'),
('punya'),
('rasa'),
('rasanya'),
('rata'),
('rupanya'),
('s'),
('saat'),
('saatnya'),
('saja'),
('sajalah'),
('saling'),
('sama'),
('sama-sama'),
('sambil'),
('sampai'),
('sampai-sampai'),
('sampaikan'),
('sana'),
('sang'),
('sangat'),
('sangatlah'),
('satu'),
('saw'),
('saya'),
('sayalah'),
('se'),
('sebab'),
('sebabnya'),
('sebagai'),
('sebagaimana'),
('sebagainya'),
('sebagian'),
('sebaik'),
('sebaik-baiknya'),
('sebaiknya'),
('sebaliknya'),
('sebanyak'),
('sebegini'),
('sebegitu'),
('sebelum'),
('sebelumnya'),
('sebenarnya'),
('seberapa'),
('sebesar'),
('sebetulnya'),
('sebisanya'),
('sebuah'),
('sebut'),
('sebutlah'),
('sebutnya'),
('secara'),
('secukupnya'),
('sedang'),
('sedangkan'),
('sedemikian'),
('sedikit'),
('sedikitnya'),
('seenaknya'),
('segala'),
('segalanya'),
('segera'),
('seharusnya'),
('sehingga'),
('seingat'),
('sejak'),
('sejauh'),
('sejenak'),
('sejumlah'),
('sekadar'),
('sekadarnya'),
('sekali'),
('sekali-kali'),
('sekalian'),
('sekaligus'),
('sekalipun'),
('sekarang'),
('sekecil'),
('seketika'),
('sekiranya'),
('sekitar'),
('sekitarnya'),
('sekurang-kurangnya'),
('sekurangnya'),
('sela'),
('selain'),
('selaku'),
('selalu'),
('selama'),
('selama-lamanya'),
('selamanya'),
('selanjutnya'),
('seluruh'),
('seluruhnya'),
('semacam'),
('semakin'),
('semampu'),
('semampunya'),
('semasa'),
('semasih'),
('semata'),
('semata-mata'),
('semaunya'),
('sementara'),
('semisal'),
('semisalnya'),
('sempat'),
('semua'),
('semuanya'),
('semula'),
('sendiri'),
('sendirian'),
('sendirinya'),
('seolah'),
('seolah-olah'),
('seorang'),
('sepanjang'),
('sepantasnya'),
('sepantasnyalah'),
('seperlunya'),
('seperti'),
('sepertinya'),
('sepihak'),
('sering'),
('seringnya'),
('serta'),
('serupa'),
('sesaat'),
('sesama'),
('sesampai'),
('sesegera'),
('sesekali'),
('seseorang'),
('sesuatu'),
('sesuatunya'),
('sesudah'),
('sesudahnya'),
('setelah'),
('setempat'),
('setengah'),
('seterusnya'),
('setiap'),
('setiba'),
('setibanya'),
('setidak-tidaknya'),
('setidaknya'),
('setinggi'),
('seusai'),
('sewaktu'),
('si'),
('siap'),
('siapa'),
('siapakah'),
('siapapun'),
('sih'),
('sihh'),
('sini'),
('sinilah'),
('sip'),
('sipp'),
('sis'),
('sista'),
('soal'),
('soalnya'),
('suatu'),
('sudah'),
('sudahkah'),
('sudahlah'),
('supaya'),
('swt'),
('tadi'),
('tadinya'),
('tahu'),
('tahun'),
('tak'),
('tambah'),
('tambahnya'),
('tampak'),
('tampaknya'),
('tandas'),
('tandasnya'),
('tanpa'),
('tanya'),
('tanyakan'),
('tanyanya'),
('tapi'),
('tegas'),
('tegasnya'),
('teknik digital teori dan aplikasi'),
('telah'),
('tempat'),
('tengah'),
('tentang'),
('tentu'),
('tentulah'),
('tentunya'),
('tepat'),
('terakhir'),
('terasa'),
('terbanyak'),
('terdahulu'),
('terdapat'),
('terdiri'),
('terhadap'),
('terhadapnya'),
('teringat'),
('teringat-ingat'),
('terjadi'),
('terjadilah'),
('terjadinya'),
('terkira'),
('terlalu'),
('terlebih'),
('terlihat'),
('termasuk'),
('ternyata'),
('tersampaikan'),
('tersebut'),
('tersebutlah'),
('tertentu'),
('tertuju'),
('terus'),
('terutama'),
('tetap'),
('tetapi'),
('tiap'),
('tiba'),
('tiba-tiba'),
('tidak'),
('tidakkah'),
('tidaklah'),
('tiga'),
('tinggi'),
('toh'),
('tuh'),
('tunjuk'),
('turut'),
('tutur'),
('tuturnya'),
('ucap'),
('ucapnya'),
('ujar'),
('ujarnya'),
('umum'),
('umumnya'),
('ungkap'),
('ungkapnya'),
('untuk'),
('usah'),
('usai'),
('uwauw'),
('waduh'),
('wah'),
('wahai'),
('waktu'),
('waktunya'),
('walau'),
('walaupun'),
('waw'),
('wew'),
('whahwhahwa'),
('whoaaa'),
('wib'),
('wihh'),
('wong'),
('wow'),
('wuih'),
('yach'),
('yah'),
('yaitu'),
('yakin'),
('yakni'),
('yang'),
('yap'),
('yei'),
('yoi'),
('yok'),
('yuk');

-- --------------------------------------------------------

--
-- Table structure for table `surat_keluar`
--

CREATE TABLE IF NOT EXISTS `surat_keluar` (
  `id_keluar` int(12) NOT NULL,
  `id_user` int(11) NOT NULL,
  `id_kategori` int(12) NOT NULL,
  `no_surat` varchar(20) DEFAULT NULL,
  `hal` varchar(20) DEFAULT NULL,
  `kepada` varchar(30) DEFAULT NULL,
  `dari` varchar(30) DEFAULT NULL,
  `isi` varchar(100) DEFAULT NULL,
  `tembusan` varchar(50) DEFAULT NULL,
  `updated_at` datetime NOT NULL DEFAULT CURRENT_TIMESTAMP ON UPDATE CURRENT_TIMESTAMP,
  `created_at` datetime NOT NULL
) ENGINE=InnoDB AUTO_INCREMENT=15 DEFAULT CHARSET=latin1;

--
-- Dumping data for table `surat_keluar`
--

INSERT INTO `surat_keluar` (`id_keluar`, `id_user`, `id_kategori`, `no_surat`, `hal`, `kepada`, `dari`, `isi`, `tembusan`, `updated_at`, `created_at`) VALUES
(10, 3, 7, '20161119001516', 'w', 'wq', 'ewq', 'qw ', 'w', '2016-11-19 00:15:16', '2016-11-19 00:15:16'),
(11, 3, 10, '20161119204844', '12', 'wq', 'wq', 'qw ', 'wq', '2016-11-19 20:48:44', '2016-11-19 20:48:44'),
(12, 3, 7, '20161119210305', '23', 'w', 'we', ' we ', 'we', '2016-11-19 21:03:05', '2016-11-19 21:03:05'),
(13, 3, 7, '20161119210321', '23', 'w', 'we', ' we ', 'we', '2016-11-19 21:03:21', '2016-11-19 21:03:21'),
(14, 3, 10, '20161119210337', '23', 'w', 'we', ' we ', 'we', '2016-11-19 21:03:37', '2016-11-19 21:03:37');

-- --------------------------------------------------------

--
-- Table structure for table `surat_masuk`
--

CREATE TABLE IF NOT EXISTS `surat_masuk` (
  `id_masuk` int(11) NOT NULL,
  `no_surat` text,
  `hal` text,
  `dari` text,
  `kepada` text,
  `isi` text,
  `tembusan` text,
  `image_masuk` text,
  `updated_at` datetime DEFAULT NULL,
  `created_at` datetime DEFAULT NULL
) ENGINE=InnoDB AUTO_INCREMENT=27 DEFAULT CHARSET=latin1;

--
-- Dumping data for table `surat_masuk`
--

INSERT INTO `surat_masuk` (`id_masuk`, `no_surat`, `hal`, `dari`, `kepada`, `isi`, `tembusan`, `image_masuk`, `updated_at`, `created_at`) VALUES
(20, 'we', 'ew', 'we', 'ew', 'we ', 'we', 'problem.PNG', '2016-11-09 18:42:41', '2016-11-09 18:42:41'),
(21, '231', '21', 'w', 'q', 'w ', 'w', 'problem.PNG', '2016-11-09 18:47:49', '2016-11-09 18:47:49'),
(22, '12', '2w', 'wq', 'wq', 'wq ', 'wq', 'problem.PNG', '2016-11-09 18:50:24', '2016-11-09 18:50:24'),
(23, '12', 'wq', 'q', 'wq', ' q', 'qwqq', 'problem.PNG', '2016-11-09 18:52:21', '2016-11-09 18:52:21'),
(24, '2', 'qw', 'q', 'w', ' q ', 'q', 'activity login.png', '2016-11-09 18:57:05', '2016-11-09 18:57:05'),
(26, '12', 'wq', 'wq', 'w', ' ', 'w', '', '2016-11-18 23:01:07', '2016-11-18 22:59:10');

-- --------------------------------------------------------

--
-- Table structure for table `timeline`
--

CREATE TABLE IF NOT EXISTS `timeline` (
  `id` int(11) NOT NULL,
  `id_user` int(11) DEFAULT NULL,
  `aksi` text,
  `href` text,
  `created_at` datetime DEFAULT NULL,
  `updated_at` datetime DEFAULT NULL
) ENGINE=InnoDB AUTO_INCREMENT=199 DEFAULT CHARSET=latin1;

--
-- Dumping data for table `timeline`
--

INSERT INTO `timeline` (`id`, `id_user`, `aksi`, `href`, `created_at`, `updated_at`) VALUES
(2, 3, 'Perubahan pengaturan plagiarisme', NULL, '2016-05-26 07:23:08', '2016-05-26 07:23:08'),
(3, 3, 'Melakukan perubahan pengaturan plagiarisme', NULL, '2016-05-26 09:00:31', '2016-05-26 09:00:31'),
(4, 3, 'Melakukan penambahan makalah baru, namun terdeteksi plagiat!', NULL, '2016-05-26 09:02:09', '2016-05-26 09:02:09'),
(5, 3, 'Melakukan penambahan penulis baru', 'penulis/15', '2016-05-26 09:05:13', '2016-05-26 09:05:13'),
(6, 6, 'Mengomentari makalah', 'makalah/13', '2016-05-26 09:07:07', '2016-05-26 09:07:07'),
(7, 3, 'Melakukan perubahan pengaturan plagiarisme', 'setting', '2016-05-26 19:26:45', '2016-05-26 19:26:45'),
(8, 3, 'Melakukan perubahan pengaturan plagiarisme', 'setting', '2016-05-26 19:34:49', '2016-05-26 19:34:49'),
(9, 3, 'Melakukan perubahan pengaturan plagiarisme', 'setting', '2016-05-27 02:35:53', '2016-05-27 02:35:53'),
(10, 3, 'Melakukan perubahan data penulis', 'penulis/14', '2016-05-27 02:38:27', '2016-05-27 02:38:27'),
(11, 3, 'Mengomentari makalah', 'makalah/13', '2016-05-27 03:18:17', '2016-05-27 03:18:17'),
(12, 4, 'Mengomentari makalah', 'makalah/11', '2016-05-27 03:29:39', '2016-05-27 03:29:39'),
(13, 3, 'Melakukan perubahan profil pribadi', 'profile', '2016-05-27 11:06:40', '2016-05-27 11:06:40'),
(14, 3, 'Melakukan perubahan profil pribadi', 'profile', '2016-05-31 07:16:34', '2016-05-31 07:16:34'),
(15, 3, 'Melakukan perubahan pengaturan plagiarisme', 'setting', '2016-05-31 07:18:18', '2016-05-31 07:18:18'),
(16, 3, 'Melakukan penambahan penulis baru', 'penulis/16', '2016-05-31 07:19:43', '2016-05-31 07:19:43'),
(17, 16, 'Melakukan penambahan makalah baru dan Lolos plagiat!', 'makalah/18', '2016-05-31 07:28:13', '2016-05-31 07:28:13'),
(18, 16, 'Melakukan penambahan makalah baru dan Lolos plagiat!', 'makalah/19', '2016-05-31 07:29:17', '2016-05-31 07:29:17'),
(19, 16, 'Melakukan penambahan makalah baru, namun terdeteksi plagiat!', 'makalah/20', '2016-05-31 07:30:29', '2016-05-31 07:30:29'),
(20, 3, 'Melakukan perubahan makalah', 'makalah/20', '2016-05-31 12:11:27', '2016-05-31 12:11:27'),
(21, 3, 'Melakukan perubahan makalah', 'makalah/20', '2016-05-31 12:45:35', '2016-05-31 12:45:35'),
(22, 3, 'Melakukan perubahan makalah', 'makalah/20', '2016-05-31 13:35:20', '2016-05-31 13:35:20'),
(23, 3, 'Melakukan perubahan makalah', 'makalah/20', '2016-05-31 13:46:04', '2016-05-31 13:46:04'),
(24, 3, 'Melakukan perubahan makalah', 'makalah/20', '2016-05-31 20:14:15', '2016-05-31 20:14:15'),
(25, 3, 'Melakukan penambahan makalah baru, namun terdeteksi plagiat!', 'makalah/21', '2016-05-31 22:27:49', '2016-05-31 22:27:49'),
(26, 3, 'Melakukan perubahan makalah', 'makalah/21', '2016-05-31 22:28:31', '2016-05-31 22:28:31'),
(27, 3, 'Melakukan perubahan makalah', 'makalah/21', '2016-05-31 22:29:12', '2016-05-31 22:29:12'),
(28, 3, 'Melakukan perubahan makalah', 'makalah/21', '2016-05-31 22:29:55', '2016-05-31 22:29:55'),
(29, 3, 'Melakukan perubahan makalah', 'makalah/21', '2016-05-31 22:30:25', '2016-05-31 22:30:25'),
(30, 3, 'Melakukan ploting editor pada makalah', 'makalah/21', '2016-05-31 22:32:15', '2016-05-31 22:32:15'),
(31, 3, 'Melakukan penambahan editor baru', 'editor/17', '2016-05-31 22:33:51', '2016-05-31 22:33:51'),
(32, 3, 'Melakukan perubahan makalah', 'makalah/19', '2016-05-31 22:37:44', '2016-05-31 22:37:44'),
(33, 3, 'Melakukan perubahan makalah', 'makalah/18', '2016-05-31 22:38:24', '2016-05-31 22:38:24'),
(34, 3, 'Melakukan perubahan makalah', 'makalah/18', '2016-05-31 22:38:41', '2016-05-31 22:38:41'),
(35, 3, 'Melakukan perubahan makalah', 'makalah/18', '2016-05-31 22:39:04', '2016-05-31 22:39:04'),
(36, 3, 'Melakukan perubahan makalah', 'makalah/18', '2016-05-31 22:39:17', '2016-05-31 22:39:17'),
(37, 3, 'Melakukan perubahan makalah', 'makalah/18', '2016-05-31 22:39:48', '2016-05-31 22:39:48'),
(38, 3, 'Melakukan ploting editor pada makalah', 'makalah/21', '2016-05-31 23:56:28', '2016-05-31 23:56:28'),
(39, 3, 'Melakukan perubahan makalah', 'makalah/8', '2016-05-31 23:57:28', '2016-05-31 23:57:28'),
(40, 3, 'Melakukan perubahan makalah', 'makalah/8', '2016-06-01 00:00:17', '2016-06-01 00:00:17'),
(41, 3, 'Melakukan perubahan makalah', 'makalah/8', '2016-06-01 00:10:46', '2016-06-01 00:10:46'),
(42, 3, 'Melakukan perubahan makalah', 'makalah/8', '2016-06-01 00:11:16', '2016-06-01 00:11:16'),
(43, 3, 'Melakukan ploting editor pada makalah', 'makalah/8', '2016-06-01 00:11:42', '2016-06-01 00:11:42'),
(44, 3, 'Melakukan perubahan pengaturan plagiarisme', 'setting', '2016-06-01 00:37:48', '2016-06-01 00:37:48'),
(45, 3, 'Mengomentari makalah', 'makalah/8', '2016-06-01 11:24:30', '2016-06-01 11:24:30'),
(46, 3, 'Melakukan penambahan makalah baru, namun terdeteksi plagiat!', 'makalah/22', '2016-06-01 11:27:01', '2016-06-01 11:27:01'),
(47, 3, 'Melakukan perubahan makalah', 'makalah/22', '2016-06-01 11:27:50', '2016-06-01 11:27:50'),
(48, 3, 'Melakukan perubahan makalah', 'makalah/22', '2016-06-01 11:28:37', '2016-06-01 11:28:37'),
(49, 3, 'Melakukan perubahan makalah', 'makalah/22', '2016-06-01 11:29:17', '2016-06-01 11:29:17'),
(50, 3, 'Melakukan perubahan makalah', 'makalah/22', '2016-06-01 11:29:27', '2016-06-01 11:29:27'),
(51, 16, 'Melakukan perubahan makalah', 'makalah/18', '2016-06-01 11:35:17', '2016-06-01 11:35:17'),
(52, 3, 'Melakukan ploting editor pada makalah', 'makalah/18', '2016-06-01 11:38:36', '2016-06-01 11:38:36'),
(53, 17, 'Mengomentari makalah', 'makalah/18', '2016-06-01 11:39:58', '2016-06-01 11:39:58'),
(54, 16, 'Mengomentari makalah', 'makalah/18', '2016-06-01 11:41:15', '2016-06-01 11:41:15'),
(55, 3, 'Melakukan perubahan makalah', 'makalah/22', '2016-06-01 16:40:18', '2016-06-01 16:40:18'),
(56, 3, 'Melakukan perubahan makalah', 'makalah/22', '2016-06-01 16:42:33', '2016-06-01 16:42:33'),
(57, 3, 'Melakukan perubahan makalah', 'makalah/22', '2016-06-01 16:52:11', '2016-06-01 16:52:11'),
(58, 3, 'Melakukan perubahan makalah', 'makalah/10', '2016-06-01 16:54:27', '2016-06-01 16:54:27'),
(59, 3, 'Melakukan perubahan makalah', 'makalah/10', '2016-06-01 16:55:50', '2016-06-01 16:55:50'),
(60, 3, 'Melakukan perubahan makalah', 'makalah/10', '2016-06-01 16:56:38', '2016-06-01 16:56:38'),
(61, 3, 'Melakukan perubahan makalah', 'makalah/10', '2016-06-01 16:57:13', '2016-06-01 16:57:13'),
(62, 3, 'Melakukan perubahan makalah', 'makalah/10', '2016-06-01 16:58:04', '2016-06-01 16:58:04'),
(63, 3, 'Melakukan perubahan makalah', 'makalah/10', '2016-06-01 16:59:51', '2016-06-01 16:59:51'),
(64, 3, 'Melakukan perubahan makalah', 'makalah/10', '2016-06-01 17:00:14', '2016-06-01 17:00:14'),
(65, 3, 'Melakukan perubahan makalah', 'makalah/10', '2016-06-01 17:00:44', '2016-06-01 17:00:44'),
(66, 3, 'Melakukan ploting editor pada makalah', 'makalah/22', '2016-06-01 17:01:26', '2016-06-01 17:01:26'),
(67, 3, 'Melakukan penambahan makalah baru, namun terdeteksi plagiat!', 'makalah/23', '2016-06-01 17:03:14', '2016-06-01 17:03:14'),
(68, 3, 'Melakukan perubahan makalah', 'makalah/23', '2016-06-01 17:03:59', '2016-06-01 17:03:59'),
(69, 3, 'Melakukan perubahan makalah', 'makalah/23', '2016-06-01 17:04:50', '2016-06-01 17:04:50'),
(70, 3, 'Melakukan perubahan makalah', 'makalah/23', '2016-06-01 17:08:10', '2016-06-01 17:08:10'),
(71, 3, 'Melakukan perubahan makalah', 'makalah/23', '2016-06-01 17:08:20', '2016-06-01 17:08:20'),
(72, 3, 'Melakukan perubahan makalah', 'makalah/23', '2016-06-01 17:08:34', '2016-06-01 17:08:34'),
(73, 3, 'Melakukan penambahan makalah baru dan Lolos plagiat!', 'makalah/24', '2016-06-01 17:42:56', '2016-06-01 17:42:56'),
(74, 3, 'Mengomentari makalah', 'makalah/24', '2016-06-01 17:44:43', '2016-06-01 17:44:43'),
(75, 3, 'Mengomentari makalah', 'makalah/24', '2016-06-01 17:52:23', '2016-06-01 17:52:23'),
(76, 16, 'Melakukan penambahan makalah baru, namun terdeteksi plagiat!', 'makalah/25', '2016-06-01 18:51:34', '2016-06-01 18:51:34'),
(77, 16, 'Melakukan penambahan makalah baru, namun terdeteksi plagiat!', 'makalah/26', '2016-06-01 18:51:55', '2016-06-01 18:51:55'),
(78, 16, 'Melakukan penambahan makalah baru dan Lolos plagiat!', 'makalah/27', '2016-06-01 18:52:17', '2016-06-01 18:52:17'),
(79, 17, 'Melakukan perubahan pengaturan plagiarisme', 'setting', '2016-06-01 18:57:14', '2016-06-01 18:57:14'),
(80, 3, 'Melakukan penambahan penulis baru', 'penulis/18', '2016-06-03 05:44:40', '2016-06-03 05:44:40'),
(81, 3, 'Melakukan perubahan makalah', 'makalah/27', '2016-06-03 05:46:39', '2016-06-03 05:46:39'),
(82, 3, 'Mengomentari makalah', 'makalah/27', '2016-06-03 05:46:58', '2016-06-03 05:46:58'),
(83, 18, 'Melakukan penambahan makalah baru dan Lolos plagiat!', 'makalah/28', '2016-06-03 05:48:02', '2016-06-03 05:48:02'),
(84, 18, 'Melakukan perubahan makalah', 'makalah/28', '2016-06-03 05:48:56', '2016-06-03 05:48:56'),
(85, 18, 'Melakukan perubahan makalah', 'makalah/28', '2016-06-03 05:50:22', '2016-06-03 05:50:22'),
(86, 3, 'Melakukan perubahan makalah', 'makalah/28', '2016-06-03 05:50:53', '2016-06-03 05:50:53'),
(87, 3, 'Mengomentari makalah', 'makalah/28', '2016-06-03 05:51:07', '2016-06-03 05:51:07'),
(88, 18, 'Melakukan perubahan makalah', 'makalah/28', '2016-06-03 05:56:34', '2016-06-03 05:56:34'),
(89, 18, 'Melakukan perubahan makalah', 'makalah/28', '2016-06-03 05:59:28', '2016-06-03 05:59:28'),
(90, 18, 'Melakukan perubahan makalah', 'makalah/28', '2016-06-03 05:59:51', '2016-06-03 05:59:51'),
(91, 18, 'Melakukan perubahan makalah', 'makalah/28', '2016-06-03 06:00:44', '2016-06-03 06:00:44'),
(92, 18, 'Melakukan perubahan makalah', 'makalah/28', '2016-06-03 06:01:24', '2016-06-03 06:01:24'),
(93, 3, 'Melakukan perubahan pengaturan plagiarisme', 'setting', '2016-06-03 06:01:39', '2016-06-03 06:01:39'),
(94, 18, 'Melakukan perubahan makalah', 'makalah/28', '2016-06-03 06:01:53', '2016-06-03 06:01:53'),
(95, 18, 'Melakukan perubahan makalah', 'makalah/28', '2016-06-03 06:02:26', '2016-06-03 06:02:26'),
(96, 18, 'Melakukan perubahan makalah', 'makalah/28', '2016-06-03 06:02:41', '2016-06-03 06:02:41'),
(97, 3, 'Melakukan penambahan editor baru', 'editor/19', '2016-06-03 06:17:06', '2016-06-03 06:17:06'),
(98, 18, 'Melakukan perubahan makalah', 'makalah/28', '2016-06-03 06:17:52', '2016-06-03 06:17:52'),
(99, 3, 'Melakukan perubahan pengaturan plagiarisme', 'setting', '2016-06-03 06:18:39', '2016-06-03 06:18:39'),
(100, 18, 'Melakukan perubahan makalah', 'makalah/28', '2016-06-03 06:18:54', '2016-06-03 06:18:54'),
(101, 3, 'Melakukan ploting editor pada makalah', 'makalah/28', '2016-06-03 06:20:25', '2016-06-03 06:20:25'),
(102, 19, 'Mengomentari makalah', 'makalah/28', '2016-06-03 06:22:53', '2016-06-03 06:22:53'),
(103, 18, 'Mengomentari makalah', 'makalah/28', '2016-06-03 06:23:50', '2016-06-03 06:23:50'),
(104, 18, 'Mengomentari makalah', 'makalah/28', '2016-06-03 06:24:43', '2016-06-03 06:24:43'),
(105, 3, 'Melakukan penambahan penulis baru', 'penulis/20', '2016-06-03 20:07:20', '2016-06-03 20:07:20'),
(106, 3, 'Melakukan penambahan editor baru', 'editor/21', '2016-06-05 15:48:18', '2016-06-05 15:48:18'),
(107, 3, 'Melakukan perubahan data editor', 'editor/21', '2016-06-05 15:50:08', '2016-06-05 15:50:08'),
(108, 3, 'Melakukan perubahan data editor', 'editor/21', '2016-06-05 15:58:06', '2016-06-05 15:58:06'),
(109, 3, 'Melakukan perubahan data editor', 'editor/21', '2016-06-05 16:03:17', '2016-06-05 16:03:17'),
(110, 3, 'Melakukan perubahan data editor', 'editor/21', '2016-06-05 16:06:16', '2016-06-05 16:06:16'),
(111, 3, 'Melakukan penambahan penulis baru', 'penulis/22', '2016-06-05 16:06:57', '2016-06-05 16:06:57'),
(112, 3, 'Melakukan perubahan data penulis', 'penulis/22', '2016-06-05 16:08:46', '2016-06-05 16:08:46'),
(113, 3, 'Melakukan perubahan data penulis', 'penulis/22', '2016-06-05 16:11:27', '2016-06-05 16:11:27'),
(114, 3, 'Melakukan penambahan makalah baru, namun terdeteksi plagiat!', 'makalah/29', '2016-06-05 16:37:25', '2016-06-05 16:37:25'),
(115, 3, 'Melakukan perubahan data editor', 'editor/19', '2016-06-05 22:17:49', '2016-06-05 22:17:49'),
(116, 3, 'Melakukan perubahan data editor', 'editor/21', '2016-06-05 22:18:12', '2016-06-05 22:18:12'),
(117, 3, 'Melakukan perubahan data penulis', 'penulis/14', '2016-06-05 22:19:49', '2016-06-05 22:19:49'),
(118, 3, 'Melakukan perubahan data penulis', 'penulis/15', '2016-06-05 22:20:30', '2016-06-05 22:20:30'),
(119, 3, 'Melakukan perubahan data penulis', 'penulis/20', '2016-06-05 22:22:33', '2016-06-05 22:22:33'),
(120, 3, 'Melakukan perubahan data penulis', 'penulis/22', '2016-06-05 22:22:34', '2016-06-05 22:22:34'),
(121, 3, 'Melakukan perubahan data penulis', 'penulis/18', '2016-06-05 22:24:58', '2016-06-05 22:24:58'),
(122, 3, 'Melakukan perubahan data penulis', 'penulis/18', '2016-06-05 22:25:01', '2016-06-05 22:25:01'),
(123, 3, 'Melakukan penambahan makalah baru dan Lolos plagiat!', 'makalah/30', '2016-06-08 04:24:48', '2016-06-08 04:24:48'),
(124, 3, 'Melakukan perubahan pengaturan plagiarisme', 'setting', '2016-06-08 04:25:09', '2016-06-08 04:25:09'),
(125, 3, 'Menghapus makalah', '', '2016-06-08 04:25:21', '2016-06-08 04:25:21'),
(126, 3, 'Melakukan penambahan makalah baru, namun terdeteksi plagiat!', 'makalah/31', '2016-06-08 04:25:38', '2016-06-08 04:25:38'),
(127, 3, 'Melakukan perubahan makalah', 'makalah/24', '2016-06-08 04:28:30', '2016-06-08 04:28:30'),
(128, 3, 'Mengomentari makalah', 'makalah/24', '2016-06-08 04:28:44', '2016-06-08 04:28:44'),
(129, 23, 'Melakukan registrasi sebagai Penulis', 'penulis/23', '2016-07-10 14:50:26', '2016-07-10 14:50:26'),
(130, 23, 'Melakukan perubahan profil pribadi', 'profile', '2016-07-10 14:51:34', '2016-07-10 14:51:34'),
(131, 24, 'Melakukan registrasi sebagai Penulis', 'penulis/24', '2016-07-10 15:03:34', '2016-07-10 15:03:34'),
(132, 25, 'melakukan registrasi sebagai Mahasiswa', 'mahasiswa/25', '2016-07-10 15:19:32', '2016-07-10 15:19:32'),
(133, 3, 'Melakukan ploting dosen pada makalah', 'makalah/22', '2016-07-14 21:38:57', '2016-07-14 21:38:57'),
(134, 3, 'Menghapus makalah', '', '2016-07-14 21:57:33', '2016-07-14 21:57:33'),
(135, 3, 'Melakukan penambahan makalah baru dan Lolos plagiat!', 'makalah/32', '2016-07-14 22:02:32', '2016-07-14 22:02:32'),
(136, 3, 'Melakukan penambahan makalah baru, namun terdeteksi plagiat!', 'makalah/33', '2016-07-14 22:03:04', '2016-07-14 22:03:04'),
(137, 3, 'Melakukan penambahan makalah baru dan Lolos plagiat!', 'makalah/34', '2016-07-14 22:04:00', '2016-07-14 22:04:00'),
(138, 3, 'Melakukan penambahan makalah baru, namun terdeteksi plagiat!', 'makalah/35', '2016-07-14 22:04:13', '2016-07-14 22:04:13'),
(139, 3, 'Melakukan perubahan makalah', 'makalah/35', '2016-07-14 22:06:01', '2016-07-14 22:06:01'),
(140, 3, 'Melakukan perubahan pengaturan plagiarisme', 'setting', '2016-07-14 22:06:16', '2016-07-14 22:06:16'),
(141, 3, 'Melakukan perubahan makalah', 'makalah/35', '2016-07-14 22:06:31', '2016-07-14 22:06:31'),
(142, 3, 'Melakukan perubahan makalah', 'makalah/35', '2016-07-14 22:08:01', '2016-07-14 22:08:01'),
(143, 3, 'Melakukan penambahan dosen baru', 'dosen/26', '2016-07-17 17:44:48', '2016-07-17 17:44:48'),
(144, 3, 'Melakukan ploting dosen pada makalah', 'makalah/28', '2016-07-17 17:46:30', '2016-07-17 17:46:30'),
(145, 26, 'Mengomentari makalah', 'makalah/28', '2016-07-17 17:47:26', '2016-07-17 17:47:26'),
(146, 3, 'Mengomentari proposal', 'makalah/28', '2016-07-17 21:47:10', '2016-07-17 21:47:10'),
(147, 3, 'Melakukan perubahan profil pribadi', 'profile', '2016-07-24 11:25:01', '2016-07-24 11:25:01'),
(148, 3, 'Melakukan perubahan profil pribadi', 'profile', '2016-07-24 11:25:10', '2016-07-24 11:25:10'),
(149, 3, 'Menghapus proposal', '', '2016-07-24 11:31:17', '2016-07-24 11:31:17'),
(150, 3, 'Menghapus proposal', '', '2016-07-24 11:31:23', '2016-07-24 11:31:23'),
(151, 3, 'Menghapus proposal', '', '2016-07-24 11:37:44', '2016-07-24 11:37:44'),
(152, 3, 'Menghapus data dosen', '', '2016-07-24 11:38:09', '2016-07-24 11:38:09'),
(153, 3, 'Melakukan perubahan profil pribadi', 'profile', '2016-10-19 23:13:25', '2016-10-19 23:13:25'),
(154, 3, 'Melakukan penambahan surat masuk baru', 'surat_masuk/3', '2016-10-20 08:31:20', '2016-10-20 08:31:20'),
(155, 3, 'Melakukan penambahan surat masuk baru', 'surat_masuk/4', '2016-10-20 08:31:39', '2016-10-20 08:31:39'),
(156, 3, 'Melakukan penambahan makalah baru dan Lolos plagiat!', 'makalah/1', '2016-10-24 14:37:09', '2016-10-24 14:37:09'),
(157, 3, 'Melakukan perubahan proposal', 'makalah/1', '2016-10-24 15:09:41', '2016-10-24 15:09:41'),
(158, 3, 'Menghapus data mahasiswa', '', '2016-10-24 15:19:58', '2016-10-24 15:19:58'),
(159, 3, 'Melakukan penambahan kategori baru', 'kategori/6', '2016-10-25 22:57:34', '2016-10-25 22:57:34'),
(160, 3, 'Menghapus data kategori', '', '2016-10-25 22:57:44', '2016-10-25 22:57:44'),
(161, 3, 'Melakukan penambahan kategori baru', 'kategori/7', '2016-10-25 22:58:09', '2016-10-25 22:58:09'),
(162, 3, 'Menghapus data dosen', '', '2016-10-25 23:09:44', '2016-10-25 23:09:44'),
(163, 3, 'Menghapus data dosen', '', '2016-10-25 23:09:51', '2016-10-25 23:09:51'),
(164, 3, 'Melakukan penambahan dosen baru', 'dosen/27', '2016-10-25 23:10:46', '2016-10-25 23:10:46'),
(165, 3, 'Melakukan perubahan data dosen', 'dosen/21', '2016-10-25 23:34:00', '2016-10-25 23:34:00'),
(166, 3, 'Melakukan ploting dosen pada proposal', 'makalah/1', '2016-10-25 23:35:18', '2016-10-25 23:35:18'),
(167, 3, 'Melakukan ploting dosen pada proposal', 'makalah/1', '2016-10-25 23:36:08', '2016-10-25 23:36:08'),
(168, 3, 'Menghapus data kategori', '', '2016-10-26 12:52:33', '2016-10-26 12:52:33'),
(169, 3, 'Menghapus data kategori', '', '2016-10-26 12:52:37', '2016-10-26 12:52:37'),
(170, 3, 'Melakukan perubahan proposal', 'makalah/1', '2016-10-26 12:53:03', '2016-10-26 12:53:03'),
(171, 3, 'Melakukan perubahan proposal', 'makalah/1', '2016-10-26 12:54:04', '2016-10-26 12:54:04'),
(172, 3, 'Melakukan penambahan makalah baru dan Lolos plagiat!', 'makalah/2', '2016-10-26 12:54:27', '2016-10-26 12:54:27'),
(173, 3, 'Melakukan perubahan proposal', 'makalah/1', '2016-10-26 12:55:01', '2016-10-26 12:55:01'),
(174, 3, 'Melakukan perubahan profil pribadi', 'profile', '2016-10-26 15:38:39', '2016-10-26 15:38:39'),
(175, 3, 'Melakukan perubahan data kategori', 'kategori/7', '2016-10-27 15:06:25', '2016-10-27 15:06:25'),
(176, 3, 'Melakukan perubahan data mahasiswa', 'mahasiswa/18', '2016-10-30 12:06:08', '2016-10-30 12:06:08'),
(177, 18, 'Melakukan penambahan makalah baru dan Lolos plagiat!', 'makalah/3', '2016-10-30 12:08:33', '2016-10-30 12:08:33'),
(178, 3, 'Melakukan penambahan makalah baru dan Lolos plagiat!', 'makalah/4', '2016-10-31 15:34:23', '2016-10-31 15:34:23'),
(179, 3, 'Melakukan perubahan proposal', 'makalah/4', '2016-10-31 15:34:47', '2016-10-31 15:34:47'),
(180, 3, 'Melakukan perubahan proposal', 'makalah/4', '2016-10-31 15:34:48', '2016-10-31 15:34:48'),
(181, 3, 'Menghapus proposal', '', '2016-10-31 15:35:00', '2016-10-31 15:35:00'),
(182, 3, 'Melakukan penambahan kategori baru', 'kategori/8', '2016-11-04 16:08:29', '2016-11-04 16:08:29'),
(183, 3, 'Melakukan penambahan kategori baru', 'kategori/9', '2016-11-04 16:12:40', '2016-11-04 16:12:40'),
(184, 3, 'Melakukan penambahan kategori baru', 'kategori/10', '2016-11-04 16:17:07', '2016-11-04 16:17:07'),
(185, 3, 'Melakukan perubahan data kategori', 'kategori/7', '2016-11-04 16:27:58', '2016-11-04 16:27:58'),
(186, 3, 'Melakukan perubahan proposal', 'makalah/3', '2016-11-04 17:25:21', '2016-11-04 17:25:21'),
(187, 3, 'Menghapus data kategori', '', '2016-11-04 18:03:14', '2016-11-04 18:03:14'),
(188, 3, 'Melakukan penambahan kategori baru', 'kategori/11', '2016-11-04 18:03:24', '2016-11-04 18:03:24'),
(189, 3, 'Melakukan perubahan data kategori', 'kategori/9', '2016-11-04 19:42:39', '2016-11-04 19:42:39'),
(190, 3, 'Menghapus data kategori', '', '2016-11-04 19:43:06', '2016-11-04 19:43:06'),
(191, 3, 'Menghapus data kategori', '', '2016-11-04 19:43:11', '2016-11-04 19:43:11'),
(192, 3, 'Menghapus data kategori', '', '2016-11-04 19:43:20', '2016-11-04 19:43:20'),
(193, 3, 'Menghapus data dosen', '', '2016-11-04 20:16:36', '2016-11-04 20:16:36'),
(194, 3, 'Menghapus data dosen', '', '2016-11-04 20:16:41', '2016-11-04 20:16:41'),
(195, 3, 'Melakukan penambahan kategori baru', 'kategori/10', '2016-11-08 08:35:01', '2016-11-08 08:35:01'),
(196, 3, 'Melakukan penambahan makalah baru dan Lolos plagiat!', 'makalah/4', '2016-11-09 14:57:11', '2016-11-09 14:57:11'),
(197, 3, 'Melakukan penambahan makalah baru, namun terdeteksi plagiat!', 'makalah/5', '2016-11-09 14:59:31', '2016-11-09 14:59:31'),
(198, 3, 'Melakukan penambahan kategori baru', 'kategori/11', '2016-11-18 23:03:06', '2016-11-18 23:03:06');

-- --------------------------------------------------------

--
-- Table structure for table `users`
--

CREATE TABLE IF NOT EXISTS `users` (
  `id_user` int(11) NOT NULL,
  `no_id` varchar(50) DEFAULT NULL,
  `id_role` int(11) DEFAULT NULL,
  `prodi` varchar(30) DEFAULT NULL,
  `no_telp` varchar(20) DEFAULT NULL,
  `name` varchar(50) DEFAULT NULL,
  `email` varchar(50) DEFAULT NULL,
  `password` varchar(500) DEFAULT NULL,
  `updated_at` datetime DEFAULT NULL,
  `created_at` datetime DEFAULT NULL,
  `remember_token` varchar(500) DEFAULT NULL,
  `image` text,
  `status` int(11) DEFAULT NULL
) ENGINE=InnoDB AUTO_INCREMENT=27 DEFAULT CHARSET=latin1;

--
-- Dumping data for table `users`
--

INSERT INTO `users` (`id_user`, `no_id`, `id_role`, `prodi`, `no_telp`, `name`, `email`, `password`, `updated_at`, `created_at`, `remember_token`, `image`, `status`) VALUES
(3, '5302412110', 1, 'pendidikan TIK', '085641161238', 'Rendi Pradipta', 'pradipta_rendi@yahoo.co.id', '$2y$10$tawcpz0CME5PDlHsFMiarupFzFcUTbSE6hwiue5.zaAqqVQZ890fi', '2017-06-02 19:07:53', '2016-04-21 07:56:01', 'Ft7STpRu6G0sgLIEp3H8RRmAYyl2lBVbrzNw74XMCkJzOArTNJI5F27510YN', 'dist/img/avatar.png', 1),
(6, '111114', 3, '', NULL, 'penulis1', 'penulis1@gmail.com', '$2y$10$tawcpz0CME5PDlHsFMiarupFzFcUTbSE6hwiue5.zaAqqVQZ890fi', '2016-06-03 21:12:37', '2016-04-21 07:56:01', '4rXDfTnb6pBotVMmNj35GU3ZDoQa6l0VXZlmzksVr04pdKUcbtA1M09yvpAH', 'dist/img/avatar4.png', 1),
(12, '111116', 2, '', '1234', 'jikuna', 'jikun@gmail.com', '$2y$10$oYoz6YNaGPXUEwF8oQq1EetpIG6SsnplHeoeJmsT8OnIQ5r36YgQK', '2016-05-19 08:25:36', '2016-05-19 08:06:39', NULL, 'dist/img/noprofile.gif', 1),
(13, '111117', 3, '', NULL, 'penulis2', 'penulis2@gmail.com', '$2y$10$N0I2Fh1aZx2g222C6m/e4eP6UUvxcqSldj/AYUdMaPKKw2ctwulRO', '2016-05-19 08:40:50', '2016-05-19 08:40:19', NULL, 'dist/img/noprofile.gif', 1),
(14, '111120', 3, '', '', 'penulis4', 'penulis4@gmail.com', '$2y$10$uxchlZ..bS54ZmloLW5iV.GYpH5hPKr/myCpvFgvtf66xXyFzssHy', '2016-06-05 22:19:49', '2016-05-22 19:39:42', 'uPaqxWb4rmtaSA4xFij4RgWFaj5rKvM1sFZCvrfkTAa1GrTTmjoBiAZGcX0x', 'dist/img/noprofile.gif', 1),
(15, '111121', 3, '', '', 'penulis5', 'penulis5@gmail.com', '$2y$10$Nw4Fc6J9wefklGxBjslBpe72cTAZaLcx4BdkTbnUPNkUMKWmPBP.6', '2016-06-05 22:20:30', '2016-05-26 09:05:13', NULL, 'dist/img/noprofile.gif', 1),
(16, NULL, 1, '', NULL, 'penulis6', 'penulis6@a.com', '$2y$10$hY0gz1FN3nW0.NvWwh.IK.6ybqeIVCOHc9o5ayIuZ6WNNeo6QeKzG', '2016-06-03 05:44:10', '2016-05-31 07:19:43', 'Ck62vm0EyhqjRHX7k5ncUbCPKXJYEXyYmnjgl6KZUDmr60IJs84Q9PA6pLuv', 'dist/img/noprofile.gif', 1),
(17, NULL, 1, '', NULL, 'editor6', 'editor6@editor6.com', '$2y$10$B7MGMwgl4QtMx8JT7L0mju6W77hf.ksOvbippHpYnRpYmt1ZkT3jm', '2016-06-01 18:54:12', '2016-05-31 22:33:51', 'YLmbvMGutZRIiBwF56IoTFFycZBeT6d6yxCOthy02poKv3a7m6fTudqZUxYL', 'dist/img/noprofile.gif', 1),
(18, '111122', 3, '', '', 'penulis7', 'penulis7@penulis7.com', '$2y$10$g62ePt1HObUqKNJwbOrrCenr/8Mq8c326/4JkrL1S/728EeVeB152', '2016-10-30 12:09:39', '2016-06-03 05:44:40', 'vf40oHOOybOtHHRtdSodQ3zVtaIztAdvdpQsWkEuTX8veNrjB75CLB9JcwuX', 'dist/img/noprofile.gif', 1),
(19, '1111118', 2, '', '', 'editor7', 'editor7@editor7.com', '$2y$10$Odtw9EMyNUFGCCW8KuK29OvAJxBPsYlHwCSKw8frC2TiTTmhPdCJa', '2016-06-05 22:17:49', '2016-06-03 06:17:06', NULL, 'dist/img/noprofile.gif', 1),
(20, '111123', 3, '', '', 'ardi', 'saya@admin.com', '$2y$10$SVKGqJJubop4Rrdrn8I9T.Y/nZuQSw47kyFi4gjGxrr2f9HDI.w6e', '2016-06-05 22:22:33', '2016-06-03 20:07:20', NULL, 'dist/img/noprofile.gif', 1),
(22, '111124', 3, '', '1234', 'penulisbaru', 'penulisbaru@gmail.com', '$2y$10$FWjJW.yEvjwiTdoY9nwhJ.zimPYP9MrCScqiOwOCwHvh/NMPeKQka', '2016-06-05 22:22:34', '2016-06-05 16:06:57', '8PT2OIIZW8LJv13tMwKmXylADPCQcawaWAPgSYZsrk9CEJsli96B83PuOxMU', 'dist/img/noprofile.gif', 1),
(24, '999999', 3, '', NULL, 'Ardian Rizqi', 'volvoxgroups@gmail.com', '$2y$10$npatOebDF4/h6dKYVmSPOuCvPqLkMoPvxanpq.fm9jxE8mD5BIFpS', '2016-07-10 15:18:52', '2016-07-10 15:03:34', 'RnYyAm8vxpKdSfQhbpENiXtLRgjjXeIOjqQbp3owU4HBRuP8WLm54cYHMcix', 'dist/img/noprofile.gif', 0),
(25, '1111110', 3, '', NULL, 'q', 'v@a.com', '$2y$10$nNuM1D8b80CJAxT2zsJEAuvgE.J8gXzTLivNyP4GIs8FiQaUSFmxq', '2016-07-10 15:19:32', '2016-07-10 15:19:32', NULL, 'dist/img/noprofile.gif', 0),
(26, '123456', 2, '', NULL, 'cek dosen', 'vaa@a.com', '$2y$10$qsAD7/0SEkE06K8uC.2fF.YozZ4sDWAJiM6fDVn/mhaAE0U9M/e4u', '2016-11-19 21:38:16', '2016-07-17 17:44:48', 'GWd0V3yLbUq2o1yIxy81am3I5DPuBNA0V4N4a0oZIuVOXlhJAGRroUP5x65e', 'dist/img/noprofile.gif', 1);

--
-- Indexes for dumped tables
--

--
-- Indexes for table `history_plagiat`
--
ALTER TABLE `history_plagiat`
  ADD PRIMARY KEY (`id_plagiat`);

--
-- Indexes for table `jenis_dosen`
--
ALTER TABLE `jenis_dosen`
  ADD PRIMARY KEY (`id_jenis_dosen`);

--
-- Indexes for table `katadasar`
--
ALTER TABLE `katadasar`
  ADD PRIMARY KEY (`kata`);

--
-- Indexes for table `kategori`
--
ALTER TABLE `kategori`
  ADD PRIMARY KEY (`id_kategori`);

--
-- Indexes for table `komentar_makalah`
--
ALTER TABLE `komentar_makalah`
  ADD PRIMARY KEY (`id_komentar`);

--
-- Indexes for table `makalah`
--
ALTER TABLE `makalah`
  ADD PRIMARY KEY (`id_makalah`);

--
-- Indexes for table `pengaturan`
--
ALTER TABLE `pengaturan`
  ADD PRIMARY KEY (`id`);

--
-- Indexes for table `status_makalah`
--
ALTER TABLE `status_makalah`
  ADD PRIMARY KEY (`id_status`);

--
-- Indexes for table `stoplist`
--
ALTER TABLE `stoplist`
  ADD PRIMARY KEY (`kata`);

--
-- Indexes for table `surat_keluar`
--
ALTER TABLE `surat_keluar`
  ADD PRIMARY KEY (`id_keluar`);

--
-- Indexes for table `surat_masuk`
--
ALTER TABLE `surat_masuk`
  ADD PRIMARY KEY (`id_masuk`);

--
-- Indexes for table `timeline`
--
ALTER TABLE `timeline`
  ADD PRIMARY KEY (`id`);

--
-- Indexes for table `users`
--
ALTER TABLE `users`
  ADD PRIMARY KEY (`id_user`);

--
-- AUTO_INCREMENT for dumped tables
--

--
-- AUTO_INCREMENT for table `history_plagiat`
--
ALTER TABLE `history_plagiat`
  MODIFY `id_plagiat` int(11) NOT NULL AUTO_INCREMENT,AUTO_INCREMENT=97;
--
-- AUTO_INCREMENT for table `jenis_dosen`
--
ALTER TABLE `jenis_dosen`
  MODIFY `id_jenis_dosen` int(11) NOT NULL AUTO_INCREMENT,AUTO_INCREMENT=3;
--
-- AUTO_INCREMENT for table `kategori`
--
ALTER TABLE `kategori`
  MODIFY `id_kategori` int(11) NOT NULL AUTO_INCREMENT,AUTO_INCREMENT=12;
--
-- AUTO_INCREMENT for table `komentar_makalah`
--
ALTER TABLE `komentar_makalah`
  MODIFY `id_komentar` int(11) NOT NULL AUTO_INCREMENT,AUTO_INCREMENT=31;
--
-- AUTO_INCREMENT for table `makalah`
--
ALTER TABLE `makalah`
  MODIFY `id_makalah` int(11) NOT NULL AUTO_INCREMENT,AUTO_INCREMENT=6;
--
-- AUTO_INCREMENT for table `pengaturan`
--
ALTER TABLE `pengaturan`
  MODIFY `id` int(11) NOT NULL AUTO_INCREMENT,AUTO_INCREMENT=2;
--
-- AUTO_INCREMENT for table `surat_keluar`
--
ALTER TABLE `surat_keluar`
  MODIFY `id_keluar` int(12) NOT NULL AUTO_INCREMENT,AUTO_INCREMENT=15;
--
-- AUTO_INCREMENT for table `surat_masuk`
--
ALTER TABLE `surat_masuk`
  MODIFY `id_masuk` int(11) NOT NULL AUTO_INCREMENT,AUTO_INCREMENT=27;
--
-- AUTO_INCREMENT for table `timeline`
--
ALTER TABLE `timeline`
  MODIFY `id` int(11) NOT NULL AUTO_INCREMENT,AUTO_INCREMENT=199;
--
-- AUTO_INCREMENT for table `users`
--
ALTER TABLE `users`
  MODIFY `id_user` int(11) NOT NULL AUTO_INCREMENT,AUTO_INCREMENT=27;--
-- Database: `spk-jabatan`
--
--
-- Database: `spksaw`
--

-- --------------------------------------------------------

--
-- Table structure for table `absensi`
--

CREATE TABLE IF NOT EXISTS `absensi` (
  `id` int(11) NOT NULL,
  `kodematkul` varchar(10) NOT NULL,
  `tanggal` date NOT NULL,
  `nim` varchar(50) NOT NULL,
  `pertemuan` int(11) NOT NULL,
  `ket` varchar(4) NOT NULL,
  `status` varchar(4) NOT NULL
) ENGINE=MyISAM AUTO_INCREMENT=32 DEFAULT CHARSET=latin1;

--
-- Dumping data for table `absensi`
--

INSERT INTO `absensi` (`id`, `kodematkul`, `tanggal`, `nim`, `pertemuan`, `ket`, `status`) VALUES
(1, 'KA12-101', '2015-11-02', '142510030021', 1, 'v', ''),
(2, 'KA12-101', '2015-11-02', '142510030068', 1, 'v', ''),
(3, 'KA12-101', '2015-11-02', '142510030153', 1, 'v', ''),
(4, 'KA12-101', '2015-11-02', '142510030136', 1, 'v', ''),
(5, 'KA12-101', '2015-11-02', '142510030046', 1, 'v', ''),
(6, 'KA12-101', '2015-11-02', '142510030041', 1, 'v', ''),
(7, 'KA12-101', '2015-11-02', '142510030059', 1, 'v', ''),
(8, 'KA12-101', '2015-11-02', '142510030142', 1, 'v', ''),
(9, 'KA12-101', '2015-11-02', '142510030052', 1, 'v', ''),
(10, 'KA12-101', '2015-11-02', '142510030015', 1, 'v', ''),
(11, 'KA12-101', '2015-11-02', '142510030024', 1, 'v', ''),
(12, 'KA12-101', '2015-11-02', '142510030058', 1, 'v', ''),
(13, 'KA12-101', '2015-11-02', '142510030138', 1, 'v', ''),
(14, 'KA12-101', '2015-11-02', '142510030038', 1, 'v', ''),
(15, 'KA12-101', '2015-11-02', '142510030035', 1, 'v', ''),
(16, 'KA12-101', '2015-11-02', '142510030056', 1, 'v', ''),
(17, 'KA12-101', '2015-11-02', '142510030154', 1, 'v', ''),
(18, 'KA12-101', '2015-11-02', '142510030106', 1, 'v', ''),
(19, 'KA12-101', '2015-11-02', '142510030033', 1, 'v', ''),
(20, 'KA12-101', '2015-11-02', '142510030155', 1, 'v', ''),
(21, 'KA12-101', '2015-11-02', '142510030078', 1, 'v', ''),
(22, 'KA12-101', '2015-11-02', '142510030008', 1, 'v', ''),
(23, 'KA12-101', '2015-11-02', '142510030109', 1, 'v', ''),
(24, 'KA12-101', '2015-11-02', '142510030162', 1, 'v', ''),
(25, 'KA12-101', '2015-11-02', '142510030101', 1, 'v', ''),
(26, 'KA12-101', '2015-11-02', '142510030095', 1, 'v', ''),
(27, 'KA12-101', '2015-11-02', '142510030103', 1, 'v', ''),
(28, 'KA12-101', '2015-11-02', '142510030127', 1, 'v', ''),
(29, 'KA12-101', '2015-11-02', '142510030023', 1, 'v', ''),
(30, 'KA12-101', '2015-11-02', '142510030120', 1, 'v', ''),
(31, 'KA12-101', '2015-11-02', '142510030104', 1, 'v', '');

-- --------------------------------------------------------

--
-- Table structure for table `admin`
--

CREATE TABLE IF NOT EXISTS `admin` (
  `id_admin` int(3) NOT NULL,
  `username` varchar(100) NOT NULL DEFAULT 'administrator',
  `password` varchar(100) NOT NULL,
  `nama_lengkap` varchar(100) NOT NULL,
  `level` varchar(50) NOT NULL DEFAULT 'admin',
  `alamat` text NOT NULL,
  `no_telp` varchar(20) NOT NULL,
  `email` varchar(50) NOT NULL,
  `blokir` enum('Y','N') NOT NULL DEFAULT 'N',
  `id_session` varchar(100) NOT NULL
) ENGINE=MyISAM AUTO_INCREMENT=5 DEFAULT CHARSET=latin1;

--
-- Dumping data for table `admin`
--

INSERT INTO `admin` (`id_admin`, `username`, `password`, `nama_lengkap`, `level`, `alamat`, `no_telp`, `email`, `blokir`, `id_session`) VALUES
(1, 'administrator', '200ceb26807d6bf99fd6f4f0d1ca54d4', 'admin E-Muhdela', 'admin', 'jl.kenari no 145.B ', '085228482669', 'almazari@ymail.com', 'N', '2r5327o6g3q0aqsjnirj9g4840'),
(3, 'admin', '21232f297a57a5a743894a0e4a801fc3', 'Adam Abdi A', 'admin', 'Depoan Kg 2 No.0 Rt 0 Rw 2 Yogyakarta', '085228482669', 'adam@gmail.com', 'N', 'iescos1cg73p1j81otolfqbpq4'),
(4, 'Fitri', '77c796ee460fecfb87f038f1bb6fb248', 'Fitriani Nurhidayah', 'admin', 'Baregbeg', '089649071508', 'fitri@gmail.com', 'Y', '77c796ee460fecfb87f038f1bb6fb248');

-- --------------------------------------------------------

--
-- Table structure for table `kelas`
--

CREATE TABLE IF NOT EXISTS `kelas` (
  `id` int(5) NOT NULL,
  `id_kelas` varchar(5) NOT NULL,
  `nama` varchar(100) NOT NULL
) ENGINE=MyISAM AUTO_INCREMENT=34 DEFAULT CHARSET=latin1;

--
-- Dumping data for table `kelas`
--

INSERT INTO `kelas` (`id`, `id_kelas`, `nama`) VALUES
(4, '14-01', 'XII B'),
(31, '14-02', 'KA 12 B'),
(32, '15-01', 'XII A'),
(33, '14-16', '9  A');

-- --------------------------------------------------------

--
-- Table structure for table `modul`
--

CREATE TABLE IF NOT EXISTS `modul` (
  `id_modul` int(5) NOT NULL,
  `nama_modul` varchar(50) COLLATE latin1_general_ci NOT NULL,
  `link` varchar(100) COLLATE latin1_general_ci NOT NULL,
  `static_content` text COLLATE latin1_general_ci NOT NULL,
  `gambar` varchar(100) COLLATE latin1_general_ci NOT NULL,
  `publish` enum('Y','N') COLLATE latin1_general_ci NOT NULL DEFAULT 'Y',
  `status` enum('pengajar','admin') COLLATE latin1_general_ci NOT NULL,
  `aktif` enum('Y','N') COLLATE latin1_general_ci NOT NULL DEFAULT 'Y',
  `urutan` int(5) NOT NULL,
  `link_seo` varchar(50) COLLATE latin1_general_ci NOT NULL,
  `Type` varchar(10) COLLATE latin1_general_ci NOT NULL
) ENGINE=MyISAM AUTO_INCREMENT=82 DEFAULT CHARSET=latin1 COLLATE=latin1_general_ci;

--
-- Dumping data for table `modul`
--

INSERT INTO `modul` (`id_modul`, `nama_modul`, `link`, `static_content`, `gambar`, `publish`, `status`, `aktif`, `urutan`, `link_seo`, `Type`) VALUES
(2, 'Manajemen Admin', '?module=admin', '', '', 'N', 'admin', 'N', 2, '', ''),
(37, 'Data Siswa', '?module=siswa', '', 'gedungku.jpg', 'Y', 'admin', 'Y', 1, 'profil-kami.html', ''),
(81, 'Pembobotan Kriteria', '?module=matapelajaran', '', '', 'N', 'admin', 'Y', 5, '', ''),
(78, 'Data Kriteria', '?module=matapelajaran&act=himpunankriteria', '', '', 'Y', 'admin', 'Y', 11, '', ''),
(41, 'Data Kelas', ' ?module=kelas', '', '', 'Y', 'admin', 'Y', 4, 'semua-agenda.html', ''),
(68, 'Laporan Hasil Analisa ', '?module=matapelajaran&act=analisa', '', '', 'Y', 'admin', 'Y', 9, '', 'Report'),
(79, 'Data Klasifikasi', '?module=matapelajaran&act=klasifikasi', '', '', 'Y', 'admin', 'Y', 12, '', '');

-- --------------------------------------------------------

--
-- Table structure for table `pengajar`
--

CREATE TABLE IF NOT EXISTS `pengajar` (
  `id_pengajar` int(9) NOT NULL,
  `kodedosen` char(12) NOT NULL,
  `nama_lengkap` varchar(100) NOT NULL,
  `alias_d` varchar(50) NOT NULL,
  `username_login` varchar(100) NOT NULL,
  `password_login` varchar(100) NOT NULL,
  `level` varchar(50) NOT NULL DEFAULT 'pengajar',
  `alamat` text NOT NULL,
  `tempat_lahir` varchar(100) NOT NULL,
  `tgl_lahir` date NOT NULL,
  `jenis_kelamin` enum('L','P') NOT NULL,
  `agama` varchar(20) NOT NULL,
  `no_telp` varchar(20) NOT NULL,
  `email` varchar(50) DEFAULT NULL,
  `foto` varchar(100) NOT NULL,
  `website` varchar(100) DEFAULT NULL,
  `jabatan` varchar(200) NOT NULL,
  `blokir` enum('Y','N') NOT NULL DEFAULT 'N',
  `id_session` varchar(100) NOT NULL,
  `honor` int(11) DEFAULT NULL,
  `npwp` varchar(100) DEFAULT NULL,
  `kewajiban` int(11) DEFAULT NULL,
  `bidang` varchar(5) DEFAULT NULL
) ENGINE=MyISAM AUTO_INCREMENT=112 DEFAULT CHARSET=latin1;

--
-- Dumping data for table `pengajar`
--

INSERT INTO `pengajar` (`id_pengajar`, `kodedosen`, `nama_lengkap`, `alias_d`, `username_login`, `password_login`, `level`, `alamat`, `tempat_lahir`, `tgl_lahir`, `jenis_kelamin`, `agama`, `no_telp`, `email`, `foto`, `website`, `jabatan`, `blokir`, `id_session`, `honor`, `npwp`, `kewajiban`, `bidang`) VALUES
(1, 'D001', 'Akhmad A. Rokhiyat', 'Akhmad A. Rokhiyat', 'D001', 'd5cbf528f740b502b79241ff873ce6c5', 'pengajar', 'JL.NAKULA NO 59, PANGLAYUNGAN - TASIKMALAYA', '', '1966-02-12', 'L', 'Islam', '081395552627', 'akhmad.rokhiyat@brisyraih.co.id', 'AAR.jpg', '', 'Part-time', 'N', 'j8t0fd07o11jb2frne1okp71h3', 75000, '264901943425000', NULL, NULL),
(2, 'D002', 'Andi Usmar, S.E., M.M.', 'Andi Usmar, S.E., M.M.', 'D002', 'b3460c056d63af44fe66bd92c961a144', 'pengajar', '', '', '1950-01-01', 'L', 'Islam', '081222837665', '', 'Andi Usmar.jpg', '', 'Part-time', 'N', 'g3jcq5uvk108vvt3srjpbv39g3', 67500, '', NULL, NULL),
(3, 'D003', 'Arip Budiman, S.T.', 'Arip Budiman, S.T.', 'D003', 'fda7f226bff2b2df5da2e703f84bab11', 'pengajar', 'Kp.Cikuya RT 03 RW 07 Kec . Rajapolah Kab. Tasikmalaya', 'Bandung', '1987-04-02', 'L', 'Islam', '085352244255', 'otomotif.lp3itasik@gmail.com', 'Arip Budiman.jpg', '', 'Koordinator', 'N', 'd3tcu6o5keqvk25g63hikk6f11', 45000, 'NA', 32, NULL),
(4, 'D004', 'Asep Alamsyah, S.Kom.', 'Asep Alamsyah, S.Kom.', 'D004', '22d164d469bfc0bc0f2aefe67dd2806e', 'pengajar', 'Jl. Pesantren Condong Kp. Nyompet RT 04 RW 03 Kel. Setianagara Kec. Cibeureum Kota Tasikmalaya', 'Tasikmalaya', '1972-04-09', 'L', 'Islam', '081324501759', 'asep_alamsyah@rocketmail.com', 'asep.jpg', 'http://www.mtsn-cilendek.web.id', 'Part-time', 'N', 'sku5kcacqlmi13cdoolcrr8f57', 62500, '257345298425000', NULL, NULL),
(5, 'D005', 'Asep Rukmantara', 'Asep Rukmantara', 'D005', 'b7ca9b1c84b0669f89357ee7bafb1274', 'pengajar', '', '', '1950-01-01', 'L', '', '08156000309', '', 'rukmantara.jpg', '', 'Part-time', 'N', 'qi46p9c2ch5s3i99l5nkivlsp3', 80000, '661705244425000', NULL, NULL),
(6, 'D006', 'Asep Solihin, ST', 'Asep Solihin, ST', 'D006', '0d86b2d838d51e9ae5d1720054578f16', 'pengajar', '', '', '1978-05-01', 'L', 'Islam', '085223678123', '', 'asol.jpg', 'http://aresave.blogspot.com', 'Part-time', 'N', 'jfu0jp6nql3ucft441nqfcmrd0', 62500, NULL, NULL, NULL),
(7, 'D007', 'Ating Suryana, S.Sos', 'Ating Suryana, S.Sos', 'D007', '89dcc06341a2e25e573a26d0e780fbbb', 'pengajar', '', '', '1957-04-28', 'L', '', '085295486764', '', 'ating.jpg', '', 'Part-time', 'N', 'eg9r1ent6laaufc66sevtv4pn5', 67500, NULL, NULL, NULL),
(8, 'D008', 'Cecep Riki, ST', 'Cecep Riki, ST', 'D008', 'a7a81ba176b755a597b776604940a2c5', 'pengajar', '', '', '1974-05-24', 'L', 'Islam', '085223393056', 'skuadron_74@yahoo.com', 'ceri.jpg', 'nebeng k batur.net', 'Part-time', 'N', '98of7vqhen0ttld4npmjr6ng87', 65000, NULL, NULL, NULL),
(9, 'D009', 'Dede Rahayu, S.Sos., M.Pd', 'Dede Rahayu, S.Sos', 'D009', 'f6cce92549c349a9953bd877f4860f32', 'pengajar', 'Perum Gunung Ranji Regency Blok C-1 Babakan Tengah Cisumur Kawalu Kota Tasikmalaya 46182', 'DKI jakarta', '1975-10-25', 'L', 'Islam', '082121823375', 'deratasikmalaya@gmail.com', 'Dera Unsil-1.jpg', '', 'Part-time', 'N', 's1ff15utft0hvpmkl66o7o9740', 70000, NULL, NULL, NULL),
(10, 'D098', 'Rosliana', 'Rosliana', 'D098', '', 'pengajar', '', '', '1950-01-01', 'L', '', '', '', '', '', 'Library Staff', 'N', '', NULL, NULL, NULL, NULL),
(11, 'D011', 'Dheri Febiyani L, S.Pd', 'Dheri Febiyani L, S.Pd', 'D011', 'd5e4effc166af7f050089416e7e53b57', 'pengajar', 'Perum bumi citra pagaden Blok G.28 Kec Kawalu Tasikmalaya', 'Cianjur', '1987-02-21', 'P', 'Islam', '085223333553', 'dheri@lp3i.ac.id', 'dheri.jpg', '', 'Part-time', 'N', '4jh104db5jt9ubc0a30l82del6', 50000, 'NA', NULL, NULL),
(12, 'D012', 'Djoko Subinarto, SS', 'Djoko Subinarto, SS', 'D012', '1bc964f6f1e70dcba774fd80fe1118e0', 'pengajar', '', '', '1950-01-01', 'L', '', '08562376886', 'djoko@mail.ua', 'Djoko.jpg', '', 'Part-time', 'N', 'sc1r8hvas47lu4053mm12votd4', 80000, '196602909428000', NULL, NULL),
(13, 'D013', 'Asep Wahyudin, S.Pd', 'Asep Wahyudin, S.Pd', 'D013', 'e66e21ac2b0dbf5f42a77ae8373e789e', 'pengajar', '', '', '1950-01-01', 'L', '', '081324214732', '', 'aswa.jpg', '', 'Part-time', 'N', 'u66c250km3spi3b94j5jatben4', 82500, NULL, NULL, NULL),
(14, 'D014', 'DR.Herwan S, S.Pd., M.Si', 'DR.Herwan S, S.Pd., M.Si', 'D014', '420c0ede70cff1d160c862004a7bfee0', 'pengajar', 'Jl. Rajawali Barat No 466/187 Bandung 40184', 'Bandung', '1970-10-20', 'L', 'Islam', '081324214732', 'herwans70@gmail.com', 'herwan.jpg', '', 'Part-time', 'N', 'n61cdm78hm22m5la1sqchl21d0', 65000, NULL, NULL, NULL),
(16, 'D017', 'Ernawati, SE,M.Pd', 'Ernawati, SE,M.Pd', 'D017', '447f299d2ed46a403af8ec2b9cfff194', 'pengajar', '', 'Tasikmalaya', '1974-11-14', 'P', 'Islam', '081323303080', '', 'ernawati.jpg', '', 'Koordinator', 'N', 'pc1ikf0fnhduvta8rko09s3ks4', 45000, 'NA', 32, NULL),
(17, 'D018', 'Febriana Hidayati, S.Pd', 'Febriana Hidayati, S.Pd', 'D018', '62cc46459284fd62c0ad61eb117f1645', 'pengajar', '', '', '1976-02-24', 'P', 'Islam', '085237107907', '', '', '', 'Part-time', 'N', 'q29l79vao3vreqppmn4nm08b40', 72500, NULL, NULL, NULL),
(18, 'D019', 'H. Agus Nugraha, BSC, SE, MBA', 'H. Agus N, BSC, SE, MBA', 'D019', '5e78d6d7d6b97e07863f2b2ac6c72c49', 'pengajar', 'JL. PERUM KOTA BARU KENCANA KP.CIEURIH RT.01 RW.07 N0.14 (DEPAN MESJID ASSULAHA) KERSANAGARA CIBEUREUM TASIKMALAYA', 'TASIKMALAYA', '1968-11-17', 'L', 'Islam', '085316987799', 'sigoest@yahoo.com', '1382246683790.jpg', 'agusnugraha.web.com', 'Part-time', 'N', '4ukumch5rguf1ipj9p63i5sc55', 70000, NULL, NULL, NULL),
(19, 'D020', 'H. Rudi Kurniawan, ST.,MM', 'H. Rudi Kurniawan, ST.,MM', 'D020', '0bfb179af3c357296c35d64d10a7c0b3', 'pengajar', '', '', '1950-01-01', 'L', '', '', '', '', '', 'Part-time', 'N', 'ne29f1924knv6rb22mpeqterq3', 75000, 'NA', NULL, NULL),
(20, 'D073', 'Elin Yuliani', 'Elin Yuliani', 'D073', '7cbe723ded3e93d528fc6c77b4c7c8fb', 'pengajar', '', '', '2015-01-01', 'P', 'Islam', '085294872942', '', '', '', 'Part-time', 'N', '89s57povb6dnqe65unrpis73q0', 60000, NULL, NULL, NULL),
(21, 'D022', 'Hermien Ardhyanti', 'Hermien A, SE', 'd083', 'ab9f950415e10b11f532002c0526484a', 'pengajar', 'Jl Raya Imbanagara No 411A Ciamis', 'Tasikmalaya', '1969-07-23', 'P', 'Islam', '081313921910', 'abbsblue@gmail.com', '', '', 'Part-time', 'N', 'qcbb69iib0dv585mhrcltec3u5', 85000, NULL, NULL, NULL),
(22, 'D023', 'Ima Rosmiati, S.Pd., M.Pd', 'Ima Rosmiati, S.Pd', 'D023', 'f2da24cc2c612a0002eb7f07ec02801b', 'pengajar', 'Jalan Kapten Jamhur No. 44 Banjar', 'Garut', '1982-11-14', 'P', 'Islam', '081221980014', 'ima_rosmiati@yahoo.co.id', '', '', 'Part-time', 'N', 'tunh1gf3ogomk7mo76t3s2fpn2', 60000, '441435781442000', NULL, NULL),
(23, 'D024', 'Iman Harjono, SE', 'Iman Harjono, SE', 'D024', 'cb756d3448ad467033846e84017824f3', 'pengajar', '', '', '1967-10-07', 'L', 'Islam', '02292116484', 'iman_powers@yahoo.com', '', '', 'Part-time', 'N', 'ciifpgosa41h2gtki09c0gd5s3', 95000, '365142801429000', NULL, NULL),
(24, 'D025', 'Imas Masturoh', 'Imas Masturoh', 'D025', 'c2921c13fa62065c8d28c85aae51497e', 'pengajar', '', '', '1950-01-01', 'L', '', '08179291945', '', '', '', 'Part-time', 'N', 'sls0ubufe1oaftsk0itnggn903', 62500, '313129417425000', NULL, 'PAI'),
(25, 'D026', 'Indri Fitrianasari, S.Kom', 'Indri Fitrianasari, S.Kom', 'D026', 'ec6d0d0555498e764280158310986e87', 'pengajar', '', '', '1989-04-02', 'P', 'Islam', '085223405088', '', '', '', 'Part-time', 'N', 'ocouclb4addg8pllpvkav6hqe0', 40000, 'NA', NULL, NULL),
(26, 'D027', 'Ir.Mia Sumiarsih, MM', 'Ir.Mia Sumiarsih, MM', 'D027', 'b7ea2ca01a87777825bc151ebf8f8e2b', 'pengajar', '', '', '1968-04-16', 'P', '', '085323389766', '', '', '', 'Part-time', 'N', 'mu4hpk81hu558h5mg1ga960i54', 67500, '000000000000001', NULL, NULL),
(27, 'D028', 'Iwan M. Ridwan, M.Kom', 'Iwan Ridwan, M.Kom', 'D028', '299be138d615ca9d4dd0d382a642e96c', 'pengajar', '', '', '1973-04-16', 'L', 'Islam', '081320470412', 'iwan47a@yahoo.co.id', '', '', 'Part-time', 'N', 'r1jsqe4f30klrnfpsmgm603mg5', 70000, '260459474425000', NULL, NULL),
(28, 'D029', 'Jono Taryono', 'Jono Taryono', 'D029', 'fcc8fa0ea88d370507a094126bd40fae', 'pengajar', '', '', '1950-01-01', 'L', '', '082119201484', '', '', '', 'Part-time', 'N', '0rjf74m7glqhrc7lcv2jt0tvq1', 75000, '466320556425000', NULL, NULL),
(29, 'D030', 'Kiki Supendi, ST', 'Kiki Supendi, ST', 'D030', '9b4444362f0552972f13bf5536751e75', 'pengajar', '', 'Purwakarta', '1977-01-20', 'L', 'Islam', '085224175689', 'kikisupendi@gmail.com', '', '', 'Part-time', 'N', '8mmauksr12b53b4afjlhbsecv6', 65000, NULL, NULL, NULL),
(30, 'D031', 'Komarudin Tasdik,S.Kom', 'Komarudin,S.Kom', 'D031', '01f00daeed1418fb5cf6d8988d8a8fab', 'pengajar', 'Parakanmuncang-Sumedang', 'Garut', '1982-11-04', 'L', 'Islam', '085322356999', 'komarudintasdik28@gmail.com', '', 'www.katabah.com', 'Part-time', 'N', 'p818o5ar0rnd9o6phhghehtd20', 67500, '353206683443000', NULL, NULL),
(31, 'D032', 'Lucy Dian Rosalin, SE', 'Lucy Dian Rosalin, SE', 'D032', '32d5e36f384bebd5d3753a04a0302eec', 'pengajar', 'Perum Taman Abdi Negara Blok D No. 9, Tamansari, Tasikmalaya', 'Tasikmalaya', '1979-01-27', 'P', 'Islam', '08122259208', 'lucydianrosalin@yahoo.com', '', 'www.sekolahkomunikasimiracle.com', 'Part-time', 'N', 'u0hd47kgb9de9gejlkj109qln3', 75000, '443076476425000', NULL, NULL),
(32, 'D033', 'Nelly Amelia Suryani, S.Pd', 'Nelly Amalia, S.Pd', 'D033', '7bdf081dc5e322c3da257e565ba540e5', 'pengajar', '', '', '1950-09-18', 'P', 'Islam', '085223590318', '', '', '', 'Part-time', 'N', 'tspgbfo86hlqvdfbjajno1t0g5', 67500, NULL, NULL, NULL),
(33, 'D034', 'Neni Sholihat, M.Psi', 'Neni Sholihat, M.Psi', 'D034', '8cc054261ce69fc6f8fa34acf567ed34', 'pengajar', '', '', '1974-01-23', 'P', 'Islam', '081323400476', 'nsholihat@yahoo.com', '', 'nsholihat.wordpress.com', 'Part-time', 'N', 'b6bl0kb03n2i3uk5srn1g4i872', 70000, NULL, NULL, NULL),
(34, 'D035', 'Nia Senia Tresnasari, S.S', 'Nia Senia Tresnasari, S.S', 'D035', 'e95451662d98089c12c674cd6c4c95fa', 'pengajar', '', '', '1950-01-01', 'P', '', '02659115161', '', '', '', 'Part-time', 'N', 'fadjb61hjdmk4ehku8g05p9po3', 62500, '709631295425000', NULL, NULL),
(35, 'D036', 'Rahmat W., M. P., MM', 'Rahmat W., M. P., MM', 'D036', '8275737b27435dc0e3824ffa513d38c6', 'pengajar', '', '', '1982-10-04', 'L', 'Islam', '087728296000', '', '', '', 'Part-time', 'N', 'gqddomhfajkf30nmho9bnm6co5', 67500, '1111111', NULL, NULL),
(36, 'D037', 'Rani Ligar Fitriani, S.Pd', 'Rani Ligar Fitriani, S.Pd', 'D037', 'e57284ac2f370a5e8670b04b59e33222', 'pengajar', 'Perum Situ Gede Indah A.75 Tasikmalaya', 'Tasikmalaya', '1987-05-21', 'P', 'Islam', '08179217805', 'raniigay@yahoo.com', 'editedit.jpg', '', 'Koordinator', 'N', '85higfceqn767l6getsmh1fjs3', 45000, 'NA', 32, NULL),
(37, 'D038', 'Rani Maulina A, S.Pd', 'Rani Maulina, S.Pd', 'D038', '5ecb03a9c52173882477750dc793e27f', 'pengajar', 'Perum Graha Persada F 40', 'Tasikmalaya', '1981-01-28', 'P', 'Islam', '082217026375', '', '', '', 'Part-time', 'N', 'brdf6mu8fu5crqg37c9l53vb93', 75000, NULL, NULL, NULL),
(38, 'D039', 'Riki Nuryadin, S.Pd', 'Riki Nuryadin, S.Pd', 'D039', '3fecfa8184617158f652b293b57907f3', 'pengajar', '', '', '1950-01-01', 'L', '', '081223682530', '', '', '', 'Part-time', 'N', 'dl2889638883j7tkt68g8200t5', 85000, NULL, NULL, NULL),
(39, 'D040', 'Rini Susilawati, MM', 'Rini Susilawati, MM', 'D040', '17501b593e86c204ad269fa190b38b91', 'pengajar', 'bandung', 'bandung', '1970-01-18', 'P', 'Islam', '087822914015', 'rini_id@yahoo.com', '', '', 'Part-time', 'N', '87qhja0qaj0dba0b8a0umq8br7', 95000, NULL, NULL, NULL),
(40, 'D041', 'Usep Abdul Rosid, ST.', 'Usep Abdul R, ST.', 'D041', '0d9e459da47aad740f266a5610da11ba', 'pengajar', 'Perum Melatimas Residence2 Parakan Honje Indihiang', 'Garut', '1989-05-12', 'L', 'Islam', '085222116925', 'ushefcenco@gmail.com', 'SP_A0376.jpg', 'kakacenco.blogspot.com', 'Part-time', 'N', 'v9qq65ioobun43fubtgskm6du2', 52500, NULL, NULL, NULL),
(41, 'D042', 'Uyu Wachyu. Ruhiyat, S. Kom', 'Uyu W. Ruchiyat, S. Kom', 'D042', '7781df0d4d7ac2a74ef45437c7346560', 'pengajar', 'Perum Bumi Kahuripan A7 Tasikmalaya', 'Ciamis', '1976-05-29', 'L', 'Islam', '081546861778', 'uyuwachyu@gmail.com', '', '', 'Part-time', 'N', 'c3hil9l8jfe2dpvp2abeqkm4b7', 80000, '886160860425000', NULL, NULL),
(44, 'D045', 'Yopi Hermawan, S. Pd', 'Yopi Hermawan, S. Pd', 'D045', 'ed259682b3478162ec02d965248a7cb8', 'pengajar', '', '', '1973-03-15', 'L', 'Islam', '085222089654', 'yopikoe73@gmail.com', '', '', 'Part-time', 'N', 'cndi6qeroeld5qqqhn5dpc40j5', 82500, NULL, NULL, NULL),
(45, 'D046', 'Yudi Hendarman, MM', 'Yudi H, MM', 'D046', '982edae44597887cb83f5df073f71103', 'pengajar', '', '', '1950-01-01', 'L', 'Islam', '08121435739', 'yudihen68@gmail.com', '', '', 'Part-time', 'N', 'juj73ea7v0lvhscrr9k11u6qu7', 80000, NULL, NULL, NULL),
(46, 'D047', 'Yudi Mulyadi, SE', 'Yudi Mulyadi, SE', 'D047', '843f740ebf0e4f2b4213e79bdf2bbdec', 'pengajar', 'Cisalak Pratama, Sukamanah, Cipedes, Tasikmalaya', 'Garut', '1987-07-16', 'L', 'Islam', '085323720007', 'yudimulyadi987@gmail.com', '', '', 'Part-time', 'N', 'rbtcc72gprlj1hktm3lbollff3', 85000, NULL, NULL, NULL),
(47, 'D048', 'M. Jusuf Hamzah,S.E', 'M. Jusuf Hamzah,S.E', 'D048', 'c740074bfcdb9e3a84d65e1d7b43a6c5', 'pengajar', 'FORTUNA REGENCY BLOKD-9, CILEMBANG TASIKMALAYA', 'TASIKMALAYA', '1971-08-30', 'L', 'Islam', '081312949392', 'jusuf.hamzah@gmail.com', '', '', 'Part-time', 'N', 'pjhkk4antg1b125ts8qe07ke22', 90000, '', NULL, NULL),
(48, 'D049', 'Zulkarnaen, S.Psi', 'Zulkarnaen, S.Psi', 'D049', 'fb30e8fa73e48b6398f919675e7edef0', 'pengajar', 'Kp. Sukawangi No.48 Singaparna', 'Gresik ', '1982-12-17', 'L', 'Islam', '0811212909', 'cakrahusada.tasikmalaya@gmail.com', '', '', 'Part-time', 'N', 'c84v6e684r400iiirqge16feh4', 60000, NULL, NULL, NULL),
(51, 'D052', 'Fine Afriani, SE., Ak.', 'Fine Afriani, SE', 'D052', 'f312de47fef4936f1c646b2e299c43e9', 'pengajar', 'Jl. Letnan Harun Cijolang Sebrang Polresta Tasik', 'Tasikmalaya', '1986-04-02', 'P', 'Islam', '087728099095', 'fine_afriani@yahoo.com', 'My famz.jpg', '', 'Part-time', 'N', 'mo8jn2pbh5603ogfc7l4t8cc02', 62500, '541008785425000', NULL, NULL),
(52, 'D053', 'Indah Permatasari, S. Pd', 'Indah Permatasari, S. Pd', 'D053', 'f66026e6c2df8cd86ce29fabe30c4832', 'pengajar', 'Jl. Asrama Nyantong No. 101A', 'Bekasi', '1986-05-02', 'P', 'Islam', '085721670800', 'ndah_cantik86@yahoo.com', '', '', 'Part-time', 'N', 'hhs5a7vvcdst5o0mtufehbomq4', 57500, NULL, NULL, NULL),
(53, 'D054', 'Rudi Permadi, M. Pd', 'Rudi Permadi, S. Pd', 'D054', 'ea876d445b0da7a71357d135b60508fd', 'pengajar', '', '', '1983-07-16', 'L', 'Islam', '085223151282', '', '', '', 'Part-time', 'N', 'qlevj0bq1er4j6uuhdj6o61256', 62500, '350924445425000', NULL, NULL),
(54, 'D056', 'Yudi Kurniadi,S.Pd', 'Yudi Kurniadi,S.Pd', 'D056', 'c016b1ae33a5c890f3b5b624bcbe0589', 'pengajar', '', '', '1950-01-01', 'L', '', '085317710404', '', '', '', 'Full-time', 'N', 'nces7890oa9ap1cslokpjhi5n0', 40000, 'NA', 40, NULL),
(55, 'D057', 'Fitriyadi Abdillah, S.E.', 'Fitriyadi Abdillah, S.E.', 'D057', '70219094f08f030aeea33b19a8910f34', 'pengajar', '', '', '1950-01-01', 'L', '', '', '', '', '', 'Part-time', 'N', '74b5mkksgfg00jas6d4052hss7', 55000, NULL, NULL, NULL),
(56, 'D058', 'Dicky Zulkarnaen', 'Dicky Zulkarnaen', 'D058', 'fd8dae4b2a9b131522866220617403b8', 'pengajar', '', 'Jakarta', '1977-07-03', 'L', '', '081322552876', '', '', '', 'Part-time', 'N', '1fqd8bo7nsfnquqd8s0dkadq12', 100000, '249482019425000', NULL, NULL),
(57, 'D059', 'Heri Sugara, SE., BKP.', 'Heri Sugara, S.E.', 'D059', '74d90aafda34e6060f9e8433962d14fd', 'pengajar', 'Jl. R.E. Martadinata 221 Indihiang Tasikmalaya', 'Ciamis', '1980-10-04', 'L', 'Islam', '085723454838', 'herrie.sugara@gmail.com', '', 'www.sagaraya.com', 'Part-time', 'N', '7gs46sv69hmhrgsvj9n8p09nr7', 60000, '249482019425000', NULL, NULL),
(58, 'D060', 'Fatimah Zahra Nasution, S.E.I., M.A.', 'Fatimah Zahra Nasution, S.E.I., M.A.', 'D060', '892fedcefb6090595136ebde9b31d346', 'pengajar', '', '', '1950-01-01', 'L', '', '', '', '', '', 'Part-time', 'N', 'epe4vq7b2qmr4003b172eo1c52', 50000, NULL, NULL, NULL),
(59, 'D061', 'H. Rudi Setiawan, S.E., M.M.', 'H. Rudi Setiawan, S.E., M.M.', 'D061', '1e42f9927952777889110290cf8c8e81', 'pengajar', '', '', '1950-01-01', 'L', '', '', '', '', '', 'Part-time', 'N', '', 50000, NULL, NULL, NULL),
(60, 'D062', 'Desiana, S.E.', 'Desiana, S.E.', 'D062', '47d3a7f0535c3a3b5d131bc568a41ad3', 'pengajar', '', '', '1950-01-01', 'P', '', '085223937392', '', 'desiana.jpg', '', 'Koordinator', 'N', '9qkm89mttnr791b4f9kim55gn0', 40000, 'NA', 32, NULL),
(62, 'D064', 'Suryana', 'Suryana', 'D064', '406597782abd624c9feb67dced9176a7', 'pengajar', 'Kp. Legoknagka RT 06/06 Kel. Cibunigeulis Kec. BUngursari Kota Tasikmalaya', 'tasikmalaya, ', '1975-05-25', 'L', 'Islam', '081320600614', 'suryanazieba@gmail.com', '', '', 'Part-time', 'N', 'rnljaetklfbdermmf3stkgf2b3', 75000, '', NULL, NULL),
(63, 'D065', 'Liana Dewi, S.Pd.', 'Liana Dewi, S.Pd.', 'D065', '6a496d5665009ab8e632abd7a98e218d', 'pengajar', 'jl. tentara pelajar gg. daya rasa no.31', 'tasikmalaya', '1988-04-05', 'P', 'Islam', '085221982559', 'lianadewi73@gmail.com', '', '', 'Part-time', 'N', 'mj0kbhsstljmdai72vs4jhfo15', 57500, '717637656425000', NULL, NULL),
(64, 'D066', 'Luqman Hakim', 'Luqman Hakim', 'D066', '056e3d1a05beeecf63556ada9bfd24f1', 'pengajar', 'Perum Mutiara Cilolohan H15', 'Tasikmalaya', '1986-09-11', 'L', 'Islam', '081323129704', 'alhakim_pik@yahoo.com', '', '', 'Part-time', 'N', '756ou37a8qr475raj9t79qunf4', 50000, '472498799425000', NULL, NULL),
(65, 'D067', 'Wafa Tsamrotul F, S.Pd.', 'Wafa Tsamrotul F, S.Pd.', 'D067', '728a36fbe8b5ad9c64b6a1966ed5d976', 'pengajar', 'Patrol Kulon Manonjaya', 'Tasikmalaya', '2015-07-15', 'P', 'Islam', '089662489662', 'wafa.0606959@gmail.com', '', '', 'Part-time', 'N', 'qeaisc4non1soo0ij11k7e6c62', 40000, 'NA', NULL, NULL),
(66, 'D068', 'Untung Eko S, S.Sos., M.A.', 'Untung Eko S, S.Sos., M.A.', 'D068', '52e1ee0c6cb6ef8d11d4844bc40701c7', 'pengajar', 'jl. Asrama Nyantong Perum Wulan Regency No. 14 ', 'Yogyakarta', '1985-08-07', 'P', 'Islam', '081312691555', 'setyasari@yahoo.com', '', '', 'Part-time', 'N', 'lgmem68bppk07pigub57vpd523', 50000, 'NA', NULL, NULL),
(67, 'D069', 'Iwan Gunawan', 'Iwan Gunawan', 'D069', 'cbabb6315360e9b60b32e8abe7fdb85c', 'pengajar', 'Kp.kedunghalang,RT 04/01,Ds.Tarunajaya,Kec.Sukaraja,Kab.Tasikmalaya', 'Tasikmalaya', '1984-07-17', 'L', 'Islam', '081213641302', 'iwan.gunawan@nissan.indomobil.co.id', '', '', 'Part-time', 'N', '4a0ca5nt5n2rede423418r6sr7', 75000, NULL, NULL, NULL),
(68, 'D070', 'Yanti Fadila Wahab,S.Pd', 'Yanti Fadila Wahab,S.Pd', 'D070', '342727840bcc06a3cb0b68e7433d6f37', 'pengajar', 'jl guntur no 67 blok 1 Rt/Rw : 06/13 Perum bumi resik panglayungan', 'Tasikmalaya', '1989-10-26', 'P', 'Islam', '085223319913', 'yanti.fadila@gmail.com', '', '', 'Part-time', 'N', 'a2nrpan4vv54oavta68a12rlj5', 40000, 'NA', NULL, NULL),
(69, 'D071', 'Muhamad Farihin,S.T', 'Muhamad Farihin,S.T', 'D071', 'bc8919c70be4794710133f6c05349604', 'pengajar', 'Banjar', 'Langensari', '1990-09-27', 'L', 'Islam', '085722386538', 'farihinmuhamad@gmail.com', '', 'farihinmuhamad.blogspot.com', 'Part-time', 'N', '9dlc2l2t3bbfq5k7nu6phtvrn5', 40000, 'NA', NULL, NULL),
(71, 'D072', 'Aep Saepudin,S.Pd', 'Aep Saepudin,S.Pd', 'D072', 'a4048e19d4b8f4c46dcfa94724ef4761', 'pengajar', '', '', '1950-01-01', 'L', '', '', '', '', '', 'Koordinator', 'N', 'cm7d5sp9ih1us11nf50dvd3412', 45000, 'NA', 32, 'PAI'),
(72, 'D076', 'Rudi Hartono', 'Rudi Hartono', 'D076', '63e8edcba4405a63335753c5808bee38', 'pengajar', '', '', '1990-12-23', 'L', 'Islam', '085223120103', '', '', '', 'Part-time', 'N', 'd1jiu5p22dcglksnvgd97dq671', 40000, 'NA', NULL, NULL),
(73, 'D077', 'Adam Abdi A,A.Md', 'Adam Abdi A,A.Md', 'D077', '', 'pengajar', '', '', '1950-01-01', 'L', '', '089649071509', '', '', '', 'Staff IT', 'N', '', 30000, 'NA', NULL, NULL),
(74, 'D078', 'Tresna Retna Asih', 'Tresna Retna Asih', 'D078', '', 'pengajar', '', '', '1950-01-01', 'L', '', '', '', '', '', 'Asst. Lab', 'N', '', 30000, 'NA', NULL, NULL),
(75, 'D079', 'Bini Hasbiani,S.T', 'Bini Hasbiani,S.T', 'D079', '', 'pengajar', '', '', '1950-01-01', 'L', '', '', '', '', '', 'Asst. Lab', 'N', '', 12500, 'NA', NULL, NULL),
(76, 'D0100', '--Pilih Dosen--', '--Pilih Dosen--', 'D0100', '', 'pengajar', '', '', '1950-01-01', 'L', '', '', '', '', '', 'Part-time', 'Y', '', NULL, NULL, NULL, NULL),
(77, 'D080', 'M.Arifin', 'M.Arifin', 'D080', '', 'pengajar', '', '', '1950-01-01', 'L', '', '', '', '', '', 'Education Staff', 'N', '', 40000, 'NA', NULL, NULL),
(78, 'D081', 'Yopi Fernando', 'Yopi Fernando', 'D081', '', 'pengajar', '', '', '1950-01-01', 'L', '', '', '', '', '', 'Asst. Lab', 'N', '', 40000, 'NA', NULL, NULL),
(79, 'D075', 'Suminar', 'Suminar', 'D075', 'ced8910367b19e7a8b7ac0639c265439', 'pengajar', '', '', '1950-01-01', 'L', '', '', '', '', '', 'Part-time', 'N', 'dsslimao1ffbaaajn96n5d3793', 50000, NULL, NULL, NULL),
(80, 'D082', 'Yadi Herdiyadi,S.E', 'Yadi Herdiyadi,S.E', 'D082', '0e72ec097b4b693c6edd578cbcedf73c', 'pengajar', '', '', '1950-01-01', 'L', '', '', '', '', '', 'Part-time', 'N', '', 65000, NULL, NULL, NULL),
(81, 'D083', 'Eep Hanapi', 'Eep Hanapi', 'D083', '898e56ea6daa433c9df59cbbf0919fe5', 'pengajar', '', '', '1950-01-01', 'L', '', '', '', '', '', 'Part-time', 'N', 'qcbb69iib0dv585mhrcltec3u5', 60000, '241608140425000', NULL, NULL),
(82, 'D084', 'Agus M Faruq', 'Agus M Faruq', 'D084', 'a6143e2e2505543f990ec591de6f4716', 'pengajar', 'Villa Marhamah Regency', 'Tasikmalaya City', '1950-01-01', 'L', 'Islam', '085321845510', 'agus_faruq@yahoo.co.id', 'ji.jpg', '', 'Part-time', 'N', '79iool41ksb3e276te1ggqhiv3', 40000, 'NA', NULL, 'PAI'),
(83, 'D085', 'Itoh Siti Masyitoh', 'Itoh Siti Masyitoh', 'D085', '', 'pengajar', '', '', '0000-00-00', 'L', '', '', NULL, '', NULL, 'Part-time', 'N', '', 55000, '972121743425000', NULL, 'PAI'),
(84, 'D086', 'M Abdurrahman', 'M Abdurrahman', 'D086', '', 'pengajar', '', '', '0000-00-00', 'L', '', '', NULL, '', NULL, 'Part-time', 'N', '', 50000, NULL, NULL, 'PAI'),
(85, 'D087', 'Uang Redy', 'Uang Redy', 'D087', '', 'pengajar', '', '', '0000-00-00', 'L', '', '', NULL, '', NULL, 'Part-time', 'N', '', 45000, '', NULL, 'PAI'),
(86, 'D088', 'Asep Koswara', 'Asep Koswara', 'D088', '', 'pengajar', '', '', '0000-00-00', 'L', '', '', NULL, '', NULL, 'Part-time', 'N', '', 62500, NULL, NULL, 'PAI'),
(87, 'D089', 'Rahmi Rahmah', 'Rahmi Rahmah', 'D089', '', 'pengajar', '', '', '0000-00-00', 'L', '', '', NULL, '', NULL, 'Part-time', 'N', '', 50000, NULL, NULL, 'PAI'),
(88, 'D090', 'Ai Rohayati', 'Ai Rohayati', 'D090', '', 'pengajar', '', '', '0000-00-00', 'L', '', '', NULL, '', NULL, 'Part-time', 'N', '', 50000, NULL, NULL, 'PAI'),
(89, 'D099', 'M Fadil Sahab', 'M Fadil Sahab', 'D099', '', 'pengajar', '', '', '1950-01-01', 'L', '', '', '', '', '', 'Asst. Lab', 'N', '', 12500, 'NA', NULL, NULL),
(90, 'D091', 'Abu Bakar Sidik, S.E', 'Abu Bakar Sidik, S.E', 'D091', '07da93c2aef8782eddc45d973dfd969d', 'pengajar', '', '', '1950-01-01', 'L', '', '', '', '', '', 'Part-time', 'N', '', 50000, NULL, NULL, NULL),
(91, 'D093', 'Meirlinda Hapsari,S.E', 'Meirlinda Hapsari,S.E', 'D093', '', 'pengajar', '', '', '0000-00-00', 'L', '', '', NULL, '', NULL, 'Part-time', 'N', '', 50000, NULL, NULL, NULL),
(92, 'D092', 'Roni Fitra, A.Md.', 'Roni Fitra, A.Md.', 'D092', 'fd05e86c275985416b3b8818ef1d0648', 'pengajar', '', '', '1950-01-01', 'L', 'Islam', '', '', 'Roni Fitra.jpg', '', 'Part-time', 'N', '3sv7uh38cosg1gti1ems49vm50', 50000, '792762809425000', NULL, NULL),
(94, 'D100', 'Asep Dadan S., S.E.', 'Asep Dadan S., S.E.', 'D100', 'f89c18c51c263fcda4d5b554af5b30b4', 'pengajar', 'Pelang No 141 kel. sukamanah kec. cipedes kota tasikmalaya', 'Tasikmalaya', '1985-09-07', 'L', 'Islam', '082119111771', 'asdanar@gmail.com', 'IMG00115-20130428-0751.jpg', 'http://', 'Full-time', 'N', 'hvk8hreq2rrofclrmre80skfo1', 40000, 'NA', 32, NULL),
(95, 'D101', 'Lutfi R. K, S.Ip., MBA.', 'Lutfi R. K, S.Ip., MBA.', 'D101', '6e2a5d5e0c0963ca11ab81e24d60f77a', 'pengajar', '', '', '2015-07-23', 'L', 'Islam', '08122260269', '', '', 'http://', 'Full-time', 'N', '7t6jpabjp7prichvm2au9tv826', 40000, 'NA', 40, NULL),
(109, 'D102', 'Ratna', 'Ratna', 'D102', '48a3388273e62842ea7b9ca5906507f3', 'pengajar', 'JL. R. E. MARTADINATA N0. 196', 'TASIKMALAYA', '1987-07-12', 'P', 'Islam', '085322475176', 'yuniar_bougenville0787@yahoo.com', '', 'http://', 'Part-time', 'N', '69ooia4c73f2bjhfumas00nor2', 45000, NULL, NULL, NULL),
(111, 'D999', 'Pendidikan', '', '', 'd41d8cd98f00b204e9800998ecf8427e', 'pengajar', '', '', '2015-09-30', 'P', '0', '', '', '', 'http://', 'pendidikan', 'N', 'D999', NULL, NULL, NULL, NULL);

-- --------------------------------------------------------

--
-- Table structure for table `registrasi_siswa`
--

CREATE TABLE IF NOT EXISTS `registrasi_siswa` (
  `id_registrasi` int(9) NOT NULL,
  `nis` varchar(50) NOT NULL,
  `nama_lengkap` varchar(100) NOT NULL,
  `username_login` varchar(50) NOT NULL,
  `password_login` varchar(50) NOT NULL,
  `id_kelas` varchar(5) NOT NULL,
  `jabatan` varchar(200) NOT NULL,
  `alamat` varchar(150) NOT NULL,
  `tempat_lahir` varchar(100) NOT NULL,
  `tgl_lahir` date NOT NULL,
  `jenis_kelamin` enum('L','P') NOT NULL,
  `agama` varchar(20) NOT NULL,
  `nama_ayah` varchar(100) NOT NULL,
  `nama_ibu` varchar(100) NOT NULL,
  `th_masuk` varchar(4) NOT NULL,
  `email` varchar(50) NOT NULL,
  `no_telp` varchar(20) NOT NULL,
  `foto` varchar(150) NOT NULL,
  `blokir` enum('Y','N') NOT NULL,
  `id_session` varchar(100) NOT NULL,
  `id_session_soal` varchar(100) NOT NULL,
  `level` varchar(20) NOT NULL DEFAULT 'siswa'
) ENGINE=MyISAM AUTO_INCREMENT=11 DEFAULT CHARSET=latin1;

-- --------------------------------------------------------

--
-- Table structure for table `siswa`
--

CREATE TABLE IF NOT EXISTS `siswa` (
  `id_siswa` int(9) NOT NULL,
  `nim` varchar(50) NOT NULL,
  `nama_lengkap` varchar(100) NOT NULL,
  `username_login` varchar(50) NOT NULL,
  `password_login` varchar(50) NOT NULL,
  `id_kelas` varchar(5) NOT NULL,
  `jabatan` varchar(200) NOT NULL,
  `alamat` varchar(150) NOT NULL,
  `tempat_lahir` varchar(100) NOT NULL,
  `tgl_lahir` date NOT NULL,
  `jenis_kelamin` enum('L','P') NOT NULL,
  `agama` varchar(20) NOT NULL,
  `nama_ayah` varchar(100) NOT NULL,
  `nama_ibu` varchar(100) NOT NULL,
  `th_masuk` varchar(4) NOT NULL,
  `email` varchar(50) NOT NULL,
  `no_telp` varchar(20) NOT NULL,
  `foto` varchar(150) NOT NULL,
  `blokir` enum('Y','N') NOT NULL,
  `id_session` varchar(100) NOT NULL,
  `id_session_soal` varchar(100) NOT NULL,
  `level` varchar(20) NOT NULL DEFAULT 'siswa'
) ENGINE=MyISAM AUTO_INCREMENT=736 DEFAULT CHARSET=latin1;

--
-- Dumping data for table `siswa`
--

INSERT INTO `siswa` (`id_siswa`, `nim`, `nama_lengkap`, `username_login`, `password_login`, `id_kelas`, `jabatan`, `alamat`, `tempat_lahir`, `tgl_lahir`, `jenis_kelamin`, `agama`, `nama_ayah`, `nama_ibu`, `th_masuk`, `email`, `no_telp`, `foto`, `blokir`, `id_session`, `id_session_soal`, `level`) VALUES
(734, '2011256', 'Maman Abdurahman', '-', '336d5ebc5436534e61d16e63ddfca327', '14-01', '', 'Cirebon', 'Cirebon', '2015-11-18', 'L', 'Islam', '-', '-', '2016', 'maman@gmail.com', '08965656', 'maman.jpg', 'N', '2011256', '2011256', 'siswa'),
(735, '2011257', 'Ade Fuad', '-', '336d5ebc5436534e61d16e63ddfca327', '14-01', '', '-', 'Malang', '2015-11-18', 'L', 'Islam', '-', '-', '-', 'ade@gmail.com', '08555555', 'ade.jpg', 'N', '2011257', '2011257', 'siswa');

-- --------------------------------------------------------

--
-- Table structure for table `tbl_himpunankriteria`
--

CREATE TABLE IF NOT EXISTS `tbl_himpunankriteria` (
  `id_hk` int(11) NOT NULL,
  `id_kriteria` int(11) NOT NULL,
  `nama` varchar(60) NOT NULL,
  `keterangan` varchar(15) NOT NULL,
  `nilai` int(11) NOT NULL
) ENGINE=InnoDB AUTO_INCREMENT=42 DEFAULT CHARSET=latin1;

--
-- Dumping data for table `tbl_himpunankriteria`
--

INSERT INTO `tbl_himpunankriteria` (`id_hk`, `id_kriteria`, `nama`, `keterangan`, `nilai`) VALUES
(1, 3, '1', 'Sangat Baik', 3),
(2, 3, '2', 'Baik', 2),
(3, 3, '3', 'Cukup Baik', 1),
(7, 4, '86-100', 'Sangat Baik', 5),
(8, 4, '76-85', 'Baik', 4),
(9, 4, '66-75', 'Cukup', 3),
(10, 4, '51-65', 'Kurang', 2),
(11, 4, '0-50', 'Sangat Kurang', 1),
(12, 5, '86-100', 'Sangat Baik', 5),
(13, 5, '76-85', 'Baik', 4),
(14, 5, '66-75', 'Cukup Baik', 3),
(15, 5, '51-65', 'Kurang', 2),
(16, 5, '0-50', 'Sangat Kurang', 1),
(17, 6, '86-100', 'Sangat Baik', 5),
(18, 6, '76-85', 'Baik', 4),
(19, 6, '66-75', 'Cukup', 3),
(20, 10, '86-100', 'Sangat Baik', 5),
(21, 10, '76-85', 'Baik', 4),
(22, 10, '66-75', 'Cukup', 3),
(23, 10, '51-65', 'Kurang', 2),
(24, 10, '0-50', 'Sangat Kurang', 1),
(25, 12, '86-100', 'Sangat Baik', 5),
(26, 12, '76-85', 'Baik', 4),
(27, 12, '66-75', 'Cukup', 3),
(28, 12, '51-65', 'Kurang', 2),
(29, 12, '0-50', 'Sangat Kurang', 1),
(30, 6, '51-65', 'Kurang', 2),
(31, 6, '0-50', 'Sangat Kurang', 1),
(32, 11, '86-100', 'Sangat Baik', 5),
(33, 11, '76-85', 'Baik', 4),
(34, 11, '66-75', 'Cukup', 3),
(35, 11, '51-65', 'Kurang', 2),
(36, 11, '0-50', 'Sangat Kurang', 1),
(37, 14, '86-100', 'Sangat Baik', 5),
(38, 14, '76-85', 'Baik', 4),
(39, 14, '60-75', 'Cukup', 3),
(40, 14, '55-60', 'Kurang', 2),
(41, 14, '0-54', 'Sangat Kurang', 1);

-- --------------------------------------------------------

--
-- Table structure for table `tbl_klasifikasi`
--

CREATE TABLE IF NOT EXISTS `tbl_klasifikasi` (
  `id_klasifikasi` int(11) NOT NULL,
  `id_siswa` int(11) NOT NULL,
  `id_hk` int(11) NOT NULL
) ENGINE=InnoDB AUTO_INCREMENT=54 DEFAULT CHARSET=latin1;

--
-- Dumping data for table `tbl_klasifikasi`
--

INSERT INTO `tbl_klasifikasi` (`id_klasifikasi`, `id_siswa`, `id_hk`) VALUES
(38, 734, 33),
(39, 734, 1),
(40, 734, 10),
(41, 734, 14),
(42, 734, 19),
(43, 734, 24),
(44, 734, 26),
(45, 734, 37),
(46, 735, 33),
(47, 735, 3),
(48, 735, 9),
(49, 735, 14),
(50, 735, 17),
(51, 735, 22),
(52, 735, 26),
(53, 735, 40);

-- --------------------------------------------------------

--
-- Table structure for table `tbl_kriteria`
--

CREATE TABLE IF NOT EXISTS `tbl_kriteria` (
  `id` int(5) NOT NULL,
  `kriteria` varchar(50) NOT NULL,
  `bobot` int(11) NOT NULL
) ENGINE=MyISAM AUTO_INCREMENT=15 DEFAULT CHARSET=latin1;

--
-- Dumping data for table `tbl_kriteria`
--

INSERT INTO `tbl_kriteria` (`id`, `kriteria`, `bobot`) VALUES
(11, 'Kesenian', 5),
(3, 'Rangking', 3),
(4, 'Pengetahuan Umum', 5),
(5, 'Matematika', 5),
(6, 'Bahasa Indonesia', 5),
(10, 'Bahasa Inggris', 5),
(12, 'Hasta Karya ', 5),
(14, 'Pengetahuan IT', 5);

-- --------------------------------------------------------

--
-- Stand-in structure for view `v_analisa`
--
CREATE TABLE IF NOT EXISTS `v_analisa` (
`id_klasifikasi` int(11)
,`id_siswa` int(11)
,`nama_lengkap` varchar(100)
,`id_hk` int(11)
,`id_kriteria` int(11)
,`kriteria` varchar(50)
,`nama` varchar(60)
,`keterangan` varchar(15)
,`nilai` int(11)
);

-- --------------------------------------------------------

--
-- Structure for view `v_analisa`
--
DROP TABLE IF EXISTS `v_analisa`;

CREATE ALGORITHM=UNDEFINED DEFINER=`root`@`localhost` SQL SECURITY DEFINER VIEW `v_analisa` AS select `tbl_klasifikasi`.`id_klasifikasi` AS `id_klasifikasi`,`tbl_klasifikasi`.`id_siswa` AS `id_siswa`,`siswa`.`nama_lengkap` AS `nama_lengkap`,`tbl_klasifikasi`.`id_hk` AS `id_hk`,`tbl_himpunankriteria`.`id_kriteria` AS `id_kriteria`,`tbl_kriteria`.`kriteria` AS `kriteria`,`tbl_himpunankriteria`.`nama` AS `nama`,`tbl_himpunankriteria`.`keterangan` AS `keterangan`,`tbl_himpunankriteria`.`nilai` AS `nilai` from (((`tbl_himpunankriteria` join `tbl_kriteria` on((`tbl_himpunankriteria`.`id_kriteria` = `tbl_kriteria`.`id`))) join `tbl_klasifikasi` on((`tbl_klasifikasi`.`id_hk` = `tbl_himpunankriteria`.`id_hk`))) join `siswa` on((`tbl_klasifikasi`.`id_siswa` = `siswa`.`id_siswa`)));

--
-- Indexes for dumped tables
--

--
-- Indexes for table `absensi`
--
ALTER TABLE `absensi`
  ADD PRIMARY KEY (`id`), ADD KEY `kodematkul` (`kodematkul`);

--
-- Indexes for table `admin`
--
ALTER TABLE `admin`
  ADD PRIMARY KEY (`id_admin`);

--
-- Indexes for table `kelas`
--
ALTER TABLE `kelas`
  ADD PRIMARY KEY (`id`);

--
-- Indexes for table `modul`
--
ALTER TABLE `modul`
  ADD PRIMARY KEY (`id_modul`);

--
-- Indexes for table `pengajar`
--
ALTER TABLE `pengajar`
  ADD PRIMARY KEY (`id_pengajar`);

--
-- Indexes for table `registrasi_siswa`
--
ALTER TABLE `registrasi_siswa`
  ADD PRIMARY KEY (`id_registrasi`);

--
-- Indexes for table `siswa`
--
ALTER TABLE `siswa`
  ADD PRIMARY KEY (`id_siswa`);

--
-- Indexes for table `tbl_himpunankriteria`
--
ALTER TABLE `tbl_himpunankriteria`
  ADD PRIMARY KEY (`id_hk`);

--
-- Indexes for table `tbl_klasifikasi`
--
ALTER TABLE `tbl_klasifikasi`
  ADD PRIMARY KEY (`id_klasifikasi`);

--
-- Indexes for table `tbl_kriteria`
--
ALTER TABLE `tbl_kriteria`
  ADD PRIMARY KEY (`id`);

--
-- AUTO_INCREMENT for dumped tables
--

--
-- AUTO_INCREMENT for table `absensi`
--
ALTER TABLE `absensi`
  MODIFY `id` int(11) NOT NULL AUTO_INCREMENT,AUTO_INCREMENT=32;
--
-- AUTO_INCREMENT for table `admin`
--
ALTER TABLE `admin`
  MODIFY `id_admin` int(3) NOT NULL AUTO_INCREMENT,AUTO_INCREMENT=5;
--
-- AUTO_INCREMENT for table `kelas`
--
ALTER TABLE `kelas`
  MODIFY `id` int(5) NOT NULL AUTO_INCREMENT,AUTO_INCREMENT=34;
--
-- AUTO_INCREMENT for table `modul`
--
ALTER TABLE `modul`
  MODIFY `id_modul` int(5) NOT NULL AUTO_INCREMENT,AUTO_INCREMENT=82;
--
-- AUTO_INCREMENT for table `pengajar`
--
ALTER TABLE `pengajar`
  MODIFY `id_pengajar` int(9) NOT NULL AUTO_INCREMENT,AUTO_INCREMENT=112;
--
-- AUTO_INCREMENT for table `registrasi_siswa`
--
ALTER TABLE `registrasi_siswa`
  MODIFY `id_registrasi` int(9) NOT NULL AUTO_INCREMENT,AUTO_INCREMENT=11;
--
-- AUTO_INCREMENT for table `siswa`
--
ALTER TABLE `siswa`
  MODIFY `id_siswa` int(9) NOT NULL AUTO_INCREMENT,AUTO_INCREMENT=736;
--
-- AUTO_INCREMENT for table `tbl_himpunankriteria`
--
ALTER TABLE `tbl_himpunankriteria`
  MODIFY `id_hk` int(11) NOT NULL AUTO_INCREMENT,AUTO_INCREMENT=42;
--
-- AUTO_INCREMENT for table `tbl_klasifikasi`
--
ALTER TABLE `tbl_klasifikasi`
  MODIFY `id_klasifikasi` int(11) NOT NULL AUTO_INCREMENT,AUTO_INCREMENT=54;
--
-- AUTO_INCREMENT for table `tbl_kriteria`
--
ALTER TABLE `tbl_kriteria`
  MODIFY `id` int(5) NOT NULL AUTO_INCREMENT,AUTO_INCREMENT=15;--
-- Database: `test`
--

-- --------------------------------------------------------

--
-- Table structure for table `blog`
--

CREATE TABLE IF NOT EXISTS `blog` (
  `ID` varchar(20) NOT NULL,
  `judul` varchar(20) DEFAULT NULL,
  `tanggal` date DEFAULT NULL,
  `isi` text
) ENGINE=InnoDB DEFAULT CHARSET=utf8;

--
-- Dumping data for table `blog`
--

INSERT INTO `blog` (`ID`, `judul`, `tanggal`, `isi`) VALUES
('0', 'Pasukan', '2016-04-10', 'pasukanku');

-- --------------------------------------------------------

--
-- Table structure for table `dosen`
--

CREATE TABLE IF NOT EXISTS `dosen` (
  `id_dosen` int(11) NOT NULL,
  `nama` varchar(120) NOT NULL
) ENGINE=InnoDB AUTO_INCREMENT=3 DEFAULT CHARSET=latin1;

--
-- Dumping data for table `dosen`
--

INSERT INTO `dosen` (`id_dosen`, `nama`) VALUES
(1, 'Bpk Kuntoro'),
(2, 'Bpk Kuntoro');

--
-- Indexes for dumped tables
--

--
-- Indexes for table `blog`
--
ALTER TABLE `blog`
  ADD PRIMARY KEY (`ID`);

--
-- Indexes for table `dosen`
--
ALTER TABLE `dosen`
  ADD PRIMARY KEY (`id_dosen`);

--
-- AUTO_INCREMENT for dumped tables
--

--
-- AUTO_INCREMENT for table `dosen`
--
ALTER TABLE `dosen`
  MODIFY `id_dosen` int(11) NOT NULL AUTO_INCREMENT,AUTO_INCREMENT=3;--
-- Database: `test_a`
--

-- --------------------------------------------------------

--
-- Table structure for table `announcement`
--

CREATE TABLE IF NOT EXISTS `announcement` (
  `id_announ` int(11) NOT NULL,
  `id_user` int(11) NOT NULL,
  `title` varchar(200) NOT NULL,
  `content` text NOT NULL,
  `date_created` date NOT NULL
) ENGINE=InnoDB DEFAULT CHARSET=latin1;

-- --------------------------------------------------------

--
-- Table structure for table `community`
--

CREATE TABLE IF NOT EXISTS `community` (
  `id_comm` int(11) NOT NULL,
  `comm_name` varchar(120) NOT NULL,
  `date_created` date NOT NULL,
  `type` varchar(120) NOT NULL
) ENGINE=InnoDB AUTO_INCREMENT=6 DEFAULT CHARSET=latin1;

--
-- Dumping data for table `community`
--

INSERT INTO `community` (`id_comm`, `comm_name`, `date_created`, `type`) VALUES
(1, 'VAP', '2016-09-25', 'Dance'),
(2, 'EDC', '2016-09-25', 'Dance'),
(3, 'UDC', '2016-09-25', 'Dance'),
(4, 'IDC', '2016-09-25', 'Dance'),
(5, 'KIDS', '2016-09-25', 'Dance');

-- --------------------------------------------------------

--
-- Table structure for table `forum`
--

CREATE TABLE IF NOT EXISTS `forum` (
  `id_chat` int(11) NOT NULL,
  `id_user` int(11) NOT NULL,
  `content` text NOT NULL,
  `date_created` timestamp NOT NULL DEFAULT CURRENT_TIMESTAMP ON UPDATE CURRENT_TIMESTAMP
) ENGINE=InnoDB DEFAULT CHARSET=latin1;

-- --------------------------------------------------------

--
-- Table structure for table `user`
--

CREATE TABLE IF NOT EXISTS `user` (
  `id_user` int(11) NOT NULL,
  `id_comm` int(11) NOT NULL,
  `name` varchar(120) NOT NULL,
  `password` char(32) NOT NULL,
  `birth` date NOT NULL,
  `gender` enum('Male','Female') DEFAULT NULL,
  `active_status` varchar(1) NOT NULL,
  `email_verification_code` varchar(45) NOT NULL
) ENGINE=InnoDB DEFAULT CHARSET=latin1;

--
-- Indexes for dumped tables
--

--
-- Indexes for table `announcement`
--
ALTER TABLE `announcement`
  ADD PRIMARY KEY (`id_announ`);

--
-- Indexes for table `community`
--
ALTER TABLE `community`
  ADD PRIMARY KEY (`id_comm`);

--
-- Indexes for table `forum`
--
ALTER TABLE `forum`
  ADD PRIMARY KEY (`id_chat`);

--
-- Indexes for table `user`
--
ALTER TABLE `user`
  ADD PRIMARY KEY (`id_user`);

--
-- AUTO_INCREMENT for dumped tables
--

--
-- AUTO_INCREMENT for table `announcement`
--
ALTER TABLE `announcement`
  MODIFY `id_announ` int(11) NOT NULL AUTO_INCREMENT;
--
-- AUTO_INCREMENT for table `community`
--
ALTER TABLE `community`
  MODIFY `id_comm` int(11) NOT NULL AUTO_INCREMENT,AUTO_INCREMENT=6;
--
-- AUTO_INCREMENT for table `forum`
--
ALTER TABLE `forum`
  MODIFY `id_chat` int(11) NOT NULL AUTO_INCREMENT;
--
-- AUTO_INCREMENT for table `user`
--
ALTER TABLE `user`
  MODIFY `id_user` int(11) NOT NULL AUTO_INCREMENT;--
-- Database: `test_b`
--

-- --------------------------------------------------------

--
-- Table structure for table `admin`
--

CREATE TABLE IF NOT EXISTS `admin` (
  `id_admin` int(11) NOT NULL,
  `nama` varchar(120) NOT NULL,
  `email` varchar(120) NOT NULL,
  `password` char(32) NOT NULL
) ENGINE=InnoDB AUTO_INCREMENT=2 DEFAULT CHARSET=latin1;

--
-- Dumping data for table `admin`
--

INSERT INTO `admin` (`id_admin`, `nama`, `email`, `password`) VALUES
(1, 'Zulham', 'asegaf@ymail.com', 'acc8bd29630c8a070acdd84b4511d006');

-- --------------------------------------------------------

--
-- Table structure for table `announcement`
--

CREATE TABLE IF NOT EXISTS `announcement` (
  `id_ann` int(11) NOT NULL,
  `id_user` int(11) DEFAULT NULL,
  `title` varchar(120) NOT NULL,
  `content` text NOT NULL,
  `date_created` timestamp NOT NULL DEFAULT CURRENT_TIMESTAMP ON UPDATE CURRENT_TIMESTAMP
) ENGINE=InnoDB AUTO_INCREMENT=19 DEFAULT CHARSET=latin1;

--
-- Dumping data for table `announcement`
--

INSERT INTO `announcement` (`id_ann`, `id_user`, `title`, `content`, `date_created`) VALUES
(1, 22, 'Test', 'Test', '2016-10-19 17:00:00'),
(15, 27, 'Five body types of boy groups? ', '\r\nThe average height & weight of Korean men in their 20''s is 174cm & 73kg.\r\n\r\n\r\n1) Skinny\r\nGroups that can wear female clothes and weigh +50kg. ''Skinny'' is a standardized expression to describe them. Usually, groups with fast and stylistic choreographies tend to have this body type.\r\n\r\n\r\n\r\n2) Slim\r\nThey''re not entirely skinny but slim. Their manliness is just between ''boy'' and ''man''. This body type is suited for showy performances.\r\n\r\n\r\n\r\n3) Tall\r\nIt applies to groups with an average height of +180cm. Just by standing, they fill up the stage. The unique aura of tall groups can''t be copied by other groups.\r\n\r\n\r\n\r\n4) Solid\r\nIt''s not like they have excellent abs or huge muscles but they have enough arm muscles. Their concept is manliness and charisma.\r\n\r\n\r\n\r\n5) Muscular & healthy\r\nThe ultimate healthiness. They''re the ones that get called ''beast-dols''. Showing off their abs on a variety show is a must. This body type is suited for groups with extreme manliness and energy. This body type finally reaches the average weight of men.\r\n\r\n=\r\n\r\nInstiz: Five body types of boy groups\r\n\r\n- They''re just all slim or skinny... Male idols who look muscular and big are actually all skinny in real life ??\r\n\r\n- VIXX forest... But VIXX is also too skinny...\r\n\r\n- SHINee looks skinny but they have muscles on their shoulders and all. Don''t just think of SHINee''s old image and consider them skinny.\r\n\r\n- EXO applies to all of them but they''re just so skinny... sobs\r\n\r\n- Muscular 2PM 2AM baby\r\n\r\n- When they first debut, their bodies are unique. But after 3 years, all of them turn skinny...\r\n', '2016-10-26 05:42:41'),
(16, 27, 'BTS'' main fansite issues an apology & backfires + Armies leaving before Infinite & SHINee''s stages ', '\r\nThis OP is the one who posted the earlier Pann of BTS'' main fansite.\r\nAfter BTS'' main fansite got exposed, it brought a lot of criticisms to the fandom. BTS fans claimed that the controversial posts were already removed on the fansite. However, the OP tracked down the fansite and still found the posts.\r\n\r\n\r\n"There''s this vibe of small companies. I''m not discriminating or insulting anyone but there really is. I can clearly feel the lack of money in them. There''s this old-fashioned characteristic of small companies, but BTS doesn''t have it. They had it until Part 1 but since then, the vibe disappeared from them completely."\r\n\r\n"I saw a comment that said their cousin was a fan of them (tn: When BTS fans say ''them'', they mean EXO) and they really hate us. I realized how popular we are ???? This is the reality ???? Popularity and antis rise together."\r\n\r\n"We don''t even have any controversy but they''re bringing such weird excuses to bash us. It''s so funny how they can''t even criticize BTS'' past or talent since these controversies are easy to attack with ???"\r\n- Agreed ???? Past and talent are big controversies but we''re flawless, right?\r\n- Because they know they''ll get backfired. They don''t have the right to criticize someone else''s talent or past.\r\n\r\n"I think most people know about our fandom work (tn: streaming, bulk buying, etc) by now. But their results won''t be as good as ours. Our results were good because this fansite team worked hard and collaborated well. Just because they do it, it doesn''t mean that they''ll do well. It still frustrates me. I''m so mean. I don''t want them to do it, it''s only our way."\r\n\r\n-\r\n\r\nPann: BTS fans are even lying now\r\n\r\n1. [+457, -49] Ah, I really don''t want to be associated with them. It pisses me off enough that they insulted my bias indirectly. I can''t imagine how upset EXO fans are ??? BTS fans, you guys are amazing <3\r\n\r\n2. [+421, -42] It won''t be enough even if they shut their mouths but they''re lying ???? How far will they go? I''m scared.\r\n\r\n3. [+393, -37] I know they''re rude ones but I really hate them. Why don''t they realize that it''ll come back to them? BTS is also from a small company.\r\n\r\n4. [+133, -11] Those posts are posted on a category that only A-level fans have access to.\r\n\r\n\r\n(To become an A-level fan, you have to prove that you streamed ''Fire'' 10,000 times and 2 BTS albums)\r\n\r\n\r\n5. [+129, -105] You guys already had small company vibes since you copied EXO and SHINee ???? I''m fucking pissed. Honestly, we don''t own virtual world concepts but it''s true that you guys copied it ?? Also the uniforms. I didn''t want to say this because I''ve always wanted to avoid them but they''re just so pathetic.\r\n\r\n6. [+99, -6] They dragged EXO systematically on Jjuk Bbang cafe, Women''s Generation cafe, DC Gallery''s Male Celebrities, and Twitter. I don''t doubt that they''re doing the same thing on the main fansite. This is the level of the core fans, all other fans in the fandom must be no different ??\r\n\r\n7. [+74, -19] Hey you BTS fans, stop trying to change the subject. It doesn''t matter how the OP managed to get to the main fansite. It doesn''t change the fact that you guys gathered and bashed other artists.\r\n\r\n8. [+70, -7] Go participate in the Olympics and win a gold medal for ''victim cosplay''. I''m sure you''ll easily win.\r\n\r\n=\r\n\r\n\r\nThe fansite''s apology, translations by PEACHISODA\r\n\r\nBefore we begin the letter, we would like to apologize to the artists and their fandoms who were mentioned in the posts and to ARMYs who were targeted without even knowing the reason.\r\n\r\nOn 23rd October around 11PM, screenshots of some posts and comments which were posted in the "FREE Board" (hereinafter "Free Room") of BTSdotcom (board where only members who go through the process of fan verification have the access to) were uploaded on various community sites.\r\n\r\nThe relevant screenshots showed criticizing remarks directed to other artists and not BTS, despite them not mentioning the artists'' names. After reviewing, we confirmed that these posts were actually posted in the Free Room. We offer a sincere apology to many people who were upset by these screenshots that reached outside because we didn''t take an action fast enough.\r\n\r\nAdmins have forbidden members from mentioning other artists and fandoms regardless by their names or indirectly by giving hints if they are not directly involved with BTS through our Basic Rules. Furthermore, even if they are directly involved with BTS, we strictly manage the board. However, due to managing the site, organizing group order, mass streaming, we couldn''t take any immediate action and due to this reason we couldn''t be tough on every post and every comment. We feel deeply responsible. We apologize from the bottom of our hearts.\r\n\r\nAlso, during the early days of opening the site, the verifying process wasn''t difficult and we were able to come up with the current procedure after making many changes. For this reason, not all members went through the current verification process. This created the difference between members but we managed the site without realizing this. We''re terribly sorry and we will come up with a solution for this issue as well.\r\n\r\nLastly, as a site, we have taken the following actions to fulfill our responsibility.\r\n\r\n1) We have temporarily closed the board (Free Room) that caused this issue.\r\n2) We will get rid of the members who wrote these posts in the following ways.\r\n3) We are currently investigating to find the members who sympathized with these posts by commenting on them and we will get rid of them equally.\r\n\r\n[Relevant members]\r\n"They use everything to slander them (BTS) but they don''t mention our boys'' talent or pre debut past"\r\n- (ID and nickname are mentioned in the original post)\r\n"there are many rumors about blocking Korean celebrities in China", "I think the trace left by us as the first small company boy idol is really amazing", "We''re always criticized about our general popularity", "ah the responses from namcho are hilarious" (namcho - community sites with more male users than female users), "honestly they didn''t even start in a small company, it was a f***ing small company so don''t you think this is really huge...?", "no seriously...they''re the bosses of f***ing small companies but I can''t smell the vibe of a f***ing small company" etc\r\n- (ID and nickname mentioned in the original post)\r\n"other fandoms are planning on mass streaming after reading our posts"\r\n- (" " ")\r\n"Honestly, I think they care too much about our boys." (currently it''s been edited)\r\n- (" " ")\r\n"Seriously why are they so scared? ???????"\r\n- (" " ")\r\n\r\n[Our action]\r\n- Reveal their nickname\r\n- The relevant members will not be able to log in for an indefinite period of time\r\n\r\nWe will try to improve the site to stop similar things from happening in the future and do our best to create clean fansite culture by monitoring continuously.\r\nWe are terribly sorry to everyone who felt uncomfortable due to this problem and we truly apologize for causing a problem as a fan community site that has our group''s name as our title.\r\n\r\n\r\n\r\nAfter posting the apology, the staff said in an announcement that people had manipulated their posts to put the fansite in a bad light. They mentioned this comment "It''s actually amazing that BTS is the first idol group to succeed from a small company." as an example of how people twisted their words.\r\n\r\nAlso, the staff said they''ll delete ''ranting'' section which is one of the categories of ''Free Board''. But because the Free Board itself became controversial, people are demanding them to delete the entire Free Board.\r\n\r\n-\r\n\r\nPann: The class of main fansite''s apology\r\n\r\n1. [+239, -5] It wasn''t even manipulations in the first place but they said it was. We demanded proofs and all they could say is people took one Army''s words out of context. They didn''t even know what they were talking about and yet they were writing the apology. Of course they''ll think we manipulated it ???? They''re trying so hard to come off as victims until the end.\r\n\r\n2. [+214, -16] We wanted a sincere apology, not a feedback that blames rude fans ??\r\n\r\n3. [+208, -8] It''s not an apology, it''s a bunch of excuses ??\r\n\r\n4. [+62, -3] I realized they''re out of their minds when I read this\r\n\r\n\r\n"EXO-roach spy who got into the fansite by buying albums and proving streaming vs fansite members whose words weren''t as harsh as the ones people shouted at them - who''s a bigger idiot?"\r\n\r\n\r\n5. [+49, -3] The way they''re avoiding to take responsibilities is amazing\r\n\r\n6. [+45, -1] New post on insulting EXO ??\r\n\r\n\r\n(BTS fan claiming the origin of ''first week sales'' trend because of their high sales)\r\n\r\n=\r\n\r\nPann: Armies gave a feedback with excuses, not an apology\r\n\r\n1. [+132, -29] They still don''t know what they did wrong ????\r\n\r\n\r\n"Hard-working BTSdot-nim, you''re working hard ?? This incident is just a step... Thanks for the quick feedback"\r\n\r\n\r\n2. [+120, -8] They need to be more specific. It sounds like excuses than an apology. They have to explain clearly what they''ll do in the future. Even Armies on Pann are more detailed and clear.\r\n\r\n3. [+111, -8] I first want to apologize for the feedback and the rude fans. Currently, BTS'' Fantalk is full of fake fans and trolls, there''s barely any real fans. In this morning, we talked about BTSdot''s feedback with normal fans and a lot of us said there should be a new feedback. I know it''s tiring and upsetting to wait for it. But please know that it''s hard for Armies on Pann to gather and take actions. I''m sorry.\r\n\r\n4. [+37, -3] I''m on a lot of sites and Armies on Pann are the nicest... They''re the quickest and their apology and clarifications are really good. Clarifications for BTS'' May controversies are all written on Pann ?? Other websites should be as good as them.\r\n\r\n5. [+34, -2] What ???? They''re supposed to apologize other fans but they''re also apologizing for Armies in the first sentence ??? They can talk about that later, how can they say this in an official apology ?? I''ve never seen this kind of an apology ??\r\n\r\n=\r\n\r\nAt Busan One Asia Festival, the stage order was BTS - Infinite - SHINee. After Infinite was done with their performance, they said, "People, don''t leave! Shiny people are coming soon!" But BTS fans were already leaving by then.\r\n\r\n\r\nPann: Half of the Armies left before the closing\r\n\r\n1. [+194, -25] Armies always cosplay as pitiful victims online but this is the offline reality ???? The fact that they''re dragging other artists on their fansites is also reality. Way too amazing~\r\n\r\n2. [+194, -10] It''s really shitty manners to leave right after their own stage but I can forgive them since tomorrow was Monday ?? But the ground floor is a complete mess. Searching on Twitter gave me results of young BTS fans standing on chairs to watch the stage. They have no manners ??\r\n\r\n3. [+178, -10] Most Armies had left before SHINee''s stage ????\r\n', '2016-10-26 05:43:36');
INSERT INTO `announcement` (`id_ann`, `id_user`, `title`, `content`, `date_created`) VALUES
(17, 27, 'RPL nya ucup', '<p><!-- [if !mso]>\r\n<style>\r\nv\\:* {behavior:url(#default#VML);}\r\no\\:* {behavior:url(#default#VML);}\r\nw\\:* {behavior:url(#default#VML);}\r\n.shape {behavior:url(#default#VML);}\r\n</style>\r\n<![endif]--></p>\r\n<p><!-- [if gte mso 9]><xml>\r\n <o:OfficeDocumentSettings>\r\n  <o:RelyOnVML/>\r\n  <o:AllowPNG/>\r\n </o:OfficeDocumentSettings>\r\n</xml><![endif]--><!-- [if gte mso 9]><xml>\r\n <w:WordDocument>\r\n  <w:View>Normal</w:View>\r\n  <w:Zoom>0</w:Zoom>\r\n  <w:TrackMoves>false</w:TrackMoves>\r\n  <w:TrackFormatting/>\r\n  <w:PunctuationKerning/>\r\n  <w:ValidateAgainstSchemas/>\r\n  <w:SaveIfXMLInvalid>false</w:SaveIfXMLInvalid>\r\n  <w:IgnoreMixedContent>false</w:IgnoreMixedContent>\r\n  <w:AlwaysShowPlaceholderText>false</w:AlwaysShowPlaceholderText>\r\n  <w:DoNotPromoteQF/>\r\n  <w:LidThemeOther>EN-US</w:LidThemeOther>\r\n  <w:LidThemeAsian>JA</w:LidThemeAsian>\r\n  <w:LidThemeComplexScript>X-NONE</w:LidThemeComplexScript>\r\n  <w:Compatibility>\r\n   <w:BreakWrappedTables/>\r\n   <w:SnapToGridInCell/>\r\n   <w:WrapTextWithPunct/>\r\n   <w:UseAsianBreakRules/>\r\n   <w:DontGrowAutofit/>\r\n   <w:SplitPgBreakAndParaMark/>\r\n   <w:EnableOpenTypeKerning/>\r\n   <w:DontFlipMirrorIndents/>\r\n   <w:OverrideTableStyleHps/>\r\n   <w:UseFELayout/>\r\n  </w:Compatibility>\r\n  <m:mathPr>\r\n   <m:mathFont m:val="Cambria Math"/>\r\n   <m:brkBin m:val="before"/>\r\n   <m:brkBinSub m:val="&#45;-"/>\r\n   <m:smallFrac m:val="off"/>\r\n   <m:dispDef/>\r\n   <m:lMargin m:val="0"/>\r\n   <m:rMargin m:val="0"/>\r\n   <m:defJc m:val="centerGroup"/>\r\n   <m:wrapIndent m:val="1440"/>\r\n   <m:intLim m:val="subSup"/>\r\n   <m:naryLim m:val="undOvr"/>\r\n  </m:mathPr></w:WordDocument>\r\n</xml><![endif]--><!-- [if gte mso 9]><xml>\r\n <w:LatentStyles DefLockedState="false" DefUnhideWhenUsed="false"\r\n  DefSemiHidden="false" DefQFormat="false" DefPriority="99"\r\n  LatentStyleCount="371">\r\n  <w:LsdException Locked="false" Priority="0" QFormat="true" Name="Normal"/>\r\n  <w:LsdException Locked="false" Priority="9" QFormat="true" Name="heading 1"/>\r\n  <w:LsdException Locked="false" Priority="9" SemiHidden="true"\r\n   UnhideWhenUsed="true" QFormat="true" Name="heading 2"/>\r\n  <w:LsdException Locked="false" Priority="9" SemiHidden="true"\r\n   UnhideWhenUsed="true" QFormat="true" Name="heading 3"/>\r\n  <w:LsdException Locked="false" Priority="9" SemiHidden="true"\r\n   UnhideWhenUsed="true" QFormat="true" Name="heading 4"/>\r\n  <w:LsdException Locked="false" Priority="9" SemiHidden="true"\r\n   UnhideWhenUsed="true" QFormat="true" Name="heading 5"/>\r\n  <w:LsdException Locked="false" Priority="9" SemiHidden="true"\r\n   UnhideWhenUsed="true" QFormat="true" Name="heading 6"/>\r\n  <w:LsdException Locked="false" Priority="9" SemiHidden="true"\r\n   UnhideWhenUsed="true" QFormat="true" Name="heading 7"/>\r\n  <w:LsdException Locked="false" Priority="9" SemiHidden="true"\r\n   UnhideWhenUsed="true" QFormat="true" Name="heading 8"/>\r\n  <w:LsdException Locked="false" Priority="9" SemiHidden="true"\r\n   UnhideWhenUsed="true" QFormat="true" Name="heading 9"/>\r\n  <w:LsdException Locked="false" SemiHidden="true" UnhideWhenUsed="true"\r\n   Name="index 1"/>\r\n  <w:LsdException Locked="false" SemiHidden="true" UnhideWhenUsed="true"\r\n   Name="index 2"/>\r\n  <w:LsdException Locked="false" SemiHidden="true" UnhideWhenUsed="true"\r\n   Name="index 3"/>\r\n  <w:LsdException Locked="false" SemiHidden="true" UnhideWhenUsed="true"\r\n   Name="index 4"/>\r\n  <w:LsdException Locked="false" SemiHidden="true" UnhideWhenUsed="true"\r\n   Name="index 5"/>\r\n  <w:LsdException Locked="false" SemiHidden="true" UnhideWhenUsed="true"\r\n   Name="index 6"/>\r\n  <w:LsdException Locked="false" SemiHidden="true" UnhideWhenUsed="true"\r\n   Name="index 7"/>\r\n  <w:LsdException Locked="false" SemiHidden="true" UnhideWhenUsed="true"\r\n   Name="index 8"/>\r\n  <w:LsdException Locked="false" SemiHidden="true" UnhideWhenUsed="true"\r\n   Name="index 9"/>\r\n  <w:LsdException Locked="false" Priority="39" SemiHidden="true"\r\n   UnhideWhenUsed="true" Name="toc 1"/>\r\n  <w:LsdException Locked="false" Priority="39" SemiHidden="true"\r\n   UnhideWhenUsed="true" Name="toc 2"/>\r\n  <w:LsdException Locked="false" Priority="39" SemiHidden="true"\r\n   UnhideWhenUsed="true" Name="toc 3"/>\r\n  <w:LsdException Locked="false" Priority="39" SemiHidden="true"\r\n   UnhideWhenUsed="true" Name="toc 4"/>\r\n  <w:LsdException Locked="false" Priority="39" SemiHidden="true"\r\n   UnhideWhenUsed="true" Name="toc 5"/>\r\n  <w:LsdException Locked="false" Priority="39" SemiHidden="true"\r\n   UnhideWhenUsed="true" Name="toc 6"/>\r\n  <w:LsdException Locked="false" Priority="39" SemiHidden="true"\r\n   UnhideWhenUsed="true" Name="toc 7"/>\r\n  <w:LsdException Locked="false" Priority="39" SemiHidden="true"\r\n   UnhideWhenUsed="true" Name="toc 8"/>\r\n  <w:LsdException Locked="false" Priority="39" SemiHidden="true"\r\n   UnhideWhenUsed="true" Name="toc 9"/>\r\n  <w:LsdException Locked="false" SemiHidden="true" UnhideWhenUsed="true"\r\n   Name="Normal Indent"/>\r\n  <w:LsdException Locked="false" SemiHidden="true" UnhideWhenUsed="true"\r\n   Name="footnote text"/>\r\n  <w:LsdException Locked="false" SemiHidden="true" UnhideWhenUsed="true"\r\n   Name="annotation text"/>\r\n  <w:LsdException Locked="false" SemiHidden="true" UnhideWhenUsed="true"\r\n   Name="header"/>\r\n  <w:LsdException Locked="false" SemiHidden="true" UnhideWhenUsed="true"\r\n   Name="footer"/>\r\n  <w:LsdException Locked="false" SemiHidden="true" UnhideWhenUsed="true"\r\n   Name="index heading"/>\r\n  <w:LsdException Locked="false" Priority="35" SemiHidden="true"\r\n   UnhideWhenUsed="true" QFormat="true" Name="caption"/>\r\n  <w:LsdException Locked="false" SemiHidden="true" UnhideWhenUsed="true"\r\n   Name="table of figures"/>\r\n  <w:LsdException Locked="false" SemiHidden="true" UnhideWhenUsed="true"\r\n   Name="envelope address"/>\r\n  <w:LsdException Locked="false" SemiHidden="true" UnhideWhenUsed="true"\r\n   Name="envelope return"/>\r\n  <w:LsdException Locked="false" SemiHidden="true" UnhideWhenUsed="true"\r\n   Name="footnote reference"/>\r\n  <w:LsdException Locked="false" SemiHidden="true" UnhideWhenUsed="true"\r\n   Name="annotation reference"/>\r\n  <w:LsdException Locked="false" SemiHidden="true" UnhideWhenUsed="true"\r\n   Name="line number"/>\r\n  <w:LsdException Locked="false" SemiHidden="true" UnhideWhenUsed="true"\r\n   Name="page number"/>\r\n  <w:LsdException Locked="false" SemiHidden="true" UnhideWhenUsed="true"\r\n   Name="endnote reference"/>\r\n  <w:LsdException Locked="false" SemiHidden="true" UnhideWhenUsed="true"\r\n   Name="endnote text"/>\r\n  <w:LsdException Locked="false" SemiHidden="true" UnhideWhenUsed="true"\r\n   Name="table of authorities"/>\r\n  <w:LsdException Locked="false" SemiHidden="true" UnhideWhenUsed="true"\r\n   Name="macro"/>\r\n  <w:LsdException Locked="false" SemiHidden="true" UnhideWhenUsed="true"\r\n   Name="toa heading"/>\r\n  <w:LsdException Locked="false" SemiHidden="true" UnhideWhenUsed="true"\r\n   Name="List"/>\r\n  <w:LsdException Locked="false" Priority="10" SemiHidden="true"\r\n   UnhideWhenUsed="true" QFormat="true" Name="List Bullet"/>\r\n  <w:LsdException Locked="false" Priority="11" SemiHidden="true"\r\n   UnhideWhenUsed="true" QFormat="true" Name="List Number"/>\r\n  <w:LsdException Locked="false" SemiHidden="true" UnhideWhenUsed="true"\r\n   Name="List 2"/>\r\n  <w:LsdException Locked="false" SemiHidden="true" UnhideWhenUsed="true"\r\n   Name="List 3"/>\r\n  <w:LsdException Locked="false" SemiHidden="true" UnhideWhenUsed="true"\r\n   Name="List 4"/>\r\n  <w:LsdException Locked="false" SemiHidden="true" UnhideWhenUsed="true"\r\n   Name="List 5"/>\r\n  <w:LsdException Locked="false" SemiHidden="true" UnhideWhenUsed="true"\r\n   Name="List Bullet 2"/>\r\n  <w:LsdException Locked="false" SemiHidden="true" UnhideWhenUsed="true"\r\n   Name="List Bullet 3"/>\r\n  <w:LsdException Locked="false" SemiHidden="true" UnhideWhenUsed="true"\r\n   Name="List Bullet 4"/>\r\n  <w:LsdException Locked="false" SemiHidden="true" UnhideWhenUsed="true"\r\n   Name="List Bullet 5"/>\r\n  <w:LsdException Locked="false" SemiHidden="true" UnhideWhenUsed="true"\r\n   Name="List Number 2"/>\r\n  <w:LsdException Locked="false" SemiHidden="true" UnhideWhenUsed="true"\r\n   Name="List Number 3"/>\r\n  <w:LsdException Locked="false" SemiHidden="true" UnhideWhenUsed="true"\r\n   Name="List Number 4"/>\r\n  <w:LsdException Locked="false" SemiHidden="true" UnhideWhenUsed="true"\r\n   Name="List Number 5"/>\r\n  <w:LsdException Locked="false" Priority="1" QFormat="true" Name="Title"/>\r\n  <w:LsdException Locked="false" SemiHidden="true" UnhideWhenUsed="true"\r\n   Name="Closing"/>\r\n  <w:LsdException Locked="false" SemiHidden="true" UnhideWhenUsed="true"\r\n   Name="Signature"/>\r\n  <w:LsdException Locked="false" Priority="1" SemiHidden="true"\r\n   UnhideWhenUsed="true" Name="Default Paragraph Font"/>\r\n  <w:LsdException Locked="false" SemiHidden="true" UnhideWhenUsed="true"\r\n   Name="Body Text"/>\r\n  <w:LsdException Locked="false" SemiHidden="true" UnhideWhenUsed="true"\r\n   Name="Body Text Indent"/>\r\n  <w:LsdException Locked="false" SemiHidden="true" UnhideWhenUsed="true"\r\n   Name="List Continue"/>\r\n  <w:LsdException Locked="false" SemiHidden="true" UnhideWhenUsed="true"\r\n   Name="List Continue 2"/>\r\n  <w:LsdException Locked="false" SemiHidden="true" UnhideWhenUsed="true"\r\n   Name="List Continue 3"/>\r\n  <w:LsdException Locked="false" SemiHidden="true" UnhideWhenUsed="true"\r\n   Name="List Continue 4"/>\r\n  <w:LsdException Locked="false" SemiHidden="true" UnhideWhenUsed="true"\r\n   Name="List Continue 5"/>\r\n  <w:LsdException Locked="false" SemiHidden="true" UnhideWhenUsed="true"\r\n   Name="Message Header"/>\r\n  <w:LsdException Locked="false" Priority="11" QFormat="true" Name="Subtitle"/>\r\n  <w:LsdException Locked="false" SemiHidden="true" UnhideWhenUsed="true"\r\n   Name="Salutation"/>\r\n  <w:LsdException Locked="false" SemiHidden="true" UnhideWhenUsed="true"\r\n   Name="Date"/>\r\n  <w:LsdException Locked="false" SemiHidden="true" UnhideWhenUsed="true"\r\n   Name="Body Text First Indent"/>\r\n  <w:LsdException Locked="false" SemiHidden="true" UnhideWhenUsed="true"\r\n   Name="Body Text First Indent 2"/>\r\n  <w:LsdException Locked="false" SemiHidden="true" UnhideWhenUsed="true"\r\n   Name="Note Heading"/>\r\n  <w:LsdException Locked="false" SemiHidden="true" UnhideWhenUsed="true"\r\n   Name="Body Text 2"/>\r\n  <w:LsdException Locked="false" SemiHidden="true" UnhideWhenUsed="true"\r\n   Name="Body Text 3"/>\r\n  <w:LsdException Locked="false" SemiHidden="true" UnhideWhenUsed="true"\r\n   Name="Body Text Indent 2"/>\r\n  <w:LsdException Locked="false" SemiHidden="true" UnhideWhenUsed="true"\r\n   Name="Body Text Indent 3"/>\r\n  <w:LsdException Locked="false" SemiHidden="true" UnhideWhenUsed="true"\r\n   Name="Block Text"/>\r\n  <w:LsdException Locked="false" SemiHidden="true" UnhideWhenUsed="true"\r\n   Name="Hyperlink"/>\r\n  <w:LsdException Locked="false" SemiHidden="true" UnhideWhenUsed="true"\r\n   Name="FollowedHyperlink"/>\r\n  <w:LsdException Locked="false" Priority="22" QFormat="true" Name="Strong"/>\r\n  <w:LsdException Locked="false" Priority="20" QFormat="true" Name="Emphasis"/>\r\n  <w:LsdException Locked="false" SemiHidden="true" UnhideWhenUsed="true"\r\n   Name="Document Map"/>\r\n  <w:LsdException Locked="false" SemiHidden="true" UnhideWhenUsed="true"\r\n   Name="Plain Text"/>\r\n  <w:LsdException Locked="false" SemiHidden="true" UnhideWhenUsed="true"\r\n   Name="E-mail Signature"/>\r\n  <w:LsdException Locked="false" SemiHidden="true" UnhideWhenUsed="true"\r\n   Name="HTML Top of Form"/>\r\n  <w:LsdException Locked="false" SemiHidden="true" UnhideWhenUsed="true"\r\n   Name="HTML Bottom of Form"/>\r\n  <w:LsdException Locked="false" SemiHidden="true" UnhideWhenUsed="true"\r\n   Name="Normal (Web)"/>\r\n  <w:LsdException Locked="false" SemiHidden="true" UnhideWhenUsed="true"\r\n   Name="HTML Acronym"/>\r\n  <w:LsdException Locked="false" SemiHidden="true" UnhideWhenUsed="true"\r\n   Name="HTML Address"/>\r\n  <w:LsdException Locked="false" SemiHidden="true" UnhideWhenUsed="true"\r\n   Name="HTML Cite"/>\r\n  <w:LsdException Locked="false" SemiHidden="true" UnhideWhenUsed="true"\r\n   Name="HTML Code"/>\r\n  <w:LsdException Locked="false" SemiHidden="true" UnhideWhenUsed="true"\r\n   Name="HTML Definition"/>\r\n  <w:LsdException Locked="false" SemiHidden="true" UnhideWhenUsed="true"\r\n   Name="HTML Keyboard"/>\r\n  <w:LsdException Locked="false" SemiHidden="true" UnhideWhenUsed="true"\r\n   Name="HTML Preformatted"/>\r\n  <w:LsdException Locked="false" SemiHidden="true" UnhideWhenUsed="true"\r\n   Name="HTML Sample"/>\r\n  <w:LsdException Locked="false" SemiHidden="true" UnhideWhenUsed="true"\r\n   Name="HTML Typewriter"/>\r\n  <w:LsdException Locked="false" SemiHidden="true" UnhideWhenUsed="true"\r\n   Name="HTML Variable"/>\r\n  <w:LsdException Locked="false" SemiHidden="true" UnhideWhenUsed="true"\r\n   Name="Normal Table"/>\r\n  <w:LsdException Locked="false" SemiHidden="true" UnhideWhenUsed="true"\r\n   Name="annotation subject"/>\r\n  <w:LsdException Locked="false" SemiHidden="true" UnhideWhenUsed="true"\r\n   Name="No List"/>\r\n  <w:LsdException Locked="false" SemiHidden="true" UnhideWhenUsed="true"\r\n   Name="Outline List 1"/>\r\n  <w:LsdException Locked="false" SemiHidden="true" UnhideWhenUsed="true"\r\n   Name="Outline List 2"/>\r\n  <w:LsdException Locked="false" SemiHidden="true" UnhideWhenUsed="true"\r\n   Name="Outline List 3"/>\r\n  <w:LsdException Locked="false" SemiHidden="true" UnhideWhenUsed="true"\r\n   Name="Table Simple 1"/>\r\n  <w:LsdException Locked="false" SemiHidden="true" UnhideWhenUsed="true"\r\n   Name="Table Simple 2"/>\r\n  <w:LsdException Locked="false" SemiHidden="true" UnhideWhenUsed="true"\r\n   Name="Table Simple 3"/>\r\n  <w:LsdException Locked="false" SemiHidden="true" UnhideWhenUsed="true"\r\n   Name="Table Classic 1"/>\r\n  <w:LsdException Locked="false" SemiHidden="true" UnhideWhenUsed="true"\r\n   Name="Table Classic 2"/>\r\n  <w:LsdException Locked="false" SemiHidden="true" UnhideWhenUsed="true"\r\n   Name="Table Classic 3"/>\r\n  <w:LsdException Locked="false" SemiHidden="true" UnhideWhenUsed="true"\r\n   Name="Table Classic 4"/>\r\n  <w:LsdException Locked="false" SemiHidden="true" UnhideWhenUsed="true"\r\n   Name="Table Colorful 1"/>\r\n  <w:LsdException Locked="false" SemiHidden="true" UnhideWhenUsed="true"\r\n   Name="Table Colorful 2"/>\r\n  <w:LsdException Locked="false" SemiHidden="true" UnhideWhenUsed="true"\r\n   Name="Table Colorful 3"/>\r\n  <w:LsdException Locked="false" SemiHidden="true" UnhideWhenUsed="true"\r\n   Name="Table Columns 1"/>\r\n  <w:LsdException Locked="false" SemiHidden="true" UnhideWhenUsed="true"\r\n   Name="Table Columns 2"/>\r\n  <w:LsdException Locked="false" SemiHidden="true" UnhideWhenUsed="true"\r\n   Name="Table Columns 3"/>\r\n  <w:LsdException Locked="false" SemiHidden="true" UnhideWhenUsed="true"\r\n   Name="Table Columns 4"/>\r\n  <w:LsdException Locked="false" SemiHidden="true" UnhideWhenUsed="true"\r\n   Name="Table Columns 5"/>\r\n  <w:LsdException Locked="false" SemiHidden="true" UnhideWhenUsed="true"\r\n   Name="Table Grid 1"/>\r\n  <w:LsdException Locked="false" SemiHidden="true" UnhideWhenUsed="true"\r\n   Name="Table Grid 2"/>\r\n  <w:LsdException Locked="false" SemiHidden="true" UnhideWhenUsed="true"\r\n   Name="Table Grid 3"/>\r\n  <w:LsdException Locked="false" SemiHidden="true" UnhideWhenUsed="true"\r\n   Name="Table Grid 4"/>\r\n  <w:LsdException Locked="false" SemiHidden="true" UnhideWhenUsed="true"\r\n   Name="Table Grid 5"/>\r\n  <w:LsdException Locked="false" SemiHidden="true" UnhideWhenUsed="true"\r\n   Name="Table Grid 6"/>\r\n  <w:LsdException Locked="false" SemiHidden="true" UnhideWhenUsed="true"\r\n   Name="Table Grid 7"/>\r\n  <w:LsdException Locked="false" SemiHidden="true" UnhideWhenUsed="true"\r\n   Name="Table Grid 8"/>\r\n  <w:LsdException Locked="false" SemiHidden="true" UnhideWhenUsed="true"\r\n   Name="Table List 1"/>\r\n  <w:LsdException Locked="false" SemiHidden="true" UnhideWhenUsed="true"\r\n   Name="Table List 2"/>\r\n  <w:LsdException Locked="false" SemiHidden="true" UnhideWhenUsed="true"\r\n   Name="Table List 3"/>\r\n  <w:LsdException Locked="false" SemiHidden="true" UnhideWhenUsed="true"\r\n   Name="Table List 4"/>\r\n  <w:LsdException Locked="false" SemiHidden="true" UnhideWhenUsed="true"\r\n   Name="Table List 5"/>\r\n  <w:LsdException Locked="false" SemiHidden="true" UnhideWhenUsed="true"\r\n   Name="Table List 6"/>\r\n  <w:LsdException Locked="false" SemiHidden="true" UnhideWhenUsed="true"\r\n   Name="Table List 7"/>\r\n  <w:LsdException Locked="false" SemiHidden="true" UnhideWhenUsed="true"\r\n   Name="Table List 8"/>\r\n  <w:LsdException Locked="false" SemiHidden="true" UnhideWhenUsed="true"\r\n   Name="Table 3D effects 1"/>\r\n  <w:LsdException Locked="false" SemiHidden="true" UnhideWhenUsed="true"\r\n   Name="Table 3D effects 2"/>\r\n  <w:LsdException Locked="false" SemiHidden="true" UnhideWhenUsed="true"\r\n   Name="Table 3D effects 3"/>\r\n  <w:LsdException Locked="false" SemiHidden="true" UnhideWhenUsed="true"\r\n   Name="Table Contemporary"/>\r\n  <w:LsdException Locked="false" SemiHidden="true" UnhideWhenUsed="true"\r\n   Name="Table Elegant"/>\r\n  <w:LsdException Locked="false" SemiHidden="true" UnhideWhenUsed="true"\r\n   Name="Table Professional"/>\r\n  <w:LsdException Locked="false" SemiHidden="true" UnhideWhenUsed="true"\r\n   Name="Table Subtle 1"/>\r\n  <w:LsdException Locked="false" SemiHidden="true" UnhideWhenUsed="true"\r\n   Name="Table Subtle 2"/>\r\n  <w:LsdException Locked="false" SemiHidden="true" UnhideWhenUsed="true"\r\n   Name="Table Web 1"/>\r\n  <w:LsdException Locked="false" SemiHidden="true" UnhideWhenUsed="true"\r\n   Name="Table Web 2"/>\r\n  <w:LsdException Locked="false" SemiHidden="true" UnhideWhenUsed="true"\r\n   Name="Table Web 3"/>\r\n  <w:LsdException Locked="false" SemiHidden="true" UnhideWhenUsed="true"\r\n   Name="Balloon Text"/>\r\n  <w:LsdException Locked="false" Priority="39" Name="Table Grid"/>\r\n  <w:LsdException Locked="false" SemiHidden="true" UnhideWhenUsed="true"\r\n   Name="Table Theme"/>\r\n  <w:LsdException Locked="false" SemiHidden="true" Name="Placeholder Text"/>\r\n  <w:LsdException Locked="false" Priority="1" QFormat="true" Name="No Spacing"/>\r\n  <w:LsdException Locked="false" Priority="60" Name="Light Shading"/>\r\n  <w:LsdException Locked="false" Priority="61" Name="Light List"/>\r\n  <w:LsdException Locked="false" Priority="62" Name="Light Grid"/>\r\n  <w:LsdException Locked="false" Priority="63" Name="Medium Shading 1"/>\r\n  <w:LsdException Locked="false" Priority="64" Name="Medium Shading 2"/>\r\n  <w:LsdException Locked="false" Priority="65" Name="Medium List 1"/>\r\n  <w:LsdException Locked="false" Priority="66" Name="Medium List 2"/>\r\n  <w:LsdException Locked="false" Priority="67" Name="Medium Grid 1"/>\r\n  <w:LsdException Locked="false" Priority="68" Name="Medium Grid 2"/>\r\n  <w:LsdException Locked="false" Priority="69" Name="Medium Grid 3"/>\r\n  <w:LsdException Locked="false" Priority="70" Name="Dark List"/>\r\n  <w:LsdException Locked="false" Priority="71" Name="Colorful Shading"/>\r\n  <w:LsdException Locked="false" Priority="72" Name="Colorful List"/>\r\n  <w:LsdException Locked="false" Priority="73" Name="Colorful Grid"/>\r\n  <w:LsdException Locked="false" Priority="60" Name="Light Shading Accent 1"/>\r\n  <w:LsdException Locked="false" Priority="61" Name="Light List Accent 1"/>\r\n  <w:LsdException Locked="false" Priority="62" Name="Light Grid Accent 1"/>\r\n  <w:LsdException Locked="false" Priority="63" Name="Medium Shading 1 Accent 1"/>\r\n  <w:LsdException Locked="false" Priority="64" Name="Medium Shading 2 Accent 1"/>\r\n  <w:LsdException Locked="false" Priority="65" Name="Medium List 1 Accent 1"/>\r\n  <w:LsdException Locked="false" SemiHidden="true" Name="Revision"/>\r\n  <w:LsdException Locked="false" Priority="34" QFormat="true"\r\n   Name="List Paragraph"/>\r\n  <w:LsdException Locked="false" Priority="29" QFormat="true" Name="Quote"/>\r\n  <w:LsdException Locked="false" Priority="30" QFormat="true"\r\n   Name="Intense Quote"/>\r\n  <w:LsdException Locked="false" Priority="66" Name="Medium List 2 Accent 1"/>\r\n  <w:LsdException Locked="false" Priority="67" Name="Medium Grid 1 Accent 1"/>\r\n  <w:LsdException Locked="false" Priority="68" Name="Medium Grid 2 Accent 1"/>\r\n  <w:LsdException Locked="false" Priority="69" Name="Medium Grid 3 Accent 1"/>\r\n  <w:LsdException Locked="false" Priority="70" Name="Dark List Accent 1"/>\r\n  <w:LsdException Locked="false" Priority="71" Name="Colorful Shading Accent 1"/>\r\n  <w:LsdException Locked="false" Priority="72" Name="Colorful List Accent 1"/>\r\n  <w:LsdException Locked="false" Priority="73" Name="Colorful Grid Accent 1"/>\r\n  <w:LsdException Locked="false" Priority="60" Name="Light Shading Accent 2"/>\r\n  <w:LsdException Locked="false" Priority="61" Name="Light List Accent 2"/>\r\n  <w:LsdException Locked="false" Priority="62" Name="Light Grid Accent 2"/>\r\n  <w:LsdException Locked="false" Priority="63" Name="Medium Shading 1 Accent 2"/>\r\n  <w:LsdException Locked="false" Priority="64" Name="Medium Shading 2 Accent 2"/>\r\n  <w:LsdException Locked="false" Priority="65" Name="Medium List 1 Accent 2"/>\r\n  <w:LsdException Locked="false" Priority="66" Name="Medium List 2 Accent 2"/>\r\n  <w:LsdException Locked="false" Priority="67" Name="Medium Grid 1 Accent 2"/>\r\n  <w:LsdException Locked="false" Priority="68" Name="Medium Grid 2 Accent 2"/>\r\n  <w:LsdException Locked="false" Priority="69" Name="Medium Grid 3 Accent 2"/>\r\n  <w:LsdException Locked="false" Priority="70" Name="Dark List Accent 2"/>\r\n  <w:LsdException Locked="false" Priority="71" Name="Colorful Shading Accent 2"/>\r\n  <w:LsdException Locked="false" Priority="72" Name="Colorful List Accent 2"/>\r\n  <w:LsdException Locked="false" Priority="73" Name="Colorful Grid Accent 2"/>\r\n  <w:LsdException Locked="false" Priority="60" Name="Light Shading Accent 3"/>\r\n  <w:LsdException Locked="false" Priority="61" Name="Light List Accent 3"/>\r\n  <w:LsdException Locked="false" Priority="62" Name="Light Grid Accent 3"/>\r\n  <w:LsdException Locked="false" Priority="63" Name="Medium Shading 1 Accent 3"/>\r\n  <w:LsdException Locked="false" Priority="64" Name="Medium Shading 2 Accent 3"/>\r\n  <w:LsdException Locked="false" Priority="65" Name="Medium List 1 Accent 3"/>\r\n  <w:LsdException Locked="false" Priority="66" Name="Medium List 2 Accent 3"/>\r\n  <w:LsdException Locked="false" Priority="67" Name="Medium Grid 1 Accent 3"/>\r\n  <w:LsdException Locked="false" Priority="68" Name="Medium Grid 2 Accent 3"/>\r\n  <w:LsdException Locked="false" Priority="69" Name="Medium Grid 3 Accent 3"/>\r\n  <w:LsdException Locked="false" Priority="70" Name="Dark List Accent 3"/>\r\n  <w:LsdException Locked="false" Priority="71" Name="Colorful Shading Accent 3"/>\r\n  <w:LsdException Locked="false" Priority="72" Name="Colorful List Accent 3"/>\r\n  <w:LsdException Locked="false" Priority="73" Name="Colorful Grid Accent 3"/>\r\n  <w:LsdException Locked="false" Priority="60" Name="Light Shading Accent 4"/>\r\n  <w:LsdException Locked="false" Priority="61" Name="Light List Accent 4"/>\r\n  <w:LsdException Locked="false" Priority="62" Name="Light Grid Accent 4"/>\r\n  <w:LsdException Locked="false" Priority="63" Name="Medium Shading 1 Accent 4"/>\r\n  <w:LsdException Locked="false" Priority="64" Name="Medium Shading 2 Accent 4"/>\r\n  <w:LsdException Locked="false" Priority="65" Name="Medium List 1 Accent 4"/>\r\n  <w:LsdException Locked="false" Priority="66" Name="Medium List 2 Accent 4"/>\r\n  <w:LsdException Locked="false" Priority="67" Name="Medium Grid 1 Accent 4"/>\r\n  <w:LsdException Locked="false" Priority="68" Name="Medium Grid 2 Accent 4"/>\r\n  <w:LsdException Locked="false" Priority="69" Name="Medium Grid 3 Accent 4"/>\r\n  <w:LsdException Locked="false" Priority="70" Name="Dark List Accent 4"/>\r\n  <w:LsdException Locked="false" Priority="71" Name="Colorful Shading Accent 4"/>\r\n  <w:LsdException Locked="false" Priority="72" Name="Colorful List Accent 4"/>\r\n  <w:LsdException Locked="false" Priority="73" Name="Colorful Grid Accent 4"/>\r\n  <w:LsdException Locked="false" Priority="60" Name="Light Shading Accent 5"/>\r\n  <w:LsdException Locked="false" Priority="61" Name="Light List Accent 5"/>\r\n  <w:LsdException Locked="false" Priority="62" Name="Light Grid Accent 5"/>\r\n  <w:LsdException Locked="false" Priority="63" Name="Medium Shading 1 Accent 5"/>\r\n  <w:LsdException Locked="false" Priority="64" Name="Medium Shading 2 Accent 5"/>\r\n  <w:LsdException Locked="false" Priority="65" Name="Medium List 1 Accent 5"/>\r\n  <w:LsdException Locked="false" Priority="66" Name="Medium List 2 Accent 5"/>\r\n  <w:LsdException Locked="false" Priority="67" Name="Medium Grid 1 Accent 5"/>\r\n  <w:LsdException Locked="false" Priority="68" Name="Medium Grid 2 Accent 5"/>\r\n  <w:LsdException Locked="false" Priority="69" Name="Medium Grid 3 Accent 5"/>\r\n  <w:LsdException Locked="false" Priority="70" Name="Dark List Accent 5"/>\r\n  <w:LsdException Locked="false" Priority="71" Name="Colorful Shading Accent 5"/>\r\n  <w:LsdException Locked="false" Priority="72" Name="Colorful List Accent 5"/>\r\n  <w:LsdException Locked="false" Priority="73" Name="Colorful Grid Accent 5"/>\r\n  <w:LsdException Locked="false" Priority="60" Name="Light Shading Accent 6"/>\r\n  <w:LsdException Locked="false" Priority="61" Name="Light List Accent 6"/>\r\n  <w:LsdException Locked="false" Priority="62" Name="Light Grid Accent 6"/>\r\n  <w:LsdException Locked="false" Priority="63" Name="Medium Shading 1 Accent 6"/>\r\n  <w:LsdException Locked="false" Priority="64" Name="Medium Shading 2 Accent 6"/>\r\n  <w:LsdException Locked="false" Priority="65" Name="Medium List 1 Accent 6"/>\r\n  <w:LsdException Locked="false" Priority="66" Name="Medium List 2 Accent 6"/>\r\n  <w:LsdException Locked="false" Priority="67" Name="Medium Grid 1 Accent 6"/>\r\n  <w:LsdException Locked="false" Priority="68" Name="Medium Grid 2 Accent 6"/>\r\n  <w:LsdException Locked="false" Priority="69" Name="Medium Grid 3 Accent 6"/>\r\n  <w:LsdException Locked="false" Priority="70" Name="Dark List Accent 6"/>\r\n  <w:LsdException Locked="false" Priority="71" Name="Colorful Shading Accent 6"/>\r\n  <w:LsdException Locked="false" Priority="72" Name="Colorful List Accent 6"/>\r\n  <w:LsdException Locked="false" Priority="73" Name="Colorful Grid Accent 6"/>\r\n  <w:LsdException Locked="false" Priority="19" QFormat="true"\r\n   Name="Subtle Emphasis"/>\r\n  <w:LsdException Locked="false" Priority="21" QFormat="true"\r\n   Name="Intense Emphasis"/>\r\n  <w:LsdException Locked="false" Priority="31" QFormat="true"\r\n   Name="Subtle Reference"/>\r\n  <w:LsdException Locked="false" Priority="32" QFormat="true"\r\n   Name="Intense Reference"/>\r\n  <w:LsdException Locked="false" Priority="33" QFormat="true" Name="Book Title"/>\r\n  <w:LsdException Locked="false" Priority="37" SemiHidden="true"\r\n   UnhideWhenUsed="true" Name="Bibliography"/>\r\n  <w:LsdException Locked="false" Priority="39" SemiHidden="true"\r\n   UnhideWhenUsed="true" QFormat="true" Name="TOC Heading"/>\r\n  <w:LsdException Locked="false" Priority="41" Name="Plain Table 1"/>\r\n  <w:LsdException Locked="false" Priority="42" Name="Plain Table 2"/>\r\n  <w:LsdException Locked="false" Priority="43" Name="Plain Table 3"/>\r\n  <w:LsdException Locked="false" Priority="44" Name="Plain Table 4"/>\r\n  <w:LsdException Locked="false" Priority="45" Name="Plain Table 5"/>\r\n  <w:LsdException Locked="false" Priority="40" Name="Grid Table Light"/>\r\n  <w:LsdException Locked="false" Priority="46" Name="Grid Table 1 Light"/>\r\n  <w:LsdException Locked="false" Priority="47" Name="Grid Table 2"/>\r\n  <w:LsdException Locked="false" Priority="48" Name="Grid Table 3"/>\r\n  <w:LsdException Locked="false" Priority="49" Name="Grid Table 4"/>\r\n  <w:LsdException Locked="false" Priority="50" Name="Grid Table 5 Dark"/>\r\n  <w:LsdException Locked="false" Priority="51" Name="Grid Table 6 Colorful"/>\r\n  <w:LsdException Locked="false" Priority="52" Name="Grid Table 7 Colorful"/>\r\n  <w:LsdException Locked="false" Priority="46"\r\n   Name="Grid Table 1 Light Accent 1"/>\r\n  <w:LsdException Locked="false" Priority="47" Name="Grid Table 2 Accent 1"/>\r\n  <w:LsdException Locked="false" Priority="48" Name="Grid Table 3 Accent 1"/>\r\n  <w:LsdException Locked="false" Priority="49" Name="Grid Table 4 Accent 1"/>\r\n  <w:LsdException Locked="false" Priority="50" Name="Grid Table 5 Dark Accent 1"/>\r\n  <w:LsdException Locked="false" Priority="51"\r\n   Name="Grid Table 6 Colorful Accent 1"/>\r\n  <w:LsdException Locked="false" Priority="52"\r\n   Name="Grid Table 7 Colorful Accent 1"/>\r\n  <w:LsdException Locked="false" Priority="46"\r\n   Name="Grid Table 1 Light Accent 2"/>\r\n  <w:LsdException Locked="false" Priority="47" Name="Grid Table 2 Accent 2"/>\r\n  <w:LsdException Locked="false" Priority="48" Name="Grid Table 3 Accent 2"/>\r\n  <w:LsdException Locked="false" Priority="49" Name="Grid Table 4 Accent 2"/>\r\n  <w:LsdException Locked="false" Priority="50" Name="Grid Table 5 Dark Accent 2"/>\r\n  <w:LsdException Locked="false" Priority="51"\r\n   Name="Grid Table 6 Colorful Accent 2"/>\r\n  <w:LsdException Locked="false" Priority="52"\r\n   Name="Grid Table 7 Colorful Accent 2"/>\r\n  <w:LsdException Locked="false" Priority="46"\r\n   Name="Grid Table 1 Light Accent 3"/>\r\n  <w:LsdException Locked="false" Priority="47" Name="Grid Table 2 Accent 3"/>\r\n  <w:LsdException Locked="false" Priority="48" Name="Grid Table 3 Accent 3"/>\r\n  <w:LsdException Locked="false" Priority="49" Name="Grid Table 4 Accent 3"/>\r\n  <w:LsdException Locked="false" Priority="50" Name="Grid Table 5 Dark Accent 3"/>\r\n  <w:LsdException Locked="false" Priority="51"\r\n   Name="Grid Table 6 Colorful Accent 3"/>\r\n  <w:LsdException Locked="false" Priority="52"\r\n   Name="Grid Table 7 Colorful Accent 3"/>\r\n  <w:LsdException Locked="false" Priority="46"\r\n   Name="Grid Table 1 Light Accent 4"/>\r\n  <w:LsdException Locked="false" Priority="47" Name="Grid Table 2 Accent 4"/>\r\n  <w:LsdException Locked="false" Priority="48" Name="Grid Table 3 Accent 4"/>\r\n  <w:LsdException Locked="false" Priority="49" Name="Grid Table 4 Accent 4"/>\r\n  <w:LsdException Locked="false" Priority="50" Name="Grid Table 5 Dark Accent 4"/>\r\n  <w:LsdException Locked="false" Priority="51"\r\n   Name="Grid Table 6 Colorful Accent 4"/>\r\n  <w:LsdException Locked="false" Priority="52"\r\n   Name="Grid Table 7 Colorful Accent 4"/>\r\n  <w:LsdException Locked="false" Priority="46"\r\n   Name="Grid Table 1 Light Accent 5"/>\r\n  <w:LsdException Locked="false" Priority="47" Name="Grid Table 2 Accent 5"/>\r\n  <w:LsdException Locked="false" Priority="48" Name="Grid Table 3 Accent 5"/>\r\n  <w:LsdException Locked="false" Priority="49" Name="Grid Table 4 Accent 5"/>\r\n  <w:LsdException Locked="false" Priority="50" Name="Grid Table 5 Dark Accent 5"/>\r\n  <w:LsdException Locked="false" Priority="51"\r\n   Name="Grid Table 6 Colorful Accent 5"/>\r\n  <w:LsdException Locked="false" Priority="52"\r\n   Name="Grid Table 7 Colorful Accent 5"/>\r\n  <w:LsdException Locked="false" Priority="46"\r\n   Name="Grid Table 1 Light Accent 6"/>\r\n  <w:LsdException Locked="false" Priority="47" Name="Grid Table 2 Accent 6"/>\r\n  <w:LsdException Locked="false" Priority="48" Name="Grid Table 3 Accent 6"/>\r\n  <w:LsdException Locked="false" Priority="49" Name="Grid Table 4 Accent 6"/>\r\n  <w:LsdException Locked="false" Priority="50" Name="Grid Table 5 Dark Accent 6"/>\r\n  <w:LsdException Locked="false" Priority="51"\r\n   Name="Grid Table 6 Colorful Accent 6"/>\r\n  <w:LsdException Locked="false" Priority="52"\r\n   Name="Grid Table 7 Colorful Accent 6"/>\r\n  <w:LsdException Locked="false" Priority="46" Name="List Table 1 Light"/>\r\n  <w:LsdException Locked="false" Priority="47" Name="List Table 2"/>\r\n  <w:LsdException Locked="false" Priority="48" Name="List Table 3"/>\r\n  <w:LsdException Locked="false" Priority="49" Name="List Table 4"/>\r\n  <w:LsdException Locked="false" Priority="50" Name="List Table 5 Dark"/>\r\n  <w:LsdException Locked="false" Priority="51" Name="List Table 6 Colorful"/>\r\n  <w:LsdException Locked="false" Priority="52" Name="List Table 7 Colorful"/>\r\n  <w:LsdException Locked="false" Priority="46"\r\n   Name="List Table 1 Light Accent 1"/>\r\n  <w:LsdException Locked="false" Priority="47" Name="List Table 2 Accent 1"/>\r\n  <w:LsdException Locked="false" Priority="48" Name="List Table 3 Accent 1"/>\r\n  <w:LsdException Locked="false" Priority="49" Name="List Table 4 Accent 1"/>\r\n  <w:LsdException Locked="false" Priority="50" Name="List Table 5 Dark Accent 1"/>\r\n  <w:LsdException Locked="false" Priority="51"\r\n   Name="List Table 6 Colorful Accent 1"/>\r\n  <w:LsdException Locked="false" Priority="52"\r\n   Name="List Table 7 Colorful Accent 1"/>\r\n  <w:LsdException Locked="false" Priority="46"\r\n   Name="List Table 1 Light Accent 2"/>\r\n  <w:LsdException Locked="false" Priority="47" Name="List Table 2 Accent 2"/>\r\n  <w:LsdException Locked="false" Priority="48" Name="List Table 3 Accent 2"/>\r\n  <w:LsdException Locked="false" Priority="49" Name="List Table 4 Accent 2"/>\r\n  <w:LsdException Locked="false" Priority="50" Name="List Table 5 Dark Accent 2"/>\r\n  <w:LsdException Locked="false" Priority="51"\r\n   Name="List Table 6 Colorful Accent 2"/>\r\n  <w:LsdException Locked="false" Priority="52"\r\n   Name="List Table 7 Colorful Accent 2"/>\r\n  <w:LsdException Locked="false" Priority="46"\r\n   Name="List Table 1 Light Accent 3"/>\r\n  <w:LsdException Locked="false" Priority="47" Name="List Table 2 Accent 3"/>\r\n  <w:LsdException Locked="false" Priority="48" Name="List Table 3 Accent 3"/>\r\n  <w:LsdException Locked="false" Priority="49" Name="List Table 4 Accent 3"/>\r\n  <w:LsdException Locked="false" Priority="50" Name="List Table 5 Dark Accent 3"/>\r\n  <w:LsdException Locked="false" Priority="51"\r\n   Name="List Table 6 Colorful Accent 3"/>\r\n  <w:LsdException Locked="false" Priority="52"\r\n   Name="List Table 7 Colorful Accent 3"/>\r\n  <w:LsdException Locked="false" Priority="46"\r\n   Name="List Table 1 Light Accent 4"/>\r\n  <w:LsdException Locked="false" Priority="47" Name="List Table 2 Accent 4"/>\r\n  <w:LsdException Locked="false" Priority="48" Name="List Table 3 Accent 4"/>\r\n  <w:LsdException Locked="false" Priority="49" Name="List Table 4 Accent 4"/>\r\n  <w:LsdException Locked="false" Priority="50" Name="List Table 5 Dark Accent 4"/>\r\n  <w:LsdException Locked="false" Priority="51"\r\n   Name="List Table 6 Colorful Accent 4"/>\r\n  <w:LsdException Locked="false" Priority="52"\r\n   Name="List Table 7 Colorful Accent 4"/>\r\n  <w:LsdException Locked="false" Priority="46"\r\n   Name="List Table 1 Light Accent 5"/>\r\n  <w:LsdException Locked="false" Priority="47" Name="List Table 2 Accent 5"/>\r\n  <w:LsdException Locked="false" Priority="48" Name="List Table 3 Accent 5"/>\r\n  <w:LsdException Locked="false" Priority="49" Name="List Table 4 Accent 5"/>\r\n  <w:LsdException Locked="false" Priority="50" Name="List Table 5 Dark Accent 5"/>\r\n  <w:LsdException Locked="false" Priority="51"\r\n   Name="List Table 6 Colorful Accent 5"/>\r\n  <w:LsdException Locked="false" Priority="52"\r\n   Name="List Table 7 Colorful Accent 5"/>\r\n  <w:LsdException Locked="false" Priority="46"\r\n   Name="List Table 1 Light Accent 6"/>\r\n  <w:LsdException Locked="false" Priority="47" Name="List Table 2 Accent 6"/>\r\n  <w:LsdException Locked="false" Priority="48" Name="List Table 3 Accent 6"/>\r\n  <w:LsdException Locked="false" Priority="49" Name="List Table 4 Accent 6"/>\r\n  <w:LsdException Locked="false" Priority="50" Name="List Table 5 Dark Accent 6"/>\r\n  <w:LsdException Locked="false" Priority="51"\r\n   Name="List Table 6 Colorful Accent 6"/>\r\n  <w:LsdException Locked="false" Priority="52"\r\n   Name="List Table 7 Colorful Accent 6"/>\r\n </w:LatentStyles>\r\n</xml><![endif]--><!-- [if gte mso 10]>\r\n<style>\r\n /* Style Definitions */\r\n table.MsoNormalTable\r\n	{mso-style-name:"Table Normal";\r\n	mso-tstyle-rowband-size:0;\r\n	mso-tstyle-colband-size:0;\r\n	mso-style-noshow:yes;\r\n	mso-style-priority:99;\r\n	mso-style-parent:"";\r\n	mso-padding-alt:0in 5.4pt 0in 5.4pt;\r\n	mso-para-margin-top:0in;\r\n	mso-para-margin-right:0in;\r\n	mso-para-margin-bottom:12.0pt;\r\n	mso-para-margin-left:0in;\r\n	mso-pagination:widow-orphan;\r\n	font-size:11.0pt;\r\n	font-family:"Cambria","serif";\r\n	mso-ascii-font-family:Cambria;\r\n	mso-ascii-theme-font:minor-latin;\r\n	mso-hansi-font-family:Cambria;\r\n	mso-hansi-theme-font:minor-latin;\r\n	color:#404040;\r\n	mso-themecolor:text1;\r\n	mso-themetint:191;\r\n	mso-fareast-language:JA;}\r\ntable.MsoTableGrid\r\n	{mso-style-name:"Table Grid";\r\n	mso-tstyle-rowband-size:0;\r\n	mso-tstyle-colband-size:0;\r\n	mso-style-priority:39;\r\n	mso-style-unhide:no;\r\n	border:solid windowtext 1.0pt;\r\n	mso-border-alt:solid windowtext .5pt;\r\n	mso-padding-alt:0in 5.4pt 0in 5.4pt;\r\n	mso-border-insideh:.5pt solid windowtext;\r\n	mso-border-insidev:.5pt solid windowtext;\r\n	mso-para-margin:0in;\r\n	mso-para-margin-bottom:.0001pt;\r\n	mso-pagination:widow-orphan;\r\n	font-size:11.0pt;\r\n	font-family:"Cambria","serif";\r\n	mso-ascii-font-family:Cambria;\r\n	mso-ascii-theme-font:minor-latin;\r\n	mso-hansi-font-family:Cambria;\r\n	mso-hansi-theme-font:minor-latin;\r\n	color:#404040;\r\n	mso-themecolor:text1;\r\n	mso-themetint:191;\r\n	mso-fareast-language:JA;}\r\ntable.MsoTable15Grid5DarkAccent1\r\n	{mso-style-name:"Grid Table 5 Dark - Accent 1";\r\n	mso-tstyle-rowband-size:1;\r\n	mso-tstyle-colband-size:1;\r\n	mso-style-priority:50;\r\n	mso-style-unhide:no;\r\n	border:solid white 1.0pt;\r\n	mso-border-themecolor:background1;\r\n	mso-border-alt:solid white .5pt;\r\n	mso-border-themecolor:background1;\r\n	mso-padding-alt:0in 5.4pt 0in 5.4pt;\r\n	mso-border-insideh:.5pt solid white;\r\n	mso-border-insideh-themecolor:background1;\r\n	mso-border-insidev:.5pt solid white;\r\n	mso-border-insidev-themecolor:background1;\r\n	mso-tstyle-shading:#D5EEF2;\r\n	mso-tstyle-shading-themecolor:accent1;\r\n	mso-tstyle-shading-themetint:51;\r\n	mso-para-margin:0in;\r\n	mso-para-margin-bottom:.0001pt;\r\n	mso-pagination:widow-orphan;\r\n	font-size:11.0pt;\r\n	font-family:"Cambria","serif";\r\n	mso-ascii-font-family:Cambria;\r\n	mso-ascii-theme-font:minor-latin;\r\n	mso-hansi-font-family:Cambria;\r\n	mso-hansi-theme-font:minor-latin;\r\n	color:#404040;\r\n	mso-themecolor:text1;\r\n	mso-themetint:191;\r\n	mso-fareast-language:JA;}\r\ntable.MsoTable15Grid5DarkAccent1FirstRow\r\n	{mso-style-name:"Grid Table 5 Dark - Accent 1";\r\n	mso-table-condition:first-row;\r\n	mso-style-priority:50;\r\n	mso-style-unhide:no;\r\n	mso-tstyle-shading:#39A5B7;\r\n	mso-tstyle-shading-themecolor:accent1;\r\n	mso-tstyle-border-top:.5pt solid white;\r\n	mso-tstyle-border-top-themecolor:background1;\r\n	mso-tstyle-border-left:.5pt solid white;\r\n	mso-tstyle-border-left-themecolor:background1;\r\n	mso-tstyle-border-right:.5pt solid white;\r\n	mso-tstyle-border-right-themecolor:background1;\r\n	mso-tstyle-border-insideh:cell-none;\r\n	mso-tstyle-border-insidev:cell-none;\r\n	color:white;\r\n	mso-themecolor:background1;\r\n	mso-ansi-font-weight:bold;\r\n	mso-bidi-font-weight:bold;}\r\ntable.MsoTable15Grid5DarkAccent1LastRow\r\n	{mso-style-name:"Grid Table 5 Dark - Accent 1";\r\n	mso-table-condition:last-row;\r\n	mso-style-priority:50;\r\n	mso-style-unhide:no;\r\n	mso-tstyle-shading:#39A5B7;\r\n	mso-tstyle-shading-themecolor:accent1;\r\n	mso-tstyle-border-left:.5pt solid white;\r\n	mso-tstyle-border-left-themecolor:background1;\r\n	mso-tstyle-border-bottom:.5pt solid white;\r\n	mso-tstyle-border-bottom-themecolor:background1;\r\n	mso-tstyle-border-right:.5pt solid white;\r\n	mso-tstyle-border-right-themecolor:background1;\r\n	mso-tstyle-border-insideh:cell-none;\r\n	mso-tstyle-border-insidev:cell-none;\r\n	color:white;\r\n	mso-themecolor:background1;\r\n	mso-ansi-font-weight:bold;\r\n	mso-bidi-font-weight:bold;}\r\ntable.MsoTable15Grid5DarkAccent1FirstCol\r\n	{mso-style-name:"Grid Table 5 Dark - Accent 1";\r\n	mso-table-condition:first-column;\r\n	mso-style-priority:50;\r\n	mso-style-unhide:no;\r\n	mso-tstyle-shading:#39A5B7;\r\n	mso-tstyle-shading-themecolor:accent1;\r\n	mso-tstyle-border-top:.5pt solid white;\r\n	mso-tstyle-border-top-themecolor:background1;\r\n	mso-tstyle-border-left:.5pt solid white;\r\n	mso-tstyle-border-left-themecolor:background1;\r\n	mso-tstyle-border-bottom:.5pt solid white;\r\n	mso-tstyle-border-bottom-themecolor:background1;\r\n	mso-tstyle-border-insidev:cell-none;\r\n	color:white;\r\n	mso-themecolor:background1;\r\n	mso-ansi-font-weight:bold;\r\n	mso-bidi-font-weight:bold;}\r\ntable.MsoTable15Grid5DarkAccent1LastCol\r\n	{mso-style-name:"Grid Table 5 Dark - Accent 1";\r\n	mso-table-condition:last-column;\r\n	mso-style-priority:50;\r\n	mso-style-unhide:no;\r\n	mso-tstyle-shading:#39A5B7;\r\n	mso-tstyle-shading-themecolor:accent1;\r\n	mso-tstyle-border-top:.5pt solid white;\r\n	mso-tstyle-border-top-themecolor:background1;\r\n	mso-tstyle-border-bottom:.5pt solid white;\r\n	mso-tstyle-border-bottom-themecolor:background1;\r\n	mso-tstyle-border-right:.5pt solid white;\r\n	mso-tstyle-border-right-themecolor:background1;\r\n	mso-tstyle-border-insidev:cell-none;\r\n	color:white;\r\n	mso-themecolor:background1;\r\n	mso-ansi-font-weight:bold;\r\n	mso-bidi-font-weight:bold;}\r\ntable.MsoTable15Grid5DarkAccent1OddColumn\r\n	{mso-style-name:"Grid Table 5 Dark - Accent 1";\r\n	mso-table-condition:odd-column;\r\n	mso-style-priority:50;\r\n	mso-style-unhide:no;\r\n	mso-tstyle-shading:#ACDDE5;\r\n	mso-tstyle-shading-themecolor:accent1;\r\n	mso-tstyle-shading-themetint:102;}\r\ntable.MsoTable15Grid5DarkAccent1OddRow\r\n	{mso-style-name:"Grid Table 5 Dark - Accent 1";\r\n	mso-table-condition:odd-row;\r\n	mso-style-priority:50;\r\n	mso-style-unhide:no;\r\n	mso-tstyle-shading:#ACDDE5;\r\n	mso-tstyle-shading-themecolor:accent1;\r\n	mso-tstyle-shading-themetint:102;}\r\n</style>\r\n<![endif]--></p>\r\n<p class="MsoNormal" style="line-height: 150%;"><span lang="IN" style="mso-ansi-language: IN; mso-no-proof: yes;">&nbsp;</span></p>\r\n<table class="MsoNormalTable" style="width: 80.0%; border-collapse: collapse; border: none; mso-border-left-alt: solid #39A5B7 1.5pt; mso-border-left-themecolor: accent1; mso-yfti-tbllook: 1184; mso-table-lspace: 9.35pt; margin-left: 7.1pt; mso-table-rspace: 9.35pt; margin-right: 7.1pt; mso-table-anchor-vertical: page; mso-table-anchor-horizontal: margin; mso-table-left: center; mso-table-top: 103.55pt; mso-padding-alt: 0in 5.75pt 0in .1in;" border="1" width="80%" cellspacing="0" cellpadding="0" align="left">\r\n<tbody>\r\n<tr style="mso-yfti-irow: 0; mso-yfti-firstrow: yes;">\r\n<td style="width: 396.85pt; border: none; border-left: solid #39A5B7 1.5pt; mso-border-left-themecolor: accent1; padding: .15in 5.75pt .15in 5.75pt;" valign="top" width="529">\r\n<p class="MsoNoSpacing" style="line-height: 150%; mso-element: frame; mso-element-frame-hspace: 9.35pt; mso-element-wrap: around; mso-element-anchor-vertical: page; mso-element-anchor-horizontal: margin; mso-element-left: center; mso-element-top: 103.55pt; mso-height-rule: exactly;"><span lang="IN" style="font-size: 12.0pt; mso-bidi-font-size: 11.0pt; line-height: 150%; color: #2a7b88; mso-themecolor: accent1; mso-themeshade: 191; mso-ansi-language: IN; mso-no-proof: yes;">&nbsp;</span></p>\r\n</td>\r\n</tr>\r\n<tr style="mso-yfti-irow: 1;">\r\n<td style="width: 396.85pt; border: none; border-left: solid #39A5B7 1.5pt; mso-border-left-themecolor: accent1; padding: 0in 5.75pt 0in .1in;" valign="top" width="529">\r\n<p class="MsoNoSpacing" style="line-height: 150%; mso-element: frame; mso-element-frame-hspace: 9.35pt; mso-element-wrap: around; mso-element-anchor-vertical: page; mso-element-anchor-horizontal: margin; mso-element-left: center; mso-element-top: 103.55pt; mso-height-rule: exactly;"><span lang="IN" style="font-size: 36.0pt; line-height: 150%; mso-ascii-font-family: Cambria; mso-ascii-theme-font: major-latin; mso-fareast-font-family: HGMinchoB; mso-fareast-theme-font: major-fareast; mso-hansi-font-family: Cambria; mso-hansi-theme-font: major-latin; mso-bidi-font-family: ''Times New Roman''; mso-bidi-theme-font: major-bidi; color: #39a5b7; mso-themecolor: accent1; mso-ansi-language: IN; mso-no-proof: yes;">Penerapan Metode Scrum dan Analisis </span><span style="font-size: 36.0pt; line-height: 150%; mso-ascii-font-family: Cambria; mso-ascii-theme-font: major-latin; mso-fareast-font-family: HGMinchoB; mso-fareast-theme-font: major-fareast; mso-hansi-font-family: Cambria; mso-hansi-theme-font: major-latin; mso-bidi-font-family: ''Times New Roman''; mso-bidi-theme-font: major-bidi; color: #39a5b7; mso-themecolor: accent1; mso-no-proof: yes;">Pada </span><span lang="IN" style="font-size: 36.0pt; line-height: 150%; mso-ascii-font-family: Cambria; mso-ascii-theme-font: major-latin; mso-fareast-font-family: HGMinchoB; mso-fareast-theme-font: major-fareast; mso-hansi-font-family: Cambria; mso-hansi-theme-font: major-latin; mso-bidi-font-family: ''Times New Roman''; mso-bidi-theme-font: major-bidi; color: #39a5b7; mso-themecolor: accent1; mso-ansi-language: IN; mso-no-proof: yes;">Software Anti Theft Alarm</span></p>\r\n</td>\r\n</tr>\r\n<tr style="mso-yfti-irow: 2; mso-yfti-lastrow: yes;">\r\n<td style="width: 396.85pt; border: none; border-left: solid #39A5B7 1.5pt; mso-border-left-themecolor: accent1; padding: .15in 5.75pt .15in 5.75pt;" valign="top" width="529">\r\n<p class="MsoNoSpacing" style="line-height: 150%; mso-element: frame; mso-element-frame-hspace: 9.35pt; mso-element-wrap: around; mso-element-anchor-vertical: page; mso-element-anchor-horizontal: margin; mso-element-left: center; mso-element-top: 103.55pt; mso-height-rule: exactly;"><span lang="IN" style="font-size: 12.0pt; mso-bidi-font-size: 11.0pt; line-height: 150%; color: #2a7b88; mso-themecolor: accent1; mso-themeshade: 191; mso-ansi-language: IN; mso-no-proof: yes;">&nbsp;</span></p>\r\n</td>\r\n</tr>\r\n</tbody>\r\n</table>\r\n<p class="MsoNormal" style="line-height: 150%;"><span lang="IN" style="mso-ansi-language: IN; mso-no-proof: yes;">&nbsp;</span></p>\r\n<table class="MsoNormalTable" style="border-collapse: collapse; mso-table-layout-alt: fixed; mso-yfti-tbllook: 1184; mso-table-lspace: 9.35pt; margin-left: 7.1pt; mso-table-rspace: 9.35pt; margin-right: 7.1pt; mso-table-anchor-vertical: page; mso-table-anchor-horizontal: margin; mso-table-left: center; mso-table-top: 556.8pt; mso-padding-alt: 0in 5.4pt 0in 5.4pt;" border="0" cellspacing="0" cellpadding="0" align="left">\r\n<tbody>\r\n<tr style="mso-yfti-irow: 0; mso-yfti-firstrow: yes; height: 1.0pt;">\r\n<td style="width: 5.4in; padding: .15in 5.75pt .15in 5.75pt; height: 1.0pt;" valign="top" width="518">\r\n<p class="MsoNoSpacing" style="line-height: 150%; mso-element: frame; mso-element-frame-hspace: 9.35pt; mso-element-wrap: around; mso-element-anchor-vertical: page; mso-element-anchor-horizontal: margin; mso-element-left: center; mso-element-top: 556.8pt; mso-height-rule: exactly;"><span lang="IN" style="font-size: 14.0pt; line-height: 150%; color: #39a5b7; mso-themecolor: accent1; mso-ansi-language: IN; mso-no-proof: yes;">Muhammad Sufyan Tsauri &ndash; 5302414037</span></p>\r\n<p class="MsoNoSpacing" style="line-height: 150%; mso-element: frame; mso-element-frame-hspace: 9.35pt; mso-element-wrap: around; mso-element-anchor-vertical: page; mso-element-anchor-horizontal: margin; mso-element-left: center; mso-element-top: 556.8pt; mso-height-rule: exactly;"><span lang="IN" style="font-size: 14.0pt; line-height: 150%; color: #39a5b7; mso-themecolor: accent1; mso-ansi-language: IN; mso-no-proof: yes;">Siti Nurjanah &ndash; 5302414043</span></p>\r\n</td>\r\n</tr>\r\n<tr style="mso-yfti-irow: 1; mso-yfti-lastrow: yes; height: 1.0pt;">\r\n<td style="width: 5.4in; padding: .15in 5.75pt .15in 5.75pt; height: 1.0pt;" valign="top" width="518">\r\n<p class="MsoNoSpacing" style="line-height: 150%; mso-element: frame; mso-element-frame-hspace: 9.35pt; mso-element-wrap: around; mso-element-anchor-vertical: page; mso-element-anchor-horizontal: margin; mso-element-left: center; mso-element-top: 556.8pt; mso-height-rule: exactly;"><span lang="IN" style="font-size: 14.0pt; line-height: 150%; color: #39a5b7; mso-themecolor: accent1; mso-ansi-language: IN; mso-no-proof: yes;">Pendidikan Teknik Informatika dan Komputer</span></p>\r\n<p class="MsoNoSpacing" style="line-height: 150%; mso-element: frame; mso-element-frame-hspace: 9.35pt; mso-element-wrap: around; mso-element-anchor-vertical: page; mso-element-anchor-horizontal: margin; mso-element-left: center; mso-element-top: 556.8pt; mso-height-rule: exactly;"><span lang="IN" style="font-size: 14.0pt; line-height: 150%; color: #39a5b7; mso-themecolor: accent1; mso-ansi-language: IN; mso-no-proof: yes;">Universitas Negeri Semarang</span></p>\r\n<p class="MsoNoSpacing" style="line-height: 150%; mso-element: frame; mso-element-frame-hspace: 9.35pt; mso-element-wrap: around; mso-element-anchor-vertical: page; mso-element-anchor-horizontal: margin; mso-element-left: center; mso-element-top: 556.8pt; mso-height-rule: exactly;"><span lang="IN" style="font-size: 14.0pt; line-height: 150%; color: #39a5b7; mso-themecolor: accent1; mso-ansi-language: IN; mso-no-proof: yes;">2016</span></p>\r\n</td>\r\n</tr>\r\n</tbody>\r\n</table>\r\n<p><span lang="IN" style="font-size: 11.0pt; line-height: 150%; font-family: ''Cambria'',''serif''; mso-ascii-theme-font: minor-latin; mso-fareast-font-family: HGMinchoB; mso-fareast-theme-font: minor-fareast; mso-hansi-theme-font: minor-latin; mso-bidi-font-family: ''Times New Roman''; mso-bidi-theme-font: minor-bidi; mso-ansi-language: IN; mso-fareast-language: JA; mso-bidi-language: AR-SA; mso-no-proof: yes;"><br style="mso-special-character: line-break; page-break-before: always;" clear="all" /> </span></p>\r\n<p class="MsoNormal" style="line-height: 150%;"><span lang="IN" style="font-size: 28.0pt; mso-bidi-font-size: 11.0pt; line-height: 150%; mso-ascii-font-family: Cambria; mso-ascii-theme-font: major-latin; mso-fareast-font-family: HGMinchoB; mso-fareast-theme-font: major-fareast; mso-hansi-font-family: Cambria; mso-hansi-theme-font: major-latin; mso-bidi-font-family: ''Times New Roman''; mso-bidi-theme-font: major-bidi; color: #2a7b88; mso-themecolor: accent1; mso-themeshade: 191; mso-font-kerning: 14.0pt; mso-ansi-language: IN; mso-no-proof: yes;">&nbsp;</span></p>\r\n<div style="mso-element: para-border-div; border: none; border-bottom: solid #39A5B7 1.5pt; mso-border-bottom-themecolor: accent1; padding: 0in 0in 4.0pt 0in;">\r\n<p class="MsoTitle" style="line-height: 150%;"><span lang="IN" style="mso-ansi-language: IN; mso-no-proof: yes;">BAB I : PENDAHULUAN</span></p>\r\n</div>\r\n<h1 style="text-align: justify; text-justify: inter-ideograph; line-height: 150%;"><span lang="IN" style="mso-ansi-language: IN; mso-no-proof: yes;">I. Latar Belakang</span></h1>\r\n<p class="MsoNormal" style="text-align: justify; text-justify: inter-ideograph; text-indent: .5in; line-height: 150%;"><span lang="IN" style="color: windowtext; mso-ansi-language: IN; mso-no-proof: yes;">Kemajuan teknologi saat ini sangat berkembang pesat dan membantu manusia untuk berinteraksi satu sama lain tanpa dibatasi oleh jarak dan waktu. Kemudahan yang diberikan oleh teknologi tersebut mencakup banyak hal serta merambah berbagai aspek kehidupan, mulai dari bisnis hingga pendidikan. Pada prinsipnya semua teknologi komunikasi ini berkembang untuk memenuhi kebutuhan dan keinginan manusia agar dalam kehidupannya dapat lebih mudah berkomunikasi ataupun melakukan sesuatu.</span></p>\r\n<p class="MsoNormal" style="text-align: justify; text-justify: inter-ideograph; text-indent: .5in; line-height: 150%;"><span lang="IN" style="color: windowtext; mso-ansi-language: IN; mso-no-proof: yes;">Handphone merupakan salah satu dari perkembangan teknologi. Dengan kecanggihan teknologi saat ini, fungsi handphone tidak hanya sebagai alat komunikasi biasa, tetapi manusia juga dapat mengakses internet, SMS, berfoto dan juga saling mengirim data. Bahkan sekarang yang sedang marak adalah Smartphone yang sedang ramai-ramai digunakan dan memenuhi pasar karena banyaknya fitur yang tersedia dibandingkan dengan handphone biasa.</span></p>\r\n<p class="MsoNormal" style="text-align: justify; text-justify: inter-ideograph; text-indent: .5in; line-height: 150%;"><span lang="IN" style="color: windowtext; mso-ansi-language: IN; mso-no-proof: yes;">Fungsi handphone pada saat ini sudah mulai bergeser. Dahulu handphone hanya digunakan untuk menelfon ataupun dengan menggunakan SMS (Short Message Service) untuk menyampaikan suatu pesan. Sekarang dengan kemajuan ilmu pengetahuan di bidang teknologi yang semakin modern, kini handphone telah berkembang bukan hanya sebagai alat untuk berkomunikasi. Adanya berbagai fitur yang tersedia dalam handphone, seperti adanya kamera, musik MP3, internet, dan fasilitas-fasilitas lainnya, masyarakat dapat menggunakannya bukan sekedar untuk berkomunikasi. </span></p>\r\n<p class="MsoNormal" style="text-align: justify; text-justify: inter-ideograph; text-indent: .5in; line-height: 150%;"><span lang="IN" style="color: windowtext; mso-ansi-language: IN; mso-no-proof: yes;">Seiring dengan terus berkembangnya teknologi komunikasi dalam produksi handphone, kini berbagai jenis merek handphone dapat ditemui dengan harga yang semakin terjangkau. Banyak masyarakat tertarik untuk memiliki handphone yang kini sudah berubah menjadi smartphone. Tampilan smartphone dan fasilitas-fasilitas yang terdapat di dalam handphone, menjadi pertimbangan bagi masyarakat untuk membeli dan memilih smartphone yang akan digunakan. Sebagian orang beranggapan bahwa menggunakan smartphone terbaru dan tercanggih akan menambah kepercayaan diri. </span></p>\r\n<p class="MsoNormal" style="text-align: justify; text-justify: inter-ideograph; text-indent: .5in; line-height: 150%;"><span lang="IN" style="color: windowtext; mso-ansi-language: IN; mso-no-proof: yes;">Dengan banyaknya masyarakat yang tertarik untuk mengikuti keluaran smartphone, terkadang orang menghalalkan berbagai cara unuk mendapatkan apa yang diinginkan, salah satunya aalah dengan mencuri. Maraknya pencurian yang terjadi khususnya pada smartphone membuat banyak orang berusaha untuk lebih meningkatkan system keamanan handphone dengan cara memasang berbagai aplikasi keamanan anti maling pada smartphone mereka.</span></p>\r\n<p class="MsoNormal" style="text-align: justify; text-justify: inter-ideograph; text-indent: .5in; line-height: 150%;"><span lang="IN" style="color: windowtext; mso-ansi-language: IN; mso-no-proof: yes;">Dari latar belakang di atas, maka penulis memilih untuk mengulas software bernama Anti Theft Alarm yaitu salah satu software yang dapat digunakan oleh pengguna smartphone untuk mengamankan dan melindungi smartphone sebelum hilang atau dicuri.</span></p>\r\n<h1 style="text-align: justify; text-justify: inter-ideograph; line-height: 150%;"><span lang="IN" style="mso-ansi-language: IN; mso-no-proof: yes;">II. Rumusan Masalah</span></h1>\r\n<p class="MsoListNumberCxSpFirst" style="margin-left: .5in; mso-add-space: auto; text-indent: -14.7pt; mso-list: l4 level1 lfo6;"><span lang="IN" style="mso-fareast-font-family: Cambria; mso-fareast-theme-font: minor-latin; mso-bidi-font-family: Cambria; mso-bidi-theme-font: minor-latin; color: windowtext; mso-ansi-language: IN;"><span style="mso-list: Ignore;">1.<span style="font: 7.0pt ''Times New Roman'';">&nbsp;&nbsp;&nbsp;&nbsp; </span></span></span><span lang="IN" style="color: windowtext; mso-ansi-language: IN; mso-no-proof: yes;">Bagaimana membu</span><span style="color: windowtext;">at soft</span><span lang="IN" style="color: windowtext; mso-ansi-language: IN;">ware Anti Theft Alarm?</span></p>\r\n<p class="MsoListNumberCxSpLast" style="margin-left: .5in; mso-add-space: auto; text-indent: -14.7pt; mso-list: l4 level1 lfo6;"><span lang="IN" style="mso-fareast-font-family: Cambria; mso-fareast-theme-font: minor-latin; mso-bidi-font-family: Cambria; mso-bidi-theme-font: minor-latin; color: windowtext; mso-ansi-language: IN; mso-no-proof: yes;"><span style="mso-list: Ignore;">2.<span style="font: 7.0pt ''Times New Roman'';">&nbsp;&nbsp;&nbsp;&nbsp; </span></span></span><span lang="IN" style="color: windowtext; mso-ansi-language: IN;">Bagaimana penerap<span style="mso-no-proof: yes;">an metode SCRUM pada pembuatan software Anti Theft Alarm?</span></span></p>\r\n<h1 style="text-align: justify; text-justify: inter-ideograph; line-height: 150%;"><span lang="IN" style="mso-ansi-language: IN; mso-no-proof: yes;">III. Tujuan</span></h1>\r\n<p class="MsoListNumberCxSpFirst" style="margin-left: .5in; mso-add-space: auto; text-indent: -14.7pt; mso-list: l5 level1 lfo7;"><span lang="IN" style="mso-fareast-font-family: Cambria; mso-fareast-theme-font: minor-latin; mso-bidi-font-family: Cambria; mso-bidi-theme-font: minor-latin; color: windowtext; mso-ansi-language: IN; mso-no-proof: yes;"><span style="mso-list: Ignore;">1.<span style="font: 7.0pt ''Times New Roman'';">&nbsp;&nbsp;&nbsp;&nbsp; </span></span></span><span lang="IN" style="color: windowtext; mso-ansi-language: IN; mso-no-proof: yes;">Membuat software Anti Theft Alarm?</span></p>\r\n<p class="MsoListNumberCxSpLast" style="margin-left: .5in; mso-add-space: auto; text-indent: -14.7pt; mso-list: l5 level1 lfo7;"><span lang="IN" style="mso-fareast-font-family: Cambria; mso-fareast-theme-font: minor-latin; mso-bidi-font-family: Cambria; mso-bidi-theme-font: minor-latin; color: windowtext; mso-ansi-language: IN; mso-no-proof: yes;"><span style="mso-list: Ignore;">2.<span style="font: 7.0pt ''Times New Roman'';">&nbsp;&nbsp;&nbsp;&nbsp; </span></span></span><span lang="IN" style="color: windowtext; mso-ansi-language: IN; mso-no-proof: yes;">Menerapkan metode SCRUM pada pembuatan software Anti Theft Alarm?</span></p>\r\n<h1 style="text-align: justify; text-justify: inter-ideograph; line-height: 150%;"><span lang="IN" style="mso-ansi-language: IN; mso-no-proof: yes;">IV. Manfaat</span></h1>\r\n<p class="MsoListNumberCxSpFirst" style="margin-left: 35.45pt; mso-add-space: auto; text-align: justify; text-justify: inter-ideograph; text-indent: -.2in; line-height: 150%; mso-list: l6 level1 lfo2;"><span lang="IN" style="mso-fareast-font-family: Cambria; mso-fareast-theme-font: minor-latin; mso-bidi-font-family: Cambria; mso-bidi-theme-font: minor-latin; color: windowtext; mso-ansi-language: IN; mso-no-proof: yes;"><span style="mso-list: Ignore;">1.<span style="font: 7.0pt ''Times New Roman'';">&nbsp;&nbsp;&nbsp; </span></span></span><span lang="IN" style="color: windowtext; mso-ansi-language: IN; mso-no-proof: yes;">Mengembangkan software Anti Theft Alarm</span></p>\r\n<p class="MsoListNumberCxSpMiddle" style="margin-left: 35.45pt; mso-add-space: auto; text-align: justify; text-justify: inter-ideograph; text-indent: -.2in; line-height: 150%; mso-list: l6 level1 lfo2;"><span lang="IN" style="mso-fareast-font-family: Cambria; mso-fareast-theme-font: minor-latin; mso-bidi-font-family: Cambria; mso-bidi-theme-font: minor-latin; color: windowtext; mso-ansi-language: IN; mso-no-proof: yes;"><span style="mso-list: Ignore;">2.<span style="font: 7.0pt ''Times New Roman'';">&nbsp;&nbsp;&nbsp; </span></span></span><span lang="IN" style="color: windowtext; mso-ansi-language: IN; mso-no-proof: yes;">Menambah wawasan seputar metode SCRUM untuk pembuatan software Anti Theft Alarm</span></p>\r\n<p class="MsoListNumberCxSpLast" style="margin-left: 35.45pt; mso-add-space: auto; text-align: justify; text-justify: inter-ideograph; text-indent: -.2in; line-height: 150%; mso-list: l6 level1 lfo2;"><span lang="IN" style="mso-fareast-font-family: Cambria; mso-fareast-theme-font: minor-latin; mso-bidi-font-family: Cambria; mso-bidi-theme-font: minor-latin; color: windowtext; mso-ansi-language: IN; mso-no-proof: yes;"><span style="mso-list: Ignore;">3.<span style="font: 7.0pt ''Times New Roman'';">&nbsp;&nbsp;&nbsp; </span></span></span><span lang="IN" style="color: windowtext; mso-ansi-language: IN; mso-no-proof: yes;">Pengguna mengetahui cara bagaimana mengamankan dan melindungi smartphone dengan menggunakan aplikasi Anti Theft Alarm agar tidak hilang atau dicuri.</span></p>\r\n<p><span lang="IN" style="font-size: 11.0pt; line-height: 150%; font-family: ''Cambria'',''serif''; mso-ascii-theme-font: minor-latin; mso-fareast-font-family: HGMinchoB; mso-fareast-theme-font: minor-fareast; mso-hansi-theme-font: minor-latin; mso-bidi-font-family: ''Times New Roman''; mso-bidi-theme-font: minor-bidi; mso-ansi-language: IN; mso-fareast-language: JA; mso-bidi-language: AR-SA; mso-no-proof: yes;"><br style="mso-special-character: line-break; page-break-before: always;" clear="all" /> </span></p>\r\n<p class="MsoNormal" style="line-height: 150%;"><span lang="IN" style="font-size: 28.0pt; mso-bidi-font-size: 11.0pt; line-height: 150%; mso-ascii-font-family: Cambria; mso-ascii-theme-font: major-latin; mso-fareast-font-family: HGMinchoB; mso-fareast-theme-font: major-fareast; mso-hansi-font-family: Cambria; mso-hansi-theme-font: major-latin; mso-bidi-font-family: ''Times New Roman''; mso-bidi-theme-font: major-bidi; color: #2a7b88; mso-themecolor: accent1; mso-themeshade: 191; mso-font-kerning: 14.0pt; mso-ansi-language: IN; mso-no-proof: yes;">&nbsp;</span></p>\r\n<div style="mso-element: para-border-div; border: none; border-bottom: solid #39A5B7 1.5pt; mso-border-bottom-themecolor: accent1; padding: 0in 0in 4.0pt 0in;">\r\n<p class="MsoTitle" style="line-height: 150%;"><span lang="IN" style="mso-ansi-language: IN; mso-no-proof: yes;">BAB II : TINJAUAN PUSTAKA</span></p>\r\n</div>\r\n<h1 style="text-align: justify; text-justify: inter-ideograph; line-height: 150%;"><span lang="IN" style="mso-ansi-language: IN; mso-no-proof: yes;">I. Smartphone</span></h1>\r\n<p class="MsoNormal" style="text-align: justify; text-justify: inter-ideograph; text-indent: .5in; line-height: 150%;"><span lang="IN" style="color: windowtext; mso-ansi-language: IN; mso-no-proof: yes;">Android adalah sistem operasi berbasis Linux yang di- rancang untuk perangkat seluler layar sentuh seperti telepon pintar dan komputer tablet. Android awalnya dikembangkan oleh Android, Inc., dengan dukungan ?nansial dari Google, yang kemudian membelinya pada tahun 2005. Sistem operasi ini dirilis secara resmi pada tahun 2007, bersamaan dengan didirikannya Open Handset Alliance, konsorsium dari perusahaan-perusahaan perangkat keras, perangkat lunak, dan telekomunikasi yang bertujuan untuk memajukan standar terbuka perangkat seluler. Ponsel android pertama mulai dijual pada bulan Oktober 2008</span></p>\r\n<h1 style="text-align: justify; text-justify: inter-ideograph; line-height: 150%;"><span lang="IN" style="mso-ansi-language: IN; mso-no-proof: yes;">II. Metode Scrum</span></h1>\r\n<p class="MsoNormal" style="text-align: justify; text-justify: inter-ideograph; text-indent: .5in; line-height: 150%;"><span lang="IN" style="color: windowtext; mso-ansi-language: IN; mso-no-proof: yes;">Metode Scrum pertama diperkenalkan oleh Jef Sutherland pada awal tahun 1990an. Sebernarnya scrum bukanlah sebagai sebuah teknik untuk membuat produk, melainkan sebuah kerangka kerja dimana didalamnya kita dapat memasukkan berbagai proses dan teknik. Scrum akan menunjukkan hasil dari praktik pengelolaan dan pengembangan produk sehingga dapat menghasilkan produk yang lebih baik. Scrum memiliki beberapa prinsip yaitu:</span></p>\r\n<p class="MsoListBulletCxSpFirst" style="text-align: justify; text-justify: inter-ideograph; line-height: 150%; mso-list: l2 level1 lfo1;"><span lang="IN" style="mso-ascii-font-family: Cambria; mso-fareast-font-family: Cambria; mso-hansi-font-family: Cambria; mso-bidi-font-family: Cambria; color: windowtext; mso-ansi-language: IN; mso-no-proof: yes;"><span style="mso-list: Ignore;">&middot;<span style="font: 7.0pt ''Times New Roman'';">&nbsp;&nbsp;&nbsp;&nbsp; </span></span></span><span lang="IN" style="color: windowtext; mso-ansi-language: IN; mso-no-proof: yes;">Ukuran tim yang kecil<span style="mso-spacerun: yes;">&nbsp; </span>melancarkan komunikasi, mengurangi biaya, dan memberdayakan satu sama lain</span></p>\r\n<p class="MsoListBulletCxSpMiddle" style="text-align: justify; text-justify: inter-ideograph; line-height: 150%; mso-list: l2 level1 lfo1;"><span lang="IN" style="mso-ascii-font-family: Cambria; mso-fareast-font-family: Cambria; mso-hansi-font-family: Cambria; mso-bidi-font-family: Cambria; color: windowtext; mso-ansi-language: IN; mso-no-proof: yes;"><span style="mso-list: Ignore;">&middot;<span style="font: 7.0pt ''Times New Roman'';">&nbsp;&nbsp;&nbsp;&nbsp; </span></span></span><span lang="IN" style="color: windowtext; mso-ansi-language: IN; mso-no-proof: yes;">Proses dapat beradaptasi terhadap perubahan teknis dan bisnis</span></p>\r\n<p class="MsoListBulletCxSpMiddle" style="text-align: justify; text-justify: inter-ideograph; line-height: 150%; mso-list: l2 level1 lfo1;"><span lang="IN" style="mso-ascii-font-family: Cambria; mso-fareast-font-family: Cambria; mso-hansi-font-family: Cambria; mso-bidi-font-family: Cambria; color: windowtext; mso-ansi-language: IN; mso-no-proof: yes;"><span style="mso-list: Ignore;">&middot;<span style="font: 7.0pt ''Times New Roman'';">&nbsp;&nbsp;&nbsp;&nbsp; </span></span></span><span lang="IN" style="color: windowtext; mso-ansi-language: IN; mso-no-proof: yes;">Proses menghasilkan beberapa software increment</span></p>\r\n<p class="MsoListBulletCxSpMiddle" style="text-align: justify; text-justify: inter-ideograph; line-height: 150%; mso-list: l2 level1 lfo1;"><span lang="IN" style="mso-ascii-font-family: Cambria; mso-fareast-font-family: Cambria; mso-hansi-font-family: Cambria; mso-bidi-font-family: Cambria; color: windowtext; mso-ansi-language: IN; mso-no-proof: yes;"><span style="mso-list: Ignore;">&middot;<span style="font: 7.0pt ''Times New Roman'';">&nbsp;&nbsp;&nbsp;&nbsp; </span></span></span><span lang="IN" style="color: windowtext; mso-ansi-language: IN; mso-no-proof: yes;">Pembangunan dan orang yang membangun dibagi dalam tim yang kecil</span></p>\r\n<p class="MsoListBulletCxSpMiddle" style="text-align: justify; text-justify: inter-ideograph; line-height: 150%; mso-list: l2 level1 lfo1;"><span lang="IN" style="mso-ascii-font-family: Cambria; mso-fareast-font-family: Cambria; mso-hansi-font-family: Cambria; mso-bidi-font-family: Cambria; color: windowtext; mso-ansi-language: IN; mso-no-proof: yes;"><span style="mso-list: Ignore;">&middot;<span style="font: 7.0pt ''Times New Roman'';">&nbsp;&nbsp;&nbsp;&nbsp; ', '2016-11-24 03:50:52');
INSERT INTO `announcement` (`id_ann`, `id_user`, `title`, `content`, `date_created`) VALUES
(18, 27, '', '<p><!-- [if !mso]>\r\n<style>\r\nv\\:* {behavior:url(#default#VML);}\r\no\\:* {behavior:url(#default#VML);}\r\nw\\:* {behavior:url(#default#VML);}\r\n.shape {behavior:url(#default#VML);}\r\n</style>\r\n<![endif]--></p>\r\n<p><!-- [if gte mso 9]><xml>\r\n <o:OfficeDocumentSettings>\r\n  <o:RelyOnVML/>\r\n  <o:AllowPNG/>\r\n </o:OfficeDocumentSettings>\r\n</xml><![endif]--><!-- [if gte mso 9]><xml>\r\n <w:WordDocument>\r\n  <w:View>Normal</w:View>\r\n  <w:Zoom>0</w:Zoom>\r\n  <w:TrackMoves>false</w:TrackMoves>\r\n  <w:TrackFormatting/>\r\n  <w:PunctuationKerning/>\r\n  <w:ValidateAgainstSchemas/>\r\n  <w:SaveIfXMLInvalid>false</w:SaveIfXMLInvalid>\r\n  <w:IgnoreMixedContent>false</w:IgnoreMixedContent>\r\n  <w:AlwaysShowPlaceholderText>false</w:AlwaysShowPlaceholderText>\r\n  <w:DoNotPromoteQF/>\r\n  <w:LidThemeOther>IN</w:LidThemeOther>\r\n  <w:LidThemeAsian>X-NONE</w:LidThemeAsian>\r\n  <w:LidThemeComplexScript>X-NONE</w:LidThemeComplexScript>\r\n  <w:Compatibility>\r\n   <w:BreakWrappedTables/>\r\n   <w:SnapToGridInCell/>\r\n   <w:WrapTextWithPunct/>\r\n   <w:UseAsianBreakRules/>\r\n   <w:DontGrowAutofit/>\r\n   <w:SplitPgBreakAndParaMark/>\r\n   <w:EnableOpenTypeKerning/>\r\n   <w:DontFlipMirrorIndents/>\r\n   <w:OverrideTableStyleHps/>\r\n  </w:Compatibility>\r\n  <m:mathPr>\r\n   <m:mathFont m:val="Cambria Math"/>\r\n   <m:brkBin m:val="before"/>\r\n   <m:brkBinSub m:val="&#45;-"/>\r\n   <m:smallFrac m:val="off"/>\r\n   <m:dispDef/>\r\n   <m:lMargin m:val="0"/>\r\n   <m:rMargin m:val="0"/>\r\n   <m:defJc m:val="centerGroup"/>\r\n   <m:wrapIndent m:val="1440"/>\r\n   <m:intLim m:val="subSup"/>\r\n   <m:naryLim m:val="undOvr"/>\r\n  </m:mathPr></w:WordDocument>\r\n</xml><![endif]--><!-- [if gte mso 9]><xml>\r\n <w:LatentStyles DefLockedState="false" DefUnhideWhenUsed="false"\r\n  DefSemiHidden="false" DefQFormat="false" DefPriority="99"\r\n  LatentStyleCount="371">\r\n  <w:LsdException Locked="false" Priority="0" QFormat="true" Name="Normal"/>\r\n  <w:LsdException Locked="false" Priority="9" QFormat="true" Name="heading 1"/>\r\n  <w:LsdException Locked="false" Priority="9" SemiHidden="true"\r\n   UnhideWhenUsed="true" QFormat="true" Name="heading 2"/>\r\n  <w:LsdException Locked="false" Priority="9" SemiHidden="true"\r\n   UnhideWhenUsed="true" QFormat="true" Name="heading 3"/>\r\n  <w:LsdException Locked="false" Priority="9" SemiHidden="true"\r\n   UnhideWhenUsed="true" QFormat="true" Name="heading 4"/>\r\n  <w:LsdException Locked="false" Priority="9" SemiHidden="true"\r\n   UnhideWhenUsed="true" QFormat="true" Name="heading 5"/>\r\n  <w:LsdException Locked="false" Priority="9" SemiHidden="true"\r\n   UnhideWhenUsed="true" QFormat="true" Name="heading 6"/>\r\n  <w:LsdException Locked="false" Priority="9" SemiHidden="true"\r\n   UnhideWhenUsed="true" QFormat="true" Name="heading 7"/>\r\n  <w:LsdException Locked="false" Priority="9" SemiHidden="true"\r\n   UnhideWhenUsed="true" QFormat="true" Name="heading 8"/>\r\n  <w:LsdException Locked="false" Priority="9" SemiHidden="true"\r\n   UnhideWhenUsed="true" QFormat="true" Name="heading 9"/>\r\n  <w:LsdException Locked="false" SemiHidden="true" UnhideWhenUsed="true"\r\n   Name="index 1"/>\r\n  <w:LsdException Locked="false" SemiHidden="true" UnhideWhenUsed="true"\r\n   Name="index 2"/>\r\n  <w:LsdException Locked="false" SemiHidden="true" UnhideWhenUsed="true"\r\n   Name="index 3"/>\r\n  <w:LsdException Locked="false" SemiHidden="true" UnhideWhenUsed="true"\r\n   Name="index 4"/>\r\n  <w:LsdException Locked="false" SemiHidden="true" UnhideWhenUsed="true"\r\n   Name="index 5"/>\r\n  <w:LsdException Locked="false" SemiHidden="true" UnhideWhenUsed="true"\r\n   Name="index 6"/>\r\n  <w:LsdException Locked="false" SemiHidden="true" UnhideWhenUsed="true"\r\n   Name="index 7"/>\r\n  <w:LsdException Locked="false" SemiHidden="true" UnhideWhenUsed="true"\r\n   Name="index 8"/>\r\n  <w:LsdException Locked="false" SemiHidden="true" UnhideWhenUsed="true"\r\n   Name="index 9"/>\r\n  <w:LsdException Locked="false" Priority="39" SemiHidden="true"\r\n   UnhideWhenUsed="true" Name="toc 1"/>\r\n  <w:LsdException Locked="false" Priority="39" SemiHidden="true"\r\n   UnhideWhenUsed="true" Name="toc 2"/>\r\n  <w:LsdException Locked="false" Priority="39" SemiHidden="true"\r\n   UnhideWhenUsed="true" Name="toc 3"/>\r\n  <w:LsdException Locked="false" Priority="39" SemiHidden="true"\r\n   UnhideWhenUsed="true" Name="toc 4"/>\r\n  <w:LsdException Locked="false" Priority="39" SemiHidden="true"\r\n   UnhideWhenUsed="true" Name="toc 5"/>\r\n  <w:LsdException Locked="false" Priority="39" SemiHidden="true"\r\n   UnhideWhenUsed="true" Name="toc 6"/>\r\n  <w:LsdException Locked="false" Priority="39" SemiHidden="true"\r\n   UnhideWhenUsed="true" Name="toc 7"/>\r\n  <w:LsdException Locked="false" Priority="39" SemiHidden="true"\r\n   UnhideWhenUsed="true" Name="toc 8"/>\r\n  <w:LsdException Locked="false" Priority="39" SemiHidden="true"\r\n   UnhideWhenUsed="true" Name="toc 9"/>\r\n  <w:LsdException Locked="false" SemiHidden="true" UnhideWhenUsed="true"\r\n   Name="Normal Indent"/>\r\n  <w:LsdException Locked="false" SemiHidden="true" UnhideWhenUsed="true"\r\n   Name="footnote text"/>\r\n  <w:LsdException Locked="false" SemiHidden="true" UnhideWhenUsed="true"\r\n   Name="annotation text"/>\r\n  <w:LsdException Locked="false" Priority="0" SemiHidden="true"\r\n   UnhideWhenUsed="true" Name="header"/>\r\n  <w:LsdException Locked="false" SemiHidden="true" UnhideWhenUsed="true"\r\n   Name="footer"/>\r\n  <w:LsdException Locked="false" SemiHidden="true" UnhideWhenUsed="true"\r\n   Name="index heading"/>\r\n  <w:LsdException Locked="false" Priority="35" SemiHidden="true"\r\n   UnhideWhenUsed="true" QFormat="true" Name="caption"/>\r\n  <w:LsdException Locked="false" SemiHidden="true" UnhideWhenUsed="true"\r\n   Name="table of figures"/>\r\n  <w:LsdException Locked="false" SemiHidden="true" UnhideWhenUsed="true"\r\n   Name="envelope address"/>\r\n  <w:LsdException Locked="false" SemiHidden="true" UnhideWhenUsed="true"\r\n   Name="envelope return"/>\r\n  <w:LsdException Locked="false" SemiHidden="true" UnhideWhenUsed="true"\r\n   Name="footnote reference"/>\r\n  <w:LsdException Locked="false" SemiHidden="true" UnhideWhenUsed="true"\r\n   Name="annotation reference"/>\r\n  <w:LsdException Locked="false" SemiHidden="true" UnhideWhenUsed="true"\r\n   Name="line number"/>\r\n  <w:LsdException Locked="false" SemiHidden="true" UnhideWhenUsed="true"\r\n   Name="page number"/>\r\n  <w:LsdException Locked="false" SemiHidden="true" UnhideWhenUsed="true"\r\n   Name="endnote reference"/>\r\n  <w:LsdException Locked="false" SemiHidden="true" UnhideWhenUsed="true"\r\n   Name="endnote text"/>\r\n  <w:LsdException Locked="false" SemiHidden="true" UnhideWhenUsed="true"\r\n   Name="table of authorities"/>\r\n  <w:LsdException Locked="false" SemiHidden="true" UnhideWhenUsed="true"\r\n   Name="macro"/>\r\n  <w:LsdException Locked="false" SemiHidden="true" UnhideWhenUsed="true"\r\n   Name="toa heading"/>\r\n  <w:LsdException Locked="false" SemiHidden="true" UnhideWhenUsed="true"\r\n   Name="List"/>\r\n  <w:LsdException Locked="false" SemiHidden="true" UnhideWhenUsed="true"\r\n   Name="List Bullet"/>\r\n  <w:LsdException Locked="false" SemiHidden="true" UnhideWhenUsed="true"\r\n   Name="List Number"/>\r\n  <w:LsdException Locked="false" SemiHidden="true" UnhideWhenUsed="true"\r\n   Name="List 2"/>\r\n  <w:LsdException Locked="false" SemiHidden="true" UnhideWhenUsed="true"\r\n   Name="List 3"/>\r\n  <w:LsdException Locked="false" SemiHidden="true" UnhideWhenUsed="true"\r\n   Name="List 4"/>\r\n  <w:LsdException Locked="false" SemiHidden="true" UnhideWhenUsed="true"\r\n   Name="List 5"/>\r\n  <w:LsdException Locked="false" SemiHidden="true" UnhideWhenUsed="true"\r\n   Name="List Bullet 2"/>\r\n  <w:LsdException Locked="false" SemiHidden="true" UnhideWhenUsed="true"\r\n   Name="List Bullet 3"/>\r\n  <w:LsdException Locked="false" SemiHidden="true" UnhideWhenUsed="true"\r\n   Name="List Bullet 4"/>\r\n  <w:LsdException Locked="false" SemiHidden="true" UnhideWhenUsed="true"\r\n   Name="List Bullet 5"/>\r\n  <w:LsdException Locked="false" SemiHidden="true" UnhideWhenUsed="true"\r\n   Name="List Number 2"/>\r\n  <w:LsdException Locked="false" SemiHidden="true" UnhideWhenUsed="true"\r\n   Name="List Number 3"/>\r\n  <w:LsdException Locked="false" SemiHidden="true" UnhideWhenUsed="true"\r\n   Name="List Number 4"/>\r\n  <w:LsdException Locked="false" SemiHidden="true" UnhideWhenUsed="true"\r\n   Name="List Number 5"/>\r\n  <w:LsdException Locked="false" Priority="10" QFormat="true" Name="Title"/>\r\n  <w:LsdException Locked="false" SemiHidden="true" UnhideWhenUsed="true"\r\n   Name="Closing"/>\r\n  <w:LsdException Locked="false" SemiHidden="true" UnhideWhenUsed="true"\r\n   Name="Signature"/>\r\n  <w:LsdException Locked="false" Priority="1" SemiHidden="true"\r\n   UnhideWhenUsed="true" Name="Default Paragraph Font"/>\r\n  <w:LsdException Locked="false" SemiHidden="true" UnhideWhenUsed="true"\r\n   Name="Body Text"/>\r\n  <w:LsdException Locked="false" SemiHidden="true" UnhideWhenUsed="true"\r\n   Name="Body Text Indent"/>\r\n  <w:LsdException Locked="false" SemiHidden="true" UnhideWhenUsed="true"\r\n   Name="List Continue"/>\r\n  <w:LsdException Locked="false" SemiHidden="true" UnhideWhenUsed="true"\r\n   Name="List Continue 2"/>\r\n  <w:LsdException Locked="false" SemiHidden="true" UnhideWhenUsed="true"\r\n   Name="List Continue 3"/>\r\n  <w:LsdException Locked="false" SemiHidden="true" UnhideWhenUsed="true"\r\n   Name="List Continue 4"/>\r\n  <w:LsdException Locked="false" SemiHidden="true" UnhideWhenUsed="true"\r\n   Name="List Continue 5"/>\r\n  <w:LsdException Locked="false" SemiHidden="true" UnhideWhenUsed="true"\r\n   Name="Message Header"/>\r\n  <w:LsdException Locked="false" Priority="11" QFormat="true" Name="Subtitle"/>\r\n  <w:LsdException Locked="false" SemiHidden="true" UnhideWhenUsed="true"\r\n   Name="Salutation"/>\r\n  <w:LsdException Locked="false" SemiHidden="true" UnhideWhenUsed="true"\r\n   Name="Date"/>\r\n  <w:LsdException Locked="false" SemiHidden="true" UnhideWhenUsed="true"\r\n   Name="Body Text First Indent"/>\r\n  <w:LsdException Locked="false" SemiHidden="true" UnhideWhenUsed="true"\r\n   Name="Body Text First Indent 2"/>\r\n  <w:LsdException Locked="false" SemiHidden="true" UnhideWhenUsed="true"\r\n   Name="Note Heading"/>\r\n  <w:LsdException Locked="false" SemiHidden="true" UnhideWhenUsed="true"\r\n   Name="Body Text 2"/>\r\n  <w:LsdException Locked="false" SemiHidden="true" UnhideWhenUsed="true"\r\n   Name="Body Text 3"/>\r\n  <w:LsdException Locked="false" SemiHidden="true" UnhideWhenUsed="true"\r\n   Name="Body Text Indent 2"/>\r\n  <w:LsdException Locked="false" SemiHidden="true" UnhideWhenUsed="true"\r\n   Name="Body Text Indent 3"/>\r\n  <w:LsdException Locked="false" SemiHidden="true" UnhideWhenUsed="true"\r\n   Name="Block Text"/>\r\n  <w:LsdException Locked="false" SemiHidden="true" UnhideWhenUsed="true"\r\n   Name="Hyperlink"/>\r\n  <w:LsdException Locked="false" SemiHidden="true" UnhideWhenUsed="true"\r\n   Name="FollowedHyperlink"/>\r\n  <w:LsdException Locked="false" Priority="22" QFormat="true" Name="Strong"/>\r\n  <w:LsdException Locked="false" Priority="20" QFormat="true" Name="Emphasis"/>\r\n  <w:LsdException Locked="false" SemiHidden="true" UnhideWhenUsed="true"\r\n   Name="Document Map"/>\r\n  <w:LsdException Locked="false" SemiHidden="true" UnhideWhenUsed="true"\r\n   Name="Plain Text"/>\r\n  <w:LsdException Locked="false" SemiHidden="true" UnhideWhenUsed="true"\r\n   Name="E-mail Signature"/>\r\n  <w:LsdException Locked="false" SemiHidden="true" UnhideWhenUsed="true"\r\n   Name="HTML Top of Form"/>\r\n  <w:LsdException Locked="false" SemiHidden="true" UnhideWhenUsed="true"\r\n   Name="HTML Bottom of Form"/>\r\n  <w:LsdException Locked="false" SemiHidden="true" UnhideWhenUsed="true"\r\n   Name="Normal (Web)"/>\r\n  <w:LsdException Locked="false" SemiHidden="true" UnhideWhenUsed="true"\r\n   Name="HTML Acronym"/>\r\n  <w:LsdException Locked="false" SemiHidden="true" UnhideWhenUsed="true"\r\n   Name="HTML Address"/>\r\n  <w:LsdException Locked="false" SemiHidden="true" UnhideWhenUsed="true"\r\n   Name="HTML Cite"/>\r\n  <w:LsdException Locked="false" SemiHidden="true" UnhideWhenUsed="true"\r\n   Name="HTML Code"/>\r\n  <w:LsdException Locked="false" SemiHidden="true" UnhideWhenUsed="true"\r\n   Name="HTML Definition"/>\r\n  <w:LsdException Locked="false" SemiHidden="true" UnhideWhenUsed="true"\r\n   Name="HTML Keyboard"/>\r\n  <w:LsdException Locked="false" SemiHidden="true" UnhideWhenUsed="true"\r\n   Name="HTML Preformatted"/>\r\n  <w:LsdException Locked="false" SemiHidden="true" UnhideWhenUsed="true"\r\n   Name="HTML Sample"/>\r\n  <w:LsdException Locked="false" SemiHidden="true" UnhideWhenUsed="true"\r\n   Name="HTML Typewriter"/>\r\n  <w:LsdException Locked="false" SemiHidden="true" UnhideWhenUsed="true"\r\n   Name="HTML Variable"/>\r\n  <w:LsdException Locked="false" SemiHidden="true" UnhideWhenUsed="true"\r\n   Name="Normal Table"/>\r\n  <w:LsdException Locked="false" SemiHidden="true" UnhideWhenUsed="true"\r\n   Name="annotation subject"/>\r\n  <w:LsdException Locked="false" SemiHidden="true" UnhideWhenUsed="true"\r\n   Name="No List"/>\r\n  <w:LsdException Locked="false" SemiHidden="true" UnhideWhenUsed="true"\r\n   Name="Outline List 1"/>\r\n  <w:LsdException Locked="false" SemiHidden="true" UnhideWhenUsed="true"\r\n   Name="Outline List 2"/>\r\n  <w:LsdException Locked="false" SemiHidden="true" UnhideWhenUsed="true"\r\n   Name="Outline List 3"/>\r\n  <w:LsdException Locked="false" SemiHidden="true" UnhideWhenUsed="true"\r\n   Name="Table Simple 1"/>\r\n  <w:LsdException Locked="false" SemiHidden="true" UnhideWhenUsed="true"\r\n   Name="Table Simple 2"/>\r\n  <w:LsdException Locked="false" SemiHidden="true" UnhideWhenUsed="true"\r\n   Name="Table Simple 3"/>\r\n  <w:LsdException Locked="false" SemiHidden="true" UnhideWhenUsed="true"\r\n   Name="Table Classic 1"/>\r\n  <w:LsdException Locked="false" SemiHidden="true" UnhideWhenUsed="true"\r\n   Name="Table Classic 2"/>\r\n  <w:LsdException Locked="false" SemiHidden="true" UnhideWhenUsed="true"\r\n   Name="Table Classic 3"/>\r\n  <w:LsdException Locked="false" SemiHidden="true" UnhideWhenUsed="true"\r\n   Name="Table Classic 4"/>\r\n  <w:LsdException Locked="false" SemiHidden="true" UnhideWhenUsed="true"\r\n   Name="Table Colorful 1"/>\r\n  <w:LsdException Locked="false" SemiHidden="true" UnhideWhenUsed="true"\r\n   Name="Table Colorful 2"/>\r\n  <w:LsdException Locked="false" SemiHidden="true" UnhideWhenUsed="true"\r\n   Name="Table Colorful 3"/>\r\n  <w:LsdException Locked="false" SemiHidden="true" UnhideWhenUsed="true"\r\n   Name="Table Columns 1"/>\r\n  <w:LsdException Locked="false" SemiHidden="true" UnhideWhenUsed="true"\r\n   Name="Table Columns 2"/>\r\n  <w:LsdException Locked="false" SemiHidden="true" UnhideWhenUsed="true"\r\n   Name="Table Columns 3"/>\r\n  <w:LsdException Locked="false" SemiHidden="true" UnhideWhenUsed="true"\r\n   Name="Table Columns 4"/>\r\n  <w:LsdException Locked="false" SemiHidden="true" UnhideWhenUsed="true"\r\n   Name="Table Columns 5"/>\r\n  <w:LsdException Locked="false" SemiHidden="true" UnhideWhenUsed="true"\r\n   Name="Table Grid 1"/>\r\n  <w:LsdException Locked="false" SemiHidden="true" UnhideWhenUsed="true"\r\n   Name="Table Grid 2"/>\r\n  <w:LsdException Locked="false" SemiHidden="true" UnhideWhenUsed="true"\r\n   Name="Table Grid 3"/>\r\n  <w:LsdException Locked="false" SemiHidden="true" UnhideWhenUsed="true"\r\n   Name="Table Grid 4"/>\r\n  <w:LsdException Locked="false" SemiHidden="true" UnhideWhenUsed="true"\r\n   Name="Table Grid 5"/>\r\n  <w:LsdException Locked="false" SemiHidden="true" UnhideWhenUsed="true"\r\n   Name="Table Grid 6"/>\r\n  <w:LsdException Locked="false" SemiHidden="true" UnhideWhenUsed="true"\r\n   Name="Table Grid 7"/>\r\n  <w:LsdException Locked="false" SemiHidden="true" UnhideWhenUsed="true"\r\n   Name="Table Grid 8"/>\r\n  <w:LsdException Locked="false" SemiHidden="true" UnhideWhenUsed="true"\r\n   Name="Table List 1"/>\r\n  <w:LsdException Locked="false" SemiHidden="true" UnhideWhenUsed="true"\r\n   Name="Table List 2"/>\r\n  <w:LsdException Locked="false" SemiHidden="true" UnhideWhenUsed="true"\r\n   Name="Table List 3"/>\r\n  <w:LsdException Locked="false" SemiHidden="true" UnhideWhenUsed="true"\r\n   Name="Table List 4"/>\r\n  <w:LsdException Locked="false" SemiHidden="true" UnhideWhenUsed="true"\r\n   Name="Table List 5"/>\r\n  <w:LsdException Locked="false" SemiHidden="true" UnhideWhenUsed="true"\r\n   Name="Table List 6"/>\r\n  <w:LsdException Locked="false" SemiHidden="true" UnhideWhenUsed="true"\r\n   Name="Table List 7"/>\r\n  <w:LsdException Locked="false" SemiHidden="true" UnhideWhenUsed="true"\r\n   Name="Table List 8"/>\r\n  <w:LsdException Locked="false" SemiHidden="true" UnhideWhenUsed="true"\r\n   Name="Table 3D effects 1"/>\r\n  <w:LsdException Locked="false" SemiHidden="true" UnhideWhenUsed="true"\r\n   Name="Table 3D effects 2"/>\r\n  <w:LsdException Locked="false" SemiHidden="true" UnhideWhenUsed="true"\r\n   Name="Table 3D effects 3"/>\r\n  <w:LsdException Locked="false" SemiHidden="true" UnhideWhenUsed="true"\r\n   Name="Table Contemporary"/>\r\n  <w:LsdException Locked="false" SemiHidden="true" UnhideWhenUsed="true"\r\n   Name="Table Elegant"/>\r\n  <w:LsdException Locked="false" SemiHidden="true" UnhideWhenUsed="true"\r\n   Name="Table Professional"/>\r\n  <w:LsdException Locked="false" SemiHidden="true" UnhideWhenUsed="true"\r\n   Name="Table Subtle 1"/>\r\n  <w:LsdException Locked="false" SemiHidden="true" UnhideWhenUsed="true"\r\n   Name="Table Subtle 2"/>\r\n  <w:LsdException Locked="false" SemiHidden="true" UnhideWhenUsed="true"\r\n   Name="Table Web 1"/>\r\n  <w:LsdException Locked="false" SemiHidden="true" UnhideWhenUsed="true"\r\n   Name="Table Web 2"/>\r\n  <w:LsdException Locked="false" SemiHidden="true" UnhideWhenUsed="true"\r\n   Name="Table Web 3"/>\r\n  <w:LsdException Locked="false" SemiHidden="true" UnhideWhenUsed="true"\r\n   Name="Balloon Text"/>\r\n  <w:LsdException Locked="false" Priority="39" Name="Table Grid"/>\r\n  <w:LsdException Locked="false" SemiHidden="true" UnhideWhenUsed="true"\r\n   Name="Table Theme"/>\r\n  <w:LsdException Locked="false" SemiHidden="true" Name="Placeholder Text"/>\r\n  <w:LsdException Locked="false" Priority="1" QFormat="true" Name="No Spacing"/>\r\n  <w:LsdException Locked="false" Priority="60" Name="Light Shading"/>\r\n  <w:LsdException Locked="false" Priority="61" Name="Light List"/>\r\n  <w:LsdException Locked="false" Priority="62" Name="Light Grid"/>\r\n  <w:LsdException Locked="false" Priority="63" Name="Medium Shading 1"/>\r\n  <w:LsdException Locked="false" Priority="64" Name="Medium Shading 2"/>\r\n  <w:LsdException Locked="false" Priority="65" Name="Medium List 1"/>\r\n  <w:LsdException Locked="false" Priority="66" Name="Medium List 2"/>\r\n  <w:LsdException Locked="false" Priority="67" Name="Medium Grid 1"/>\r\n  <w:LsdException Locked="false" Priority="68" Name="Medium Grid 2"/>\r\n  <w:LsdException Locked="false" Priority="69" Name="Medium Grid 3"/>\r\n  <w:LsdException Locked="false" Priority="70" Name="Dark List"/>\r\n  <w:LsdException Locked="false" Priority="71" Name="Colorful Shading"/>\r\n  <w:LsdException Locked="false" Priority="72" Name="Colorful List"/>\r\n  <w:LsdException Locked="false" Priority="73" Name="Colorful Grid"/>\r\n  <w:LsdException Locked="false" Priority="60" Name="Light Shading Accent 1"/>\r\n  <w:LsdException Locked="false" Priority="61" Name="Light List Accent 1"/>\r\n  <w:LsdException Locked="false" Priority="62" Name="Light Grid Accent 1"/>\r\n  <w:LsdException Locked="false" Priority="63" Name="Medium Shading 1 Accent 1"/>\r\n  <w:LsdException Locked="false" Priority="64" Name="Medium Shading 2 Accent 1"/>\r\n  <w:LsdException Locked="false" Priority="65" Name="Medium List 1 Accent 1"/>\r\n  <w:LsdException Locked="false" SemiHidden="true" Name="Revision"/>\r\n  <w:LsdException Locked="false" Priority="34" QFormat="true"\r\n   Name="List Paragraph"/>\r\n  <w:LsdException Locked="false" Priority="29" QFormat="true" Name="Quote"/>\r\n  <w:LsdException Locked="false" Priority="30" QFormat="true"\r\n   Name="Intense Quote"/>\r\n  <w:LsdException Locked="false" Priority="66" Name="Medium List 2 Accent 1"/>\r\n  <w:LsdException Locked="false" Priority="67" Name="Medium Grid 1 Accent 1"/>\r\n  <w:LsdException Locked="false" Priority="68" Name="Medium Grid 2 Accent 1"/>\r\n  <w:LsdException Locked="false" Priority="69" Name="Medium Grid 3 Accent 1"/>\r\n  <w:LsdException Locked="false" Priority="70" Name="Dark List Accent 1"/>\r\n  <w:LsdException Locked="false" Priority="71" Name="Colorful Shading Accent 1"/>\r\n  <w:LsdException Locked="false" Priority="72" Name="Colorful List Accent 1"/>\r\n  <w:LsdException Locked="false" Priority="73" Name="Colorful Grid Accent 1"/>\r\n  <w:LsdException Locked="false" Priority="60" Name="Light Shading Accent 2"/>\r\n  <w:LsdException Locked="false" Priority="61" Name="Light List Accent 2"/>\r\n  <w:LsdException Locked="false" Priority="62" Name="Light Grid Accent 2"/>\r\n  <w:LsdException Locked="false" Priority="63" Name="Medium Shading 1 Accent 2"/>\r\n  <w:LsdException Locked="false" Priority="64" Name="Medium Shading 2 Accent 2"/>\r\n  <w:LsdException Locked="false" Priority="65" Name="Medium List 1 Accent 2"/>\r\n  <w:LsdException Locked="false" Priority="66" Name="Medium List 2 Accent 2"/>\r\n  <w:LsdException Locked="false" Priority="67" Name="Medium Grid 1 Accent 2"/>\r\n  <w:LsdException Locked="false" Priority="68" Name="Medium Grid 2 Accent 2"/>\r\n  <w:LsdException Locked="false" Priority="69" Name="Medium Grid 3 Accent 2"/>\r\n  <w:LsdException Locked="false" Priority="70" Name="Dark List Accent 2"/>\r\n  <w:LsdException Locked="false" Priority="71" Name="Colorful Shading Accent 2"/>\r\n  <w:LsdException Locked="false" Priority="72" Name="Colorful List Accent 2"/>\r\n  <w:LsdException Locked="false" Priority="73" Name="Colorful Grid Accent 2"/>\r\n  <w:LsdException Locked="false" Priority="60" Name="Light Shading Accent 3"/>\r\n  <w:LsdException Locked="false" Priority="61" Name="Light List Accent 3"/>\r\n  <w:LsdException Locked="false" Priority="62" Name="Light Grid Accent 3"/>\r\n  <w:LsdException Locked="false" Priority="63" Name="Medium Shading 1 Accent 3"/>\r\n  <w:LsdException Locked="false" Priority="64" Name="Medium Shading 2 Accent 3"/>\r\n  <w:LsdException Locked="false" Priority="65" Name="Medium List 1 Accent 3"/>\r\n  <w:LsdException Locked="false" Priority="66" Name="Medium List 2 Accent 3"/>\r\n  <w:LsdException Locked="false" Priority="67" Name="Medium Grid 1 Accent 3"/>\r\n  <w:LsdException Locked="false" Priority="68" Name="Medium Grid 2 Accent 3"/>\r\n  <w:LsdException Locked="false" Priority="69" Name="Medium Grid 3 Accent 3"/>\r\n  <w:LsdException Locked="false" Priority="70" Name="Dark List Accent 3"/>\r\n  <w:LsdException Locked="false" Priority="71" Name="Colorful Shading Accent 3"/>\r\n  <w:LsdException Locked="false" Priority="72" Name="Colorful List Accent 3"/>\r\n  <w:LsdException Locked="false" Priority="73" Name="Colorful Grid Accent 3"/>\r\n  <w:LsdException Locked="false" Priority="60" Name="Light Shading Accent 4"/>\r\n  <w:LsdException Locked="false" Priority="61" Name="Light List Accent 4"/>\r\n  <w:LsdException Locked="false" Priority="62" Name="Light Grid Accent 4"/>\r\n  <w:LsdException Locked="false" Priority="63" Name="Medium Shading 1 Accent 4"/>\r\n  <w:LsdException Locked="false" Priority="64" Name="Medium Shading 2 Accent 4"/>\r\n  <w:LsdException Locked="false" Priority="65" Name="Medium List 1 Accent 4"/>\r\n  <w:LsdException Locked="false" Priority="66" Name="Medium List 2 Accent 4"/>\r\n  <w:LsdException Locked="false" Priority="67" Name="Medium Grid 1 Accent 4"/>\r\n  <w:LsdException Locked="false" Priority="68" Name="Medium Grid 2 Accent 4"/>\r\n  <w:LsdException Locked="false" Priority="69" Name="Medium Grid 3 Accent 4"/>\r\n  <w:LsdException Locked="false" Priority="70" Name="Dark List Accent 4"/>\r\n  <w:LsdException Locked="false" Priority="71" Name="Colorful Shading Accent 4"/>\r\n  <w:LsdException Locked="false" Priority="72" Name="Colorful List Accent 4"/>\r\n  <w:LsdException Locked="false" Priority="73" Name="Colorful Grid Accent 4"/>\r\n  <w:LsdException Locked="false" Priority="60" Name="Light Shading Accent 5"/>\r\n  <w:LsdException Locked="false" Priority="61" Name="Light List Accent 5"/>\r\n  <w:LsdException Locked="false" Priority="62" Name="Light Grid Accent 5"/>\r\n  <w:LsdException Locked="false" Priority="63" Name="Medium Shading 1 Accent 5"/>\r\n  <w:LsdException Locked="false" Priority="64" Name="Medium Shading 2 Accent 5"/>\r\n  <w:LsdException Locked="false" Priority="65" Name="Medium List 1 Accent 5"/>\r\n  <w:LsdException Locked="false" Priority="66" Name="Medium List 2 Accent 5"/>\r\n  <w:LsdException Locked="false" Priority="67" Name="Medium Grid 1 Accent 5"/>\r\n  <w:LsdException Locked="false" Priority="68" Name="Medium Grid 2 Accent 5"/>\r\n  <w:LsdException Locked="false" Priority="69" Name="Medium Grid 3 Accent 5"/>\r\n  <w:LsdException Locked="false" Priority="70" Name="Dark List Accent 5"/>\r\n  <w:LsdException Locked="false" Priority="71" Name="Colorful Shading Accent 5"/>\r\n  <w:LsdException Locked="false" Priority="72" Name="Colorful List Accent 5"/>\r\n  <w:LsdException Locked="false" Priority="73" Name="Colorful Grid Accent 5"/>\r\n  <w:LsdException Locked="false" Priority="60" Name="Light Shading Accent 6"/>\r\n  <w:LsdException Locked="false" Priority="61" Name="Light List Accent 6"/>\r\n  <w:LsdException Locked="false" Priority="62" Name="Light Grid Accent 6"/>\r\n  <w:LsdException Locked="false" Priority="63" Name="Medium Shading 1 Accent 6"/>\r\n  <w:LsdException Locked="false" Priority="64" Name="Medium Shading 2 Accent 6"/>\r\n  <w:LsdException Locked="false" Priority="65" Name="Medium List 1 Accent 6"/>\r\n  <w:LsdException Locked="false" Priority="66" Name="Medium List 2 Accent 6"/>\r\n  <w:LsdException Locked="false" Priority="67" Name="Medium Grid 1 Accent 6"/>\r\n  <w:LsdException Locked="false" Priority="68" Name="Medium Grid 2 Accent 6"/>\r\n  <w:LsdException Locked="false" Priority="69" Name="Medium Grid 3 Accent 6"/>\r\n  <w:LsdException Locked="false" Priority="70" Name="Dark List Accent 6"/>\r\n  <w:LsdException Locked="false" Priority="71" Name="Colorful Shading Accent 6"/>\r\n  <w:LsdException Locked="false" Priority="72" Name="Colorful List Accent 6"/>\r\n  <w:LsdException Locked="false" Priority="73" Name="Colorful Grid Accent 6"/>\r\n  <w:LsdException Locked="false" Priority="19" QFormat="true"\r\n   Name="Subtle Emphasis"/>\r\n  <w:LsdException Locked="false" Priority="21" QFormat="true"\r\n   Name="Intense Emphasis"/>\r\n  <w:LsdException Locked="false" Priority="31" QFormat="true"\r\n   Name="Subtle Reference"/>\r\n  <w:LsdException Locked="false" Priority="32" QFormat="true"\r\n   Name="Intense Reference"/>\r\n  <w:LsdException Locked="false" Priority="33" QFormat="true" Name="Book Title"/>\r\n  <w:LsdException Locked="false" Priority="37" SemiHidden="true"\r\n   UnhideWhenUsed="true" Name="Bibliography"/>\r\n  <w:LsdException Locked="false" Priority="39" SemiHidden="true"\r\n   UnhideWhenUsed="true" QFormat="true" Name="TOC Heading"/>\r\n  <w:LsdException Locked="false" Priority="41" Name="Plain Table 1"/>\r\n  <w:LsdException Locked="false" Priority="42" Name="Plain Table 2"/>\r\n  <w:LsdException Locked="false" Priority="43" Name="Plain Table 3"/>\r\n  <w:LsdException Locked="false" Priority="44" Name="Plain Table 4"/>\r\n  <w:LsdException Locked="false" Priority="45" Name="Plain Table 5"/>\r\n  <w:LsdException Locked="false" Priority="40" Name="Grid Table Light"/>\r\n  <w:LsdException Locked="false" Priority="46" Name="Grid Table 1 Light"/>\r\n  <w:LsdException Locked="false" Priority="47" Name="Grid Table 2"/>\r\n  <w:LsdException Locked="false" Priority="48" Name="Grid Table 3"/>\r\n  <w:LsdException Locked="false" Priority="49" Name="Grid Table 4"/>\r\n  <w:LsdException Locked="false" Priority="50" Name="Grid Table 5 Dark"/>\r\n  <w:LsdException Locked="false" Priority="51" Name="Grid Table 6 Colorful"/>\r\n  <w:LsdException Locked="false" Priority="52" Name="Grid Table 7 Colorful"/>\r\n  <w:LsdException Locked="false" Priority="46"\r\n   Name="Grid Table 1 Light Accent 1"/>\r\n  <w:LsdException Locked="false" Priority="47" Name="Grid Table 2 Accent 1"/>\r\n  <w:LsdException Locked="false" Priority="48" Name="Grid Table 3 Accent 1"/>\r\n  <w:LsdException Locked="false" Priority="49" Name="Grid Table 4 Accent 1"/>\r\n  <w:LsdException Locked="false" Priority="50" Name="Grid Table 5 Dark Accent 1"/>\r\n  <w:LsdException Locked="false" Priority="51"\r\n   Name="Grid Table 6 Colorful Accent 1"/>\r\n  <w:LsdException Locked="false" Priority="52"\r\n   Name="Grid Table 7 Colorful Accent 1"/>\r\n  <w:LsdException Locked="false" Priority="46"\r\n   Name="Grid Table 1 Light Accent 2"/>\r\n  <w:LsdException Locked="false" Priority="47" Name="Grid Table 2 Accent 2"/>\r\n  <w:LsdException Locked="false" Priority="48" Name="Grid Table 3 Accent 2"/>\r\n  <w:LsdException Locked="false" Priority="49" Name="Grid Table 4 Accent 2"/>\r\n  <w:LsdException Locked="false" Priority="50" Name="Grid Table 5 Dark Accent 2"/>\r\n  <w:LsdException Locked="false" Priority="51"\r\n   Name="Grid Table 6 Colorful Accent 2"/>\r\n  <w:LsdException Locked="false" Priority="52"\r\n   Name="Grid Table 7 Colorful Accent 2"/>\r\n  <w:LsdException Locked="false" Priority="46"\r\n   Name="Grid Table 1 Light Accent 3"/>\r\n  <w:LsdException Locked="false" Priority="47" Name="Grid Table 2 Accent 3"/>\r\n  <w:LsdException Locked="false" Priority="48" Name="Grid Table 3 Accent 3"/>\r\n  <w:LsdException Locked="false" Priority="49" Name="Grid Table 4 Accent 3"/>\r\n  <w:LsdException Locked="false" Priority="50" Name="Grid Table 5 Dark Accent 3"/>\r\n  <w:LsdException Locked="false" Priority="51"\r\n   Name="Grid Table 6 Colorful Accent 3"/>\r\n  <w:LsdException Locked="false" Priority="52"\r\n   Name="Grid Table 7 Colorful Accent 3"/>\r\n  <w:LsdException Locked="false" Priority="46"\r\n   Name="Grid Table 1 Light Accent 4"/>\r\n  <w:LsdException Locked="false" Priority="47" Name="Grid Table 2 Accent 4"/>\r\n  <w:LsdException Locked="false" Priority="48" Name="Grid Table 3 Accent 4"/>\r\n  <w:LsdException Locked="false" Priority="49" Name="Grid Table 4 Accent 4"/>\r\n  <w:LsdException Locked="false" Priority="50" Name="Grid Table 5 Dark Accent 4"/>\r\n  <w:LsdException Locked="false" Priority="51"\r\n   Name="Grid Table 6 Colorful Accent 4"/>\r\n  <w:LsdException Locked="false" Priority="52"\r\n   Name="Grid Table 7 Colorful Accent 4"/>\r\n  <w:LsdException Locked="false" Priority="46"\r\n   Name="Grid Table 1 Light Accent 5"/>\r\n  <w:LsdException Locked="false" Priority="47" Name="Grid Table 2 Accent 5"/>\r\n  <w:LsdException Locked="false" Priority="48" Name="Grid Table 3 Accent 5"/>\r\n  <w:LsdException Locked="false" Priority="49" Name="Grid Table 4 Accent 5"/>\r\n  <w:LsdException Locked="false" Priority="50" Name="Grid Table 5 Dark Accent 5"/>\r\n  <w:LsdException Locked="false" Priority="51"\r\n   Name="Grid Table 6 Colorful Accent 5"/>\r\n  <w:LsdException Locked="false" Priority="52"\r\n   Name="Grid Table 7 Colorful Accent 5"/>\r\n  <w:LsdException Locked="false" Priority="46"\r\n   Name="Grid Table 1 Light Accent 6"/>\r\n  <w:LsdException Locked="false" Priority="47" Name="Grid Table 2 Accent 6"/>\r\n  <w:LsdException Locked="false" Priority="48" Name="Grid Table 3 Accent 6"/>\r\n  <w:LsdException Locked="false" Priority="49" Name="Grid Table 4 Accent 6"/>\r\n  <w:LsdException Locked="false" Priority="50" Name="Grid Table 5 Dark Accent 6"/>\r\n  <w:LsdException Locked="false" Priority="51"\r\n   Name="Grid Table 6 Colorful Accent 6"/>\r\n  <w:LsdException Locked="false" Priority="52"\r\n   Name="Grid Table 7 Colorful Accent 6"/>\r\n  <w:LsdException Locked="false" Priority="46" Name="List Table 1 Light"/>\r\n  <w:LsdException Locked="false" Priority="47" Name="List Table 2"/>\r\n  <w:LsdException Locked="false" Priority="48" Name="List Table 3"/>\r\n  <w:LsdException Locked="false" Priority="49" Name="List Table 4"/>\r\n  <w:LsdException Locked="false" Priority="50" Name="List Table 5 Dark"/>\r\n  <w:LsdException Locked="false" Priority="51" Name="List Table 6 Colorful"/>\r\n  <w:LsdException Locked="false" Priority="52" Name="List Table 7 Colorful"/>\r\n  <w:LsdException Locked="false" Priority="46"\r\n   Name="List Table 1 Light Accent 1"/>\r\n  <w:LsdException Locked="false" Priority="47" Name="List Table 2 Accent 1"/>\r\n  <w:LsdException Locked="false" Priority="48" Name="List Table 3 Accent 1"/>\r\n  <w:LsdException Locked="false" Priority="49" Name="List Table 4 Accent 1"/>\r\n  <w:LsdException Locked="false" Priority="50" Name="List Table 5 Dark Accent 1"/>\r\n  <w:LsdException Locked="false" Priority="51"\r\n   Name="List Table 6 Colorful Accent 1"/>\r\n  <w:LsdException Locked="false" Priority="52"\r\n   Name="List Table 7 Colorful Accent 1"/>\r\n  <w:LsdException Locked="false" Priority="46"\r\n   Name="List Table 1 Light Accent 2"/>\r\n  <w:LsdException Locked="false" Priority="47" Name="List Table 2 Accent 2"/>\r\n  <w:LsdException Locked="false" Priority="48" Name="List Table 3 Accent 2"/>\r\n  <w:LsdException Locked="false" Priority="49" Name="List Table 4 Accent 2"/>\r\n  <w:LsdException Locked="false" Priority="50" Name="List Table 5 Dark Accent 2"/>\r\n  <w:LsdException Locked="false" Priority="51"\r\n   Name="List Table 6 Colorful Accent 2"/>\r\n  <w:LsdException Locked="false" Priority="52"\r\n   Name="List Table 7 Colorful Accent 2"/>\r\n  <w:LsdException Locked="false" Priority="46"\r\n   Name="List Table 1 Light Accent 3"/>\r\n  <w:LsdException Locked="false" Priority="47" Name="List Table 2 Accent 3"/>\r\n  <w:LsdException Locked="false" Priority="48" Name="List Table 3 Accent 3"/>\r\n  <w:LsdException Locked="false" Priority="49" Name="List Table 4 Accent 3"/>\r\n  <w:LsdException Locked="false" Priority="50" Name="List Table 5 Dark Accent 3"/>\r\n  <w:LsdException Locked="false" Priority="51"\r\n   Name="List Table 6 Colorful Accent 3"/>\r\n  <w:LsdException Locked="false" Priority="52"\r\n   Name="List Table 7 Colorful Accent 3"/>\r\n  <w:LsdException Locked="false" Priority="46"\r\n   Name="List Table 1 Light Accent 4"/>\r\n  <w:LsdException Locked="false" Priority="47" Name="List Table 2 Accent 4"/>\r\n  <w:LsdException Locked="false" Priority="48" Name="List Table 3 Accent 4"/>\r\n  <w:LsdException Locked="false" Priority="49" Name="List Table 4 Accent 4"/>\r\n  <w:LsdException Locked="false" Priority="50" Name="List Table 5 Dark Accent 4"/>\r\n  <w:LsdException Locked="false" Priority="51"\r\n   Name="List Table 6 Colorful Accent 4"/>\r\n  <w:LsdException Locked="false" Priority="52"\r\n   Name="List Table 7 Colorful Accent 4"/>\r\n  <w:LsdException Locked="false" Priority="46"\r\n   Name="List Table 1 Light Accent 5"/>\r\n  <w:LsdException Locked="false" Priority="47" Name="List Table 2 Accent 5"/>\r\n  <w:LsdException Locked="false" Priority="48" Name="List Table 3 Accent 5"/>\r\n  <w:LsdException Locked="false" Priority="49" Name="List Table 4 Accent 5"/>\r\n  <w:LsdException Locked="false" Priority="50" Name="List Table 5 Dark Accent 5"/>\r\n  <w:LsdException Locked="false" Priority="51"\r\n   Name="List Table 6 Colorful Accent 5"/>\r\n  <w:LsdException Locked="false" Priority="52"\r\n   Name="List Table 7 Colorful Accent 5"/>\r\n  <w:LsdException Locked="false" Priority="46"\r\n   Name="List Table 1 Light Accent 6"/>\r\n  <w:LsdException Locked="false" Priority="47" Name="List Table 2 Accent 6"/>\r\n  <w:LsdException Locked="false" Priority="48" Name="List Table 3 Accent 6"/>\r\n  <w:LsdException Locked="false" Priority="49" Name="List Table 4 Accent 6"/>\r\n  <w:LsdException Locked="false" Priority="50" Name="List Table 5 Dark Accent 6"/>\r\n  <w:LsdException Locked="false" Priority="51"\r\n   Name="List Table 6 Colorful Accent 6"/>\r\n  <w:LsdException Locked="false" Priority="52"\r\n   Name="List Table 7 Colorful Accent 6"/>\r\n </w:LatentStyles>\r\n</xml><![endif]--><!-- [if gte mso 10]>\r\n<style>\r\n /* Style Definitions */\r\n table.MsoNormalTable\r\n	{mso-style-name:"Table Normal";\r\n	mso-tstyle-rowband-size:0;\r\n	mso-tstyle-colband-size:0;\r\n	mso-style-noshow:yes;\r\n	mso-style-priority:99;\r\n	mso-style-parent:"";\r\n	mso-padding-alt:0in 5.4pt 0in 5.4pt;\r\n	mso-para-margin-top:0in;\r\n	mso-para-margin-right:0in;\r\n	mso-para-margin-bottom:10.0pt;\r\n	mso-para-margin-left:0in;\r\n	line-height:115%;\r\n	mso-pagination:widow-orphan;\r\n	font-size:11.0pt;\r\n	font-family:"Calibri","sans-serif";\r\n	mso-ascii-font-family:Calibri;\r\n	mso-ascii-theme-font:minor-latin;\r\n	mso-hansi-font-family:Calibri;\r\n	mso-hansi-theme-font:minor-latin;\r\n	mso-bidi-font-family:"Times New Roman";\r\n	mso-bidi-theme-font:minor-bidi;\r\n	mso-ansi-language:IN;}\r\n</style>\r\n<![endif]--><!-- [if gte mso 9]><xml>\r\n <o:shapedefaults v:ext="edit" spidmax="1028"/>\r\n</xml><![endif]--><!-- [if gte mso 9]><xml>\r\n <o:shapelayout v:ext="edit">\r\n  <o:idmap v:ext="edit" data="1"/>\r\n </o:shapelayout></xml><![endif]--></p>\r\n<p class="MsoNormal" style="text-align: center;" align="center"><span lang="SV" style="font-size: 13.0pt; mso-ansi-language: SV;">KEMENTERIAN RISET,TEKNOLOGI DAN PENDIDIKAN TINGGI</span></p>\r\n<p>&nbsp;</p>\r\n<p class="MsoNormal" style="text-align: center;" align="center"><span lang="SV" style="font-size: 13.0pt; mso-ansi-language: SV;">UNIVERSITAS NEGERI SEMARANG</span></p>\r\n<p>&nbsp;</p>\r\n<p class="MsoNormal" style="text-align: center;" align="center"><span lang="IN" style="font-size: 13.0pt; mso-ansi-language: IN;">FAKULTAS TEKNIK</span></p>\r\n<p>&nbsp;</p>\r\n<p class="MsoNormal" style="text-align: center; tab-stops: 85.05pt;" align="center"><strong style="mso-bidi-font-weight: normal;"><span lang="SV" style="font-size: 13.0pt; mso-ansi-language: SV;">JURUSAN </span></strong><strong style="mso-bidi-font-weight: normal;"><span lang="IN" style="font-size: 13.0pt; mso-ansi-language: IN;">TEKNIK ELEKTRO </span></strong></p>\r\n<p>&nbsp;</p>\r\n<p class="MsoNormal" style="text-align: center; tab-stops: 85.05pt;" align="center"><span lang="SV" style="mso-fareast-font-family: Calibri; mso-ansi-language: SV;">Gedung E.</span><span lang="IN" style="mso-fareast-font-family: Calibri; mso-ansi-language: IN;">11</span><span lang="SV" style="mso-fareast-font-family: Calibri; mso-ansi-language: SV;"> Kampus Sekaran Gunungpati </span><span lang="IN" style="mso-fareast-font-family: Calibri; mso-ansi-language: IN;">Semarang,</span><span style="mso-fareast-font-family: Calibri;">50229</span></p>\r\n<p>&nbsp;</p>\r\n<p class="MsoNormal" style="text-align: center; tab-stops: 85.05pt;" align="center"><span lang="SV" style="mso-fareast-font-family: Calibri; mso-ansi-language: SV;">Telp</span><span lang="IN" style="mso-fareast-font-family: Calibri; mso-ansi-language: IN;">/Fax </span><span lang="SV" style="mso-fareast-font-family: Calibri; mso-ansi-language: SV;">(024) 850810</span><span lang="IN" style="mso-fareast-font-family: Calibri; mso-ansi-language: IN;">4 Laman : </span><span style="mso-fareast-font-family: Calibri;">http://</span><span lang="IN" style="mso-fareast-font-family: Calibri; mso-ansi-language: IN;">www.te.</span><span style="mso-fareast-font-family: Calibri;">unnes.ac.id<span style="mso-spacerun: yes;">&nbsp; </span></span></p>\r\n<p>&nbsp;</p>\r\n<p class="MsoHeader" style="tab-stops: .5in;"><span style="font-size: 12.0pt; font-family: ''Times New Roman'',''serif'';">__________________________________________________________________________________________________________________________</span></p>\r\n<p class="MsoHeader" style="tab-stops: .5in;"><span style="font-size: 12.0pt; font-family: ''Times New Roman'',''serif'';">No<span style="mso-tab-count: 1;">&nbsp;&nbsp;&nbsp;&nbsp;&nbsp;&nbsp; </span>:<span style="mso-spacerun: yes;">&nbsp; </span></span><span lang="IN" style="font-size: 12.0pt; font-family: ''Times New Roman'',''serif''; mso-ansi-language: IN;">100 </span><span style="font-size: 12.0pt; font-family: ''Times New Roman'',''serif'';">/</span><span lang="IN" style="font-size: 12.0pt; font-family: ''Times New Roman'',''serif''; mso-ansi-language: IN;">TE</span><span style="font-size: 12.0pt; font-family: ''Times New Roman'',''serif'';">/</span><span lang="IN" style="font-size: 12.0pt; font-family: ''Times New Roman'',''serif''; mso-ansi-language: IN;">II</span><span style="font-size: 12.0pt; font-family: ''Times New Roman'',''serif'';">/201</span><span lang="IN" style="font-size: 12.0pt; font-family: ''Times New Roman'',''serif''; mso-ansi-language: IN;">6</span></p>\r\n<p>&nbsp;</p>\r\n<p class="MsoNormal">Hal<span style="mso-tab-count: 1;">&nbsp;&nbsp;&nbsp;&nbsp;&nbsp; </span>:<span style="mso-spacerun: yes;">&nbsp; </span>Permohonan s<span lang="IN" style="mso-ansi-language: IN;">ebagai Pembicara</span></p>\r\n<p>&nbsp;</p>\r\n<p class="MsoNormal"><strong style="mso-bidi-font-weight: normal;">&nbsp;</strong></p>\r\n<p>&nbsp;</p>\r\n<p class="MsoNormal" style="tab-stops: 45.0pt 63.0pt;">&nbsp;</p>\r\n<p>&nbsp;</p>\r\n<p class="MsoNormal" style="tab-stops: 45.0pt 63.0pt;">Yth.<strong style="mso-bidi-font-weight: normal;"><span lang="IN" style="mso-ansi-language: IN;">Bpk. Dr. I Made Sudana, M.Pd.</span></strong></p>\r\n<p>&nbsp;</p>\r\n<p class="MsoNormal" style="tab-stops: 45.0pt 63.0pt;"><span lang="IN" style="mso-ansi-language: IN;">Fakulta Teknik UNNES</span></p>\r\n<p>&nbsp;</p>\r\n<p class="MsoNormal">di<span lang="IN" style="mso-ansi-language: IN;">tempat</span></p>\r\n<p>&nbsp;</p>\r\n<p>&nbsp;</p>', '2017-06-08 14:33:35');

-- --------------------------------------------------------

--
-- Table structure for table `blog`
--

CREATE TABLE IF NOT EXISTS `blog` (
  `id_blog` int(11) NOT NULL,
  `id_admin` int(11) DEFAULT NULL,
  `title` varchar(120) NOT NULL,
  `content` text NOT NULL,
  `date_created` date NOT NULL
) ENGINE=InnoDB AUTO_INCREMENT=395 DEFAULT CHARSET=latin1;

--
-- Dumping data for table `blog`
--

INSERT INTO `blog` (`id_blog`, `id_admin`, `title`, `content`, `date_created`) VALUES
(391, 1, '[BBOY] Red Bull BC One World Final Japan 2016', 'Date: December 3, 2016\r\nLocation: Aichi Prefectural Gymnasium, Nagoya, Japan\r\nTime: 5pm-9:30pm\r\nTickets: Ticket sales starts on 28th Oct, 2016\r\n\r\nAs Red Bull BC One enters its 13th year, big changes are on the horizon. In order to open up the event year-round to the wider community, were getting rid of the six regional Finals and replacing them with Red Bull BC One Camps all over the world. Were going back to the core of what breaking is all about: culture. The World Final will once again be invitation only, with the exception of one name to be determined by a Last Chance Cypher where all Cypher winners throughout the year will compete for one open spot that will conclude the line-up.\r\n\r\nOn December 3, the World Final is returning to Japan, this time in the incredible city of Nagoya, the countrys third largest city and a bustling hub for Hip Hop. Sixteen of the best B-Boys on the planet will go head-to-head in knockout battles to determine who will be the one. The event will be broadcast live on Red Bull TV.\r\n\r\nKicking off 2016, camps will be held in countries including France, Italy, Japan, South Africa, and Ukraine, with new countries being announced soon. Check redbullbcone.com for details on a camp near you. These three-day events will include jams, workshops, open battles, talks, exhibitions, theatre shows and more, celebrating Hip Hop, dance and culture. Each will focus on sharing knowledge, making connections and having fun. \r\n\r\nThe camps will reflect the creative landscape of the local scene and will incorporate other elements of Hip Hop, urban dance and creative expression, alongside breaking. They will then culminate in a Red Bull BC One Cypher where the winner will get a chance to battle for a place at the World Final.\r\n\r\nThe World Final is returning to its roots of being invitation only, with one open spot to be determined by a Last Chance Cypher. Throughout 2016, Cyphers will take place in every corner of the globe, with winners being flown to the Last Chance Cypher in Nagoya, to take place on December 1, two days before the World Final.\r\n\r\nThis Last Chance Cypher will represent an incredible cultural exchange as B-Boys will come in from all over the world to prove their skills on the dance floor and battle in an attempt to earn that one coveted spot on the ultimate stage. The winner will compete in the World Final alongside a line-up of Wild Card entries, chosen by an international team of B-Boy experts. \r\n\r\nLast year, millions of spectators tuned in from around the world to see USAs Victor take the belt in Rome. Each year the stakes become higher and the competition tougher, as breakers continue to evolve the art form. It will be an unbelievable week of events not to be missed.\r\n\r\nRed Bull BC One was founded in 2004 in Biel, Switzerland. Over the years, the championship has moved from Germany to Brazil, South Africa, France, the USA, Japan, Russia, South Korea and Italy. Today it remains a key event in Hip Hop culture, helping to push the culture forward while respecting the original format of one-on-one battles.', '2016-10-26'),
(392, 1, '#BCONE Instagram of the Week', 'Who said that breaking and classical music didn''t fit? They do! Check out this amazing shot by wienerhiphopball. Want to be featured as the #BCONE Instagram of the Week? Tag your photos, and we pick the best each Monday!', '2016-10-26'),
(393, 1, 'B-Boy Life on the Road: DJ Lean Rock', 'DJ Lean Rock is no stranger to travel. Since the age of 16, he has been traveling the world consistently as a B-Boy of the world famous Floor Lords crew and as a professional DJ playing for the biggest B-Boy competitions and the Red Bull BC One World Final twice. Just before his upcoming European summer tour, DJ Lean Rock took some time to answer a few questions about his B-Boy Life on the Road\r\n\r\nWhat is your next B-Boy related destination?\r\nOutbreak Europe.\r\n\r\nFirst time in Slovakia?\r\nNo, Ive been to Slovakia over 10 times.\r\n\r\nWho do you leave behind when you go on your next trip?\r\nMy girlfriend and my dog.\r\n\r\nIs it easy or hard for them you being away?\r\nIf its a short trip, then its easy for them. If its a long trip like when I go on a tour for 3 weeks to a month, then its a little tough.\r\n\r\nWhat is your favourite airport?\r\nHmmm. I am not really a fan of airports. For really short lines (within USA), I would say Burbank Airport. For cleanliness, I would say Zurich Airport. For food, I would say Austin and Nashville, really good BBQ.\r\n\r\nI dont leave the house without?\r\nClothes for one haha. My toothbrush, toothpaste and deodorant. If Im DJing, it will be my laptop, Serato box (if needed), headphones, slipmats, Serato records and maybe a few extra records. I used to always have gummy bears too. But now its pistachios.\r\nBest B-Boy related travel companion(s)?\r\nEl Nino, Nasty Ray, Jeremy HK and Keebz because theyre always down for a good time.\r\n\r\nWhat does your upcoming travel to Outbreak Europe look like from door to door?\r\nIts long. It takes me about 45 minutes normally to get to LAX. Then, I fly to Amsterdam for a day, which will take at least 10 hours from L.A. I spend a day in Amsterdam, and I leave the next day to fly to Vienna in Austria, which will be another 2 hours of flying. I have another 3-hour drive from Vienna to Banska Bystrica in Slovakia  the city of Outbreak Europe.\r\n\r\nWhat do you expect from Outbreak Europe this year.\r\nNo sleep and lots of fun.\r\n\r\nOne last travel advice?\r\nFor anyone that hates jet lag, rest well and drink loads of water. I usually drink 2 litres of water before and during long flights. Eat healthy and light before getting on the plane. Dont eat the food on the plane, unless youre in first class. When you get to your destination, make time for sightseeing, meet some locals, eat good food and if youre a DJ like me get some records.\r\n\r\nOutbreak Europe takes place in the city of Banska Bystrica Slovakia from July 29th  31st.', '2016-10-26'),
(394, 1, '8 Indian B-Boys Trace the Journey of the Dance Form', 'What appeals most to me about the art form is its rawness and the freedom to just let go and express a side of you which I never thought existed.\r\n\r\n B-Boy ET (Guatam Jeevan)\r\n\r\n \r\n\r\nThe brewing excitement in the days leading up to Red Bull BC Ones 2016 edition in India is tangible. As the four cities where events will take place prep for the event, we caught up with some of the leading B-Boys in the country. Here, we dig a little deeper and speak to the most dedicated of the lot that has been pushing this form for years now about how the art form came to India and how it has been evolving over the years. Some of the countrys best B-Boys offer advice for the next generation. Read on for more.  \r\nSumit Suvarna, Beast Mode (Mumbai)\r\n\r\nB-Boy Ninja is one of the most iconic names in Indian breaking history, having organized one of the first jams in the country back in 2006. Having trained in New York and California to learn the authentic form of breaking, he is an inspiration for many aspiring B-Boys and B-Girls. \r\n\r\nOn how the B-Boy scene in India has evolved since he first began\r\nThere was no one when we started, and when we would practice on the roads, people used to think we were doing kung fu (laughs). I used to practice outside my house, and a lot of kids would come and watch. Over time, the acceptance grew, especially thanks to the shows on MTV and the Red Bull BC One which opened up B-Boying to a much wider audience.  \r\n\r\nIn Bangalore, the scene was pretty young, and the scene was brought over by kids from Dubai. B-Boy Hotshot is a name you cant ignore, who kicked off the scene in Kolkata, and Kim Mogen from Shillong has fought hard for opportunities in a place where resources are scarce. \r\n\r\nIn Delhi, Heera has been a staunch supporter of b-boying, and has been a mentor to several of the leading B-Boys of today. In Mumbai, Gautam ET Jeevan is leading the game. He started off as Indias first popper, and now hes a B-Boy, too.\r\n\r\nSocial media has also changed a lot, making it easier for aspiring B-Boys to work on their techniques in a way we couldnt do before. \r\n\r\nSome advice for the new generation of B-Boys\r\nJust create, dont imitate. The best dancers have got their own unique styles. Indians need to find their own. We have just been blindly copying other styles, and thats why were not growing. \r\nGautam Jeevan, Freak n Stylz (Mumbai)\r\n\r\nB-Boy ET got into B-Boying when he came across a music video featuring the art form, by RUN DMC, and theres been no looking back since. He has been a dedicated student of the art, constantly researching the origins of the dance form. He''s also one of the first members of Freak n Stylz Crew, the first crew to be formed in India, which is now nine years old. They were closely followed by the UDK crew, as the second ones in the country, with Paritosh at the helm.\r\n\r\nOn how the B-Boy scene in India has evolved since he first began \r\nThe scene began with no more than five to six B-Boys back when I started. It has grown to thousands across the country now.We had one or two jams back in the day which we organized ourselves and called friends and fellow B-Boys to support us. And now, there are major events with international judges happening every month.\r\n\r\nThe biggest shortcoming for B-Boying in the country, in all honesty, is that 90% of the B-Boys are in their teens or early 20s so they are exploited by corporate houses, Bollywood, event organizers etc. Theyre also not paid well as most B-Boys are often just hunting to make a quick buck, and this is what destroys the market completely.\r\n\r\nSome advice for the new generation of B-Boys\r\nNever forget why you started dancing  it was never to win competitions but for a feeling you get when you dance which makes you happy.\r\n\r\nRespect the B-Boys who have paved the way for you  if it wasn''t for them, you probably wouldn''t have been attracted to the art in the first place.\r\n\r\nKnow your worth  if you want to make money through B-Boying, command it through your skills and behavior. Don''t be a sellout.\r\nKim Mugen, Tribal Beatz Crew (Shillong)\r\n\r\nB-Boy Kim started off as one of the core members of Mizorams Tribal Beatz Crew, and has been a pioneer and promoter of B-Boy culture in the North-Eastern states. His zeal for breaking gives him a sense of purpose and strength he builds on every day, and hes been going strong for more than five years. \r\n\r\nOn how the B-Boy scene in India has evolved since he first began\r\nWell, in a worldly perspective, it has grown. Jams and shows happen on a far more regular basis compared to the time I started out. The B-Boy movement is a complex and highly expressive one, and the number of participants has been growing in this culture.\r\n\r\nHip Hop can sometimes have a very negative impact as well, with gang culture and drug use influence. I just don''t want my brothers to go down a path they will regret; this dance should be for spiritual growth and lead into the direction of Truth.\r\n\r\nSome advice for the new generation of B-Boys\r\nFind yourself, seek truth.\r\n\r\nBe careful in following false role models and false doctrines of this culture.\r\n\r\nSeek the Holy Spirit and the bible for advice.\r\n\r\nMatthew 4:4 Man does not live on food alone but by every word of God.\r\n\r\n4_edit.jpg\r\nNaser Azzeh, Black Ice Crew (Bangalore)\r\n\r\nB-Boy Nas was inspired to try breaking because of videos he came across on YouTube that had gone viral. With a lot of hard work and determination, his crew started imitating what they saw and have now developed their own styles and started to create their own moves.  \r\n\r\nOn how the B-Boy scene in India has evolved since he first began\r\nThe scene in India was very small eight years ago, and we have come a long way since then. Personally, I feel Bangalore welcomed this culture in with open arms, as we have the highest number of jams happening per year in India. It''s growing quickly and it isn''t gonna slow down any time soon!\r\n\r\nSome advice for the new generation of B-Boys\r\nTake your time to learn the foundation of the dance and the history because that''s the most important thing. \r\n\r\nEverything has to be built strong from the start. \r\n\r\nGive everything you have to Hip Hop, and Hip Hop will return great things to you in the future!\r\nLikith Achaiah, Black Ice Crew (Bangalore)\r\n\r\nFirst introduced to B-Boying in high school by a student who had returned to India from Dubai, Likith got into the art much later. With Black Ice Crew being formed in 2008, his passion for the art form grew, and some important challenges hes faced along the way include the lack of studio space to practice, family support and adequate training and guidance. \r\n\r\nOn how the B-Boy scene in India has evolved since he first began\r\nThe scene has evolved exponentially. Dancers are well connected through social media, and there are many events and jams that happen all across the country which help dancers grow.Shortcomings in the space would include a lack of investors, promoters and sponsors for privately-organized jams. \r\n\r\nSome advice for the new generation of B-Boys\r\nTrain hard and also take your time to understand the dance and culture. \r\n\r\nTry to be original. \r\n\r\nDon''t forget to warm up before practice.\r\nJayanta Samaddar, Break Guruz (Kolkata)\r\n\r\nB-Boy Hotshot believes he is an artist first, then a dancer, then a B-Boy. Art came first, then dancing in general (inspired by Michael Jackson), and eventually, he discovered breaking in 2008, when he was 16. Completely self-taught, he started out at a time when there were no more than 10-15 B-Boys, and Break Guruz, the crew he co-founded, is one of the first crews of India formed in June of 2008. \r\n\r\nWhat I like about the crew is, we don''t just share dance and go back home. We share life, as B-Boys and beyond B-Boys. To me, that is the essence of the philosophy of the B-Boy... we don''t just break, but we live life with that philosophy of a B-Boy. That is what Break Guruz means. \r\n\r\nOn how the B-Boy scene in India has evolved since he first began\r\nHailing from a small town called Bhadreshwar, 40 kms from Kolkata, I had to fight societal stereotypes. I think a reason why my B-Boy style is the way it is, is because I have fought these stereotypes all my life. \r\n\r\nWe carried a rivalry with Freak n Stylz crew, a score which needed to be settled. So, we travelled to Mumbai in 2009 to battle them, along with other B-Boys from Chandigarh and Jalandhar. To me, this is the single most important event in Indian B-Boy history. For the first time, B-Boys of India travelled across cities and states for Hip Hop, out of curiosity to know about other B-Boys, and to test our skills against theirs.\r\n\r\nTeaching myself was also a challenge, but that hunger that arose out of the energy of the dance and love for Hip Hop music saw me through. I trained eight hours a day and I believe I''m just getting better and evolving. Now, I pop as well.\r\n\r\nSome advice for the new generation of B-Boys\r\nThere is a lack of diversity, and many B-Boys are similar to some famous B-Boys. Originality thrives in isolation. I don''t mean to say be physically isolated, but mentally you should reject the impulse to do what others are doing.\r\n\r\nYou need to pause and dig deep. Indian B-Boys, grew up in a different environment than the original B-Boys in the Bronx. Unless you dig deep, you cannot accurately represent that idea that you want to represent in the first place.\r\n\r\nStudy great artists. To bring something new to the table, you need to look outside the table. Do something apart from breaking to draw inspiration from. Play an instrument, a sport, anything.\r\n\r\n3_edit.jpg\r\nNaresh Gopal, Third Eye Crew (Chennai)\r\n\r\nB-Boy Nash kicked off his career as a professional dancer when he was 16, inspired by watching B-Boy Gonza from 99 Flavour, Thailand, and he cites B-Boy Bunny (Roc Fresh Crew) as his inspiration closer to home, along with Pravin and Bala from Fifth Element Crew, Chennai. He flew to Thailand, Malaysia and Bangkok for professional training, to which he dedicated a few years, and then started his own crew in India, the Third Eye Crew.\r\n\r\nOn how the B-Boy scene in India has evolved since he first began\r\nThough B-Boying isnt a part of Indian dance traditionally, people here are so interested in and crazy about this style. Even the less-educated people who have had less exposure, perhaps from a lower socio-cultural strata, are showing more interest towards this style, and Im sure this is going to reach Himalayan heights.  \r\n\r\nSome advice for the new generation of B-Boys\r\nNo break to break.\r\n\r\nBe disciplined on the floor, and a Charlie Chaplin among all.\r\n\r\nFollow the creator, not the creation. \r\n\r\n1.jpg\r\nBharat Rajodiya, Tandav (New Delhi)\r\n\r\nB-Boy Rawdrs fascination of B-Boying grew from the first time he came across the dance form. His crew Tandav was formed in 2010, with six other co-founding members from different areas of the capital. \r\n\r\nOn how the B-Boy scene in India has evolved since he first began\r\nI feel it is now that India is really being put on the map, in terms of B-Boying. The Internet has really made a great difference and given us a platform to discover as well as show the world our skills. Freaknstylz and Roc Fresh Crew have been doing some great work since 2006, and thats how I discovered the art form. \r\n\r\nWhen we started out, we had to find like-minded people without any sort of reference. The only thing we had was Orkut, and we used that to network to a certain extent. We were among the first to organize jams in the city, and now, we have massive competitions like Red Bull BC One; the change is immense.  \r\n\r\nSome advice for the new generation of B-Boys\r\nThere is no originality. The only reason India is being held back is because the new generation is only aping the styles of other. Korea, for example, has a B-Boy scene that flourished in five years. We need to work on our own unique styles to really make an impact.Dont do it if you just want to imitate others. There are a few kids who are crazy and original, and Im counting on them to carry the legacy forward. \r\n\r\nText by Aditi Dharmadhikari', '2016-10-26');

-- --------------------------------------------------------

--
-- Table structure for table `comment_post`
--

CREATE TABLE IF NOT EXISTS `comment_post` (
  `id_comment` int(11) NOT NULL,
  `id_post` int(11) DEFAULT NULL,
  `id_user_comment` int(11) DEFAULT NULL,
  `content_comment` text NOT NULL,
  `date_created_comment` timestamp NOT NULL DEFAULT CURRENT_TIMESTAMP ON UPDATE CURRENT_TIMESTAMP
) ENGINE=InnoDB AUTO_INCREMENT=11 DEFAULT CHARSET=latin1;

--
-- Dumping data for table `comment_post`
--

INSERT INTO `comment_post` (`id_comment`, `id_post`, `id_user_comment`, `content_comment`, `date_created_comment`) VALUES
(1, 12, 30, 'oke gan', '2016-11-05 17:00:00'),
(2, 12, 30, 'eh ga jadi ding', '2016-11-06 03:04:28'),
(3, 12, 27, 'yahhhh :(', '2016-11-06 03:04:54'),
(4, 11, 27, 'terus ? ', '2016-11-06 07:15:01'),
(5, 11, 27, 'kenapa gan ? ', '2016-11-06 07:15:11'),
(6, 11, 27, 'kenapa beb ?? ', '2016-11-06 07:15:20'),
(7, 14, 27, 'Testing from Lynxs', '2016-11-07 00:33:38'),
(8, 15, 24, 'garing', '2016-11-07 02:04:33'),
(9, 14, 35, 'hehe', '2017-02-16 12:29:08'),
(10, 14, 27, 'halo', '2017-06-21 04:34:22');

-- --------------------------------------------------------

--
-- Table structure for table `community`
--

CREATE TABLE IF NOT EXISTS `community` (
  `id_comm` int(11) NOT NULL,
  `comm_name` varchar(30) NOT NULL,
  `type` varchar(30) NOT NULL,
  `date_created` date NOT NULL
) ENGINE=InnoDB AUTO_INCREMENT=7 DEFAULT CHARSET=latin1;

--
-- Dumping data for table `community`
--

INSERT INTO `community` (`id_comm`, `comm_name`, `type`, `date_created`) VALUES
(1, 'VAP', 'Dance', '2016-09-25'),
(2, 'EDC', 'Dance', '2016-09-25'),
(3, 'KDC', 'Dance', '2016-09-25'),
(4, 'UDC', 'Dance', '2016-09-27'),
(5, 'SDC', 'Dance', '2016-09-27'),
(6, 'BDC', 'Dance', '2016-09-27');

-- --------------------------------------------------------

--
-- Table structure for table `event`
--

CREATE TABLE IF NOT EXISTS `event` (
  `id_event` int(11) NOT NULL,
  `id_admin` int(11) NOT NULL,
  `id_comm` int(11) NOT NULL,
  `title` varchar(120) NOT NULL,
  `content` text NOT NULL,
  `date_event` timestamp NOT NULL DEFAULT CURRENT_TIMESTAMP ON UPDATE CURRENT_TIMESTAMP,
  `date_created` date NOT NULL
) ENGINE=InnoDB AUTO_INCREMENT=3 DEFAULT CHARSET=latin1;

--
-- Dumping data for table `event`
--

INSERT INTO `event` (`id_event`, `id_admin`, `id_comm`, `title`, `content`, `date_event`, `date_created`) VALUES
(1, 1, 4, 'contoh 1', 'contoh 1', '2016-11-22 17:00:00', '2016-11-23'),
(2, 1, 4, 'contoh 2', 'contoh 2', '2016-11-22 17:00:00', '2016-11-23');

-- --------------------------------------------------------

--
-- Table structure for table `forum`
--

CREATE TABLE IF NOT EXISTS `forum` (
  `id_chat` int(11) NOT NULL,
  `id_user` int(11) DEFAULT NULL,
  `content` text NOT NULL,
  `date_created` timestamp NOT NULL DEFAULT CURRENT_TIMESTAMP ON UPDATE CURRENT_TIMESTAMP
) ENGINE=InnoDB DEFAULT CHARSET=latin1;

-- --------------------------------------------------------

--
-- Table structure for table `messages`
--

CREATE TABLE IF NOT EXISTS `messages` (
  `id` int(11) NOT NULL,
  `message` text NOT NULL,
  `nickname` varchar(50) NOT NULL,
  `guid` varchar(100) NOT NULL,
  `timestamp` int(11) NOT NULL
) ENGINE=InnoDB AUTO_INCREMENT=73 DEFAULT CHARSET=latin1;

--
-- Dumping data for table `messages`
--

INSERT INTO `messages` (`id`, `message`, `nickname`, `guid`, `timestamp`) VALUES
(20, 'asd', 'Lynxs', '9a235a84-3b8c-2e75-1037-a05df41e4d4a', 1477633537),
(21, 'asdklasjdklasd', 'Lynxs', '9a235a84-3b8c-2e75-1037-a05df41e4d4a', 1477633554),
(22, 'askldjaskldjaklsdjlkasjdlkajsdkl', 'Lynxs', '9a235a84-3b8c-2e75-1037-a05df41e4d4a', 1477633557),
(23, 'aslkdjkalsjdklasjdklajsdkl', 'Lynxs', '9a235a84-3b8c-2e75-1037-a05df41e4d4a', 1477633560),
(24, 'asdlkjaslkdjalksdjklasjdklajsdkljaklsdjkalsdjklasd', 'Lynxs', '9a235a84-3b8c-2e75-1037-a05df41e4d4a', 1477633563),
(25, 'daklsdjlkasjdlkajsdkljaskldjas', 'Lynxs', '9a235a84-3b8c-2e75-1037-a05df41e4d4a', 1477633565),
(26, 'lkasdjlkasjdklajsdklajskldjaklsdas', 'Lynxs', '9a235a84-3b8c-2e75-1037-a05df41e4d4a', 1477633566),
(27, 'lkasdjlkasjdklasjdklajsdkljasklda', 'Lynxs', '9a235a84-3b8c-2e75-1037-a05df41e4d4a', 1477633568),
(28, 'lasjdklajsdkljaskldjkalsdjklasjkdlas', 'Lynxs', '9a235a84-3b8c-2e75-1037-a05df41e4d4a', 1477633569),
(29, 'asjdklasjdkljasdlkjaskldjaklsdjklasdjlkasd', 'Lynxs', '9a235a84-3b8c-2e75-1037-a05df41e4d4a', 1477633571),
(30, 'asjdklajsdkl', 'Lynxs', 'f1ab0886-2e63-c4a7-b643-bdc8309a7662', 1477634613),
(31, 'asdjaksdjaklsd', 'Lynxs', 'f1ab0886-2e63-c4a7-b643-bdc8309a7662', 1477634615),
(32, 'djlkasjdklajsdklajskldjaklsd', 'Lynxs', 'f1ab0886-2e63-c4a7-b643-bdc8309a7662', 1477634617),
(33, 'lkasjdlkasjdkl', 'Lynxs', 'f1ab0886-2e63-c4a7-b643-bdc8309a7662', 1477634619),
(34, 'AASFSG', 'Lynxs', '1855384a-6e99-d536-8029-d603f4114134', 1477635876),
(35, 'hai', 'Lynxs', '63383dcc-e6b5-c954-377a-aefcfdb48469', 1477660488),
(36, 'zulham', 'Lynxs', '03d1b5a4-8685-ca5c-bc46-0a15f27f3341', 1477709934),
(37, 'lalala', 'Lynxs', '03d1b5a4-8685-ca5c-bc46-0a15f27f3341', 1477709937),
(38, 'lalalala', 'Lynxs', '03d1b5a4-8685-ca5c-bc46-0a15f27f3341', 1477709939),
(39, 'lalalala', 'Lynxs', '03d1b5a4-8685-ca5c-bc46-0a15f27f3341', 1477709941),
(40, 'lalala', 'Lynxs', '03d1b5a4-8685-ca5c-bc46-0a15f27f3341', 1477709942),
(41, 'alalala', 'Lynxs', '03d1b5a4-8685-ca5c-bc46-0a15f27f3341', 1477709943),
(42, 'alalala', 'Lynxs', '03d1b5a4-8685-ca5c-bc46-0a15f27f3341', 1477709944),
(43, 'lalalala', 'Lynxs', '03d1b5a4-8685-ca5c-bc46-0a15f27f3341', 1477709945),
(44, 'hey', 'Zulham', 'f319dff0-0bd1-3567-1181-b8c246419c16', 1477801112),
(45, 'jlkjlkjlkjlk', 'Lynxs', 'a08d7613-e607-fb19-ae76-f756a31c0721', 1477875715),
(46, 'asjdlkjaslkd', 'Lynxs', 'a7a2d978-326e-a7c7-8791-1c4ecbbed1c3', 1477879963),
(47, 'asdasd', 'Lynxs', 'a7a2d978-326e-a7c7-8791-1c4ecbbed1c3', 1477879966),
(48, 'asdasd', 'Lynxs', 'a7a2d978-326e-a7c7-8791-1c4ecbbed1c3', 1477879967),
(49, 'asndajsdkasd', 'Lynxs', '0ed2619d-f6b1-9ec4-90a5-35fc83085824', 1477972404),
(50, 'hai', 'Lynxs', '0ed2619d-f6b1-9ec4-90a5-35fc83085824', 1477972405),
(51, 'hello', 'Lynxs', '0ed2619d-f6b1-9ec4-90a5-35fc83085824', 1477972407),
(52, 'Hai ... ', 'Lynxs', '2fbfea98-7502-fb9e-bcbc-a5ea3ace578f', 1478076302),
(53, 'hjkhk', 'Lynxs', '510abf86-28a3-f808-fda4-9a512b2032a3', 1478484370),
(54, 'asdasd', 'Lynxs', 'd458fdb7-97f8-4960-c5cd-6e4c16ae35e0', 1478576621),
(55, 'hai', 'Laila', '906e0668-cdd0-9457-479c-547b967538ae', 1478749332),
(56, 'kenapa jQuery110209022377053078587_1478749338027', 'Lynxs', '7c7fc90b-b2ea-40ef-334f-a88578235822', 1478749343),
(57, 'ga kenapa kenapa', 'Laila', '906e0668-cdd0-9457-479c-547b967538ae', 1478749359),
(58, 'lah jQuery1102031703763754867276_1478749351382', 'Lynxs', '7c7fc90b-b2ea-40ef-334f-a88578235822', 1478749365),
(59, 'zz', 'Lynxs', '7c7fc90b-b2ea-40ef-334f-a88578235822', 1478749399),
(60, 'bodo amat :p', 'Laila', '906e0668-cdd0-9457-479c-547b967538ae', 1478749407),
(61, 'haii', 'Lynxs', 'f5de8cd6-ee4d-4ee1-df06-344fadde4e09', 1479344171),
(62, 'kenapa jQuery110208197861837329039_1479344153529', 'Lynxs', 'null', 1479344383),
(63, 'kenapa jQuery110201521198749934205_1479344157037', 'Laila', 'null', 1479344393),
(64, 'test', 'Lynxs', 'c99540a0-968f-f646-e8f8-a150e929d174', 1479775176),
(65, 'hai', 'Lynxs', 'a4b82b63-7cd8-fa71-1b3b-e6b311b1c2d7', 1479873638),
(66, 'haii', 'Laila', '4bb60fe6-c9ed-dd5c-f8ef-f98d39a7870e', 1479959342),
(67, 'kenapa jQuery110201494983871541401_1479959346968', 'Lynxs', 'd4fc1955-2342-548f-7a4c-74160bec546c', 1479959356),
(68, 'hai', 'Lynxs', '7b744409-8ab3-351b-57f8-583baf87e729', 1480664587),
(69, 'hghghj', 'Lynxs', '0fe8e792-1631-3de6-0eeb-c63cdcc123ab', 1480994958),
(70, 'haii', 'Lynxs', '9474e3a9-a2a4-98bb-a187-5b7033ae0090', 1481873531),
(71, 'lkjkljkl', 'Zulham', '42600552-0a76-36d8-c8dd-5ef9f92724dc', 1487172774),
(72, 'hai', 'farid', '449f2afe-37c5-267e-34f5-8f08ea8558cf', 1487248161);

-- --------------------------------------------------------

--
-- Table structure for table `photo`
--

CREATE TABLE IF NOT EXISTS `photo` (
  `id_photo` int(11) NOT NULL,
  `id_user` int(11) DEFAULT NULL,
  `photo_name` varchar(120) NOT NULL,
  `date_created` timestamp NOT NULL DEFAULT CURRENT_TIMESTAMP ON UPDATE CURRENT_TIMESTAMP,
  `title` varchar(120) NOT NULL,
  `content` text NOT NULL
) ENGINE=InnoDB AUTO_INCREMENT=24 DEFAULT CHARSET=latin1;

--
-- Dumping data for table `photo`
--

INSERT INTO `photo` (`id_photo`, `id_user`, `photo_name`, `date_created`, `title`, `content`) VALUES
(1, 27, '1463411950102.jpg', '2016-10-25 17:00:00', '', ''),
(2, 27, '1464016946943.jpg', '2016-10-21 11:46:53', '', ''),
(3, 27, '1464016963272.jpg', '2016-10-21 12:00:47', '', ''),
(4, 27, '1464016971474.jpg', '2016-10-21 12:00:47', '', ''),
(5, 27, '1464016978142.jpg', '2016-10-21 12:03:58', '', ''),
(6, 27, '1464017000799.jpg', '2016-10-21 12:03:58', '', ''),
(7, 27, '1464017009903.jpg', '2016-10-21 12:03:58', '', ''),
(8, 27, '1464017017615.jpg', '2016-10-21 12:03:58', '', ''),
(9, 27, '1464017282059.jpg', '2016-10-21 12:03:58', '', ''),
(10, 27, '1464017442673.jpg', '2016-10-21 12:04:50', '', ''),
(11, 27, '1464017681657.jpg', '2016-10-21 12:04:50', '', ''),
(12, 27, '1464017792970.jpg', '2016-10-21 12:04:50', '', ''),
(13, 27, '1464497871900.jpg', '2016-10-21 12:04:50', '', ''),
(14, 27, 'DSC_0181.JPG', '2016-10-21 12:04:50', '', ''),
(15, 27, 'DSC_0331.JPG', '2016-10-21 12:05:09', '', ''),
(16, 27, 'P_20160227_113600.jpg', '2016-10-21 12:05:09', '', ''),
(17, 27, '10394049_10202376428046713_7036902841110505366_n.jpg', '2016-11-16 15:12:23', '', ''),
(18, 27, 'mtf_YxrHP_139.jpg.jpg', '2016-11-16 15:19:31', '', ''),
(19, 27, 'C360_2016-07-26-17-16-54-391.jpg', '2016-11-17 03:27:21', '', ''),
(20, 27, 'C360_2016-07-13-12-05-08-021.jpg', '2016-11-20 10:01:10', '', ''),
(21, 24, 'IMG_20160225_193713.jpg', '2016-11-20 10:42:01', '', ''),
(22, 27, 'IMG_20160228_201000.jpg', '2016-11-23 03:59:28', '', ''),
(23, 27, 'IMG_20160809_085518.jpg', '2016-11-24 03:51:35', '', '');

-- --------------------------------------------------------

--
-- Table structure for table `post`
--

CREATE TABLE IF NOT EXISTS `post` (
  `id_post` int(11) NOT NULL,
  `id_user` int(11) NOT NULL,
  `content` text NOT NULL,
  `date_created` timestamp NOT NULL DEFAULT CURRENT_TIMESTAMP ON UPDATE CURRENT_TIMESTAMP,
  `privacy` int(11) NOT NULL DEFAULT '0'
) ENGINE=InnoDB AUTO_INCREMENT=16 DEFAULT CHARSET=latin1;

--
-- Dumping data for table `post`
--

INSERT INTO `post` (`id_post`, `id_user`, `content`, `date_created`, `privacy`) VALUES
(4, 27, 'gens ,,,\r\nbuat yang tampil tanggal ####\r\nnanti harap latian di gedung ##### \r\njam ####', '2016-10-10 01:30:44', 0),
(6, 27, 'Geng sorry gua lagi sakit ,, \r\nnanti gua latian lagi klo udah sembuh\r\nthanks ya', '2016-10-12 05:48:30', 0),
(11, 30, 'Garing', '2016-10-23 06:13:25', 0),
(12, 27, 'Nanti latihan seperti biasa ya geng,\r\nJam 16.30 di Auditorium UNNES\r\n--------------------------------------\r\nNB : No Ngaret', '2016-10-26 05:37:55', 0),
(13, 24, 'gua lagi gabut', '2016-10-30 04:16:42', 0),
(14, 30, 'Testing', '2016-11-07 00:30:44', 0),
(15, 24, 'UDC sepi ', '2016-11-07 00:33:09', 0);

-- --------------------------------------------------------

--
-- Table structure for table `user`
--

CREATE TABLE IF NOT EXISTS `user` (
  `id_user` int(11) NOT NULL,
  `id_comm` int(11) NOT NULL,
  `name` varchar(120) NOT NULL,
  `email` varchar(120) NOT NULL,
  `password` char(32) NOT NULL,
  `birth` date NOT NULL,
  `gender` enum('Male','Female') DEFAULT NULL,
  `status` bit(1) NOT NULL DEFAULT b'0',
  `is_online` int(11) NOT NULL DEFAULT '0',
  `photo_profile` varchar(120) NOT NULL DEFAULT 'user.jpg'
) ENGINE=InnoDB AUTO_INCREMENT=36 DEFAULT CHARSET=latin1;

--
-- Dumping data for table `user`
--

INSERT INTO `user` (`id_user`, `id_comm`, `name`, `email`, `password`, `birth`, `gender`, `status`, `is_online`, `photo_profile`) VALUES
(20, 1, 'fitri', 'fitrianisah310@gmail.com', 'e66305d3e0e3b697b8ec8f9ad5ea8954', '0000-00-00', 'Female', b'1', 0, 'user.jpg'),
(22, 2, 'muslim nuryogi', 'muslim.nuryogi@gmail.com', 'f26510790b446ab7d8939c97b29ea287', '0000-00-00', 'Male', b'0', 0, 'user.jpg'),
(23, 1, 'senja', 'ayuningtyassenja@gmail.com', '25f9e794323b453885f5181f1b624d0b', '0000-00-00', 'Female', b'0', 0, 'user.jpg'),
(24, 4, 'Zulham', 'asegaf@ymail.com', 'acc8bd29630c8a070acdd84b4511d006', '0000-00-00', 'Male', b'1', 0, '1464017091475.jpg'),
(27, 1, 'Lynxs', 'zulham724@gmail.com', 'acc8bd29630c8a070acdd84b4511d006', '0000-00-00', 'Male', b'1', 0, 'IMG_20160207_112209.jpg'),
(28, 4, 'Bungsu', 'bungsuadi6@gmail.com', 'd8578edf8458ce06fbc5bb76a58c5ca4', '0000-00-00', 'Male', b'0', 0, 'user.jpg'),
(30, 1, 'Laila', 'lailatulkhusna38@gmail.com', '8a6afed87cbcb4f9bbd3d7781dc3fe51', '0000-00-00', 'Female', b'1', 1, 'IMG_20160811_180534.jpg'),
(31, 1, 'aye', 'hutabalianaye@gmail.com', '2ceb341dcb5a760d26fc9ce1d7769bd2', '0000-00-00', 'Female', b'1', 0, 'user.jpg'),
(32, 1, 'Ahmad Najibullah', 'adjiepunya@gmail.com', '670b14728ad9902aecba32e22fa4f6bd', '0000-00-00', 'Male', b'0', 0, 'user.jpg'),
(35, 1, 'farid', 'faridistiqlal9@gmail.com', '25d55ad283aa400af464c76d713c07ad', '0000-00-00', 'Male', b'1', 1, 'IMG_20160419_195347.jpg');

-- --------------------------------------------------------

--
-- Table structure for table `video`
--

CREATE TABLE IF NOT EXISTS `video` (
  `id_video` int(11) NOT NULL,
  `id_user` int(11) DEFAULT NULL,
  `video_url` varchar(500) NOT NULL,
  `title` varchar(120) NOT NULL,
  `content` text NOT NULL,
  `date_created` date NOT NULL
) ENGINE=InnoDB AUTO_INCREMENT=3 DEFAULT CHARSET=latin1;

--
-- Dumping data for table `video`
--

INSERT INTO `video` (`id_video`, `id_user`, `video_url`, `title`, `content`, `date_created`) VALUES
(1, 27, '<iframe width="854" height="480" src="https://www.youtube.com/embed/l3FEela1-CI" frameborder="0" allowfullscreen></iframe>', 'BBOY', 'Lorem ipsum dolor sit amet, consectetur adipisicing elit, sed do eiusmod\r\n			tempor incididunt ut labore et dolore magna aliqua. Ut enim ad minim veniam,\r\n			quis nostrud exercitation ullamco laboris nisi ut aliquip ex ea commodo\r\n			consequat. Duis aute irure dolor in reprehenderit in voluptate velit esse\r\n			cillum dolore eu fugiat nulla pariatur. Excepteur sint occaecat cupidatat non\r\n			proident, sunt in culpa qui officia deserunt mollit anim id est laborum.', '0000-00-00'),
(2, 27, '<iframe width="854" height="480" src="https://www.youtube.com/embed/EAF97JI2kIg" frameborder="0" allowfullscreen></iframe>', 'BBoy Pocket', 'Lorem ipsum dolor sit amet, consectetur adipisicing elit, sed do eiusmod\r\n					tempor incididunt ut labore et dolore magna aliqua. Ut enim ad minim veniam,\r\n					quis nostrud exercitation ullamco laboris nisi ut aliquip ex ea commodo\r\n					consequat. Duis aute irure dolor in reprehenderit in voluptate velit esse\r\n					cillum dolore eu fugiat nulla pariatur. Excepteur sint occaecat cupidatat non\r\n					proident, sunt in culpa qui officia deserunt mollit anim id est laborum.', '2016-10-29');

--
-- Indexes for dumped tables
--

--
-- Indexes for table `admin`
--
ALTER TABLE `admin`
  ADD PRIMARY KEY (`id_admin`);

--
-- Indexes for table `announcement`
--
ALTER TABLE `announcement`
  ADD PRIMARY KEY (`id_ann`), ADD KEY `id_user` (`id_user`);

--
-- Indexes for table `blog`
--
ALTER TABLE `blog`
  ADD PRIMARY KEY (`id_blog`), ADD KEY `id_admin` (`id_admin`);

--
-- Indexes for table `comment_post`
--
ALTER TABLE `comment_post`
  ADD PRIMARY KEY (`id_comment`), ADD KEY `id_post` (`id_post`), ADD KEY `id_user_comment` (`id_user_comment`);

--
-- Indexes for table `community`
--
ALTER TABLE `community`
  ADD PRIMARY KEY (`id_comm`);

--
-- Indexes for table `event`
--
ALTER TABLE `event`
  ADD PRIMARY KEY (`id_event`), ADD KEY `id_admin` (`id_admin`), ADD KEY `id_comm` (`id_comm`);

--
-- Indexes for table `forum`
--
ALTER TABLE `forum`
  ADD PRIMARY KEY (`id_chat`), ADD KEY `id_user` (`id_user`);

--
-- Indexes for table `messages`
--
ALTER TABLE `messages`
  ADD PRIMARY KEY (`id`);

--
-- Indexes for table `photo`
--
ALTER TABLE `photo`
  ADD PRIMARY KEY (`id_photo`), ADD KEY `id_user` (`id_user`);

--
-- Indexes for table `post`
--
ALTER TABLE `post`
  ADD PRIMARY KEY (`id_post`), ADD KEY `id_user` (`id_user`);

--
-- Indexes for table `user`
--
ALTER TABLE `user`
  ADD PRIMARY KEY (`id_user`), ADD UNIQUE KEY `email` (`email`), ADD KEY `id_comm` (`id_comm`);

--
-- Indexes for table `video`
--
ALTER TABLE `video`
  ADD PRIMARY KEY (`id_video`), ADD KEY `id_user` (`id_user`);

--
-- AUTO_INCREMENT for dumped tables
--

--
-- AUTO_INCREMENT for table `admin`
--
ALTER TABLE `admin`
  MODIFY `id_admin` int(11) NOT NULL AUTO_INCREMENT,AUTO_INCREMENT=2;
--
-- AUTO_INCREMENT for table `announcement`
--
ALTER TABLE `announcement`
  MODIFY `id_ann` int(11) NOT NULL AUTO_INCREMENT,AUTO_INCREMENT=19;
--
-- AUTO_INCREMENT for table `blog`
--
ALTER TABLE `blog`
  MODIFY `id_blog` int(11) NOT NULL AUTO_INCREMENT,AUTO_INCREMENT=395;
--
-- AUTO_INCREMENT for table `comment_post`
--
ALTER TABLE `comment_post`
  MODIFY `id_comment` int(11) NOT NULL AUTO_INCREMENT,AUTO_INCREMENT=11;
--
-- AUTO_INCREMENT for table `community`
--
ALTER TABLE `community`
  MODIFY `id_comm` int(11) NOT NULL AUTO_INCREMENT,AUTO_INCREMENT=7;
--
-- AUTO_INCREMENT for table `event`
--
ALTER TABLE `event`
  MODIFY `id_event` int(11) NOT NULL AUTO_INCREMENT,AUTO_INCREMENT=3;
--
-- AUTO_INCREMENT for table `forum`
--
ALTER TABLE `forum`
  MODIFY `id_chat` int(11) NOT NULL AUTO_INCREMENT;
--
-- AUTO_INCREMENT for table `messages`
--
ALTER TABLE `messages`
  MODIFY `id` int(11) NOT NULL AUTO_INCREMENT,AUTO_INCREMENT=73;
--
-- AUTO_INCREMENT for table `photo`
--
ALTER TABLE `photo`
  MODIFY `id_photo` int(11) NOT NULL AUTO_INCREMENT,AUTO_INCREMENT=24;
--
-- AUTO_INCREMENT for table `post`
--
ALTER TABLE `post`
  MODIFY `id_post` int(11) NOT NULL AUTO_INCREMENT,AUTO_INCREMENT=16;
--
-- AUTO_INCREMENT for table `user`
--
ALTER TABLE `user`
  MODIFY `id_user` int(11) NOT NULL AUTO_INCREMENT,AUTO_INCREMENT=36;
--
-- AUTO_INCREMENT for table `video`
--
ALTER TABLE `video`
  MODIFY `id_video` int(11) NOT NULL AUTO_INCREMENT,AUTO_INCREMENT=3;
--
-- Constraints for dumped tables
--

--
-- Constraints for table `announcement`
--
ALTER TABLE `announcement`
ADD CONSTRAINT `announcement_ibfk_1` FOREIGN KEY (`id_user`) REFERENCES `user` (`id_user`) ON DELETE CASCADE ON UPDATE CASCADE;

--
-- Constraints for table `blog`
--
ALTER TABLE `blog`
ADD CONSTRAINT `blog_ibfk_1` FOREIGN KEY (`id_admin`) REFERENCES `admin` (`id_admin`) ON DELETE CASCADE ON UPDATE CASCADE;

--
-- Constraints for table `comment_post`
--
ALTER TABLE `comment_post`
ADD CONSTRAINT `comment_post_ibfk_1` FOREIGN KEY (`id_post`) REFERENCES `post` (`id_post`) ON DELETE CASCADE ON UPDATE CASCADE,
ADD CONSTRAINT `comment_post_ibfk_2` FOREIGN KEY (`id_user_comment`) REFERENCES `user` (`id_user`) ON DELETE CASCADE ON UPDATE CASCADE;

--
-- Constraints for table `event`
--
ALTER TABLE `event`
ADD CONSTRAINT `event_ibfk_1` FOREIGN KEY (`id_admin`) REFERENCES `admin` (`id_admin`) ON DELETE CASCADE ON UPDATE CASCADE,
ADD CONSTRAINT `event_ibfk_2` FOREIGN KEY (`id_comm`) REFERENCES `community` (`id_comm`) ON DELETE CASCADE ON UPDATE CASCADE;

--
-- Constraints for table `forum`
--
ALTER TABLE `forum`
ADD CONSTRAINT `forum_ibfk_1` FOREIGN KEY (`id_user`) REFERENCES `user` (`id_user`) ON DELETE CASCADE ON UPDATE CASCADE;

--
-- Constraints for table `photo`
--
ALTER TABLE `photo`
ADD CONSTRAINT `photo_ibfk_1` FOREIGN KEY (`id_user`) REFERENCES `user` (`id_user`) ON DELETE CASCADE ON UPDATE CASCADE;

--
-- Constraints for table `post`
--
ALTER TABLE `post`
ADD CONSTRAINT `post_ibfk_1` FOREIGN KEY (`id_user`) REFERENCES `user` (`id_user`) ON DELETE CASCADE ON UPDATE CASCADE;

--
-- Constraints for table `user`
--
ALTER TABLE `user`
ADD CONSTRAINT `user_ibfk_1` FOREIGN KEY (`id_comm`) REFERENCES `community` (`id_comm`) ON DELETE CASCADE ON UPDATE CASCADE;

--
-- Constraints for table `video`
--
ALTER TABLE `video`
ADD CONSTRAINT `video_ibfk_1` FOREIGN KEY (`id_user`) REFERENCES `user` (`id_user`) ON DELETE CASCADE ON UPDATE CASCADE;
--
-- Database: `test_laravel`
--

-- --------------------------------------------------------

--
-- Table structure for table `dosen`
--

CREATE TABLE IF NOT EXISTS `dosen` (
  `id_dosen` int(11) NOT NULL,
  `nama` varchar(120) NOT NULL
) ENGINE=InnoDB DEFAULT CHARSET=latin1;

-- --------------------------------------------------------

--
-- Table structure for table `dosens`
--

CREATE TABLE IF NOT EXISTS `dosens` (
  `id_dosen` int(11) NOT NULL,
  `nama` varchar(120) NOT NULL
) ENGINE=InnoDB DEFAULT CHARSET=latin1;

-- --------------------------------------------------------

--
-- Table structure for table `users`
--

CREATE TABLE IF NOT EXISTS `users` (
  `firstname` varchar(120) NOT NULL,
  `lastname` varchar(120) NOT NULL,
  `gender` varchar(120) NOT NULL,
  `bio` varchar(120) NOT NULL
) ENGINE=InnoDB DEFAULT CHARSET=latin1;

--
-- Dumping data for table `users`
--

INSERT INTO `users` (`firstname`, `lastname`, `gender`, `bio`) VALUES
('Zulham', 'Azwar Achmad', 'Laki Laki', 'none');

--
-- Indexes for dumped tables
--

--
-- Indexes for table `dosen`
--
ALTER TABLE `dosen`
  ADD PRIMARY KEY (`id_dosen`);

--
-- Indexes for table `dosens`
--
ALTER TABLE `dosens`
  ADD PRIMARY KEY (`id_dosen`);

--
-- AUTO_INCREMENT for dumped tables
--

--
-- AUTO_INCREMENT for table `dosen`
--
ALTER TABLE `dosen`
  MODIFY `id_dosen` int(11) NOT NULL AUTO_INCREMENT;
--
-- AUTO_INCREMENT for table `dosens`
--
ALTER TABLE `dosens`
  MODIFY `id_dosen` int(11) NOT NULL AUTO_INCREMENT;--
-- Database: `test_login`
--
--
-- Database: `test_tinymce`
--

-- --------------------------------------------------------

--
-- Table structure for table `blog`
--

CREATE TABLE IF NOT EXISTS `blog` (
  `id_blog` int(11) NOT NULL,
  `title` varchar(120) NOT NULL,
  `content` text NOT NULL
) ENGINE=InnoDB AUTO_INCREMENT=6 DEFAULT CHARSET=latin1;

--
-- Dumping data for table `blog`
--

INSERT INTO `blog` (`id_blog`, `title`, `content`) VALUES
(1, '', '<h1 style="text-align: center;"><em><strong>Halooooo</strong></em></h1>'),
(2, '', '<ul>\r\n<li>Zulham Azwar Achmad</li>\r\n<li>Lailatul Khusna</li>\r\n</ul>\r\n<p style="text-align: center;"><strong>Universitas Negeri Semarang</strong></p>\r\n<p>&nbsp;</p>'),
(3, '', '<p><!-- [if gte mso 9]><xml>\r\n <o:OfficeDocumentSettings>\r\n  <o:AllowPNG/>\r\n </o:OfficeDocumentSettings>\r\n</xml><![endif]--></p>\r\n<p><!-- [if gte mso 9]><xml>\r\n <w:WordDocument>\r\n  <w:View>Normal</w:View>\r\n  <w:Zoom>0</w:Zoom>\r\n  <w:TrackMoves/>\r\n  <w:TrackFormatting/>\r\n  <w:PunctuationKerning/>\r\n  <w:ValidateAgainstSchemas/>\r\n  <w:SaveIfXMLInvalid>false</w:SaveIfXMLInvalid>\r\n  <w:IgnoreMixedContent>false</w:IgnoreMixedContent>\r\n  <w:AlwaysShowPlaceholderText>false</w:AlwaysShowPlaceholderText>\r\n  <w:DoNotPromoteQF/>\r\n  <w:LidThemeOther>EN-US</w:LidThemeOther>\r\n  <w:LidThemeAsian>X-NONE</w:LidThemeAsian>\r\n  <w:LidThemeComplexScript>X-NONE</w:LidThemeComplexScript>\r\n  <w:Compatibility>\r\n   <w:BreakWrappedTables/>\r\n   <w:SnapToGridInCell/>\r\n   <w:WrapTextWithPunct/>\r\n   <w:UseAsianBreakRules/>\r\n   <w:DontGrowAutofit/>\r\n   <w:SplitPgBreakAndParaMark/>\r\n   <w:EnableOpenTypeKerning/>\r\n   <w:DontFlipMirrorIndents/>\r\n   <w:OverrideTableStyleHps/>\r\n  </w:Compatibility>\r\n  <m:mathPr>\r\n   <m:mathFont m:val="Cambria Math"/>\r\n   <m:brkBin m:val="before"/>\r\n   <m:brkBinSub m:val="&#45;-"/>\r\n   <m:smallFrac m:val="off"/>\r\n   <m:dispDef/>\r\n   <m:lMargin m:val="0"/>\r\n   <m:rMargin m:val="0"/>\r\n   <m:defJc m:val="centerGroup"/>\r\n   <m:wrapIndent m:val="1440"/>\r\n   <m:intLim m:val="subSup"/>\r\n   <m:naryLim m:val="undOvr"/>\r\n  </m:mathPr></w:WordDocument>\r\n</xml><![endif]--><!-- [if gte mso 9]><xml>\r\n <w:LatentStyles DefLockedState="false" DefUnhideWhenUsed="false"\r\n  DefSemiHidden="false" DefQFormat="false" DefPriority="99"\r\n  LatentStyleCount="371">\r\n  <w:LsdException Locked="false" Priority="0" QFormat="true" Name="Normal"/>\r\n  <w:LsdException Locked="false" Priority="9" QFormat="true" Name="heading 1"/>\r\n  <w:LsdException Locked="false" Priority="9" SemiHidden="true"\r\n   UnhideWhenUsed="true" QFormat="true" Name="heading 2"/>\r\n  <w:LsdException Locked="false" Priority="9" SemiHidden="true"\r\n   UnhideWhenUsed="true" QFormat="true" Name="heading 3"/>\r\n  <w:LsdException Locked="false" Priority="9" SemiHidden="true"\r\n   UnhideWhenUsed="true" QFormat="true" Name="heading 4"/>\r\n  <w:LsdException Locked="false" Priority="9" SemiHidden="true"\r\n   UnhideWhenUsed="true" QFormat="true" Name="heading 5"/>\r\n  <w:LsdException Locked="false" Priority="9" SemiHidden="true"\r\n   UnhideWhenUsed="true" QFormat="true" Name="heading 6"/>\r\n  <w:LsdException Locked="false" Priority="9" SemiHidden="true"\r\n   UnhideWhenUsed="true" QFormat="true" Name="heading 7"/>\r\n  <w:LsdException Locked="false" Priority="9" SemiHidden="true"\r\n   UnhideWhenUsed="true" QFormat="true" Name="heading 8"/>\r\n  <w:LsdException Locked="false" Priority="9" SemiHidden="true"\r\n   UnhideWhenUsed="true" QFormat="true" Name="heading 9"/>\r\n  <w:LsdException Locked="false" SemiHidden="true" UnhideWhenUsed="true"\r\n   Name="index 1"/>\r\n  <w:LsdException Locked="false" SemiHidden="true" UnhideWhenUsed="true"\r\n   Name="index 2"/>\r\n  <w:LsdException Locked="false" SemiHidden="true" UnhideWhenUsed="true"\r\n   Name="index 3"/>\r\n  <w:LsdException Locked="false" SemiHidden="true" UnhideWhenUsed="true"\r\n   Name="index 4"/>\r\n  <w:LsdException Locked="false" SemiHidden="true" UnhideWhenUsed="true"\r\n   Name="index 5"/>\r\n  <w:LsdException Locked="false" SemiHidden="true" UnhideWhenUsed="true"\r\n   Name="index 6"/>\r\n  <w:LsdException Locked="false" SemiHidden="true" UnhideWhenUsed="true"\r\n   Name="index 7"/>\r\n  <w:LsdException Locked="false" SemiHidden="true" UnhideWhenUsed="true"\r\n   Name="index 8"/>\r\n  <w:LsdException Locked="false" SemiHidden="true" UnhideWhenUsed="true"\r\n   Name="index 9"/>\r\n  <w:LsdException Locked="false" Priority="39" SemiHidden="true"\r\n   UnhideWhenUsed="true" Name="toc 1"/>\r\n  <w:LsdException Locked="false" Priority="39" SemiHidden="true"\r\n   UnhideWhenUsed="true" Name="toc 2"/>\r\n  <w:LsdException Locked="false" Priority="39" SemiHidden="true"\r\n   UnhideWhenUsed="true" Name="toc 3"/>\r\n  <w:LsdException Locked="false" Priority="39" SemiHidden="true"\r\n   UnhideWhenUsed="true" Name="toc 4"/>\r\n  <w:LsdException Locked="false" Priority="39" SemiHidden="true"\r\n   UnhideWhenUsed="true" Name="toc 5"/>\r\n  <w:LsdException Locked="false" Priority="39" SemiHidden="true"\r\n   UnhideWhenUsed="true" Name="toc 6"/>\r\n  <w:LsdException Locked="false" Priority="39" SemiHidden="true"\r\n   UnhideWhenUsed="true" Name="toc 7"/>\r\n  <w:LsdException Locked="false" Priority="39" SemiHidden="true"\r\n   UnhideWhenUsed="true" Name="toc 8"/>\r\n  <w:LsdException Locked="false" Priority="39" SemiHidden="true"\r\n   UnhideWhenUsed="true" Name="toc 9"/>\r\n  <w:LsdException Locked="false" SemiHidden="true" UnhideWhenUsed="true"\r\n   Name="Normal Indent"/>\r\n  <w:LsdException Locked="false" SemiHidden="true" UnhideWhenUsed="true"\r\n   Name="footnote text"/>\r\n  <w:LsdException Locked="false" SemiHidden="true" UnhideWhenUsed="true"\r\n   Name="annotation text"/>\r\n  <w:LsdException Locked="false" SemiHidden="true" UnhideWhenUsed="true"\r\n   Name="header"/>\r\n  <w:LsdException Locked="false" SemiHidden="true" UnhideWhenUsed="true"\r\n   Name="footer"/>\r\n  <w:LsdException Locked="false" SemiHidden="true" UnhideWhenUsed="true"\r\n   Name="index heading"/>\r\n  <w:LsdException Locked="false" Priority="35" SemiHidden="true"\r\n   UnhideWhenUsed="true" QFormat="true" Name="caption"/>\r\n  <w:LsdException Locked="false" SemiHidden="true" UnhideWhenUsed="true"\r\n   Name="table of figures"/>\r\n  <w:LsdException Locked="false" SemiHidden="true" UnhideWhenUsed="true"\r\n   Name="envelope address"/>\r\n  <w:LsdException Locked="false" SemiHidden="true" UnhideWhenUsed="true"\r\n   Name="envelope return"/>\r\n  <w:LsdException Locked="false" SemiHidden="true" UnhideWhenUsed="true"\r\n   Name="footnote reference"/>\r\n  <w:LsdException Locked="false" SemiHidden="true" UnhideWhenUsed="true"\r\n   Name="annotation reference"/>\r\n  <w:LsdException Locked="false" SemiHidden="true" UnhideWhenUsed="true"\r\n   Name="line number"/>\r\n  <w:LsdException Locked="false" SemiHidden="true" UnhideWhenUsed="true"\r\n   Name="page number"/>\r\n  <w:LsdException Locked="false" SemiHidden="true" UnhideWhenUsed="true"\r\n   Name="endnote reference"/>\r\n  <w:LsdException Locked="false" SemiHidden="true" UnhideWhenUsed="true"\r\n   Name="endnote text"/>\r\n  <w:LsdException Locked="false" SemiHidden="true" UnhideWhenUsed="true"\r\n   Name="table of authorities"/>\r\n  <w:LsdException Locked="false" SemiHidden="true" UnhideWhenUsed="true"\r\n   Name="macro"/>\r\n  <w:LsdException Locked="false" SemiHidden="true" UnhideWhenUsed="true"\r\n   Name="toa heading"/>\r\n  <w:LsdException Locked="false" SemiHidden="true" UnhideWhenUsed="true"\r\n   Name="List"/>\r\n  <w:LsdException Locked="false" SemiHidden="true" UnhideWhenUsed="true"\r\n   Name="List Bullet"/>\r\n  <w:LsdException Locked="false" SemiHidden="true" UnhideWhenUsed="true"\r\n   Name="List Number"/>\r\n  <w:LsdException Locked="false" SemiHidden="true" UnhideWhenUsed="true"\r\n   Name="List 2"/>\r\n  <w:LsdException Locked="false" SemiHidden="true" UnhideWhenUsed="true"\r\n   Name="List 3"/>\r\n  <w:LsdException Locked="false" SemiHidden="true" UnhideWhenUsed="true"\r\n   Name="List 4"/>\r\n  <w:LsdException Locked="false" SemiHidden="true" UnhideWhenUsed="true"\r\n   Name="List 5"/>\r\n  <w:LsdException Locked="false" SemiHidden="true" UnhideWhenUsed="true"\r\n   Name="List Bullet 2"/>\r\n  <w:LsdException Locked="false" SemiHidden="true" UnhideWhenUsed="true"\r\n   Name="List Bullet 3"/>\r\n  <w:LsdException Locked="false" SemiHidden="true" UnhideWhenUsed="true"\r\n   Name="List Bullet 4"/>\r\n  <w:LsdException Locked="false" SemiHidden="true" UnhideWhenUsed="true"\r\n   Name="List Bullet 5"/>\r\n  <w:LsdException Locked="false" SemiHidden="true" UnhideWhenUsed="true"\r\n   Name="List Number 2"/>\r\n  <w:LsdException Locked="false" SemiHidden="true" UnhideWhenUsed="true"\r\n   Name="List Number 3"/>\r\n  <w:LsdException Locked="false" SemiHidden="true" UnhideWhenUsed="true"\r\n   Name="List Number 4"/>\r\n  <w:LsdException Locked="false" SemiHidden="true" UnhideWhenUsed="true"\r\n   Name="List Number 5"/>\r\n  <w:LsdException Locked="false" Priority="10" QFormat="true" Name="Title"/>\r\n  <w:LsdException Locked="false" SemiHidden="true" UnhideWhenUsed="true"\r\n   Name="Closing"/>\r\n  <w:LsdException Locked="false" SemiHidden="true" UnhideWhenUsed="true"\r\n   Name="Signature"/>\r\n  <w:LsdException Locked="false" Priority="1" SemiHidden="true"\r\n   UnhideWhenUsed="true" Name="Default Paragraph Font"/>\r\n  <w:LsdException Locked="false" SemiHidden="true" UnhideWhenUsed="true"\r\n   Name="Body Text"/>\r\n  <w:LsdException Locked="false" SemiHidden="true" UnhideWhenUsed="true"\r\n   Name="Body Text Indent"/>\r\n  <w:LsdException Locked="false" SemiHidden="true" UnhideWhenUsed="true"\r\n   Name="List Continue"/>\r\n  <w:LsdException Locked="false" SemiHidden="true" UnhideWhenUsed="true"\r\n   Name="List Continue 2"/>\r\n  <w:LsdException Locked="false" SemiHidden="true" UnhideWhenUsed="true"\r\n   Name="List Continue 3"/>\r\n  <w:LsdException Locked="false" SemiHidden="true" UnhideWhenUsed="true"\r\n   Name="List Continue 4"/>\r\n  <w:LsdException Locked="false" SemiHidden="true" UnhideWhenUsed="true"\r\n   Name="List Continue 5"/>\r\n  <w:LsdException Locked="false" SemiHidden="true" UnhideWhenUsed="true"\r\n   Name="Message Header"/>\r\n  <w:LsdException Locked="false" Priority="11" QFormat="true" Name="Subtitle"/>\r\n  <w:LsdException Locked="false" SemiHidden="true" UnhideWhenUsed="true"\r\n   Name="Salutation"/>\r\n  <w:LsdException Locked="false" SemiHidden="true" UnhideWhenUsed="true"\r\n   Name="Date"/>\r\n  <w:LsdException Locked="false" SemiHidden="true" UnhideWhenUsed="true"\r\n   Name="Body Text First Indent"/>\r\n  <w:LsdException Locked="false" SemiHidden="true" UnhideWhenUsed="true"\r\n   Name="Body Text First Indent 2"/>\r\n  <w:LsdException Locked="false" SemiHidden="true" UnhideWhenUsed="true"\r\n   Name="Note Heading"/>\r\n  <w:LsdException Locked="false" SemiHidden="true" UnhideWhenUsed="true"\r\n   Name="Body Text 2"/>\r\n  <w:LsdException Locked="false" SemiHidden="true" UnhideWhenUsed="true"\r\n   Name="Body Text 3"/>\r\n  <w:LsdException Locked="false" SemiHidden="true" UnhideWhenUsed="true"\r\n   Name="Body Text Indent 2"/>\r\n  <w:LsdException Locked="false" SemiHidden="true" UnhideWhenUsed="true"\r\n   Name="Body Text Indent 3"/>\r\n  <w:LsdException Locked="false" SemiHidden="true" UnhideWhenUsed="true"\r\n   Name="Block Text"/>\r\n  <w:LsdException Locked="false" SemiHidden="true" UnhideWhenUsed="true"\r\n   Name="Hyperlink"/>\r\n  <w:LsdException Locked="false" SemiHidden="true" UnhideWhenUsed="true"\r\n   Name="FollowedHyperlink"/>\r\n  <w:LsdException Locked="false" Priority="22" QFormat="true" Name="Strong"/>\r\n  <w:LsdException Locked="false" Priority="20" QFormat="true" Name="Emphasis"/>\r\n  <w:LsdException Locked="false" SemiHidden="true" UnhideWhenUsed="true"\r\n   Name="Document Map"/>\r\n  <w:LsdException Locked="false" SemiHidden="true" UnhideWhenUsed="true"\r\n   Name="Plain Text"/>\r\n  <w:LsdException Locked="false" SemiHidden="true" UnhideWhenUsed="true"\r\n   Name="E-mail Signature"/>\r\n  <w:LsdException Locked="false" SemiHidden="true" UnhideWhenUsed="true"\r\n   Name="HTML Top of Form"/>\r\n  <w:LsdException Locked="false" SemiHidden="true" UnhideWhenUsed="true"\r\n   Name="HTML Bottom of Form"/>\r\n  <w:LsdException Locked="false" SemiHidden="true" UnhideWhenUsed="true"\r\n   Name="Normal (Web)"/>\r\n  <w:LsdException Locked="false" SemiHidden="true" UnhideWhenUsed="true"\r\n   Name="HTML Acronym"/>\r\n  <w:LsdException Locked="false" SemiHidden="true" UnhideWhenUsed="true"\r\n   Name="HTML Address"/>\r\n  <w:LsdException Locked="false" SemiHidden="true" UnhideWhenUsed="true"\r\n   Name="HTML Cite"/>\r\n  <w:LsdException Locked="false" SemiHidden="true" UnhideWhenUsed="true"\r\n   Name="HTML Code"/>\r\n  <w:LsdException Locked="false" SemiHidden="true" UnhideWhenUsed="true"\r\n   Name="HTML Definition"/>\r\n  <w:LsdException Locked="false" SemiHidden="true" UnhideWhenUsed="true"\r\n   Name="HTML Keyboard"/>\r\n  <w:LsdException Locked="false" SemiHidden="true" UnhideWhenUsed="true"\r\n   Name="HTML Preformatted"/>\r\n  <w:LsdException Locked="false" SemiHidden="true" UnhideWhenUsed="true"\r\n   Name="HTML Sample"/>\r\n  <w:LsdException Locked="false" SemiHidden="true" UnhideWhenUsed="true"\r\n   Name="HTML Typewriter"/>\r\n  <w:LsdException Locked="false" SemiHidden="true" UnhideWhenUsed="true"\r\n   Name="HTML Variable"/>\r\n  <w:LsdException Locked="false" SemiHidden="true" UnhideWhenUsed="true"\r\n   Name="Normal Table"/>\r\n  <w:LsdException Locked="false" SemiHidden="true" UnhideWhenUsed="true"\r\n   Name="annotation subject"/>\r\n  <w:LsdException Locked="false" SemiHidden="true" UnhideWhenUsed="true"\r\n   Name="No List"/>\r\n  <w:LsdException Locked="false" SemiHidden="true" UnhideWhenUsed="true"\r\n   Name="Outline List 1"/>\r\n  <w:LsdException Locked="false" SemiHidden="true" UnhideWhenUsed="true"\r\n   Name="Outline List 2"/>\r\n  <w:LsdException Locked="false" SemiHidden="true" UnhideWhenUsed="true"\r\n   Name="Outline List 3"/>\r\n  <w:LsdException Locked="false" SemiHidden="true" UnhideWhenUsed="true"\r\n   Name="Table Simple 1"/>\r\n  <w:LsdException Locked="false" SemiHidden="true" UnhideWhenUsed="true"\r\n   Name="Table Simple 2"/>\r\n  <w:LsdException Locked="false" SemiHidden="true" UnhideWhenUsed="true"\r\n   Name="Table Simple 3"/>\r\n  <w:LsdException Locked="false" SemiHidden="true" UnhideWhenUsed="true"\r\n   Name="Table Classic 1"/>\r\n  <w:LsdException Locked="false" SemiHidden="true" UnhideWhenUsed="true"\r\n   Name="Table Classic 2"/>\r\n  <w:LsdException Locked="false" SemiHidden="true" UnhideWhenUsed="true"\r\n   Name="Table Classic 3"/>\r\n  <w:LsdException Locked="false" SemiHidden="true" UnhideWhenUsed="true"\r\n   Name="Table Classic 4"/>\r\n  <w:LsdException Locked="false" SemiHidden="true" UnhideWhenUsed="true"\r\n   Name="Table Colorful 1"/>\r\n  <w:LsdException Locked="false" SemiHidden="true" UnhideWhenUsed="true"\r\n   Name="Table Colorful 2"/>\r\n  <w:LsdException Locked="false" SemiHidden="true" UnhideWhenUsed="true"\r\n   Name="Table Colorful 3"/>\r\n  <w:LsdException Locked="false" SemiHidden="true" UnhideWhenUsed="true"\r\n   Name="Table Columns 1"/>\r\n  <w:LsdException Locked="false" SemiHidden="true" UnhideWhenUsed="true"\r\n   Name="Table Columns 2"/>\r\n  <w:LsdException Locked="false" SemiHidden="true" UnhideWhenUsed="true"\r\n   Name="Table Columns 3"/>\r\n  <w:LsdException Locked="false" SemiHidden="true" UnhideWhenUsed="true"\r\n   Name="Table Columns 4"/>\r\n  <w:LsdException Locked="false" SemiHidden="true" UnhideWhenUsed="true"\r\n   Name="Table Columns 5"/>\r\n  <w:LsdException Locked="false" SemiHidden="true" UnhideWhenUsed="true"\r\n   Name="Table Grid 1"/>\r\n  <w:LsdException Locked="false" SemiHidden="true" UnhideWhenUsed="true"\r\n   Name="Table Grid 2"/>\r\n  <w:LsdException Locked="false" SemiHidden="true" UnhideWhenUsed="true"\r\n   Name="Table Grid 3"/>\r\n  <w:LsdException Locked="false" SemiHidden="true" UnhideWhenUsed="true"\r\n   Name="Table Grid 4"/>\r\n  <w:LsdException Locked="false" SemiHidden="true" UnhideWhenUsed="true"\r\n   Name="Table Grid 5"/>\r\n  <w:LsdException Locked="false" SemiHidden="true" UnhideWhenUsed="true"\r\n   Name="Table Grid 6"/>\r\n  <w:LsdException Locked="false" SemiHidden="true" UnhideWhenUsed="true"\r\n   Name="Table Grid 7"/>\r\n  <w:LsdException Locked="false" SemiHidden="true" UnhideWhenUsed="true"\r\n   Name="Table Grid 8"/>\r\n  <w:LsdException Locked="false" SemiHidden="true" UnhideWhenUsed="true"\r\n   Name="Table List 1"/>\r\n  <w:LsdException Locked="false" SemiHidden="true" UnhideWhenUsed="true"\r\n   Name="Table List 2"/>\r\n  <w:LsdException Locked="false" SemiHidden="true" UnhideWhenUsed="true"\r\n   Name="Table List 3"/>\r\n  <w:LsdException Locked="false" SemiHidden="true" UnhideWhenUsed="true"\r\n   Name="Table List 4"/>\r\n  <w:LsdException Locked="false" SemiHidden="true" UnhideWhenUsed="true"\r\n   Name="Table List 5"/>\r\n  <w:LsdException Locked="false" SemiHidden="true" UnhideWhenUsed="true"\r\n   Name="Table List 6"/>\r\n  <w:LsdException Locked="false" SemiHidden="true" UnhideWhenUsed="true"\r\n   Name="Table List 7"/>\r\n  <w:LsdException Locked="false" SemiHidden="true" UnhideWhenUsed="true"\r\n   Name="Table List 8"/>\r\n  <w:LsdException Locked="false" SemiHidden="true" UnhideWhenUsed="true"\r\n   Name="Table 3D effects 1"/>\r\n  <w:LsdException Locked="false" SemiHidden="true" UnhideWhenUsed="true"\r\n   Name="Table 3D effects 2"/>\r\n  <w:LsdException Locked="false" SemiHidden="true" UnhideWhenUsed="true"\r\n   Name="Table 3D effects 3"/>\r\n  <w:LsdException Locked="false" SemiHidden="true" UnhideWhenUsed="true"\r\n   Name="Table Contemporary"/>\r\n  <w:LsdException Locked="false" SemiHidden="true" UnhideWhenUsed="true"\r\n   Name="Table Elegant"/>\r\n  <w:LsdException Locked="false" SemiHidden="true" UnhideWhenUsed="true"\r\n   Name="Table Professional"/>\r\n  <w:LsdException Locked="false" SemiHidden="true" UnhideWhenUsed="true"\r\n   Name="Table Subtle 1"/>\r\n  <w:LsdException Locked="false" SemiHidden="true" UnhideWhenUsed="true"\r\n   Name="Table Subtle 2"/>\r\n  <w:LsdException Locked="false" SemiHidden="true" UnhideWhenUsed="true"\r\n   Name="Table Web 1"/>\r\n  <w:LsdException Locked="false" SemiHidden="true" UnhideWhenUsed="true"\r\n   Name="Table Web 2"/>\r\n  <w:LsdException Locked="false" SemiHidden="true" UnhideWhenUsed="true"\r\n   Name="Table Web 3"/>\r\n  <w:LsdException Locked="false" SemiHidden="true" UnhideWhenUsed="true"\r\n   Name="Balloon Text"/>\r\n  <w:LsdException Locked="false" Priority="39" Name="Table Grid"/>\r\n  <w:LsdException Locked="false" SemiHidden="true" UnhideWhenUsed="true"\r\n   Name="Table Theme"/>\r\n  <w:LsdException Locked="false" SemiHidden="true" Name="Placeholder Text"/>\r\n  <w:LsdException Locked="false" Priority="1" QFormat="true" Name="No Spacing"/>\r\n  <w:LsdException Locked="false" Priority="60" Name="Light Shading"/>\r\n  <w:LsdException Locked="false" Priority="61" Name="Light List"/>\r\n  <w:LsdException Locked="false" Priority="62" Name="Light Grid"/>\r\n  <w:LsdException Locked="false" Priority="63" Name="Medium Shading 1"/>\r\n  <w:LsdException Locked="false" Priority="64" Name="Medium Shading 2"/>\r\n  <w:LsdException Locked="false" Priority="65" Name="Medium List 1"/>\r\n  <w:LsdException Locked="false" Priority="66" Name="Medium List 2"/>\r\n  <w:LsdException Locked="false" Priority="67" Name="Medium Grid 1"/>\r\n  <w:LsdException Locked="false" Priority="68" Name="Medium Grid 2"/>\r\n  <w:LsdException Locked="false" Priority="69" Name="Medium Grid 3"/>\r\n  <w:LsdException Locked="false" Priority="70" Name="Dark List"/>\r\n  <w:LsdException Locked="false" Priority="71" Name="Colorful Shading"/>\r\n  <w:LsdException Locked="false" Priority="72" Name="Colorful List"/>\r\n  <w:LsdException Locked="false" Priority="73" Name="Colorful Grid"/>\r\n  <w:LsdException Locked="false" Priority="60" Name="Light Shading Accent 1"/>\r\n  <w:LsdException Locked="false" Priority="61" Name="Light List Accent 1"/>\r\n  <w:LsdException Locked="false" Priority="62" Name="Light Grid Accent 1"/>\r\n  <w:LsdException Locked="false" Priority="63" Name="Medium Shading 1 Accent 1"/>\r\n  <w:LsdException Locked="false" Priority="64" Name="Medium Shading 2 Accent 1"/>\r\n  <w:LsdException Locked="false" Priority="65" Name="Medium List 1 Accent 1"/>\r\n  <w:LsdException Locked="false" SemiHidden="true" Name="Revision"/>\r\n  <w:LsdException Locked="false" Priority="34" QFormat="true"\r\n   Name="List Paragraph"/>\r\n  <w:LsdException Locked="false" Priority="29" QFormat="true" Name="Quote"/>\r\n  <w:LsdException Locked="false" Priority="30" QFormat="true"\r\n   Name="Intense Quote"/>\r\n  <w:LsdException Locked="false" Priority="66" Name="Medium List 2 Accent 1"/>\r\n  <w:LsdException Locked="false" Priority="67" Name="Medium Grid 1 Accent 1"/>\r\n  <w:LsdException Locked="false" Priority="68" Name="Medium Grid 2 Accent 1"/>\r\n  <w:LsdException Locked="false" Priority="69" Name="Medium Grid 3 Accent 1"/>\r\n  <w:LsdException Locked="false" Priority="70" Name="Dark List Accent 1"/>\r\n  <w:LsdException Locked="false" Priority="71" Name="Colorful Shading Accent 1"/>\r\n  <w:LsdException Locked="false" Priority="72" Name="Colorful List Accent 1"/>\r\n  <w:LsdException Locked="false" Priority="73" Name="Colorful Grid Accent 1"/>\r\n  <w:LsdException Locked="false" Priority="60" Name="Light Shading Accent 2"/>\r\n  <w:LsdException Locked="false" Priority="61" Name="Light List Accent 2"/>\r\n  <w:LsdException Locked="false" Priority="62" Name="Light Grid Accent 2"/>\r\n  <w:LsdException Locked="false" Priority="63" Name="Medium Shading 1 Accent 2"/>\r\n  <w:LsdException Locked="false" Priority="64" Name="Medium Shading 2 Accent 2"/>\r\n  <w:LsdException Locked="false" Priority="65" Name="Medium List 1 Accent 2"/>\r\n  <w:LsdException Locked="false" Priority="66" Name="Medium List 2 Accent 2"/>\r\n  <w:LsdException Locked="false" Priority="67" Name="Medium Grid 1 Accent 2"/>\r\n  <w:LsdException Locked="false" Priority="68" Name="Medium Grid 2 Accent 2"/>\r\n  <w:LsdException Locked="false" Priority="69" Name="Medium Grid 3 Accent 2"/>\r\n  <w:LsdException Locked="false" Priority="70" Name="Dark List Accent 2"/>\r\n  <w:LsdException Locked="false" Priority="71" Name="Colorful Shading Accent 2"/>\r\n  <w:LsdException Locked="false" Priority="72" Name="Colorful List Accent 2"/>\r\n  <w:LsdException Locked="false" Priority="73" Name="Colorful Grid Accent 2"/>\r\n  <w:LsdException Locked="false" Priority="60" Name="Light Shading Accent 3"/>\r\n  <w:LsdException Locked="false" Priority="61" Name="Light List Accent 3"/>\r\n  <w:LsdException Locked="false" Priority="62" Name="Light Grid Accent 3"/>\r\n  <w:LsdException Locked="false" Priority="63" Name="Medium Shading 1 Accent 3"/>\r\n  <w:LsdException Locked="false" Priority="64" Name="Medium Shading 2 Accent 3"/>\r\n  <w:LsdException Locked="false" Priority="65" Name="Medium List 1 Accent 3"/>\r\n  <w:LsdException Locked="false" Priority="66" Name="Medium List 2 Accent 3"/>\r\n  <w:LsdException Locked="false" Priority="67" Name="Medium Grid 1 Accent 3"/>\r\n  <w:LsdException Locked="false" Priority="68" Name="Medium Grid 2 Accent 3"/>\r\n  <w:LsdException Locked="false" Priority="69" Name="Medium Grid 3 Accent 3"/>\r\n  <w:LsdException Locked="false" Priority="70" Name="Dark List Accent 3"/>\r\n  <w:LsdException Locked="false" Priority="71" Name="Colorful Shading Accent 3"/>\r\n  <w:LsdException Locked="false" Priority="72" Name="Colorful List Accent 3"/>\r\n  <w:LsdException Locked="false" Priority="73" Name="Colorful Grid Accent 3"/>\r\n  <w:LsdException Locked="false" Priority="60" Name="Light Shading Accent 4"/>\r\n  <w:LsdException Locked="false" Priority="61" Name="Light List Accent 4"/>\r\n  <w:LsdException Locked="false" Priority="62" Name="Light Grid Accent 4"/>\r\n  <w:LsdException Locked="false" Priority="63" Name="Medium Shading 1 Accent 4"/>\r\n  <w:LsdException Locked="false" Priority="64" Name="Medium Shading 2 Accent 4"/>\r\n  <w:LsdException Locked="false" Priority="65" Name="Medium List 1 Accent 4"/>\r\n  <w:LsdException Locked="false" Priority="66" Name="Medium List 2 Accent 4"/>\r\n  <w:LsdException Locked="false" Priority="67" Name="Medium Grid 1 Accent 4"/>\r\n  <w:LsdException Locked="false" Priority="68" Name="Medium Grid 2 Accent 4"/>\r\n  <w:LsdException Locked="false" Priority="69" Name="Medium Grid 3 Accent 4"/>\r\n  <w:LsdException Locked="false" Priority="70" Name="Dark List Accent 4"/>\r\n  <w:LsdException Locked="false" Priority="71" Name="Colorful Shading Accent 4"/>\r\n  <w:LsdException Locked="false" Priority="72" Name="Colorful List Accent 4"/>\r\n  <w:LsdException Locked="false" Priority="73" Name="Colorful Grid Accent 4"/>\r\n  <w:LsdException Locked="false" Priority="60" Name="Light Shading Accent 5"/>\r\n  <w:LsdException Locked="false" Priority="61" Name="Light List Accent 5"/>\r\n  <w:LsdException Locked="false" Priority="62" Name="Light Grid Accent 5"/>\r\n  <w:LsdException Locked="false" Priority="63" Name="Medium Shading 1 Accent 5"/>\r\n  <w:LsdException Locked="false" Priority="64" Name="Medium Shading 2 Accent 5"/>\r\n  <w:LsdException Locked="false" Priority="65" Name="Medium List 1 Accent 5"/>\r\n  <w:LsdException Locked="false" Priority="66" Name="Medium List 2 Accent 5"/>\r\n  <w:LsdException Locked="false" Priority="67" Name="Medium Grid 1 Accent 5"/>\r\n  <w:LsdException Locked="false" Priority="68" Name="Medium Grid 2 Accent 5"/>\r\n  <w:LsdException Locked="false" Priority="69" Name="Medium Grid 3 Accent 5"/>\r\n  <w:LsdException Locked="false" Priority="70" Name="Dark List Accent 5"/>\r\n  <w:LsdException Locked="false" Priority="71" Name="Colorful Shading Accent 5"/>\r\n  <w:LsdException Locked="false" Priority="72" Name="Colorful List Accent 5"/>\r\n  <w:LsdException Locked="false" Priority="73" Name="Colorful Grid Accent 5"/>\r\n  <w:LsdException Locked="false" Priority="60" Name="Light Shading Accent 6"/>\r\n  <w:LsdException Locked="false" Priority="61" Name="Light List Accent 6"/>\r\n  <w:LsdException Locked="false" Priority="62" Name="Light Grid Accent 6"/>\r\n  <w:LsdException Locked="false" Priority="63" Name="Medium Shading 1 Accent 6"/>\r\n  <w:LsdException Locked="false" Priority="64" Name="Medium Shading 2 Accent 6"/>\r\n  <w:LsdException Locked="false" Priority="65" Name="Medium List 1 Accent 6"/>\r\n  <w:LsdException Locked="false" Priority="66" Name="Medium List 2 Accent 6"/>\r\n  <w:LsdException Locked="false" Priority="67" Name="Medium Grid 1 Accent 6"/>\r\n  <w:LsdException Locked="false" Priority="68" Name="Medium Grid 2 Accent 6"/>\r\n  <w:LsdException Locked="false" Priority="69" Name="Medium Grid 3 Accent 6"/>\r\n  <w:LsdException Locked="false" Priority="70" Name="Dark List Accent 6"/>\r\n  <w:LsdException Locked="false" Priority="71" Name="Colorful Shading Accent 6"/>\r\n  <w:LsdException Locked="false" Priority="72" Name="Colorful List Accent 6"/>\r\n  <w:LsdException Locked="false" Priority="73" Name="Colorful Grid Accent 6"/>\r\n  <w:LsdException Locked="false" Priority="19" QFormat="true"\r\n   Name="Subtle Emphasis"/>\r\n  <w:LsdException Locked="false" Priority="21" QFormat="true"\r\n   Name="Intense Emphasis"/>\r\n  <w:LsdException Locked="false" Priority="31" QFormat="true"\r\n   Name="Subtle Reference"/>\r\n  <w:LsdException Locked="false" Priority="32" QFormat="true"\r\n   Name="Intense Reference"/>\r\n  <w:LsdException Locked="false" Priority="33" QFormat="true" Name="Book Title"/>\r\n  <w:LsdException Locked="false" Priority="37" SemiHidden="true"\r\n   UnhideWhenUsed="true" Name="Bibliography"/>\r\n  <w:LsdException Locked="false" Priority="39" SemiHidden="true"\r\n   UnhideWhenUsed="true" QFormat="true" Name="TOC Heading"/>\r\n  <w:LsdException Locked="false" Priority="41" Name="Plain Table 1"/>\r\n  <w:LsdException Locked="false" Priority="42" Name="Plain Table 2"/>\r\n  <w:LsdException Locked="false" Priority="43" Name="Plain Table 3"/>\r\n  <w:LsdException Locked="false" Priority="44" Name="Plain Table 4"/>\r\n  <w:LsdException Locked="false" Priority="45" Name="Plain Table 5"/>\r\n  <w:LsdException Locked="false" Priority="40" Name="Grid Table Light"/>\r\n  <w:LsdException Locked="false" Priority="46" Name="Grid Table 1 Light"/>\r\n  <w:LsdException Locked="false" Priority="47" Name="Grid Table 2"/>\r\n  <w:LsdException Locked="false" Priority="48" Name="Grid Table 3"/>\r\n  <w:LsdException Locked="false" Priority="49" Name="Grid Table 4"/>\r\n  <w:LsdException Locked="false" Priority="50" Name="Grid Table 5 Dark"/>\r\n  <w:LsdException Locked="false" Priority="51" Name="Grid Table 6 Colorful"/>\r\n  <w:LsdException Locked="false" Priority="52" Name="Grid Table 7 Colorful"/>\r\n  <w:LsdException Locked="false" Priority="46"\r\n   Name="Grid Table 1 Light Accent 1"/>\r\n  <w:LsdException Locked="false" Priority="47" Name="Grid Table 2 Accent 1"/>\r\n  <w:LsdException Locked="false" Priority="48" Name="Grid Table 3 Accent 1"/>\r\n  <w:LsdException Locked="false" Priority="49" Name="Grid Table 4 Accent 1"/>\r\n  <w:LsdException Locked="false" Priority="50" Name="Grid Table 5 Dark Accent 1"/>\r\n  <w:LsdException Locked="false" Priority="51"\r\n   Name="Grid Table 6 Colorful Accent 1"/>\r\n  <w:LsdException Locked="false" Priority="52"\r\n   Name="Grid Table 7 Colorful Accent 1"/>\r\n  <w:LsdException Locked="false" Priority="46"\r\n   Name="Grid Table 1 Light Accent 2"/>\r\n  <w:LsdException Locked="false" Priority="47" Name="Grid Table 2 Accent 2"/>\r\n  <w:LsdException Locked="false" Priority="48" Name="Grid Table 3 Accent 2"/>\r\n  <w:LsdException Locked="false" Priority="49" Name="Grid Table 4 Accent 2"/>\r\n  <w:LsdException Locked="false" Priority="50" Name="Grid Table 5 Dark Accent 2"/>\r\n  <w:LsdException Locked="false" Priority="51"\r\n   Name="Grid Table 6 Colorful Accent 2"/>\r\n  <w:LsdException Locked="false" Priority="52"\r\n   Name="Grid Table 7 Colorful Accent 2"/>\r\n  <w:LsdException Locked="false" Priority="46"\r\n   Name="Grid Table 1 Light Accent 3"/>\r\n  <w:LsdException Locked="false" Priority="47" Name="Grid Table 2 Accent 3"/>\r\n  <w:LsdException Locked="false" Priority="48" Name="Grid Table 3 Accent 3"/>\r\n  <w:LsdException Locked="false" Priority="49" Name="Grid Table 4 Accent 3"/>\r\n  <w:LsdException Locked="false" Priority="50" Name="Grid Table 5 Dark Accent 3"/>\r\n  <w:LsdException Locked="false" Priority="51"\r\n   Name="Grid Table 6 Colorful Accent 3"/>\r\n  <w:LsdException Locked="false" Priority="52"\r\n   Name="Grid Table 7 Colorful Accent 3"/>\r\n  <w:LsdException Locked="false" Priority="46"\r\n   Name="Grid Table 1 Light Accent 4"/>\r\n  <w:LsdException Locked="false" Priority="47" Name="Grid Table 2 Accent 4"/>\r\n  <w:LsdException Locked="false" Priority="48" Name="Grid Table 3 Accent 4"/>\r\n  <w:LsdException Locked="false" Priority="49" Name="Grid Table 4 Accent 4"/>\r\n  <w:LsdException Locked="false" Priority="50" Name="Grid Table 5 Dark Accent 4"/>\r\n  <w:LsdException Locked="false" Priority="51"\r\n   Name="Grid Table 6 Colorful Accent 4"/>\r\n  <w:LsdException Locked="false" Priority="52"\r\n   Name="Grid Table 7 Colorful Accent 4"/>\r\n  <w:LsdException Locked="false" Priority="46"\r\n   Name="Grid Table 1 Light Accent 5"/>\r\n  <w:LsdException Locked="false" Priority="47" Name="Grid Table 2 Accent 5"/>\r\n  <w:LsdException Locked="false" Priority="48" Name="Grid Table 3 Accent 5"/>\r\n  <w:LsdException Locked="false" Priority="49" Name="Grid Table 4 Accent 5"/>\r\n  <w:LsdException Locked="false" Priority="50" Name="Grid Table 5 Dark Accent 5"/>\r\n  <w:LsdException Locked="false" Priority="51"\r\n   Name="Grid Table 6 Colorful Accent 5"/>\r\n  <w:LsdException Locked="false" Priority="52"\r\n   Name="Grid Table 7 Colorful Accent 5"/>\r\n  <w:LsdException Locked="false" Priority="46"\r\n   Name="Grid Table 1 Light Accent 6"/>\r\n  <w:LsdException Locked="false" Priority="47" Name="Grid Table 2 Accent 6"/>\r\n  <w:LsdException Locked="false" Priority="48" Name="Grid Table 3 Accent 6"/>\r\n  <w:LsdException Locked="false" Priority="49" Name="Grid Table 4 Accent 6"/>\r\n  <w:LsdException Locked="false" Priority="50" Name="Grid Table 5 Dark Accent 6"/>\r\n  <w:LsdException Locked="false" Priority="51"\r\n   Name="Grid Table 6 Colorful Accent 6"/>\r\n  <w:LsdException Locked="false" Priority="52"\r\n   Name="Grid Table 7 Colorful Accent 6"/>\r\n  <w:LsdException Locked="false" Priority="46" Name="List Table 1 Light"/>\r\n  <w:LsdException Locked="false" Priority="47" Name="List Table 2"/>\r\n  <w:LsdException Locked="false" Priority="48" Name="List Table 3"/>\r\n  <w:LsdException Locked="false" Priority="49" Name="List Table 4"/>\r\n  <w:LsdException Locked="false" Priority="50" Name="List Table 5 Dark"/>\r\n  <w:LsdException Locked="false" Priority="51" Name="List Table 6 Colorful"/>\r\n  <w:LsdException Locked="false" Priority="52" Name="List Table 7 Colorful"/>\r\n  <w:LsdException Locked="false" Priority="46"\r\n   Name="List Table 1 Light Accent 1"/>\r\n  <w:LsdException Locked="false" Priority="47" Name="List Table 2 Accent 1"/>\r\n  <w:LsdException Locked="false" Priority="48" Name="List Table 3 Accent 1"/>\r\n  <w:LsdException Locked="false" Priority="49" Name="List Table 4 Accent 1"/>\r\n  <w:LsdException Locked="false" Priority="50" Name="List Table 5 Dark Accent 1"/>\r\n  <w:LsdException Locked="false" Priority="51"\r\n   Name="List Table 6 Colorful Accent 1"/>\r\n  <w:LsdException Locked="false" Priority="52"\r\n   Name="List Table 7 Colorful Accent 1"/>\r\n  <w:LsdException Locked="false" Priority="46"\r\n   Name="List Table 1 Light Accent 2"/>\r\n  <w:LsdException Locked="false" Priority="47" Name="List Table 2 Accent 2"/>\r\n  <w:LsdException Locked="false" Priority="48" Name="List Table 3 Accent 2"/>\r\n  <w:LsdException Locked="false" Priority="49" Name="List Table 4 Accent 2"/>\r\n  <w:LsdException Locked="false" Priority="50" Name="List Table 5 Dark Accent 2"/>\r\n  <w:LsdException Locked="false" Priority="51"\r\n   Name="List Table 6 Colorful Accent 2"/>\r\n  <w:LsdException Locked="false" Priority="52"\r\n   Name="List Table 7 Colorful Accent 2"/>\r\n  <w:LsdException Locked="false" Priority="46"\r\n   Name="List Table 1 Light Accent 3"/>\r\n  <w:LsdException Locked="false" Priority="47" Name="List Table 2 Accent 3"/>\r\n  <w:LsdException Locked="false" Priority="48" Name="List Table 3 Accent 3"/>\r\n  <w:LsdException Locked="false" Priority="49" Name="List Table 4 Accent 3"/>\r\n  <w:LsdException Locked="false" Priority="50" Name="List Table 5 Dark Accent 3"/>\r\n  <w:LsdException Locked="false" Priority="51"\r\n   Name="List Table 6 Colorful Accent 3"/>\r\n  <w:LsdException Locked="false" Priority="52"\r\n   Name="List Table 7 Colorful Accent 3"/>\r\n  <w:LsdException Locked="false" Priority="46"\r\n   Name="List Table 1 Light Accent 4"/>\r\n  <w:LsdException Locked="false" Priority="47" Name="List Table 2 Accent 4"/>\r\n  <w:LsdException Locked="false" Priority="48" Name="List Table 3 Accent 4"/>\r\n  <w:LsdException Locked="false" Priority="49" Name="List Table 4 Accent 4"/>\r\n  <w:LsdException Locked="false" Priority="50" Name="List Table 5 Dark Accent 4"/>\r\n  <w:LsdException Locked="false" Priority="51"\r\n   Name="List Table 6 Colorful Accent 4"/>\r\n  <w:LsdException Locked="false" Priority="52"\r\n   Name="List Table 7 Colorful Accent 4"/>\r\n  <w:LsdException Locked="false" Priority="46"\r\n   Name="List Table 1 Light Accent 5"/>\r\n  <w:LsdException Locked="false" Priority="47" Name="List Table 2 Accent 5"/>\r\n  <w:LsdException Locked="false" Priority="48" Name="List Table 3 Accent 5"/>\r\n  <w:LsdException Locked="false" Priority="49" Name="List Table 4 Accent 5"/>\r\n  <w:LsdException Locked="false" Priority="50" Name="List Table 5 Dark Accent 5"/>\r\n  <w:LsdException Locked="false" Priority="51"\r\n   Name="List Table 6 Colorful Accent 5"/>\r\n  <w:LsdException Locked="false" Priority="52"\r\n   Name="List Table 7 Colorful Accent 5"/>\r\n  <w:LsdException Locked="false" Priority="46"\r\n   Name="List Table 1 Light Accent 6"/>\r\n  <w:LsdException Locked="false" Priority="47" Name="List Table 2 Accent 6"/>\r\n  <w:LsdException Locked="false" Priority="48" Name="List Table 3 Accent 6"/>\r\n  <w:LsdException Locked="false" Priority="49" Name="List Table 4 Accent 6"/>\r\n  <w:LsdException Locked="false" Priority="50" Name="List Table 5 Dark Accent 6"/>\r\n  <w:LsdException Locked="false" Priority="51"\r\n   Name="List Table 6 Colorful Accent 6"/>\r\n  <w:LsdException Locked="false" Priority="52"\r\n   Name="List Table 7 Colorful Accent 6"/>\r\n </w:LatentStyles>\r\n</xml><![endif]--><!-- [if gte mso 10]>\r\n<style>\r\n /* Style Definitions */\r\n table.MsoNormalTable\r\n	{mso-style-name:"Table Normal";\r\n	mso-tstyle-rowband-size:0;\r\n	mso-tstyle-colband-size:0;\r\n	mso-style-noshow:yes;\r\n	mso-style-priority:99;\r\n	mso-style-parent:"";\r\n	mso-padding-alt:0in 5.4pt 0in 5.4pt;\r\n	mso-para-margin-top:0in;\r\n	mso-para-margin-right:0in;\r\n	mso-para-margin-bottom:8.0pt;\r\n	mso-para-margin-left:0in;\r\n	line-height:107%;\r\n	mso-pagination:widow-orphan;\r\n	font-size:11.0pt;\r\n	font-family:"Calibri","sans-serif";\r\n	mso-ascii-font-family:Calibri;\r\n	mso-ascii-theme-font:minor-latin;\r\n	mso-hansi-font-family:Calibri;\r\n	mso-hansi-theme-font:minor-latin;\r\n	mso-bidi-font-family:"Times New Roman";\r\n	mso-bidi-theme-font:minor-bidi;}\r\n</style>\r\n<![endif]--></p>\r\n<p class="MsoNormal" style="text-align: center;" align="center"><strong style="mso-bidi-font-weight: normal;"><span style="font-size: 12.0pt; line-height: 107%; font-family: ''Times New Roman'',''serif'';">Perencanaan Judul Penelitian</span></strong></p>\r\n<p class="MsoNormal" style="text-align: center;" align="center"><strong style="mso-bidi-font-weight: normal;"><span style="font-size: 12.0pt; line-height: 107%; font-family: ''Times New Roman'',''serif'';">METODE UNTUK MEMBEDAKAN PASAR ONLINE LEGAL DAN ILLEGAL</span></strong></p>\r\n<p class="MsoNormal" style="text-align: center;" align="center"><strong style="mso-bidi-font-weight: normal;"><span style="font-size: 12.0pt; line-height: 107%; font-family: ''Times New Roman'',''serif'';">BAB I</span></strong></p>');
INSERT INTO `blog` (`id_blog`, `title`, `content`) VALUES
(4, '', '<p><!-- [if gte mso 9]><xml>\r\n <o:OfficeDocumentSettings>\r\n  <o:AllowPNG/>\r\n </o:OfficeDocumentSettings>\r\n</xml><![endif]--></p>\r\n<p><!-- [if gte mso 9]><xml>\r\n <w:WordDocument>\r\n  <w:View>Normal</w:View>\r\n  <w:Zoom>0</w:Zoom>\r\n  <w:TrackMoves/>\r\n  <w:TrackFormatting/>\r\n  <w:PunctuationKerning/>\r\n  <w:ValidateAgainstSchemas/>\r\n  <w:SaveIfXMLInvalid>false</w:SaveIfXMLInvalid>\r\n  <w:IgnoreMixedContent>false</w:IgnoreMixedContent>\r\n  <w:AlwaysShowPlaceholderText>false</w:AlwaysShowPlaceholderText>\r\n  <w:DoNotPromoteQF/>\r\n  <w:LidThemeOther>EN-US</w:LidThemeOther>\r\n  <w:LidThemeAsian>X-NONE</w:LidThemeAsian>\r\n  <w:LidThemeComplexScript>X-NONE</w:LidThemeComplexScript>\r\n  <w:Compatibility>\r\n   <w:BreakWrappedTables/>\r\n   <w:SnapToGridInCell/>\r\n   <w:WrapTextWithPunct/>\r\n   <w:UseAsianBreakRules/>\r\n   <w:DontGrowAutofit/>\r\n   <w:SplitPgBreakAndParaMark/>\r\n   <w:EnableOpenTypeKerning/>\r\n   <w:DontFlipMirrorIndents/>\r\n   <w:OverrideTableStyleHps/>\r\n  </w:Compatibility>\r\n  <m:mathPr>\r\n   <m:mathFont m:val="Cambria Math"/>\r\n   <m:brkBin m:val="before"/>\r\n   <m:brkBinSub m:val="&#45;-"/>\r\n   <m:smallFrac m:val="off"/>\r\n   <m:dispDef/>\r\n   <m:lMargin m:val="0"/>\r\n   <m:rMargin m:val="0"/>\r\n   <m:defJc m:val="centerGroup"/>\r\n   <m:wrapIndent m:val="1440"/>\r\n   <m:intLim m:val="subSup"/>\r\n   <m:naryLim m:val="undOvr"/>\r\n  </m:mathPr></w:WordDocument>\r\n</xml><![endif]--><!-- [if gte mso 9]><xml>\r\n <w:LatentStyles DefLockedState="false" DefUnhideWhenUsed="false"\r\n  DefSemiHidden="false" DefQFormat="false" DefPriority="99"\r\n  LatentStyleCount="371">\r\n  <w:LsdException Locked="false" Priority="0" QFormat="true" Name="Normal"/>\r\n  <w:LsdException Locked="false" Priority="9" QFormat="true" Name="heading 1"/>\r\n  <w:LsdException Locked="false" Priority="9" SemiHidden="true"\r\n   UnhideWhenUsed="true" QFormat="true" Name="heading 2"/>\r\n  <w:LsdException Locked="false" Priority="9" SemiHidden="true"\r\n   UnhideWhenUsed="true" QFormat="true" Name="heading 3"/>\r\n  <w:LsdException Locked="false" Priority="9" SemiHidden="true"\r\n   UnhideWhenUsed="true" QFormat="true" Name="heading 4"/>\r\n  <w:LsdException Locked="false" Priority="9" SemiHidden="true"\r\n   UnhideWhenUsed="true" QFormat="true" Name="heading 5"/>\r\n  <w:LsdException Locked="false" Priority="9" SemiHidden="true"\r\n   UnhideWhenUsed="true" QFormat="true" Name="heading 6"/>\r\n  <w:LsdException Locked="false" Priority="9" SemiHidden="true"\r\n   UnhideWhenUsed="true" QFormat="true" Name="heading 7"/>\r\n  <w:LsdException Locked="false" Priority="9" SemiHidden="true"\r\n   UnhideWhenUsed="true" QFormat="true" Name="heading 8"/>\r\n  <w:LsdException Locked="false" Priority="9" SemiHidden="true"\r\n   UnhideWhenUsed="true" QFormat="true" Name="heading 9"/>\r\n  <w:LsdException Locked="false" SemiHidden="true" UnhideWhenUsed="true"\r\n   Name="index 1"/>\r\n  <w:LsdException Locked="false" SemiHidden="true" UnhideWhenUsed="true"\r\n   Name="index 2"/>\r\n  <w:LsdException Locked="false" SemiHidden="true" UnhideWhenUsed="true"\r\n   Name="index 3"/>\r\n  <w:LsdException Locked="false" SemiHidden="true" UnhideWhenUsed="true"\r\n   Name="index 4"/>\r\n  <w:LsdException Locked="false" SemiHidden="true" UnhideWhenUsed="true"\r\n   Name="index 5"/>\r\n  <w:LsdException Locked="false" SemiHidden="true" UnhideWhenUsed="true"\r\n   Name="index 6"/>\r\n  <w:LsdException Locked="false" SemiHidden="true" UnhideWhenUsed="true"\r\n   Name="index 7"/>\r\n  <w:LsdException Locked="false" SemiHidden="true" UnhideWhenUsed="true"\r\n   Name="index 8"/>\r\n  <w:LsdException Locked="false" SemiHidden="true" UnhideWhenUsed="true"\r\n   Name="index 9"/>\r\n  <w:LsdException Locked="false" Priority="39" SemiHidden="true"\r\n   UnhideWhenUsed="true" Name="toc 1"/>\r\n  <w:LsdException Locked="false" Priority="39" SemiHidden="true"\r\n   UnhideWhenUsed="true" Name="toc 2"/>\r\n  <w:LsdException Locked="false" Priority="39" SemiHidden="true"\r\n   UnhideWhenUsed="true" Name="toc 3"/>\r\n  <w:LsdException Locked="false" Priority="39" SemiHidden="true"\r\n   UnhideWhenUsed="true" Name="toc 4"/>\r\n  <w:LsdException Locked="false" Priority="39" SemiHidden="true"\r\n   UnhideWhenUsed="true" Name="toc 5"/>\r\n  <w:LsdException Locked="false" Priority="39" SemiHidden="true"\r\n   UnhideWhenUsed="true" Name="toc 6"/>\r\n  <w:LsdException Locked="false" Priority="39" SemiHidden="true"\r\n   UnhideWhenUsed="true" Name="toc 7"/>\r\n  <w:LsdException Locked="false" Priority="39" SemiHidden="true"\r\n   UnhideWhenUsed="true" Name="toc 8"/>\r\n  <w:LsdException Locked="false" Priority="39" SemiHidden="true"\r\n   UnhideWhenUsed="true" Name="toc 9"/>\r\n  <w:LsdException Locked="false" SemiHidden="true" UnhideWhenUsed="true"\r\n   Name="Normal Indent"/>\r\n  <w:LsdException Locked="false" SemiHidden="true" UnhideWhenUsed="true"\r\n   Name="footnote text"/>\r\n  <w:LsdException Locked="false" SemiHidden="true" UnhideWhenUsed="true"\r\n   Name="annotation text"/>\r\n  <w:LsdException Locked="false" SemiHidden="true" UnhideWhenUsed="true"\r\n   Name="header"/>\r\n  <w:LsdException Locked="false" SemiHidden="true" UnhideWhenUsed="true"\r\n   Name="footer"/>\r\n  <w:LsdException Locked="false" SemiHidden="true" UnhideWhenUsed="true"\r\n   Name="index heading"/>\r\n  <w:LsdException Locked="false" Priority="35" SemiHidden="true"\r\n   UnhideWhenUsed="true" QFormat="true" Name="caption"/>\r\n  <w:LsdException Locked="false" SemiHidden="true" UnhideWhenUsed="true"\r\n   Name="table of figures"/>\r\n  <w:LsdException Locked="false" SemiHidden="true" UnhideWhenUsed="true"\r\n   Name="envelope address"/>\r\n  <w:LsdException Locked="false" SemiHidden="true" UnhideWhenUsed="true"\r\n   Name="envelope return"/>\r\n  <w:LsdException Locked="false" SemiHidden="true" UnhideWhenUsed="true"\r\n   Name="footnote reference"/>\r\n  <w:LsdException Locked="false" SemiHidden="true" UnhideWhenUsed="true"\r\n   Name="annotation reference"/>\r\n  <w:LsdException Locked="false" SemiHidden="true" UnhideWhenUsed="true"\r\n   Name="line number"/>\r\n  <w:LsdException Locked="false" SemiHidden="true" UnhideWhenUsed="true"\r\n   Name="page number"/>\r\n  <w:LsdException Locked="false" SemiHidden="true" UnhideWhenUsed="true"\r\n   Name="endnote reference"/>\r\n  <w:LsdException Locked="false" SemiHidden="true" UnhideWhenUsed="true"\r\n   Name="endnote text"/>\r\n  <w:LsdException Locked="false" SemiHidden="true" UnhideWhenUsed="true"\r\n   Name="table of authorities"/>\r\n  <w:LsdException Locked="false" SemiHidden="true" UnhideWhenUsed="true"\r\n   Name="macro"/>\r\n  <w:LsdException Locked="false" SemiHidden="true" UnhideWhenUsed="true"\r\n   Name="toa heading"/>\r\n  <w:LsdException Locked="false" SemiHidden="true" UnhideWhenUsed="true"\r\n   Name="List"/>\r\n  <w:LsdException Locked="false" SemiHidden="true" UnhideWhenUsed="true"\r\n   Name="List Bullet"/>\r\n  <w:LsdException Locked="false" SemiHidden="true" UnhideWhenUsed="true"\r\n   Name="List Number"/>\r\n  <w:LsdException Locked="false" SemiHidden="true" UnhideWhenUsed="true"\r\n   Name="List 2"/>\r\n  <w:LsdException Locked="false" SemiHidden="true" UnhideWhenUsed="true"\r\n   Name="List 3"/>\r\n  <w:LsdException Locked="false" SemiHidden="true" UnhideWhenUsed="true"\r\n   Name="List 4"/>\r\n  <w:LsdException Locked="false" SemiHidden="true" UnhideWhenUsed="true"\r\n   Name="List 5"/>\r\n  <w:LsdException Locked="false" SemiHidden="true" UnhideWhenUsed="true"\r\n   Name="List Bullet 2"/>\r\n  <w:LsdException Locked="false" SemiHidden="true" UnhideWhenUsed="true"\r\n   Name="List Bullet 3"/>\r\n  <w:LsdException Locked="false" SemiHidden="true" UnhideWhenUsed="true"\r\n   Name="List Bullet 4"/>\r\n  <w:LsdException Locked="false" SemiHidden="true" UnhideWhenUsed="true"\r\n   Name="List Bullet 5"/>\r\n  <w:LsdException Locked="false" SemiHidden="true" UnhideWhenUsed="true"\r\n   Name="List Number 2"/>\r\n  <w:LsdException Locked="false" SemiHidden="true" UnhideWhenUsed="true"\r\n   Name="List Number 3"/>\r\n  <w:LsdException Locked="false" SemiHidden="true" UnhideWhenUsed="true"\r\n   Name="List Number 4"/>\r\n  <w:LsdException Locked="false" SemiHidden="true" UnhideWhenUsed="true"\r\n   Name="List Number 5"/>\r\n  <w:LsdException Locked="false" Priority="10" QFormat="true" Name="Title"/>\r\n  <w:LsdException Locked="false" SemiHidden="true" UnhideWhenUsed="true"\r\n   Name="Closing"/>\r\n  <w:LsdException Locked="false" SemiHidden="true" UnhideWhenUsed="true"\r\n   Name="Signature"/>\r\n  <w:LsdException Locked="false" Priority="1" SemiHidden="true"\r\n   UnhideWhenUsed="true" Name="Default Paragraph Font"/>\r\n  <w:LsdException Locked="false" SemiHidden="true" UnhideWhenUsed="true"\r\n   Name="Body Text"/>\r\n  <w:LsdException Locked="false" SemiHidden="true" UnhideWhenUsed="true"\r\n   Name="Body Text Indent"/>\r\n  <w:LsdException Locked="false" SemiHidden="true" UnhideWhenUsed="true"\r\n   Name="List Continue"/>\r\n  <w:LsdException Locked="false" SemiHidden="true" UnhideWhenUsed="true"\r\n   Name="List Continue 2"/>\r\n  <w:LsdException Locked="false" SemiHidden="true" UnhideWhenUsed="true"\r\n   Name="List Continue 3"/>\r\n  <w:LsdException Locked="false" SemiHidden="true" UnhideWhenUsed="true"\r\n   Name="List Continue 4"/>\r\n  <w:LsdException Locked="false" SemiHidden="true" UnhideWhenUsed="true"\r\n   Name="List Continue 5"/>\r\n  <w:LsdException Locked="false" SemiHidden="true" UnhideWhenUsed="true"\r\n   Name="Message Header"/>\r\n  <w:LsdException Locked="false" Priority="11" QFormat="true" Name="Subtitle"/>\r\n  <w:LsdException Locked="false" SemiHidden="true" UnhideWhenUsed="true"\r\n   Name="Salutation"/>\r\n  <w:LsdException Locked="false" SemiHidden="true" UnhideWhenUsed="true"\r\n   Name="Date"/>\r\n  <w:LsdException Locked="false" SemiHidden="true" UnhideWhenUsed="true"\r\n   Name="Body Text First Indent"/>\r\n  <w:LsdException Locked="false" SemiHidden="true" UnhideWhenUsed="true"\r\n   Name="Body Text First Indent 2"/>\r\n  <w:LsdException Locked="false" SemiHidden="true" UnhideWhenUsed="true"\r\n   Name="Note Heading"/>\r\n  <w:LsdException Locked="false" SemiHidden="true" UnhideWhenUsed="true"\r\n   Name="Body Text 2"/>\r\n  <w:LsdException Locked="false" SemiHidden="true" UnhideWhenUsed="true"\r\n   Name="Body Text 3"/>\r\n  <w:LsdException Locked="false" SemiHidden="true" UnhideWhenUsed="true"\r\n   Name="Body Text Indent 2"/>\r\n  <w:LsdException Locked="false" SemiHidden="true" UnhideWhenUsed="true"\r\n   Name="Body Text Indent 3"/>\r\n  <w:LsdException Locked="false" SemiHidden="true" UnhideWhenUsed="true"\r\n   Name="Block Text"/>\r\n  <w:LsdException Locked="false" SemiHidden="true" UnhideWhenUsed="true"\r\n   Name="Hyperlink"/>\r\n  <w:LsdException Locked="false" SemiHidden="true" UnhideWhenUsed="true"\r\n   Name="FollowedHyperlink"/>\r\n  <w:LsdException Locked="false" Priority="22" QFormat="true" Name="Strong"/>\r\n  <w:LsdException Locked="false" Priority="20" QFormat="true" Name="Emphasis"/>\r\n  <w:LsdException Locked="false" SemiHidden="true" UnhideWhenUsed="true"\r\n   Name="Document Map"/>\r\n  <w:LsdException Locked="false" SemiHidden="true" UnhideWhenUsed="true"\r\n   Name="Plain Text"/>\r\n  <w:LsdException Locked="false" SemiHidden="true" UnhideWhenUsed="true"\r\n   Name="E-mail Signature"/>\r\n  <w:LsdException Locked="false" SemiHidden="true" UnhideWhenUsed="true"\r\n   Name="HTML Top of Form"/>\r\n  <w:LsdException Locked="false" SemiHidden="true" UnhideWhenUsed="true"\r\n   Name="HTML Bottom of Form"/>\r\n  <w:LsdException Locked="false" SemiHidden="true" UnhideWhenUsed="true"\r\n   Name="Normal (Web)"/>\r\n  <w:LsdException Locked="false" SemiHidden="true" UnhideWhenUsed="true"\r\n   Name="HTML Acronym"/>\r\n  <w:LsdException Locked="false" SemiHidden="true" UnhideWhenUsed="true"\r\n   Name="HTML Address"/>\r\n  <w:LsdException Locked="false" SemiHidden="true" UnhideWhenUsed="true"\r\n   Name="HTML Cite"/>\r\n  <w:LsdException Locked="false" SemiHidden="true" UnhideWhenUsed="true"\r\n   Name="HTML Code"/>\r\n  <w:LsdException Locked="false" SemiHidden="true" UnhideWhenUsed="true"\r\n   Name="HTML Definition"/>\r\n  <w:LsdException Locked="false" SemiHidden="true" UnhideWhenUsed="true"\r\n   Name="HTML Keyboard"/>\r\n  <w:LsdException Locked="false" SemiHidden="true" UnhideWhenUsed="true"\r\n   Name="HTML Preformatted"/>\r\n  <w:LsdException Locked="false" SemiHidden="true" UnhideWhenUsed="true"\r\n   Name="HTML Sample"/>\r\n  <w:LsdException Locked="false" SemiHidden="true" UnhideWhenUsed="true"\r\n   Name="HTML Typewriter"/>\r\n  <w:LsdException Locked="false" SemiHidden="true" UnhideWhenUsed="true"\r\n   Name="HTML Variable"/>\r\n  <w:LsdException Locked="false" SemiHidden="true" UnhideWhenUsed="true"\r\n   Name="Normal Table"/>\r\n  <w:LsdException Locked="false" SemiHidden="true" UnhideWhenUsed="true"\r\n   Name="annotation subject"/>\r\n  <w:LsdException Locked="false" SemiHidden="true" UnhideWhenUsed="true"\r\n   Name="No List"/>\r\n  <w:LsdException Locked="false" SemiHidden="true" UnhideWhenUsed="true"\r\n   Name="Outline List 1"/>\r\n  <w:LsdException Locked="false" SemiHidden="true" UnhideWhenUsed="true"\r\n   Name="Outline List 2"/>\r\n  <w:LsdException Locked="false" SemiHidden="true" UnhideWhenUsed="true"\r\n   Name="Outline List 3"/>\r\n  <w:LsdException Locked="false" SemiHidden="true" UnhideWhenUsed="true"\r\n   Name="Table Simple 1"/>\r\n  <w:LsdException Locked="false" SemiHidden="true" UnhideWhenUsed="true"\r\n   Name="Table Simple 2"/>\r\n  <w:LsdException Locked="false" SemiHidden="true" UnhideWhenUsed="true"\r\n   Name="Table Simple 3"/>\r\n  <w:LsdException Locked="false" SemiHidden="true" UnhideWhenUsed="true"\r\n   Name="Table Classic 1"/>\r\n  <w:LsdException Locked="false" SemiHidden="true" UnhideWhenUsed="true"\r\n   Name="Table Classic 2"/>\r\n  <w:LsdException Locked="false" SemiHidden="true" UnhideWhenUsed="true"\r\n   Name="Table Classic 3"/>\r\n  <w:LsdException Locked="false" SemiHidden="true" UnhideWhenUsed="true"\r\n   Name="Table Classic 4"/>\r\n  <w:LsdException Locked="false" SemiHidden="true" UnhideWhenUsed="true"\r\n   Name="Table Colorful 1"/>\r\n  <w:LsdException Locked="false" SemiHidden="true" UnhideWhenUsed="true"\r\n   Name="Table Colorful 2"/>\r\n  <w:LsdException Locked="false" SemiHidden="true" UnhideWhenUsed="true"\r\n   Name="Table Colorful 3"/>\r\n  <w:LsdException Locked="false" SemiHidden="true" UnhideWhenUsed="true"\r\n   Name="Table Columns 1"/>\r\n  <w:LsdException Locked="false" SemiHidden="true" UnhideWhenUsed="true"\r\n   Name="Table Columns 2"/>\r\n  <w:LsdException Locked="false" SemiHidden="true" UnhideWhenUsed="true"\r\n   Name="Table Columns 3"/>\r\n  <w:LsdException Locked="false" SemiHidden="true" UnhideWhenUsed="true"\r\n   Name="Table Columns 4"/>\r\n  <w:LsdException Locked="false" SemiHidden="true" UnhideWhenUsed="true"\r\n   Name="Table Columns 5"/>\r\n  <w:LsdException Locked="false" SemiHidden="true" UnhideWhenUsed="true"\r\n   Name="Table Grid 1"/>\r\n  <w:LsdException Locked="false" SemiHidden="true" UnhideWhenUsed="true"\r\n   Name="Table Grid 2"/>\r\n  <w:LsdException Locked="false" SemiHidden="true" UnhideWhenUsed="true"\r\n   Name="Table Grid 3"/>\r\n  <w:LsdException Locked="false" SemiHidden="true" UnhideWhenUsed="true"\r\n   Name="Table Grid 4"/>\r\n  <w:LsdException Locked="false" SemiHidden="true" UnhideWhenUsed="true"\r\n   Name="Table Grid 5"/>\r\n  <w:LsdException Locked="false" SemiHidden="true" UnhideWhenUsed="true"\r\n   Name="Table Grid 6"/>\r\n  <w:LsdException Locked="false" SemiHidden="true" UnhideWhenUsed="true"\r\n   Name="Table Grid 7"/>\r\n  <w:LsdException Locked="false" SemiHidden="true" UnhideWhenUsed="true"\r\n   Name="Table Grid 8"/>\r\n  <w:LsdException Locked="false" SemiHidden="true" UnhideWhenUsed="true"\r\n   Name="Table List 1"/>\r\n  <w:LsdException Locked="false" SemiHidden="true" UnhideWhenUsed="true"\r\n   Name="Table List 2"/>\r\n  <w:LsdException Locked="false" SemiHidden="true" UnhideWhenUsed="true"\r\n   Name="Table List 3"/>\r\n  <w:LsdException Locked="false" SemiHidden="true" UnhideWhenUsed="true"\r\n   Name="Table List 4"/>\r\n  <w:LsdException Locked="false" SemiHidden="true" UnhideWhenUsed="true"\r\n   Name="Table List 5"/>\r\n  <w:LsdException Locked="false" SemiHidden="true" UnhideWhenUsed="true"\r\n   Name="Table List 6"/>\r\n  <w:LsdException Locked="false" SemiHidden="true" UnhideWhenUsed="true"\r\n   Name="Table List 7"/>\r\n  <w:LsdException Locked="false" SemiHidden="true" UnhideWhenUsed="true"\r\n   Name="Table List 8"/>\r\n  <w:LsdException Locked="false" SemiHidden="true" UnhideWhenUsed="true"\r\n   Name="Table 3D effects 1"/>\r\n  <w:LsdException Locked="false" SemiHidden="true" UnhideWhenUsed="true"\r\n   Name="Table 3D effects 2"/>\r\n  <w:LsdException Locked="false" SemiHidden="true" UnhideWhenUsed="true"\r\n   Name="Table 3D effects 3"/>\r\n  <w:LsdException Locked="false" SemiHidden="true" UnhideWhenUsed="true"\r\n   Name="Table Contemporary"/>\r\n  <w:LsdException Locked="false" SemiHidden="true" UnhideWhenUsed="true"\r\n   Name="Table Elegant"/>\r\n  <w:LsdException Locked="false" SemiHidden="true" UnhideWhenUsed="true"\r\n   Name="Table Professional"/>\r\n  <w:LsdException Locked="false" SemiHidden="true" UnhideWhenUsed="true"\r\n   Name="Table Subtle 1"/>\r\n  <w:LsdException Locked="false" SemiHidden="true" UnhideWhenUsed="true"\r\n   Name="Table Subtle 2"/>\r\n  <w:LsdException Locked="false" SemiHidden="true" UnhideWhenUsed="true"\r\n   Name="Table Web 1"/>\r\n  <w:LsdException Locked="false" SemiHidden="true" UnhideWhenUsed="true"\r\n   Name="Table Web 2"/>\r\n  <w:LsdException Locked="false" SemiHidden="true" UnhideWhenUsed="true"\r\n   Name="Table Web 3"/>\r\n  <w:LsdException Locked="false" SemiHidden="true" UnhideWhenUsed="true"\r\n   Name="Balloon Text"/>\r\n  <w:LsdException Locked="false" Priority="39" Name="Table Grid"/>\r\n  <w:LsdException Locked="false" SemiHidden="true" UnhideWhenUsed="true"\r\n   Name="Table Theme"/>\r\n  <w:LsdException Locked="false" SemiHidden="true" Name="Placeholder Text"/>\r\n  <w:LsdException Locked="false" Priority="1" QFormat="true" Name="No Spacing"/>\r\n  <w:LsdException Locked="false" Priority="60" Name="Light Shading"/>\r\n  <w:LsdException Locked="false" Priority="61" Name="Light List"/>\r\n  <w:LsdException Locked="false" Priority="62" Name="Light Grid"/>\r\n  <w:LsdException Locked="false" Priority="63" Name="Medium Shading 1"/>\r\n  <w:LsdException Locked="false" Priority="64" Name="Medium Shading 2"/>\r\n  <w:LsdException Locked="false" Priority="65" Name="Medium List 1"/>\r\n  <w:LsdException Locked="false" Priority="66" Name="Medium List 2"/>\r\n  <w:LsdException Locked="false" Priority="67" Name="Medium Grid 1"/>\r\n  <w:LsdException Locked="false" Priority="68" Name="Medium Grid 2"/>\r\n  <w:LsdException Locked="false" Priority="69" Name="Medium Grid 3"/>\r\n  <w:LsdException Locked="false" Priority="70" Name="Dark List"/>\r\n  <w:LsdException Locked="false" Priority="71" Name="Colorful Shading"/>\r\n  <w:LsdException Locked="false" Priority="72" Name="Colorful List"/>\r\n  <w:LsdException Locked="false" Priority="73" Name="Colorful Grid"/>\r\n  <w:LsdException Locked="false" Priority="60" Name="Light Shading Accent 1"/>\r\n  <w:LsdException Locked="false" Priority="61" Name="Light List Accent 1"/>\r\n  <w:LsdException Locked="false" Priority="62" Name="Light Grid Accent 1"/>\r\n  <w:LsdException Locked="false" Priority="63" Name="Medium Shading 1 Accent 1"/>\r\n  <w:LsdException Locked="false" Priority="64" Name="Medium Shading 2 Accent 1"/>\r\n  <w:LsdException Locked="false" Priority="65" Name="Medium List 1 Accent 1"/>\r\n  <w:LsdException Locked="false" SemiHidden="true" Name="Revision"/>\r\n  <w:LsdException Locked="false" Priority="34" QFormat="true"\r\n   Name="List Paragraph"/>\r\n  <w:LsdException Locked="false" Priority="29" QFormat="true" Name="Quote"/>\r\n  <w:LsdException Locked="false" Priority="30" QFormat="true"\r\n   Name="Intense Quote"/>\r\n  <w:LsdException Locked="false" Priority="66" Name="Medium List 2 Accent 1"/>\r\n  <w:LsdException Locked="false" Priority="67" Name="Medium Grid 1 Accent 1"/>\r\n  <w:LsdException Locked="false" Priority="68" Name="Medium Grid 2 Accent 1"/>\r\n  <w:LsdException Locked="false" Priority="69" Name="Medium Grid 3 Accent 1"/>\r\n  <w:LsdException Locked="false" Priority="70" Name="Dark List Accent 1"/>\r\n  <w:LsdException Locked="false" Priority="71" Name="Colorful Shading Accent 1"/>\r\n  <w:LsdException Locked="false" Priority="72" Name="Colorful List Accent 1"/>\r\n  <w:LsdException Locked="false" Priority="73" Name="Colorful Grid Accent 1"/>\r\n  <w:LsdException Locked="false" Priority="60" Name="Light Shading Accent 2"/>\r\n  <w:LsdException Locked="false" Priority="61" Name="Light List Accent 2"/>\r\n  <w:LsdException Locked="false" Priority="62" Name="Light Grid Accent 2"/>\r\n  <w:LsdException Locked="false" Priority="63" Name="Medium Shading 1 Accent 2"/>\r\n  <w:LsdException Locked="false" Priority="64" Name="Medium Shading 2 Accent 2"/>\r\n  <w:LsdException Locked="false" Priority="65" Name="Medium List 1 Accent 2"/>\r\n  <w:LsdException Locked="false" Priority="66" Name="Medium List 2 Accent 2"/>\r\n  <w:LsdException Locked="false" Priority="67" Name="Medium Grid 1 Accent 2"/>\r\n  <w:LsdException Locked="false" Priority="68" Name="Medium Grid 2 Accent 2"/>\r\n  <w:LsdException Locked="false" Priority="69" Name="Medium Grid 3 Accent 2"/>\r\n  <w:LsdException Locked="false" Priority="70" Name="Dark List Accent 2"/>\r\n  <w:LsdException Locked="false" Priority="71" Name="Colorful Shading Accent 2"/>\r\n  <w:LsdException Locked="false" Priority="72" Name="Colorful List Accent 2"/>\r\n  <w:LsdException Locked="false" Priority="73" Name="Colorful Grid Accent 2"/>\r\n  <w:LsdException Locked="false" Priority="60" Name="Light Shading Accent 3"/>\r\n  <w:LsdException Locked="false" Priority="61" Name="Light List Accent 3"/>\r\n  <w:LsdException Locked="false" Priority="62" Name="Light Grid Accent 3"/>\r\n  <w:LsdException Locked="false" Priority="63" Name="Medium Shading 1 Accent 3"/>\r\n  <w:LsdException Locked="false" Priority="64" Name="Medium Shading 2 Accent 3"/>\r\n  <w:LsdException Locked="false" Priority="65" Name="Medium List 1 Accent 3"/>\r\n  <w:LsdException Locked="false" Priority="66" Name="Medium List 2 Accent 3"/>\r\n  <w:LsdException Locked="false" Priority="67" Name="Medium Grid 1 Accent 3"/>\r\n  <w:LsdException Locked="false" Priority="68" Name="Medium Grid 2 Accent 3"/>\r\n  <w:LsdException Locked="false" Priority="69" Name="Medium Grid 3 Accent 3"/>\r\n  <w:LsdException Locked="false" Priority="70" Name="Dark List Accent 3"/>\r\n  <w:LsdException Locked="false" Priority="71" Name="Colorful Shading Accent 3"/>\r\n  <w:LsdException Locked="false" Priority="72" Name="Colorful List Accent 3"/>\r\n  <w:LsdException Locked="false" Priority="73" Name="Colorful Grid Accent 3"/>\r\n  <w:LsdException Locked="false" Priority="60" Name="Light Shading Accent 4"/>\r\n  <w:LsdException Locked="false" Priority="61" Name="Light List Accent 4"/>\r\n  <w:LsdException Locked="false" Priority="62" Name="Light Grid Accent 4"/>\r\n  <w:LsdException Locked="false" Priority="63" Name="Medium Shading 1 Accent 4"/>\r\n  <w:LsdException Locked="false" Priority="64" Name="Medium Shading 2 Accent 4"/>\r\n  <w:LsdException Locked="false" Priority="65" Name="Medium List 1 Accent 4"/>\r\n  <w:LsdException Locked="false" Priority="66" Name="Medium List 2 Accent 4"/>\r\n  <w:LsdException Locked="false" Priority="67" Name="Medium Grid 1 Accent 4"/>\r\n  <w:LsdException Locked="false" Priority="68" Name="Medium Grid 2 Accent 4"/>\r\n  <w:LsdException Locked="false" Priority="69" Name="Medium Grid 3 Accent 4"/>\r\n  <w:LsdException Locked="false" Priority="70" Name="Dark List Accent 4"/>\r\n  <w:LsdException Locked="false" Priority="71" Name="Colorful Shading Accent 4"/>\r\n  <w:LsdException Locked="false" Priority="72" Name="Colorful List Accent 4"/>\r\n  <w:LsdException Locked="false" Priority="73" Name="Colorful Grid Accent 4"/>\r\n  <w:LsdException Locked="false" Priority="60" Name="Light Shading Accent 5"/>\r\n  <w:LsdException Locked="false" Priority="61" Name="Light List Accent 5"/>\r\n  <w:LsdException Locked="false" Priority="62" Name="Light Grid Accent 5"/>\r\n  <w:LsdException Locked="false" Priority="63" Name="Medium Shading 1 Accent 5"/>\r\n  <w:LsdException Locked="false" Priority="64" Name="Medium Shading 2 Accent 5"/>\r\n  <w:LsdException Locked="false" Priority="65" Name="Medium List 1 Accent 5"/>\r\n  <w:LsdException Locked="false" Priority="66" Name="Medium List 2 Accent 5"/>\r\n  <w:LsdException Locked="false" Priority="67" Name="Medium Grid 1 Accent 5"/>\r\n  <w:LsdException Locked="false" Priority="68" Name="Medium Grid 2 Accent 5"/>\r\n  <w:LsdException Locked="false" Priority="69" Name="Medium Grid 3 Accent 5"/>\r\n  <w:LsdException Locked="false" Priority="70" Name="Dark List Accent 5"/>\r\n  <w:LsdException Locked="false" Priority="71" Name="Colorful Shading Accent 5"/>\r\n  <w:LsdException Locked="false" Priority="72" Name="Colorful List Accent 5"/>\r\n  <w:LsdException Locked="false" Priority="73" Name="Colorful Grid Accent 5"/>\r\n  <w:LsdException Locked="false" Priority="60" Name="Light Shading Accent 6"/>\r\n  <w:LsdException Locked="false" Priority="61" Name="Light List Accent 6"/>\r\n  <w:LsdException Locked="false" Priority="62" Name="Light Grid Accent 6"/>\r\n  <w:LsdException Locked="false" Priority="63" Name="Medium Shading 1 Accent 6"/>\r\n  <w:LsdException Locked="false" Priority="64" Name="Medium Shading 2 Accent 6"/>\r\n  <w:LsdException Locked="false" Priority="65" Name="Medium List 1 Accent 6"/>\r\n  <w:LsdException Locked="false" Priority="66" Name="Medium List 2 Accent 6"/>\r\n  <w:LsdException Locked="false" Priority="67" Name="Medium Grid 1 Accent 6"/>\r\n  <w:LsdException Locked="false" Priority="68" Name="Medium Grid 2 Accent 6"/>\r\n  <w:LsdException Locked="false" Priority="69" Name="Medium Grid 3 Accent 6"/>\r\n  <w:LsdException Locked="false" Priority="70" Name="Dark List Accent 6"/>\r\n  <w:LsdException Locked="false" Priority="71" Name="Colorful Shading Accent 6"/>\r\n  <w:LsdException Locked="false" Priority="72" Name="Colorful List Accent 6"/>\r\n  <w:LsdException Locked="false" Priority="73" Name="Colorful Grid Accent 6"/>\r\n  <w:LsdException Locked="false" Priority="19" QFormat="true"\r\n   Name="Subtle Emphasis"/>\r\n  <w:LsdException Locked="false" Priority="21" QFormat="true"\r\n   Name="Intense Emphasis"/>\r\n  <w:LsdException Locked="false" Priority="31" QFormat="true"\r\n   Name="Subtle Reference"/>\r\n  <w:LsdException Locked="false" Priority="32" QFormat="true"\r\n   Name="Intense Reference"/>\r\n  <w:LsdException Locked="false" Priority="33" QFormat="true" Name="Book Title"/>\r\n  <w:LsdException Locked="false" Priority="37" SemiHidden="true"\r\n   UnhideWhenUsed="true" Name="Bibliography"/>\r\n  <w:LsdException Locked="false" Priority="39" SemiHidden="true"\r\n   UnhideWhenUsed="true" QFormat="true" Name="TOC Heading"/>\r\n  <w:LsdException Locked="false" Priority="41" Name="Plain Table 1"/>\r\n  <w:LsdException Locked="false" Priority="42" Name="Plain Table 2"/>\r\n  <w:LsdException Locked="false" Priority="43" Name="Plain Table 3"/>\r\n  <w:LsdException Locked="false" Priority="44" Name="Plain Table 4"/>\r\n  <w:LsdException Locked="false" Priority="45" Name="Plain Table 5"/>\r\n  <w:LsdException Locked="false" Priority="40" Name="Grid Table Light"/>\r\n  <w:LsdException Locked="false" Priority="46" Name="Grid Table 1 Light"/>\r\n  <w:LsdException Locked="false" Priority="47" Name="Grid Table 2"/>\r\n  <w:LsdException Locked="false" Priority="48" Name="Grid Table 3"/>\r\n  <w:LsdException Locked="false" Priority="49" Name="Grid Table 4"/>\r\n  <w:LsdException Locked="false" Priority="50" Name="Grid Table 5 Dark"/>\r\n  <w:LsdException Locked="false" Priority="51" Name="Grid Table 6 Colorful"/>\r\n  <w:LsdException Locked="false" Priority="52" Name="Grid Table 7 Colorful"/>\r\n  <w:LsdException Locked="false" Priority="46"\r\n   Name="Grid Table 1 Light Accent 1"/>\r\n  <w:LsdException Locked="false" Priority="47" Name="Grid Table 2 Accent 1"/>\r\n  <w:LsdException Locked="false" Priority="48" Name="Grid Table 3 Accent 1"/>\r\n  <w:LsdException Locked="false" Priority="49" Name="Grid Table 4 Accent 1"/>\r\n  <w:LsdException Locked="false" Priority="50" Name="Grid Table 5 Dark Accent 1"/>\r\n  <w:LsdException Locked="false" Priority="51"\r\n   Name="Grid Table 6 Colorful Accent 1"/>\r\n  <w:LsdException Locked="false" Priority="52"\r\n   Name="Grid Table 7 Colorful Accent 1"/>\r\n  <w:LsdException Locked="false" Priority="46"\r\n   Name="Grid Table 1 Light Accent 2"/>\r\n  <w:LsdException Locked="false" Priority="47" Name="Grid Table 2 Accent 2"/>\r\n  <w:LsdException Locked="false" Priority="48" Name="Grid Table 3 Accent 2"/>\r\n  <w:LsdException Locked="false" Priority="49" Name="Grid Table 4 Accent 2"/>\r\n  <w:LsdException Locked="false" Priority="50" Name="Grid Table 5 Dark Accent 2"/>\r\n  <w:LsdException Locked="false" Priority="51"\r\n   Name="Grid Table 6 Colorful Accent 2"/>\r\n  <w:LsdException Locked="false" Priority="52"\r\n   Name="Grid Table 7 Colorful Accent 2"/>\r\n  <w:LsdException Locked="false" Priority="46"\r\n   Name="Grid Table 1 Light Accent 3"/>\r\n  <w:LsdException Locked="false" Priority="47" Name="Grid Table 2 Accent 3"/>\r\n  <w:LsdException Locked="false" Priority="48" Name="Grid Table 3 Accent 3"/>\r\n  <w:LsdException Locked="false" Priority="49" Name="Grid Table 4 Accent 3"/>\r\n  <w:LsdException Locked="false" Priority="50" Name="Grid Table 5 Dark Accent 3"/>\r\n  <w:LsdException Locked="false" Priority="51"\r\n   Name="Grid Table 6 Colorful Accent 3"/>\r\n  <w:LsdException Locked="false" Priority="52"\r\n   Name="Grid Table 7 Colorful Accent 3"/>\r\n  <w:LsdException Locked="false" Priority="46"\r\n   Name="Grid Table 1 Light Accent 4"/>\r\n  <w:LsdException Locked="false" Priority="47" Name="Grid Table 2 Accent 4"/>\r\n  <w:LsdException Locked="false" Priority="48" Name="Grid Table 3 Accent 4"/>\r\n  <w:LsdException Locked="false" Priority="49" Name="Grid Table 4 Accent 4"/>\r\n  <w:LsdException Locked="false" Priority="50" Name="Grid Table 5 Dark Accent 4"/>\r\n  <w:LsdException Locked="false" Priority="51"\r\n   Name="Grid Table 6 Colorful Accent 4"/>\r\n  <w:LsdException Locked="false" Priority="52"\r\n   Name="Grid Table 7 Colorful Accent 4"/>\r\n  <w:LsdException Locked="false" Priority="46"\r\n   Name="Grid Table 1 Light Accent 5"/>\r\n  <w:LsdException Locked="false" Priority="47" Name="Grid Table 2 Accent 5"/>\r\n  <w:LsdException Locked="false" Priority="48" Name="Grid Table 3 Accent 5"/>\r\n  <w:LsdException Locked="false" Priority="49" Name="Grid Table 4 Accent 5"/>\r\n  <w:LsdException Locked="false" Priority="50" Name="Grid Table 5 Dark Accent 5"/>\r\n  <w:LsdException Locked="false" Priority="51"\r\n   Name="Grid Table 6 Colorful Accent 5"/>\r\n  <w:LsdException Locked="false" Priority="52"\r\n   Name="Grid Table 7 Colorful Accent 5"/>\r\n  <w:LsdException Locked="false" Priority="46"\r\n   Name="Grid Table 1 Light Accent 6"/>\r\n  <w:LsdException Locked="false" Priority="47" Name="Grid Table 2 Accent 6"/>\r\n  <w:LsdException Locked="false" Priority="48" Name="Grid Table 3 Accent 6"/>\r\n  <w:LsdException Locked="false" Priority="49" Name="Grid Table 4 Accent 6"/>\r\n  <w:LsdException Locked="false" Priority="50" Name="Grid Table 5 Dark Accent 6"/>\r\n  <w:LsdException Locked="false" Priority="51"\r\n   Name="Grid Table 6 Colorful Accent 6"/>\r\n  <w:LsdException Locked="false" Priority="52"\r\n   Name="Grid Table 7 Colorful Accent 6"/>\r\n  <w:LsdException Locked="false" Priority="46" Name="List Table 1 Light"/>\r\n  <w:LsdException Locked="false" Priority="47" Name="List Table 2"/>\r\n  <w:LsdException Locked="false" Priority="48" Name="List Table 3"/>\r\n  <w:LsdException Locked="false" Priority="49" Name="List Table 4"/>\r\n  <w:LsdException Locked="false" Priority="50" Name="List Table 5 Dark"/>\r\n  <w:LsdException Locked="false" Priority="51" Name="List Table 6 Colorful"/>\r\n  <w:LsdException Locked="false" Priority="52" Name="List Table 7 Colorful"/>\r\n  <w:LsdException Locked="false" Priority="46"\r\n   Name="List Table 1 Light Accent 1"/>\r\n  <w:LsdException Locked="false" Priority="47" Name="List Table 2 Accent 1"/>\r\n  <w:LsdException Locked="false" Priority="48" Name="List Table 3 Accent 1"/>\r\n  <w:LsdException Locked="false" Priority="49" Name="List Table 4 Accent 1"/>\r\n  <w:LsdException Locked="false" Priority="50" Name="List Table 5 Dark Accent 1"/>\r\n  <w:LsdException Locked="false" Priority="51"\r\n   Name="List Table 6 Colorful Accent 1"/>\r\n  <w:LsdException Locked="false" Priority="52"\r\n   Name="List Table 7 Colorful Accent 1"/>\r\n  <w:LsdException Locked="false" Priority="46"\r\n   Name="List Table 1 Light Accent 2"/>\r\n  <w:LsdException Locked="false" Priority="47" Name="List Table 2 Accent 2"/>\r\n  <w:LsdException Locked="false" Priority="48" Name="List Table 3 Accent 2"/>\r\n  <w:LsdException Locked="false" Priority="49" Name="List Table 4 Accent 2"/>\r\n  <w:LsdException Locked="false" Priority="50" Name="List Table 5 Dark Accent 2"/>\r\n  <w:LsdException Locked="false" Priority="51"\r\n   Name="List Table 6 Colorful Accent 2"/>\r\n  <w:LsdException Locked="false" Priority="52"\r\n   Name="List Table 7 Colorful Accent 2"/>\r\n  <w:LsdException Locked="false" Priority="46"\r\n   Name="List Table 1 Light Accent 3"/>\r\n  <w:LsdException Locked="false" Priority="47" Name="List Table 2 Accent 3"/>\r\n  <w:LsdException Locked="false" Priority="48" Name="List Table 3 Accent 3"/>\r\n  <w:LsdException Locked="false" Priority="49" Name="List Table 4 Accent 3"/>\r\n  <w:LsdException Locked="false" Priority="50" Name="List Table 5 Dark Accent 3"/>\r\n  <w:LsdException Locked="false" Priority="51"\r\n   Name="List Table 6 Colorful Accent 3"/>\r\n  <w:LsdException Locked="false" Priority="52"\r\n   Name="List Table 7 Colorful Accent 3"/>\r\n  <w:LsdException Locked="false" Priority="46"\r\n   Name="List Table 1 Light Accent 4"/>\r\n  <w:LsdException Locked="false" Priority="47" Name="List Table 2 Accent 4"/>\r\n  <w:LsdException Locked="false" Priority="48" Name="List Table 3 Accent 4"/>\r\n  <w:LsdException Locked="false" Priority="49" Name="List Table 4 Accent 4"/>\r\n  <w:LsdException Locked="false" Priority="50" Name="List Table 5 Dark Accent 4"/>\r\n  <w:LsdException Locked="false" Priority="51"\r\n   Name="List Table 6 Colorful Accent 4"/>\r\n  <w:LsdException Locked="false" Priority="52"\r\n   Name="List Table 7 Colorful Accent 4"/>\r\n  <w:LsdException Locked="false" Priority="46"\r\n   Name="List Table 1 Light Accent 5"/>\r\n  <w:LsdException Locked="false" Priority="47" Name="List Table 2 Accent 5"/>\r\n  <w:LsdException Locked="false" Priority="48" Name="List Table 3 Accent 5"/>\r\n  <w:LsdException Locked="false" Priority="49" Name="List Table 4 Accent 5"/>\r\n  <w:LsdException Locked="false" Priority="50" Name="List Table 5 Dark Accent 5"/>\r\n  <w:LsdException Locked="false" Priority="51"\r\n   Name="List Table 6 Colorful Accent 5"/>\r\n  <w:LsdException Locked="false" Priority="52"\r\n   Name="List Table 7 Colorful Accent 5"/>\r\n  <w:LsdException Locked="false" Priority="46"\r\n   Name="List Table 1 Light Accent 6"/>\r\n  <w:LsdException Locked="false" Priority="47" Name="List Table 2 Accent 6"/>\r\n  <w:LsdException Locked="false" Priority="48" Name="List Table 3 Accent 6"/>\r\n  <w:LsdException Locked="false" Priority="49" Name="List Table 4 Accent 6"/>\r\n  <w:LsdException Locked="false" Priority="50" Name="List Table 5 Dark Accent 6"/>\r\n  <w:LsdException Locked="false" Priority="51"\r\n   Name="List Table 6 Colorful Accent 6"/>\r\n  <w:LsdException Locked="false" Priority="52"\r\n   Name="List Table 7 Colorful Accent 6"/>\r\n </w:LatentStyles>\r\n</xml><![endif]--><!-- [if gte mso 10]>\r\n<style>\r\n /* Style Definitions */\r\n table.MsoNormalTable\r\n	{mso-style-name:"Table Normal";\r\n	mso-tstyle-rowband-size:0;\r\n	mso-tstyle-colband-size:0;\r\n	mso-style-noshow:yes;\r\n	mso-style-priority:99;\r\n	mso-style-parent:"";\r\n	mso-padding-alt:0in 5.4pt 0in 5.4pt;\r\n	mso-para-margin-top:0in;\r\n	mso-para-margin-right:0in;\r\n	mso-para-margin-bottom:8.0pt;\r\n	mso-para-margin-left:0in;\r\n	line-height:107%;\r\n	mso-pagination:widow-orphan;\r\n	font-size:11.0pt;\r\n	font-family:"Calibri","sans-serif";\r\n	mso-ascii-font-family:Calibri;\r\n	mso-ascii-theme-font:minor-latin;\r\n	mso-hansi-font-family:Calibri;\r\n	mso-hansi-theme-font:minor-latin;\r\n	mso-bidi-font-family:"Times New Roman";\r\n	mso-bidi-theme-font:minor-bidi;}\r\n</style>\r\n<![endif]--></p>\r\n<p class="MsoNormal" style="text-align: center;" align="center"><strong style="mso-bidi-font-weight: normal;"><span style="font-size: 12.0pt; line-height: 107%; font-family: ''Times New Roman'',''serif'';">Perencanaan Judul Penelitian</span></strong></p>\r\n<p class="MsoNormal" style="text-align: center;" align="center"><strong style="mso-bidi-font-weight: normal;"><span style="font-size: 12.0pt; line-height: 107%; font-family: ''Times New Roman'',''serif'';">METODE UNTUK MEMBEDAKAN PASAR ONLINE LEGAL DAN ILLEGAL</span></strong></p>\r\n<p class="MsoNormal" style="text-align: center;" align="center"><strong style="mso-bidi-font-weight: normal;"><span style="font-size: 12.0pt; line-height: 107%; font-family: ''Times New Roman'',''serif'';">BAB I</span></strong></p>\r\n<p class="MsoListParagraphCxSpFirst" style="margin-left: .75in; mso-add-space: auto; text-indent: -.25in; mso-list: l3 level2 lfo2;"><strong style="mso-bidi-font-weight: normal;"><span style="font-size: 12.0pt; line-height: 107%; font-family: ''Times New Roman'',''serif''; mso-fareast-font-family: ''Times New Roman'';"><span style="mso-list: Ignore;">1.1.</span></span></strong><strong style="mso-bidi-font-weight: normal;"><span style="font-size: 12.0pt; line-height: 107%; font-family: ''Times New Roman'',''serif'';"> Latar Belakang</span></strong></p>\r\n<p class="MsoListParagraphCxSpMiddle" style="text-indent: 0.5in; text-align: justify;"><span style="font-size: 12.0pt; line-height: 107%; font-family: ''Times New Roman'',''serif'';">Dalam dunia teknologi informasi masa kini banyak di kalangan remaja sampai dewasaYang membutuhkkan teknologi informasi sebagai pendamping untuk memenuhi kebutuhan Sehari &ndash; hari baik itu kebutuhan premier maupun kebutuhan sekunder. Dan banyak dari mereka yang memanfaatkan informasi teknologi sebagai alat pencaharian uang untuk kelangsungan hidup mereka, dengan menggunakan website sebagai perantaranya, banyak yang bisa di garap melalui web salah satu nya adalah menggunakan media web sebagai penampung usaha perbisnisan online shop dengan ini masyarakat dapat dengan mudah melakukan transaksi dengan pembeli dan pembeli dapat dengan mudah memilih produk yang akan dibeli karena produk nya sudah di buat sampel yang diletakkan kedalam web tersebut, web tersebut dapat di miliki oleh setiap orang tanpa ada ketentuan ketentuan hokum didalam nya , maka dengan itu masyarakat dapat dengan bebas memulai perbisnisan mereka dan mensejahterakan keluarga dengan mata pencaharian dengan basis website tersebut. Namun terdapat masalah dalam kemajuan teknologi informasi berbasis web tersebut, dikarenakan domain .com yang dapat dibeli oleh kalangan masyarakat dari semua kalangan maka tidak ada hambatan bagi mereka yang ingin menggunakan domain tersebut hanya untuk sekedar coba coba saja, dari berbagai perspektif pada kata &ldquo;coba-coba&rdquo; mungkin tidak terdengar bahaya bagi kita yang awam, tapi pada kenyataannya web tersebut yang bersifat domain berbayar dapat dilihat oleh semua orang dan dapat menggunakan fitur yang sangat banyak. Kaitan nya dengan penggunaan usaha perdagangan online shop yaitu, mereka dapat dengan bebas memasarkan barang-barang yang tidak valid atau tidak sesuai dengan apa yang mereka pasarkan seperti hal nya di dalam web tersebut orang-orang dapat terlena dengan deskripsi iklan dari sang penjual tersebut, dan si penjual dapat dengan mudah membuat aneka ragam cara untuk menipu si pembeli, dengan memalsukan barang yang dipasarkan karena barang yang di dalam web itu bersifat fana atau tidak nyata, selain itu si penjual web illegal tersebut dapat memalsukan keamanan transfer uang dengan ATM, yang memungkinkan kita sebagai pembeli merasa yakin kalau cara transfer yang di gunakan baik adanya.</span></p>\r\n<p class="MsoListParagraphCxSpMiddle" style="text-indent: 0.5in; text-align: justify;"><span style="font-size: 12.0pt; line-height: 107%; font-family: ''Times New Roman'',''serif'';">&nbsp;</span></p>\r\n<p class="MsoListParagraphCxSpMiddle" style="text-indent: 0.5in; text-align: justify;"><span style="font-size: 12.0pt; line-height: 107%; font-family: ''Times New Roman'',''serif'';">&nbsp;</span></p>\r\n<p class="MsoListParagraphCxSpMiddle" style="text-indent: .5in;"><span style="font-size: 12.0pt; line-height: 107%; font-family: ''Times New Roman'',''serif'';">&nbsp;</span></p>\r\n<p class="MsoListParagraphCxSpMiddle" style="margin-left: .75in; mso-add-space: auto; text-indent: -.25in; mso-list: l1 level2 lfo1;"><strong style="mso-bidi-font-weight: normal;"><span style="font-size: 12.0pt; line-height: 107%; font-family: ''Times New Roman'',''serif''; mso-fareast-font-family: ''Times New Roman'';"><span style="mso-list: Ignore;">1.2.</span></span></strong><strong style="mso-bidi-font-weight: normal;"><span style="font-size: 12.0pt; line-height: 107%; font-family: ''Times New Roman'',''serif'';"> Rumusan Masalah</span></strong></p>\r\n<p class="MsoListParagraphCxSpMiddle" style="margin-left: .75in; mso-add-space: auto;"><strong style="mso-bidi-font-weight: normal;"><span style="font-size: 12.0pt; line-height: 107%; font-family: ''Times New Roman'',''serif'';">&nbsp;</span></strong></p>\r\n<p class="MsoListParagraphCxSpMiddle" style="margin-left: 1.0in; mso-add-space: auto; text-indent: -.25in; mso-list: l2 level1 lfo3;"><span style="font-size: 12.0pt; line-height: 107%; font-family: ''Times New Roman'',''serif''; mso-fareast-font-family: ''Times New Roman'';"><span style="mso-list: Ignore;">1.<span style="font: 7.0pt ''Times New Roman'';">&nbsp;&nbsp;&nbsp;&nbsp;&nbsp; </span></span></span><span style="font-size: 12.0pt; line-height: 107%; font-family: ''Times New Roman'',''serif'';">Bagaimana cara membedakan web online shop legal dengan online shop illegal ?</span></p>\r\n<p class="MsoListParagraphCxSpMiddle" style="margin-left: 1.0in; mso-add-space: auto; text-indent: -.25in; mso-list: l2 level1 lfo3;"><span style="font-size: 12.0pt; line-height: 107%; font-family: ''Times New Roman'',''serif''; mso-fareast-font-family: ''Times New Roman'';"><span style="mso-list: Ignore;">2.<span style="font: 7.0pt ''Times New Roman'';">&nbsp;&nbsp;&nbsp;&nbsp;&nbsp; </span></span></span><span style="font-size: 12.0pt; line-height: 107%; font-family: ''Times New Roman'',''serif'';">Bagaimana cara membedakan media money transfer palsu dan asli yang digunakan ? </span></p>\r\n<p class="MsoListParagraphCxSpMiddle" style="margin-left: .75in; mso-add-space: auto;"><span style="font-size: 12.0pt; line-height: 107%; font-family: ''Times New Roman'',''serif'';">&nbsp;</span></p>\r\n<p class="MsoListParagraphCxSpMiddle" style="margin-left: .75in; mso-add-space: auto; text-indent: -.25in; mso-list: l1 level2 lfo1;"><strong style="mso-bidi-font-weight: normal;"><span style="font-size: 12.0pt; line-height: 107%; font-family: ''Times New Roman'',''serif''; mso-fareast-font-family: ''Times New Roman'';"><span style="mso-list: Ignore;">1.3.</span></span></strong><strong style="mso-bidi-font-weight: normal;"><span style="font-size: 12.0pt; line-height: 107%; font-family: ''Times New Roman'',''serif'';">Tujuan</span></strong></p>\r\n<p class="MsoListParagraphCxSpMiddle" style="margin-left: .75in; mso-add-space: auto;"><strong style="mso-bidi-font-weight: normal;"><span style="font-size: 12.0pt; line-height: 107%; font-family: ''Times New Roman'',''serif'';">&nbsp;</span></strong></p>\r\n<p class="MsoListParagraphCxSpMiddle" style="margin-left: 1.0in; mso-add-space: auto; text-indent: -.25in; mso-list: l0 level1 lfo4;"><span style="mso-bidi-font-family: Calibri; mso-bidi-theme-font: minor-latin;"><span style="mso-list: Ignore;">1.<span style="font: 7.0pt ''Times New Roman'';">&nbsp;&nbsp;&nbsp;&nbsp;&nbsp;&nbsp; </span></span></span>Mengetahui ciri-ciri web online shop legal dengan online shop illegal</p>\r\n<p class="MsoListParagraphCxSpLast" style="margin-left: 1.0in; mso-add-space: auto; text-indent: -.25in; mso-list: l0 level1 lfo4;"><span style="mso-bidi-font-family: Calibri; mso-bidi-theme-font: minor-latin;"><span style="mso-list: Ignore;">2.<span style="font: 7.0pt ''Times New Roman'';">&nbsp;&nbsp;&nbsp;&nbsp;&nbsp;&nbsp; </span></span></span>Dapat membedakan media money transfer yang asli maupun yang palsu</p>'),
(5, '', '<p class="MsoNormal" style="text-align: center;" align="center"><strong style="mso-bidi-font-weight: normal;"><span style="font-size: 12.0pt; line-height: 107%; font-family: ''Times New Roman'',''serif'';">Perencanaan Judul Penelitian</span></strong></p>\r\n<p class="MsoNormal" style="text-align: center;" align="center"><strong style="mso-bidi-font-weight: normal;"><span style="font-size: 12.0pt; line-height: 107%; font-family: ''Times New Roman'',''serif'';">METODE UNTUK MEMBEDAKAN PASAR ONLINE LEGAL DAN ILLEGAL</span></strong></p>\r\n<p class="MsoNormal" style="text-align: center;" align="center"><strong style="mso-bidi-font-weight: normal;"><span style="font-size: 12.0pt; line-height: 107%; font-family: ''Times New Roman'',''serif'';">BAB I</span></strong></p>\r\n<p class="MsoListParagraphCxSpFirst" style="margin-left: .75in; mso-add-space: auto; text-indent: -.25in; mso-list: l3 level2 lfo2;"><strong style="mso-bidi-font-weight: normal;"><span style="font-size: 12.0pt; line-height: 107%; font-family: ''Times New Roman'',''serif''; mso-fareast-font-family: ''Times New Roman'';"><span style="mso-list: Ignore;">1.1.</span></span></strong><strong style="mso-bidi-font-weight: normal;"><span style="font-size: 12.0pt; line-height: 107%; font-family: ''Times New Roman'',''serif'';"> Latar Belakang</span></strong></p>');

--
-- Indexes for dumped tables
--

--
-- Indexes for table `blog`
--
ALTER TABLE `blog`
  ADD PRIMARY KEY (`id_blog`);

--
-- AUTO_INCREMENT for dumped tables
--

--
-- AUTO_INCREMENT for table `blog`
--
ALTER TABLE `blog`
  MODIFY `id_blog` int(11) NOT NULL AUTO_INCREMENT,AUTO_INCREMENT=6;--
-- Database: `teunnes`
--

-- --------------------------------------------------------

--
-- Table structure for table `migrations`
--

CREATE TABLE IF NOT EXISTS `migrations` (
  `id` int(10) unsigned NOT NULL,
  `migration` varchar(255) COLLATE utf8_unicode_ci NOT NULL,
  `batch` int(11) NOT NULL
) ENGINE=InnoDB AUTO_INCREMENT=3 DEFAULT CHARSET=utf8 COLLATE=utf8_unicode_ci;

--
-- Dumping data for table `migrations`
--

INSERT INTO `migrations` (`id`, `migration`, `batch`) VALUES
(1, '2014_10_12_000000_create_users_table', 1),
(2, '2014_10_12_100000_create_password_resets_table', 1);

-- --------------------------------------------------------

--
-- Table structure for table `password_resets`
--

CREATE TABLE IF NOT EXISTS `password_resets` (
  `email` varchar(255) COLLATE utf8_unicode_ci NOT NULL,
  `token` varchar(255) COLLATE utf8_unicode_ci NOT NULL,
  `created_at` timestamp NULL DEFAULT NULL
) ENGINE=InnoDB DEFAULT CHARSET=utf8 COLLATE=utf8_unicode_ci;

-- --------------------------------------------------------

--
-- Table structure for table `users`
--

CREATE TABLE IF NOT EXISTS `users` (
  `id` int(10) unsigned NOT NULL,
  `name` varchar(255) COLLATE utf8_unicode_ci NOT NULL,
  `email` varchar(255) COLLATE utf8_unicode_ci NOT NULL,
  `password` varchar(255) COLLATE utf8_unicode_ci NOT NULL,
  `remember_token` varchar(100) COLLATE utf8_unicode_ci DEFAULT NULL,
  `created_at` timestamp NULL DEFAULT NULL,
  `updated_at` timestamp NULL DEFAULT NULL
) ENGINE=InnoDB DEFAULT CHARSET=utf8 COLLATE=utf8_unicode_ci;

--
-- Indexes for dumped tables
--

--
-- Indexes for table `migrations`
--
ALTER TABLE `migrations`
  ADD PRIMARY KEY (`id`);

--
-- Indexes for table `password_resets`
--
ALTER TABLE `password_resets`
  ADD KEY `password_resets_email_index` (`email`);

--
-- Indexes for table `users`
--
ALTER TABLE `users`
  ADD PRIMARY KEY (`id`), ADD UNIQUE KEY `users_email_unique` (`email`);

--
-- AUTO_INCREMENT for dumped tables
--

--
-- AUTO_INCREMENT for table `migrations`
--
ALTER TABLE `migrations`
  MODIFY `id` int(10) unsigned NOT NULL AUTO_INCREMENT,AUTO_INCREMENT=3;
--
-- AUTO_INCREMENT for table `users`
--
ALTER TABLE `users`
  MODIFY `id` int(10) unsigned NOT NULL AUTO_INCREMENT;--
-- Database: `toko_elektronik`
--

-- --------------------------------------------------------

--
-- Table structure for table `barang`
--

CREATE TABLE IF NOT EXISTS `barang` (
  `id_barang` int(11) NOT NULL,
  `id_jenis` int(11) DEFAULT NULL,
  `nama_barang` varchar(120) NOT NULL,
  `deskripsi` text NOT NULL
) ENGINE=InnoDB AUTO_INCREMENT=2 DEFAULT CHARSET=latin1;

--
-- Dumping data for table `barang`
--

INSERT INTO `barang` (`id_barang`, `id_jenis`, `nama_barang`, `deskripsi`) VALUES
(1, NULL, 'LCD BENQ', 'Monitor gaul');

-- --------------------------------------------------------

--
-- Table structure for table `jenis_barang`
--

CREATE TABLE IF NOT EXISTS `jenis_barang` (
  `id_jenis` int(11) NOT NULL,
  `nama_jenis` varchar(120) NOT NULL
) ENGINE=InnoDB DEFAULT CHARSET=latin1;

--
-- Indexes for dumped tables
--

--
-- Indexes for table `barang`
--
ALTER TABLE `barang`
  ADD PRIMARY KEY (`id_barang`), ADD KEY `id_jenis` (`id_jenis`);

--
-- Indexes for table `jenis_barang`
--
ALTER TABLE `jenis_barang`
  ADD PRIMARY KEY (`id_jenis`);

--
-- AUTO_INCREMENT for dumped tables
--

--
-- AUTO_INCREMENT for table `barang`
--
ALTER TABLE `barang`
  MODIFY `id_barang` int(11) NOT NULL AUTO_INCREMENT,AUTO_INCREMENT=2;
--
-- AUTO_INCREMENT for table `jenis_barang`
--
ALTER TABLE `jenis_barang`
  MODIFY `id_jenis` int(11) NOT NULL AUTO_INCREMENT;
--
-- Constraints for dumped tables
--

--
-- Constraints for table `barang`
--
ALTER TABLE `barang`
ADD CONSTRAINT `barang_ibfk_1` FOREIGN KEY (`id_jenis`) REFERENCES `jenis_barang` (`id_jenis`) ON DELETE CASCADE ON UPDATE CASCADE;
--
-- Database: `tugas1`
--

-- --------------------------------------------------------

--
-- Table structure for table `blog`
--

CREATE TABLE IF NOT EXISTS `blog` (
  `ID` varchar(20) NOT NULL,
  `judul` varchar(20) DEFAULT NULL,
  `tanggal` date DEFAULT NULL,
  `isi` text
) ENGINE=InnoDB DEFAULT CHARSET=utf8;

--
-- Dumping data for table `blog`
--

INSERT INTO `blog` (`ID`, `judul`, `tanggal`, `isi`) VALUES
('0', 'Pasukan', '2016-04-10', 'pasukanku'),
('1', 'aku', '2016-04-11', 'pahlawan super');

-- --------------------------------------------------------

--
-- Table structure for table `komentar`
--

CREATE TABLE IF NOT EXISTS `komentar` (
  `ID` varchar(20) DEFAULT NULL,
  `tanggal` date DEFAULT NULL
) ENGINE=InnoDB DEFAULT CHARSET=utf8;

--
-- Dumping data for table `komentar`
--

INSERT INTO `komentar` (`ID`, `tanggal`) VALUES
('0', '2016-04-10'),
('1', '2016-04-11');

-- --------------------------------------------------------

--
-- Table structure for table `user`
--

CREATE TABLE IF NOT EXISTS `user` (
  `nama` varchar(20) NOT NULL,
  `email` varchar(20) DEFAULT NULL,
  `password` varchar(20) DEFAULT NULL
) ENGINE=InnoDB DEFAULT CHARSET=utf8;

--
-- Dumping data for table `user`
--

INSERT INTO `user` (`nama`, `email`, `password`) VALUES
('zulham', 'asegaf@ymail.com', 'aamgaul');

--
-- Indexes for dumped tables
--

--
-- Indexes for table `blog`
--
ALTER TABLE `blog`
  ADD PRIMARY KEY (`ID`);

--
-- Indexes for table `komentar`
--
ALTER TABLE `komentar`
  ADD KEY `ID` (`ID`);

--
-- Indexes for table `user`
--
ALTER TABLE `user`
  ADD PRIMARY KEY (`nama`);

--
-- Constraints for dumped tables
--

--
-- Constraints for table `komentar`
--
ALTER TABLE `komentar`
ADD CONSTRAINT `komentar_ibfk_1` FOREIGN KEY (`ID`) REFERENCES `blog` (`ID`);
--
-- Database: `ujicoba`
--

-- --------------------------------------------------------

--
-- Table structure for table `community`
--

CREATE TABLE IF NOT EXISTS `community` (
  `id_comm` varchar(50) NOT NULL
) ENGINE=InnoDB DEFAULT CHARSET=latin1;

--
-- Dumping data for table `community`
--

INSERT INTO `community` (`id_comm`) VALUES
('EDC'),
('VAP');

-- --------------------------------------------------------

--
-- Table structure for table `komentar`
--

CREATE TABLE IF NOT EXISTS `komentar` (
  `id_komentar` int(10) NOT NULL,
  `id_comm` varchar(50) NOT NULL,
  `email` varchar(50) NOT NULL,
  `isi` text
) ENGINE=InnoDB AUTO_INCREMENT=5 DEFAULT CHARSET=latin1;

--
-- Dumping data for table `komentar`
--

INSERT INTO `komentar` (`id_komentar`, `id_comm`, `email`, `isi`) VALUES
(1, 'EDC', 'asegaf@ymail.com', 'keren gan '),
(2, 'VAP', 'zulham724@gmail.com', 'bagus gan '),
(3, 'EDC', 'asegaf@ymail.com', 'bagus banget'),
(4, 'VAP', 'asegaf@ymail.com', 'lumayan sih');

-- --------------------------------------------------------

--
-- Table structure for table `rating`
--

CREATE TABLE IF NOT EXISTS `rating` (
  `id_rating` int(10) NOT NULL,
  `id_comm` varchar(50) NOT NULL,
  `email` varchar(50) NOT NULL,
  `nilai` int(200) DEFAULT NULL
) ENGINE=InnoDB AUTO_INCREMENT=3 DEFAULT CHARSET=latin1;

--
-- Dumping data for table `rating`
--

INSERT INTO `rating` (`id_rating`, `id_comm`, `email`, `nilai`) VALUES
(1, 'EDC', 'asegaf@ymail.com', 35),
(2, 'VAP', 'zulham724@gmail.com', 13);

-- --------------------------------------------------------

--
-- Table structure for table `user`
--

CREATE TABLE IF NOT EXISTS `user` (
  `email` varchar(50) NOT NULL,
  `name` varchar(50) NOT NULL,
  `password` text NOT NULL,
  `id_comm` varchar(50) NOT NULL,
  `gender` varchar(50) NOT NULL
) ENGINE=InnoDB DEFAULT CHARSET=latin1;

--
-- Dumping data for table `user`
--

INSERT INTO `user` (`email`, `name`, `password`, `id_comm`, `gender`) VALUES
('asegaf@ymail.com', 'Zulham', 'aamgaul', 'EDC', 'Male'),
('ela@gmail.com', 'ela', 'ela', 'EDC', 'Female'),
('laila@gmail.com', 'laila', 'laila', 'VAP', 'Female'),
('saras@gmail.com', 'Saras', 'saras', 'EDC', 'Male'),
('zulham724@gmail.com', 'Zulham', 'formi', 'VAP', 'Male');

-- --------------------------------------------------------

--
-- Table structure for table `video`
--

CREATE TABLE IF NOT EXISTS `video` (
  `id_video` int(10) NOT NULL,
  `id_comm` varchar(50) NOT NULL,
  `nama_video` varchar(50) NOT NULL
) ENGINE=InnoDB AUTO_INCREMENT=3 DEFAULT CHARSET=latin1;

--
-- Dumping data for table `video`
--

INSERT INTO `video` (`id_video`, `id_comm`, `nama_video`) VALUES
(1, 'EDC', 'EDC.mp4'),
(2, 'VAP', 'VAP.mp4');

--
-- Indexes for dumped tables
--

--
-- Indexes for table `community`
--
ALTER TABLE `community`
  ADD PRIMARY KEY (`id_comm`);

--
-- Indexes for table `komentar`
--
ALTER TABLE `komentar`
  ADD PRIMARY KEY (`id_komentar`), ADD KEY `id_comm` (`id_comm`), ADD KEY `email` (`email`);

--
-- Indexes for table `rating`
--
ALTER TABLE `rating`
  ADD PRIMARY KEY (`id_rating`), ADD KEY `id_comm` (`id_comm`), ADD KEY `email` (`email`);

--
-- Indexes for table `user`
--
ALTER TABLE `user`
  ADD PRIMARY KEY (`email`), ADD KEY `id_comm` (`id_comm`);

--
-- Indexes for table `video`
--
ALTER TABLE `video`
  ADD PRIMARY KEY (`id_video`), ADD KEY `id_comm` (`id_comm`);

--
-- AUTO_INCREMENT for dumped tables
--

--
-- AUTO_INCREMENT for table `komentar`
--
ALTER TABLE `komentar`
  MODIFY `id_komentar` int(10) NOT NULL AUTO_INCREMENT,AUTO_INCREMENT=5;
--
-- AUTO_INCREMENT for table `rating`
--
ALTER TABLE `rating`
  MODIFY `id_rating` int(10) NOT NULL AUTO_INCREMENT,AUTO_INCREMENT=3;
--
-- AUTO_INCREMENT for table `video`
--
ALTER TABLE `video`
  MODIFY `id_video` int(10) NOT NULL AUTO_INCREMENT,AUTO_INCREMENT=3;
--
-- Constraints for dumped tables
--

--
-- Constraints for table `komentar`
--
ALTER TABLE `komentar`
ADD CONSTRAINT `komentar_ibfk_1` FOREIGN KEY (`id_comm`) REFERENCES `community` (`id_comm`) ON DELETE CASCADE ON UPDATE CASCADE,
ADD CONSTRAINT `komentar_ibfk_2` FOREIGN KEY (`email`) REFERENCES `user` (`email`) ON DELETE CASCADE ON UPDATE CASCADE;

--
-- Constraints for table `rating`
--
ALTER TABLE `rating`
ADD CONSTRAINT `rating_ibfk_1` FOREIGN KEY (`id_comm`) REFERENCES `community` (`id_comm`),
ADD CONSTRAINT `rating_ibfk_2` FOREIGN KEY (`email`) REFERENCES `user` (`email`);

--
-- Constraints for table `user`
--
ALTER TABLE `user`
ADD CONSTRAINT `user_ibfk_1` FOREIGN KEY (`id_comm`) REFERENCES `community` (`id_comm`) ON DELETE CASCADE ON UPDATE CASCADE;

--
-- Constraints for table `video`
--
ALTER TABLE `video`
ADD CONSTRAINT `video_ibfk_1` FOREIGN KEY (`id_comm`) REFERENCES `community` (`id_comm`) ON DELETE CASCADE ON UPDATE CASCADE;
--
-- Database: `ujicoba2`
--
--
-- Database: `webauth`
--

-- --------------------------------------------------------

--
-- Table structure for table `user_pwd`
--

CREATE TABLE IF NOT EXISTS `user_pwd` (
  `name` char(30) COLLATE latin1_general_ci NOT NULL DEFAULT '',
  `pass` char(32) COLLATE latin1_general_ci NOT NULL DEFAULT ''
) ENGINE=MyISAM DEFAULT CHARSET=latin1 COLLATE=latin1_general_ci;

--
-- Dumping data for table `user_pwd`
--

INSERT INTO `user_pwd` (`name`, `pass`) VALUES
('xampp', 'wampp');

--
-- Indexes for dumped tables
--

--
-- Indexes for table `user_pwd`
--
ALTER TABLE `user_pwd`
  ADD PRIMARY KEY (`name`);
--
-- Database: `woproject`
--

-- --------------------------------------------------------

--
-- Table structure for table `acara`
--

CREATE TABLE IF NOT EXISTS `acara` (
  `id` int(10) unsigned NOT NULL,
  `order_id` int(10) unsigned NOT NULL,
  `acara` varchar(255) COLLATE utf8_unicode_ci NOT NULL,
  `tanggal` varchar(255) COLLATE utf8_unicode_ci NOT NULL,
  `tempat` varchar(255) COLLATE utf8_unicode_ci NOT NULL,
  `created_at` timestamp NULL DEFAULT NULL,
  `updated_at` timestamp NULL DEFAULT NULL,
  `deleted_at` timestamp NULL DEFAULT NULL
) ENGINE=InnoDB AUTO_INCREMENT=20 DEFAULT CHARSET=utf8 COLLATE=utf8_unicode_ci;

--
-- Dumping data for table `acara`
--

INSERT INTO `acara` (`id`, `order_id`, `acara`, `tanggal`, `tempat`, `created_at`, `updated_at`, `deleted_at`) VALUES
(1, 1, 'Makan-Makan', '2017-08-02', 'Pesanggaran', '2017-08-01 20:19:31', '2017-08-01 20:19:31', NULL),
(2, 1, 'DJ', '2017-08-09', 'SKY GARDEN', '2017-08-01 20:19:31', '2017-08-01 20:19:31', NULL),
(3, 1, 'Temu Alumni', '2017-08-15', 'SMA N 5 DENPASAR', '2017-08-01 20:19:31', '2017-08-01 20:19:31', NULL),
(4, 1, 'Pernikahan', '2017-08-24', 'Hongkong Garden', '2017-08-01 20:19:31', '2017-08-01 20:19:31', NULL),
(5, 2, 'Pernikahan', '2017-08-19', 'Kendal', '2017-08-03 20:47:07', '2017-08-03 20:47:07', NULL),
(6, 3, 'Pernikahan', '2017-08-19', 'Kendal', '2017-08-03 20:47:26', '2017-08-03 20:47:26', NULL),
(19, 16, 'Pernikahan', '2017-08-27', 'Kendal', '2017-08-03 23:53:39', '2017-08-03 23:53:39', NULL);

-- --------------------------------------------------------

--
-- Table structure for table `biodata`
--

CREATE TABLE IF NOT EXISTS `biodata` (
  `id` int(10) unsigned NOT NULL,
  `order_id` int(10) unsigned NOT NULL,
  `nama_lengkap_pria` varchar(255) COLLATE utf8_unicode_ci NOT NULL,
  `alamat_pria` varchar(255) COLLATE utf8_unicode_ci NOT NULL,
  `cp_pria` varchar(255) COLLATE utf8_unicode_ci NOT NULL,
  `ttl_pria` varchar(255) COLLATE utf8_unicode_ci NOT NULL,
  `agama_pria` varchar(255) COLLATE utf8_unicode_ci NOT NULL,
  `pendidikan_pria` varchar(255) COLLATE utf8_unicode_ci NOT NULL,
  `tinggi_badan_pria` varchar(255) COLLATE utf8_unicode_ci NOT NULL,
  `berat_badan_pria` varchar(255) COLLATE utf8_unicode_ci NOT NULL,
  `ayah_pria` varchar(255) COLLATE utf8_unicode_ci DEFAULT NULL,
  `cp_ayah_pria` varchar(255) COLLATE utf8_unicode_ci DEFAULT NULL,
  `ibu_pria` varchar(255) COLLATE utf8_unicode_ci DEFAULT NULL,
  `cp_ibu_pria` varchar(255) COLLATE utf8_unicode_ci DEFAULT NULL,
  `kakak_pria` varchar(255) COLLATE utf8_unicode_ci DEFAULT NULL,
  `adik_pria` varchar(255) COLLATE utf8_unicode_ci DEFAULT NULL,
  `nama_lengkap_wanita` varchar(255) COLLATE utf8_unicode_ci NOT NULL,
  `alamat_wanita` varchar(255) COLLATE utf8_unicode_ci NOT NULL,
  `cp_wanita` varchar(255) COLLATE utf8_unicode_ci NOT NULL,
  `ttl_wanita` varchar(255) COLLATE utf8_unicode_ci NOT NULL,
  `agama_wanita` varchar(255) COLLATE utf8_unicode_ci NOT NULL,
  `pendidikan_wanita` varchar(255) COLLATE utf8_unicode_ci NOT NULL,
  `tinggi_badan_wanita` varchar(255) COLLATE utf8_unicode_ci NOT NULL,
  `berat_badan_wanita` varchar(255) COLLATE utf8_unicode_ci NOT NULL,
  `ayah_wanita` varchar(255) COLLATE utf8_unicode_ci DEFAULT NULL,
  `cp_ayah_wanita` varchar(255) COLLATE utf8_unicode_ci DEFAULT NULL,
  `ibu_wanita` varchar(255) COLLATE utf8_unicode_ci DEFAULT NULL,
  `cp_ibu_wanita` varchar(255) COLLATE utf8_unicode_ci DEFAULT NULL,
  `kakak_wanita` varchar(255) COLLATE utf8_unicode_ci DEFAULT NULL,
  `adik_wanita` varchar(255) COLLATE utf8_unicode_ci DEFAULT NULL,
  `created_at` timestamp NULL DEFAULT NULL,
  `updated_at` timestamp NULL DEFAULT NULL,
  `deleted_at` timestamp NULL DEFAULT NULL
) ENGINE=InnoDB AUTO_INCREMENT=17 DEFAULT CHARSET=utf8 COLLATE=utf8_unicode_ci;

--
-- Dumping data for table `biodata`
--

INSERT INTO `biodata` (`id`, `order_id`, `nama_lengkap_pria`, `alamat_pria`, `cp_pria`, `ttl_pria`, `agama_pria`, `pendidikan_pria`, `tinggi_badan_pria`, `berat_badan_pria`, `ayah_pria`, `cp_ayah_pria`, `ibu_pria`, `cp_ibu_pria`, `kakak_pria`, `adik_pria`, `nama_lengkap_wanita`, `alamat_wanita`, `cp_wanita`, `ttl_wanita`, `agama_wanita`, `pendidikan_wanita`, `tinggi_badan_wanita`, `berat_badan_wanita`, `ayah_wanita`, `cp_ayah_wanita`, `ibu_wanita`, `cp_ibu_wanita`, `kakak_wanita`, `adik_wanita`, `created_at`, `updated_at`, `deleted_at`) VALUES
(1, 1, 'Zulham Azwar Achmad', 'Pesanggaran', '085868226304', 'Klungkung 12 Desember 1995', 'Islam', 'S3 Tokyo', '171 cm', '55 Kg', 'Ahmad Sholeh', '-', 'Lily Dahlia', '-', '-', '-', 'Lailatul Khusna', 'Kebumen', '1237815238', 'Kebumen 21 Maret 1997', 'Islam', 'S2 Tokyo', '165', '50', '-', '-', '-', '-', '-', '-', '2017-08-01 20:19:30', '2017-08-01 20:19:30', NULL),
(2, 2, 'Arief Laksono', 'Kendal', '08712351253', 'Kendal 8 Oktober 1996', 'Islam', 'S1', '170', '55 Kg', '-', '-', '-', '-', '-', '-', 'Tutik', 'Kendal', '08612351253', 'Kendal 8 Oktober 1996', 'Islam', 'S1', '162', '47', '-', '-', '-', '-', '-', '-', '2017-08-03 20:47:07', '2017-08-03 20:47:07', NULL),
(3, 3, 'Arief Laksono', 'Kendal', '08712351253', 'Kendal 8 Oktober 1996', 'Islam', 'S1', '170', '55 Kg', '-', '-', '-', '-', '-', '-', 'Tutik', 'Kendal', '08612351253', 'Kendal 8 Oktober 1996', 'Islam', 'S1', '162', '47', '-', '-', '-', '-', '-', '-', '2017-08-03 20:47:25', '2017-08-03 20:47:25', NULL),
(16, 16, 'Retno', 'Kendal', '091263123', 'Kendal 8 Oktober 1996', 'Islam', 'S1', '175', '67', '-', '-', '-', '-', '-', '-', 'Atik', 'Kebumen', '099128735', 'Kendal 8 Oktober 1996', 'Islam', 'S1', '165', '44', '-', '-', '-', '-', '-', '-', '2017-08-03 23:53:39', '2017-08-03 23:53:39', NULL);

-- --------------------------------------------------------

--
-- Table structure for table `items`
--

CREATE TABLE IF NOT EXISTS `items` (
  `id` int(10) unsigned NOT NULL,
  `order_id` int(10) unsigned NOT NULL,
  `item` varchar(255) COLLATE utf8_unicode_ci NOT NULL,
  `cost` varchar(255) COLLATE utf8_unicode_ci NOT NULL,
  `created_at` timestamp NULL DEFAULT NULL,
  `updated_at` timestamp NULL DEFAULT NULL,
  `deleted_at` timestamp NULL DEFAULT NULL
) ENGINE=InnoDB AUTO_INCREMENT=22 DEFAULT CHARSET=utf8 COLLATE=utf8_unicode_ci;

--
-- Dumping data for table `items`
--

INSERT INTO `items` (`id`, `order_id`, `item`, `cost`, `created_at`, `updated_at`, `deleted_at`) VALUES
(1, 1, 'Gaun Wanita', '2000000', '2017-08-01 20:19:30', '2017-08-01 20:19:30', NULL),
(2, 1, 'Sepatu Wanita', '1000000', '2017-08-01 20:19:30', '2017-08-01 20:19:30', NULL),
(3, 1, 'Pakaian Pria', '2000000', '2017-08-01 20:19:30', '2017-08-01 20:19:30', NULL),
(4, 1, 'Sepatu Pria', '1000000', '2017-08-01 20:19:31', '2017-08-01 20:19:31', NULL),
(5, 2, 'Gaun Wanita', '2000000', '2017-08-03 20:47:07', '2017-08-03 20:47:07', NULL),
(6, 2, 'Pakaian Pria', '2000000', '2017-08-03 20:47:07', '2017-08-03 20:47:07', NULL),
(7, 3, 'Gaun Wanita', '2000000', '2017-08-03 20:47:25', '2017-08-03 20:47:25', NULL),
(8, 3, 'Pakaian Pria', '2000000', '2017-08-03 20:47:26', '2017-08-03 20:47:26', NULL),
(21, 16, 'Gaun Set', '3500000', '2017-08-03 23:53:39', '2017-08-03 23:53:39', NULL);

-- --------------------------------------------------------

--
-- Table structure for table `migrations`
--

CREATE TABLE IF NOT EXISTS `migrations` (
  `id` int(10) unsigned NOT NULL,
  `migration` varchar(255) COLLATE utf8_unicode_ci NOT NULL,
  `batch` int(11) NOT NULL
) ENGINE=InnoDB AUTO_INCREMENT=67 DEFAULT CHARSET=utf8 COLLATE=utf8_unicode_ci;

--
-- Dumping data for table `migrations`
--

INSERT INTO `migrations` (`id`, `migration`, `batch`) VALUES
(3, '2014_10_12_000000_create_roles_table', 1),
(4, '2014_10_12_100000_create_users_table', 1),
(5, '2014_10_12_200000_create_password_resets_table', 1),
(16, '2017_07_29_082520_create_sub_items_table', 2),
(61, '2017_07_28_000628_create_orders_table', 3),
(62, '2017_07_29_082254_create_items_table', 3),
(63, '2017_07_29_135133_create_biodata_table', 3),
(64, '2017_07_29_135235_create_acara_table', 3),
(66, '2017_08_04_020711_create_notifications_table', 4);

-- --------------------------------------------------------

--
-- Table structure for table `notifications`
--

CREATE TABLE IF NOT EXISTS `notifications` (
  `id` int(10) unsigned NOT NULL,
  `title` varchar(255) COLLATE utf8_unicode_ci NOT NULL,
  `content` varchar(255) COLLATE utf8_unicode_ci NOT NULL,
  `isRead` varchar(255) COLLATE utf8_unicode_ci NOT NULL,
  `created_at` timestamp NULL DEFAULT NULL,
  `updated_at` timestamp NULL DEFAULT NULL,
  `deleted_at` timestamp NULL DEFAULT NULL
) ENGINE=InnoDB AUTO_INCREMENT=16 DEFAULT CHARSET=utf8 COLLATE=utf8_unicode_ci;

--
-- Dumping data for table `notifications`
--

INSERT INTO `notifications` (`id`, `title`, `content`, `isRead`, `created_at`, `updated_at`, `deleted_at`) VALUES
(1, 'Zulham', 'admin Zulham telah melakukan order', '1', '2017-08-03 17:00:00', '2017-08-03 20:48:05', NULL),
(2, 'Ela', 'Elatelah menerima pesanan', '0', '2017-08-03 20:47:26', '2017-08-03 20:47:26', NULL),
(3, 'Zulham', 'Zulham telah menerima pesanan', '1', '2017-08-03 22:39:59', '2017-08-03 23:26:03', NULL),
(4, 'Zulham', 'Zulham telah menerima pesanan', '1', '2017-08-03 22:44:17', '2017-08-03 23:26:07', NULL),
(5, 'Zulham', 'Zulham telah menerima pesanan', '1', '2017-08-03 22:48:42', '2017-08-03 23:26:13', NULL),
(6, 'Zulham', 'Zulham telah menerima pesanan', '1', '2017-08-03 23:02:33', '2017-08-03 23:26:33', NULL),
(7, 'Zulham', 'Zulham telah menerima pesanan', '1', '2017-08-03 23:04:14', '2017-08-04 00:03:04', NULL),
(8, 'Zulham', 'Zulham telah menerima pesanan', '0', '2017-08-03 23:06:01', '2017-08-03 23:06:01', NULL),
(9, 'Zulham', 'Zulham telah menerima pesanan', '0', '2017-08-03 23:08:26', '2017-08-03 23:08:26', NULL),
(10, 'Zulham', 'Zulham telah menerima pesanan', '0', '2017-08-03 23:10:24', '2017-08-03 23:10:24', NULL),
(11, 'Zulham', 'Zulham telah menerima pesanan', '0', '2017-08-03 23:18:23', '2017-08-03 23:18:23', NULL),
(12, 'Zulham', 'Zulham telah menerima pesanan', '0', '2017-08-03 23:18:53', '2017-08-03 23:18:53', NULL),
(13, 'Zulham', 'Zulham telah menerima pesanan', '0', '2017-08-03 23:24:15', '2017-08-03 23:24:15', NULL),
(14, 'Zulham', 'Zulham telah menerima pesanan', '0', '2017-08-03 23:49:27', '2017-08-03 23:49:27', NULL),
(15, 'Zulham', 'Zulham telah menerima pesanan', '0', '2017-08-03 23:53:39', '2017-08-03 23:53:39', NULL);

-- --------------------------------------------------------

--
-- Table structure for table `orders`
--

CREATE TABLE IF NOT EXISTS `orders` (
  `id` int(10) unsigned NOT NULL,
  `user_id` int(10) unsigned NOT NULL,
  `nama_pemesan` varchar(255) COLLATE utf8_unicode_ci NOT NULL,
  `alamat_pemesan` varchar(255) COLLATE utf8_unicode_ci NOT NULL,
  `kota_pemesan` varchar(255) COLLATE utf8_unicode_ci NOT NULL,
  `cp_pemesan` varchar(255) COLLATE utf8_unicode_ci NOT NULL,
  `pelaksanaan_acara` varchar(255) COLLATE utf8_unicode_ci NOT NULL,
  `penyelenggara` varchar(255) COLLATE utf8_unicode_ci NOT NULL,
  `total_tamu` varchar(255) COLLATE utf8_unicode_ci NOT NULL,
  `jenis_jamuan` varchar(255) COLLATE utf8_unicode_ci NOT NULL,
  `upload` varchar(255) COLLATE utf8_unicode_ci DEFAULT NULL,
  `created_at` timestamp NULL DEFAULT NULL,
  `updated_at` timestamp NULL DEFAULT NULL,
  `deleted_at` timestamp NULL DEFAULT NULL
) ENGINE=InnoDB AUTO_INCREMENT=17 DEFAULT CHARSET=utf8 COLLATE=utf8_unicode_ci;

--
-- Dumping data for table `orders`
--

INSERT INTO `orders` (`id`, `user_id`, `nama_pemesan`, `alamat_pemesan`, `kota_pemesan`, `cp_pemesan`, `pelaksanaan_acara`, `penyelenggara`, `total_tamu`, `jenis_jamuan`, `upload`, `created_at`, `updated_at`, `deleted_at`) VALUES
(1, 2, 'Zulham', 'pesanggaran', 'Denpasar', '085868226304', 'Rumah', 'Pihak Putra', '1200', 'Prasmanan', NULL, '2017-08-01 20:19:30', '2017-08-01 20:19:30', NULL),
(2, 2, 'Arief Daplun', 'Kendal', 'Kendal', '098123176', 'Rumah', 'Pihak Putra', '5000', 'Prasmanan', NULL, '2017-08-03 20:47:07', '2017-08-03 20:47:07', NULL),
(3, 2, 'Arief Daplun', 'Kendal', 'Kendal', '098123176', 'Rumah', 'Pihak Putra', '5000', 'Prasmanan', NULL, '2017-08-03 20:47:25', '2017-08-03 20:47:25', NULL),
(16, 1, 'Retno', 'Kendal', 'Kendal', '0982073816', 'Rumah', 'Pihak Putra', '67700', 'Pernikahan', 'fullcalendar-3.4.0.zip/ikuS7jGaTNs9IXYXv1brBDyLkqlaFJjSi4otezFH.zip', '2017-08-03 23:53:39', '2017-08-03 23:53:39', NULL);

-- --------------------------------------------------------

--
-- Table structure for table `password_resets`
--

CREATE TABLE IF NOT EXISTS `password_resets` (
  `email` varchar(255) COLLATE utf8_unicode_ci NOT NULL,
  `token` varchar(255) COLLATE utf8_unicode_ci NOT NULL,
  `created_at` timestamp NULL DEFAULT NULL
) ENGINE=InnoDB DEFAULT CHARSET=utf8 COLLATE=utf8_unicode_ci;

-- --------------------------------------------------------

--
-- Table structure for table `roles`
--

CREATE TABLE IF NOT EXISTS `roles` (
  `id` int(10) unsigned NOT NULL,
  `content` varchar(255) COLLATE utf8_unicode_ci NOT NULL,
  `created_at` timestamp NULL DEFAULT NULL,
  `updated_at` timestamp NULL DEFAULT NULL,
  `deleted_at` timestamp NULL DEFAULT NULL
) ENGINE=InnoDB AUTO_INCREMENT=4 DEFAULT CHARSET=utf8 COLLATE=utf8_unicode_ci;

--
-- Dumping data for table `roles`
--

INSERT INTO `roles` (`id`, `content`, `created_at`, `updated_at`, `deleted_at`) VALUES
(1, 'admin', '2017-07-25 18:41:49', '2017-07-25 18:41:49', NULL),
(2, 'operator', '2017-07-25 18:41:50', '2017-07-25 18:41:50', NULL),
(3, 'staff', '2017-08-01 17:00:00', '2017-08-01 17:00:00', NULL);

-- --------------------------------------------------------

--
-- Table structure for table `users`
--

CREATE TABLE IF NOT EXISTS `users` (
  `id` int(10) unsigned NOT NULL,
  `role_id` int(10) unsigned NOT NULL,
  `name` varchar(255) COLLATE utf8_unicode_ci NOT NULL,
  `email` varchar(255) COLLATE utf8_unicode_ci NOT NULL,
  `password` varchar(255) COLLATE utf8_unicode_ci NOT NULL,
  `remember_token` varchar(100) COLLATE utf8_unicode_ci DEFAULT NULL,
  `created_at` timestamp NULL DEFAULT NULL,
  `updated_at` timestamp NULL DEFAULT NULL
) ENGINE=InnoDB AUTO_INCREMENT=6 DEFAULT CHARSET=utf8 COLLATE=utf8_unicode_ci;

--
-- Dumping data for table `users`
--

INSERT INTO `users` (`id`, `role_id`, `name`, `email`, `password`, `remember_token`, `created_at`, `updated_at`) VALUES
(1, 1, 'Zulham', 'asegaf@ymail.com', '$2y$10$cozzNRjW.csHrShcWjbCVuxxspMCGNBnki.fWCaFIFjXy/X2ROszu', '20IG1GbN6cG1v0maRalJxGomuIesi8Bjr2VZ9KLde45PUJnUdzwSGGhN2cCz', '2017-07-25 18:47:07', '2017-07-25 18:47:07'),
(2, 2, 'Ela', 'ela@gmail.com', '$2y$10$imT/leJzhLCLYp01JgEE7u4/nseqPidbl/O0CHCEJ82eIaDgtOMiS', 'hR6bvDqInNQA4irBHzjRG8BVbbjGklyNBqpF3uzPWmPG7Ac2fxYYcvPJbgE9', '2017-07-26 05:30:45', '2017-07-26 05:30:45'),
(4, 3, 'Staff', 'staff@gmail.com', '$2y$10$/..phZ7aeW8R8aRQWMeWq.L5jXCZRCWHgmoC3LNfaM/BU4GgX9/2q', 'EHQ7lwtspNoS6JbxiiN1kaKurn92F6PNil3Fku6Z3PhPm57PusH2QVA44ILt', '2017-08-01 18:14:59', '2017-08-01 18:14:59'),
(5, 1, 'Admin', 'admin@gmail.com', '$2y$10$e9Xwg627i4YQCnT8prhPWun5sCfFwQ2xWuT9I7l9wma0CWXRwHYcm', 'fxR3dJ89dGE51mGHcj7lOM8DLzCuJLi1LvaH2D0oEH1wJykVDjJB5xMMxUi0', '2017-08-01 18:57:41', '2017-08-01 18:57:41');

--
-- Indexes for dumped tables
--

--
-- Indexes for table `acara`
--
ALTER TABLE `acara`
  ADD PRIMARY KEY (`id`), ADD KEY `acara_order_id_foreign` (`order_id`);

--
-- Indexes for table `biodata`
--
ALTER TABLE `biodata`
  ADD PRIMARY KEY (`id`), ADD KEY `biodata_order_id_foreign` (`order_id`);

--
-- Indexes for table `items`
--
ALTER TABLE `items`
  ADD PRIMARY KEY (`id`), ADD KEY `items_order_id_foreign` (`order_id`);

--
-- Indexes for table `migrations`
--
ALTER TABLE `migrations`
  ADD PRIMARY KEY (`id`);

--
-- Indexes for table `notifications`
--
ALTER TABLE `notifications`
  ADD PRIMARY KEY (`id`);

--
-- Indexes for table `orders`
--
ALTER TABLE `orders`
  ADD PRIMARY KEY (`id`), ADD KEY `orders_user_id_foreign` (`user_id`);

--
-- Indexes for table `password_resets`
--
ALTER TABLE `password_resets`
  ADD KEY `password_resets_email_index` (`email`);

--
-- Indexes for table `roles`
--
ALTER TABLE `roles`
  ADD PRIMARY KEY (`id`);

--
-- Indexes for table `users`
--
ALTER TABLE `users`
  ADD PRIMARY KEY (`id`), ADD UNIQUE KEY `users_email_unique` (`email`), ADD KEY `users_role_id_foreign` (`role_id`);

--
-- AUTO_INCREMENT for dumped tables
--

--
-- AUTO_INCREMENT for table `acara`
--
ALTER TABLE `acara`
  MODIFY `id` int(10) unsigned NOT NULL AUTO_INCREMENT,AUTO_INCREMENT=20;
--
-- AUTO_INCREMENT for table `biodata`
--
ALTER TABLE `biodata`
  MODIFY `id` int(10) unsigned NOT NULL AUTO_INCREMENT,AUTO_INCREMENT=17;
--
-- AUTO_INCREMENT for table `items`
--
ALTER TABLE `items`
  MODIFY `id` int(10) unsigned NOT NULL AUTO_INCREMENT,AUTO_INCREMENT=22;
--
-- AUTO_INCREMENT for table `migrations`
--
ALTER TABLE `migrations`
  MODIFY `id` int(10) unsigned NOT NULL AUTO_INCREMENT,AUTO_INCREMENT=67;
--
-- AUTO_INCREMENT for table `notifications`
--
ALTER TABLE `notifications`
  MODIFY `id` int(10) unsigned NOT NULL AUTO_INCREMENT,AUTO_INCREMENT=16;
--
-- AUTO_INCREMENT for table `orders`
--
ALTER TABLE `orders`
  MODIFY `id` int(10) unsigned NOT NULL AUTO_INCREMENT,AUTO_INCREMENT=17;
--
-- AUTO_INCREMENT for table `roles`
--
ALTER TABLE `roles`
  MODIFY `id` int(10) unsigned NOT NULL AUTO_INCREMENT,AUTO_INCREMENT=4;
--
-- AUTO_INCREMENT for table `users`
--
ALTER TABLE `users`
  MODIFY `id` int(10) unsigned NOT NULL AUTO_INCREMENT,AUTO_INCREMENT=6;
--
-- Constraints for dumped tables
--

--
-- Constraints for table `acara`
--
ALTER TABLE `acara`
ADD CONSTRAINT `acara_order_id_foreign` FOREIGN KEY (`order_id`) REFERENCES `orders` (`id`) ON DELETE CASCADE ON UPDATE CASCADE;

--
-- Constraints for table `biodata`
--
ALTER TABLE `biodata`
ADD CONSTRAINT `biodata_order_id_foreign` FOREIGN KEY (`order_id`) REFERENCES `orders` (`id`) ON DELETE CASCADE ON UPDATE CASCADE;

--
-- Constraints for table `items`
--
ALTER TABLE `items`
ADD CONSTRAINT `items_order_id_foreign` FOREIGN KEY (`order_id`) REFERENCES `orders` (`id`) ON DELETE CASCADE ON UPDATE CASCADE;

--
-- Constraints for table `orders`
--
ALTER TABLE `orders`
ADD CONSTRAINT `orders_user_id_foreign` FOREIGN KEY (`user_id`) REFERENCES `users` (`id`) ON DELETE CASCADE ON UPDATE CASCADE;

--
-- Constraints for table `users`
--
ALTER TABLE `users`
ADD CONSTRAINT `users_role_id_foreign` FOREIGN KEY (`role_id`) REFERENCES `roles` (`id`) ON DELETE CASCADE ON UPDATE CASCADE;
--
-- Database: `yudi`
--

-- --------------------------------------------------------

--
-- Table structure for table `dosen_makalah`
--

CREATE TABLE IF NOT EXISTS `dosen_makalah` (
  `id_user` int(11) DEFAULT NULL,
  `id_makalah` int(11) DEFAULT NULL,
  `id_jenis_dosen` int(11) DEFAULT NULL
) ENGINE=InnoDB DEFAULT CHARSET=latin1;

--
-- Dumping data for table `dosen_makalah`
--

INSERT INTO `dosen_makalah` (`id_user`, `id_makalah`, `id_jenis_dosen`) VALUES
(7, 7, 1),
(5, 7, 2),
(5, 11, 1),
(4, 11, 2),
(12, 13, 1),
(7, 13, 2),
(5, 21, 1),
(7, 21, 2),
(4, 8, 1),
(17, 8, 2),
(17, 18, 1),
(7, 18, 2),
(19, 28, 1),
(26, 28, 2),
(26, 1, 1),
(21, 1, 2),
(5, 2, 1),
(12, 2, 2);

-- --------------------------------------------------------

--
-- Table structure for table `history_plagiat`
--

CREATE TABLE IF NOT EXISTS `history_plagiat` (
  `id_plagiat` int(11) NOT NULL,
  `id_makalah_uji` int(11) DEFAULT NULL,
  `id_makalah_ref` int(11) DEFAULT NULL,
  `form` varchar(500) DEFAULT NULL,
  `persentase` double DEFAULT NULL,
  `waktu` datetime NOT NULL
) ENGINE=InnoDB AUTO_INCREMENT=96 DEFAULT CHARSET=latin1;

--
-- Dumping data for table `history_plagiat`
--

INSERT INTO `history_plagiat` (`id_plagiat`, `id_makalah_uji`, `id_makalah_ref`, `form`, `persentase`, `waktu`) VALUES
(1, 9, 7, 'judul', 25, '2016-05-17 19:47:17'),
(2, 9, 7, 'abstrak', 50, '2016-05-17 19:47:17'),
(3, 9, 7, 'permasalahan', 75, '2016-05-17 19:47:17'),
(4, 15, 7, 'judul', 48, '2016-05-20 19:47:49'),
(5, 15, 8, 'judul', 89, '2016-05-20 19:47:49'),
(6, 15, 10, 'judul', 89, '2016-05-20 19:47:49'),
(7, 15, 11, 'judul', 94, '2016-05-20 19:47:49'),
(8, 15, 13, 'judul', 63, '2016-05-20 19:47:49'),
(9, 15, 7, 'judul', 47, '2016-05-23 19:48:10'),
(10, 15, 8, 'judul', 88, '2016-05-23 19:48:10'),
(11, 15, 10, 'judul', 88, '2016-05-23 19:48:10'),
(12, 15, 11, 'judul', 93, '2016-05-23 19:48:10'),
(13, 15, 13, 'judul', 62, '2016-05-23 19:48:10'),
(14, 16, 7, 'judul', 38, '2016-05-25 19:48:41'),
(15, 16, 7, 'abstrak', 77, '2016-05-25 19:48:41'),
(16, 16, 8, 'judul', 47, '2016-05-25 19:48:41'),
(17, 16, 8, 'abstrak', 77, '2016-05-25 19:48:41'),
(18, 16, 10, 'judul', 47, '2016-05-25 19:48:41'),
(19, 16, 10, 'abstrak', 74, '2016-05-25 19:48:41'),
(20, 16, 11, 'judul', 48, '2016-05-25 19:48:41'),
(21, 16, 11, 'abstrak', 77, '2016-05-25 19:48:41'),
(22, 16, 13, 'judul', 46, '2016-05-25 19:48:41'),
(23, 16, 13, 'abstrak', 59, '2016-05-25 19:48:41'),
(24, 17, 7, 'judul', 38, '2016-05-27 19:49:20'),
(25, 17, 7, 'abstrak', 77, '2016-05-27 19:49:20'),
(26, 17, 8, 'judul', 47, '2016-05-27 19:49:20'),
(27, 17, 8, 'abstrak', 77, '2016-05-27 19:49:20'),
(28, 17, 10, 'judul', 47, '2016-05-27 19:49:20'),
(29, 17, 10, 'abstrak', 74, '2016-05-27 19:49:20'),
(30, 17, 11, 'judul', 48, '2016-05-27 19:49:20'),
(31, 17, 11, 'abstrak', 77, '2016-05-27 19:49:20'),
(32, 17, 13, 'judul', 46, '2016-05-27 19:49:20'),
(33, 17, 13, 'abstrak', 59, '2016-05-27 19:49:20'),
(34, 20, 7, 'abstrak', 77, '2016-05-28 19:51:11'),
(35, 20, 8, 'abstrak', 77, '2016-05-28 19:51:11'),
(36, 20, 10, 'abstrak', 74, '2016-05-28 19:51:11'),
(37, 20, 11, 'abstrak', 77, '2016-05-28 19:51:11'),
(38, 20, 13, 'abstrak', 59, '2016-05-28 19:51:11'),
(39, 20, 18, 'judul', 93, '2016-05-28 19:51:11'),
(40, 20, 19, 'judul', 54, '2016-05-28 19:51:11'),
(41, 20, 7, 'abstrak', 77, '2016-05-28 20:51:11'),
(42, 20, 8, 'abstrak', 77, '2016-05-28 20:51:11'),
(43, 20, 10, 'abstrak', 74, '2016-05-28 20:51:11'),
(44, 20, 11, 'abstrak', 77, '2016-05-28 20:51:11'),
(45, 20, 13, 'abstrak', 59, '2016-05-28 20:51:11'),
(46, 20, 18, 'judul', 93, '2016-05-28 20:51:11'),
(47, 20, 19, 'judul', 54, '2016-05-28 20:51:11'),
(48, 20, 7, 'abstrak', 77, '2016-05-28 22:51:11'),
(49, 20, 8, 'abstrak', 77, '2016-05-28 22:51:11'),
(50, 20, 10, 'abstrak', 74, '2016-05-28 22:51:11'),
(51, 20, 11, 'abstrak', 77, '2016-05-28 22:51:11'),
(52, 20, 13, 'abstrak', 59, '2016-05-28 22:51:11'),
(53, 20, 18, 'judul', 93, '2016-05-28 22:51:11'),
(54, 20, 19, 'judul', 54, '2016-05-28 22:51:11'),
(55, 20, 18, 'judul', 95.698924731183, '2016-05-31 19:55:49'),
(56, 20, 19, 'judul', 50.406504065041, '2016-05-31 19:55:49'),
(57, 20, 18, 'judul', 95.698924731183, '2016-05-31 20:12:03'),
(58, 20, 19, 'judul', 50.406504065041, '2016-05-31 20:12:03'),
(59, 20, 18, 'judul', 95.7, '2016-05-31 20:14:15'),
(60, 20, 19, 'judul', 50.41, '2016-05-31 20:14:15'),
(61, 21, 18, 'judul', 83.72, '2016-05-31 22:27:48'),
(62, 21, 18, 'judul', 78.05, '2016-05-31 22:28:30'),
(63, 21, 18, 'judul', 57.58, '2016-05-31 22:29:11'),
(64, 21, 18, 'abstrak', 85.79, '2016-05-31 22:29:53'),
(65, 19, 18, 'judul', 56.49, '2016-05-31 22:37:41'),
(66, 8, 7, 'abstrak', 80, '0000-00-00 00:00:00'),
(67, 8, 10, 'judul', 57.14, '0000-00-00 00:00:00'),
(68, 8, 10, 'abstrak', 80, '0000-00-00 00:00:00'),
(69, 8, 11, 'judul', 57.14, '0000-00-00 00:00:00'),
(70, 8, 10, 'judul', 57.14, '0000-00-00 00:00:00'),
(71, 8, 11, 'judul', 57.14, '0000-00-00 00:00:00'),
(72, 8, 10, 'judul', 57.14, '2016-06-01 00:10:45'),
(73, 8, 11, 'judul', 57.14, '2016-06-01 00:10:45'),
(74, 22, 18, 'judul', 50, '2016-06-01 11:27:00'),
(75, 10, 7, 'abstrak', 80, '2016-06-01 16:54:26'),
(76, 10, 11, 'judul', 66.67, '2016-06-01 16:54:26'),
(77, 10, 13, 'abstrak', 47.06, '2016-06-01 16:54:26'),
(78, 10, 7, 'abstrak', 66.67, '2016-06-01 16:55:50'),
(79, 10, 13, 'abstrak', 42.11, '2016-06-01 16:55:50'),
(80, 23, 21, 'abstrak', 100, '2016-06-01 17:03:13'),
(81, 25, 18, 'judul', 88.76, '2016-06-01 18:51:33'),
(82, 26, 18, 'judul', 48.39, '2016-06-01 18:51:54'),
(83, 28, 21, 'judul', 88.48, '2016-06-03 05:48:56'),
(84, 28, 18, 'judul', 85.53, '2016-06-03 05:59:51'),
(85, 28, 18, 'judul', 67.07, '2016-06-03 06:01:53'),
(86, 28, 13, 'judul', 100, '2016-06-03 06:02:26'),
(87, 28, 18, 'judul', 67.07, '2016-06-03 06:02:41'),
(88, 28, 10, 'judul', 38.1, '2016-06-03 06:17:52'),
(89, 29, 27, 'abstrak', 94.12, '2016-06-05 16:37:25'),
(90, 31, 18, 'judul', 41.27, '2016-06-08 04:25:37'),
(91, 33, 32, 'judul', 100, '2016-07-14 22:03:03'),
(92, 33, 32, 'abstrak', 100, '2016-07-14 22:03:03'),
(93, 35, 34, 'judul', 100, '2016-07-14 22:04:13'),
(94, 35, 34, 'abstrak', 100, '2016-07-14 22:04:13'),
(95, 35, 34, 'abstrak', 100, '2016-07-14 22:06:01');

-- --------------------------------------------------------

--
-- Table structure for table `jenis_dosen`
--

CREATE TABLE IF NOT EXISTS `jenis_dosen` (
  `id_jenis_dosen` int(11) NOT NULL,
  `jenis_dosen` varchar(50) DEFAULT NULL
) ENGINE=InnoDB AUTO_INCREMENT=3 DEFAULT CHARSET=latin1;

--
-- Dumping data for table `jenis_dosen`
--

INSERT INTO `jenis_dosen` (`id_jenis_dosen`, `jenis_dosen`) VALUES
(1, 'utama'),
(2, 'pengembang');

-- --------------------------------------------------------

--
-- Table structure for table `katadasar`
--

CREATE TABLE IF NOT EXISTS `katadasar` (
  `kata` varchar(20) NOT NULL
) ENGINE=MyISAM DEFAULT CHARSET=utf8;

--
-- Dumping data for table `katadasar`
--

INSERT INTO `katadasar` (`kata`) VALUES
('aba'),
('aba-aba'),
('abad'),
('abadi'),
('abadiah'),
('abah'),
('abai'),
('abaimana'),
('abaka'),
('abaktinal'),
('abakus'),
('abal-abal'),
('aban'),
('abang'),
('abangan'),
('abangga'),
('abar'),
('abatoar'),
('abau'),
('abdas'),
('abdi'),
('abdikasi'),
('abdomen'),
('abdominal'),
('abdu'),
('abduksi'),
('abduktor'),
('abece'),
('aben'),
('aberasi'),
('abet'),
('abian'),
('abid'),
('abidin'),
('abiogenesis'),
('abiosfer'),
('abiotik'),
('abis'),
('abisal'),
('abiseka'),
('abiturien'),
('abjad'),
('abjadiah'),
('ablasi'),
('ablaut'),
('ablepsia'),
('abnormal'),
('abnormalitas'),
('abnus'),
('aboi'),
('abolisi'),
('abonemen'),
('aborsi'),
('abortif'),
('abortus'),
('abrak'),
('abrakadabra'),
('abrar'),
('abras'),
('abrasi'),
('abreaksi'),
('abrek'),
('abreviasi'),
('absah'),
('absen'),
('absensi'),
('absente'),
('absenteisme'),
('abses'),
('absis'),
('absolut'),
('absolutisme'),
('absorben'),
('absorpsi'),
('absorptif'),
('abstain'),
('abstinensi'),
('abstrak'),
('abstraksi'),
('absurd'),
('absurdisme'),
('abtar'),
('abu'),
('abu-abu'),
('abuan'),
('abuh'),
('abuk'),
('abuk-abuk'),
('abul'),
('abulhayat'),
('abulia'),
('abur'),
('abus'),
('acah'),
('acak'),
('acala'),
('acan'),
('acang'),
('acap'),
('acapkali'),
('acar'),
('acara'),
('acaram'),
('acat'),
('acau'),
('acawi'),
('aci'),
('aci-aci'),
('acik'),
('aco'),
('acu'),
('acuh'),
('acum'),
('acung'),
('ada'),
('adab'),
('adad'),
('adagio'),
('adagium'),
('adakala'),
('adakan'),
('adaks'),
('adalah'),
('adan'),
('adang'),
('adap'),
('adaptabilitas'),
('adaptasi'),
('adaptif'),
('adaptor'),
('adapun'),
('adar'),
('adas'),
('adat'),
('adati'),
('adegan'),
('adeh'),
('adekuat'),
('adem'),
('adempauze'),
('adendum'),
('adenoid'),
('adenoma'),
('adhesi'),
('adhesif'),
('adiabatik'),
('adib'),
('adibintang'),
('adiboga'),
('adibusana'),
('adidaya'),
('adigang'),
('adiguna'),
('adigung'),
('adik'),
('adika'),
('adikara'),
('adikarya'),
('adikodrati'),
('adiksi'),
('adiktif'),
('adikuasa'),
('adil'),
('adiluhung'),
('adimarga'),
('adinda'),
('adipati'),
('adipenghantar'),
('adiposa'),
('adipositas'),
('adipura'),
('adiraja'),
('adiratna'),
('adisi'),
('adisional'),
('aditif'),
('aditokoh'),
('adiwangsa'),
('adiwarna'),
('adjektif'),
('adjektiva'),
('adjektival'),
('adjuvan'),
('adlibitum'),
('administrasi'),
('administratif'),
('administrator'),
('admiral'),
('admitans'),
('adnan'),
('adolesens'),
('adon'),
('adopsi'),
('adoptif'),
('adpertensi'),
('adrenal'),
('adrenalin'),
('adrenergik'),
('adres'),
('adsorben'),
('adsorpsi'),
('adstringen'),
('adu'),
('adudomba'),
('aduhai'),
('aduk'),
('aduksi'),
('aduktor'),
('adun'),
('aduuntung'),
('adveksi'),
('adventisia'),
('adventisius'),
('adverbia'),
('adverbial'),
('advertensi'),
('advis'),
('advokasi'),
('advokat'),
('aerasi'),
('aerator'),
('aerob'),
('aerobatik'),
('aerobik'),
('aerobika'),
('aerodinamik'),
('aerodinamika'),
('aerofon'),
('aerogram'),
('aerolit'),
('aerometer'),
('aeromovel'),
('aeronautika'),
('aeroplankton'),
('aeroskop'),
('aerosol'),
('aerostatika'),
('aestetika'),
('afair'),
('afal'),
('afasia'),
('afdal'),
('afdeling'),
('afdruk'),
('afek'),
('afeksi'),
('afektif'),
('aferesis'),
('afiat'),
('afidavit'),
('afiks'),
('afiksasi'),
('afiliasi'),
('afinitas'),
('afirmasi'),
('afirmatif'),
('afonia'),
('aforisme'),
('afotik'),
('afrasia'),
('afrikat'),
('afrodisiak'),
('afsun'),
('agak'),
('agal'),
('agalaksia'),
('agam'),
('agama'),
('agamais'),
('agamawi'),
('agamen'),
('agamet'),
('agami'),
('agamogenesis'),
('agar'),
('agas'),
('agen'),
('agenda'),
('agentif'),
('agih'),
('agil'),
('agio'),
('agiria'),
('agitasi'),
('agitatif'),
('agitator'),
('aglikon'),
('aglomerasi'),
('aglomerat'),
('aglutinasi'),
('aglutinat'),
('aglutinatif'),
('aglutinin'),
('agnosia'),
('agnostik'),
('agnostisisme'),
('agogo'),
('agon'),
('agonia'),
('agonis'),
('agonistik'),
('agorafobia'),
('agradasi'),
('agrafia'),
('agraria'),
('agraris'),
('agregasi'),
('agregat'),
('agregatif'),
('agresi'),
('agresif'),
('agresivitas'),
('agresor'),
('agripnia'),
('agrobisnis'),
('agroekonomi'),
('agroekosistem'),
('agroindustri'),
('agrokimia'),
('agronom'),
('agronomi'),
('agrostologi'),
('agrowisata'),
('aguk'),
('agul'),
('agun'),
('agung'),
('agus'),
('Agustus'),
('agut'),
('Ahad'),
('ahimsa'),
('ahistoris'),
('ahkam'),
('ahli'),
('ahlusuluk'),
('ahmak'),
('aho'),
('ahwal'),
('aib'),
('ain'),
('air'),
('aja'),
('ajaib'),
('ajak'),
('ajal'),
('ajang'),
('ajar'),
('ajar-ajar'),
('ajek'),
('ajektiva'),
('aji'),
('aji-aji'),
('ajir'),
('ajnabi'),
('ajojing'),
('aju'),
('ajudan'),
('ajuk'),
('ajun'),
('ajung'),
('akad'),
('akademi'),
('akademik'),
('akademikus'),
('akademis'),
('akademisi'),
('akal'),
('akan'),
('akang'),
('akapela'),
('akar'),
('akas'),
('akasia'),
('akbar'),
('akene'),
('akeo'),
('akh'),
('akhir'),
('akhirat'),
('akhirulkalam'),
('akhlak'),
('aki'),
('akibat'),
('akidah'),
('akikah'),
('akil'),
('aklamasi'),
('aklasia'),
('akli'),
('aklimasi'),
('aklimatisasi'),
('akmal'),
('akolade'),
('akomodasi'),
('akomodatif'),
('akor'),
('akordeon'),
('akrab'),
('akreditasi'),
('akriflavina'),
('akrilat'),
('akrilik'),
('akrobat'),
('akrobatik'),
('akrofobia'),
('akromegali'),
('akrometer'),
('akromion'),
('akronim'),
('aksa'),
('aksara'),
('aksarawan'),
('aksarawati'),
('akseleran'),
('akselerasi'),
('akselerator'),
('akselerometer'),
('aksen'),
('aksentologi'),
('aksentuasi'),
('aksep'),
('akseptabel'),
('akseptabilitas'),
('akseptasi'),
('akseptor'),
('akses'),
('aksesibilitas'),
('aksesori'),
('aksi'),
('aksidental'),
('aksila'),
('aksiologi'),
('aksioma'),
('aksiomatis'),
('aksis'),
('akson'),
('aksostil'),
('akta'),
('aktif'),
('aktinida'),
('aktinik'),
('aktinium'),
('aktinolit'),
('aktinometer'),
('aktiva'),
('aktivis'),
('aktivisme'),
('aktivitas'),
('aktor'),
('aktris'),
('aktual'),
('aktualisasi'),
('aktuaria'),
('aktuaris'),
('aku'),
('akua'),
('akuades'),
('akuaduk'),
('akuakultur'),
('akualung'),
('akuamarin'),
('akuarel'),
('akuarium'),
('Akuarius'),
('akuatik'),
('akuifer'),
('akuisisi'),
('akuk'),
('akulturasi'),
('akumulasi'),
('akumulatif'),
('akumulator'),
('akun'),
('akuntabel'),
('akuntabilitas'),
('akuntan'),
('akuntansi'),
('akupunktur'),
('akur'),
('akurasi'),
('akurat'),
('akusatif'),
('akustik'),
('akustika'),
('akut'),
('akwal'),
('ala'),
('alaf'),
('alah'),
('alam'),
('alamak'),
('alamas'),
('alamat'),
('alamatulhayat'),
('alami'),
('alamiah'),
('alang'),
('alang-alang'),
('alangkah'),
('alantois'),
('alap'),
('alap-alap'),
('alarm'),
('alas'),
('alat'),
('alau'),
('alawar'),
('albas'),
('albatros'),
('albedo'),
('albedometer'),
('albinisme'),
('albino'),
('albit'),
('albuginea'),
('album'),
('albumen'),
('albumin'),
('albuminometer'),
('albuminuria'),
('aldehida'),
('alegori'),
('alegoris'),
('aleksia'),
('alel'),
('alem'),
('alergen'),
('alergi'),
('alfa'),
('alfabet'),
('alfabetis'),
('alfanumerik'),
('alga'),
('algojo'),
('algologi'),
('algoritme'),
('alhamdulillah'),
('alhasil'),
('ali'),
('ali-ali'),
('aliansi'),
('alias'),
('aliase'),
('alibi'),
('alienasi'),
('alifatik'),
('alih'),
('alihaksara'),
('alihfungsi'),
('alihragam'),
('alik'),
('alikuot'),
('alim'),
('alimentasi'),
('alimenter'),
('alinea'),
('aling'),
('alir'),
('alis'),
('alisiklik'),
('alit'),
('aliterasi'),
('alizarin'),
('aljabar'),
('alkali'),
('alkalinitas'),
('alkalis'),
('alkaloid'),
('alkalometri'),
('alkana'),
('alkausar'),
('alkena'),
('alkil'),
('alkimia'),
('alkisah'),
('Alkitab'),
('alkohol'),
('alkoholisme'),
('alku'),
('alkuna'),
('almamater'),
('almanak'),
('almandin'),
('almandit'),
('almarhum'),
('almarhumah'),
('alobar'),
('alofon'),
('alograf'),
('aloi'),
('alokasi'),
('alomerisme'),
('alomorf'),
('alonim'),
('alopesia'),
('alot'),
('alotropi'),
('alpa'),
('alpaka'),
('alperes'),
('Alquran'),
('altar'),
('alterego'),
('alternasi'),
('alternatif'),
('alternator'),
('altimeter'),
('alto'),
('altokumulus'),
('altostratus'),
('altruis'),
('altruisme'),
('altruistis'),
('alu'),
('alu-alu'),
('alum'),
('alumina'),
('aluminium'),
('alumni'),
('alumnus'),
('alun'),
('alun-alun'),
('alung'),
('alup'),
('alur'),
('alusi'),
('aluvial'),
('aluvium'),
('alveolar'),
('alveolum'),
('alveolus'),
('alwah'),
('ama'),
('amah'),
('amal'),
('amalgam'),
('amalgamasi'),
('amalgamator'),
('aman'),
('amanah'),
('amanat'),
('amandel'),
('amandemen'),
('amang'),
('amanitin'),
('amar'),
('amat'),
('amatir'),
('amatirisme'),
('ambah'),
('ambak'),
('ambal'),
('ambalela'),
('ambang'),
('ambar'),
('ambasador'),
('ambek'),
('ambekparamaarta'),
('ambergris'),
('ambet'),
('ambigu'),
('ambiguitas'),
('ambil'),
('ambilalih'),
('ambilingual'),
('ambin'),
('ambing'),
('ambisi'),
('ambisius'),
('ambivalen'),
('ambivalensi'),
('amblas'),
('ambles'),
('amboi'),
('ambring'),
('ambrol'),
('ambruk'),
('ambulans'),
('ambulatori'),
('ambur'),
('amburadul'),
('ameba'),
('amebiasis'),
('ameboid'),
('amebosit'),
('ameliorasi'),
('amelioratif'),
('amendemen'),
('amenorea'),
('amensalisme'),
('amerisium'),
('amerospora'),
('amerta'),
('ametabola'),
('ametis'),
('amfetamin'),
('amfiartrosis'),
('amfibi'),
('amfibol'),
('amfibolisme'),
('amfiteater'),
('amfoterik'),
('ami'),
('amigdalin'),
('amikal'),
('amil'),
('amilase'),
('amilopektin'),
('amin'),
('amina'),
('aminisasi'),
('amino'),
('amir'),
('amirulbahar'),
('amirulmukminin'),
('amis'),
('amit'),
('amko'),
('ammeter'),
('amnesia'),
('amnesti'),
('amnion'),
('amniotik'),
('amoi'),
('amonia'),
('amonifikasi'),
('amonium'),
('amor'),
('amoral'),
('amorf'),
('amortisasi'),
('ampai'),
('ampang'),
('ampas'),
('ampat'),
('ampe'),
('ampean'),
('ampek'),
('ampel'),
('ampela'),
('ampelas'),
('ampere'),
('amperemeter'),
('amperometri'),
('ampisilin'),
('amplas'),
('amplifikasi'),
('amplitudo'),
('amplop'),
('ampo'),
('amprok'),
('amprung'),
('ampu'),
('ampuh'),
('ampuk'),
('ampul'),
('ampula'),
('ampun'),
('amput'),
('amputasi'),
('amril'),
('amsal'),
('amtenar'),
('amuba'),
('amuk'),
('amulet'),
('amung'),
('amunisi'),
('ana'),
('anabasis'),
('anabiosis'),
('anabolisme'),
('anadrom'),
('anaerob'),
('anaerobik'),
('anafilaksis'),
('anafora'),
('anaforis'),
('anaglif'),
('anai-anai'),
('anak'),
('anakemas'),
('anakoluton'),
('anakronisme'),
('anaksungai'),
('anaktiri'),
('anal'),
('analekta'),
('analeptik'),
('analgesik'),
('analis'),
('analisis'),
('analitis'),
('analog'),
('analogi'),
('analsit'),
('anamel'),
('anamnesis'),
('anamorfosis'),
('ananda'),
('anang'),
('anapes'),
('anarki'),
('anarkis'),
('anarkisme'),
('anarkistis'),
('anasir'),
('anastomosis'),
('anatase'),
('anatomi'),
('anatomis'),
('anca'),
('ancam'),
('ancang'),
('ancol'),
('Anda'),
('andai'),
('andal'),
('andalusit'),
('andam'),
('andan'),
('andang'),
('andapita'),
('andesit'),
('andewi'),
('andika'),
('andiko'),
('andil'),
('andilau'),
('andong'),
('andragogi'),
('andrawina'),
('androgen'),
('androgini'),
('andrologi'),
('anduh'),
('aneh'),
('aneka'),
('anekaragam'),
('anekdot'),
('aneksasi'),
('anemia'),
('anemofili'),
('anemograf'),
('anemogram'),
('anemometer'),
('aneroid'),
('anestesi'),
('anestesia'),
('aneuploid'),
('aneurisme'),
('angan'),
('angel'),
('angga'),
('anggap'),
('anggar'),
('anggara'),
('anggit'),
('anggota'),
('anggrek'),
('anggrekwan'),
('angguk'),
('anggul'),
('anggun'),
('anggur'),
('anggut'),
('angin'),
('angina'),
('angiogenesis'),
('angiologi'),
('angiosperma'),
('angit'),
('angka'),
('angkak'),
('angkara'),
('angkasa'),
('angkat'),
('angkel'),
('angker'),
('angket'),
('angklung'),
('angkuh'),
('angkuk'),
('angkup'),
('angkur'),
('angkusa'),
('angkut'),
('angkut-angkut'),
('angler'),
('anglo'),
('angot'),
('angpau'),
('angsa'),
('angsana'),
('angsoka'),
('angsur'),
('anhidrosis'),
('ani'),
('ani-ani'),
('aniaya'),
('anil'),
('anilina'),
('animasi'),
('animis'),
('animisme'),
('animo'),
('anion'),
('aniridia'),
('anis'),
('anisogamet'),
('anisogami'),
('anisokoria'),
('anja'),
('anjak'),
('anjal'),
('anjang'),
('anjangsana'),
('anjing'),
('anjlok'),
('anjung'),
('ankilosis'),
('anoa'),
('anode'),
('anofeles'),
('anoksemia'),
('anoksik'),
('anom'),
('anomali'),
('anomi'),
('anonim'),
('anonimitas'),
('anoreksia'),
('anorganik'),
('anosmia'),
('anotasi'),
('ansa'),
('ansambel'),
('ansar'),
('anta'),
('antagonis'),
('antagonisme'),
('antagonistis'),
('antah'),
('antamir'),
('antan'),
('antap'),
('antar'),
('antara'),
('antarbangsa'),
('antarbenua'),
('antardaerah'),
('antari'),
('antariksa'),
('antariksawan'),
('antariksawati'),
('antarkelompok'),
('antarlingkungan'),
('antarmaster'),
('antarmolekul'),
('antarmuka'),
('antarnegara'),
('antarplanet'),
('antarpribadi'),
('antarpulau'),
('antarras'),
('antarruang'),
('antarsel'),
('antarsuku'),
('antartika'),
('antarwilayah'),
('antasid'),
('antasida'),
('antawacana'),
('antediluvium'),
('antefiks'),
('antek'),
('anteken'),
('antelas'),
('anteliks'),
('antelmintik'),
('antelop'),
('antem'),
('antemeridiem'),
('antena'),
('antenatal'),
('anteng'),
('antenul'),
('antep'),
('antera'),
('anteridium'),
('anterior'),
('antero'),
('anteseden'),
('anti'),
('antianemia'),
('antiartritik'),
('antibarion'),
('antibeku'),
('antibiosis'),
('antibiotik'),
('antibodi'),
('antidepresan'),
('antidioksida'),
('antidiuretik'),
('antidot'),
('antienzim'),
('antiflogistik'),
('antigen'),
('antigravitasi'),
('antih'),
('antihistamin'),
('antijasad'),
('antik'),
('antikarat'),
('antikatalis'),
('antiklimaks'),
('antiklin'),
('antiklinal'),
('antiklor'),
('antikonsepsi'),
('antikristus'),
('antikuari'),
('antikuariat'),
('antimateri'),
('antimonium'),
('antimuntah'),
('anting'),
('antinomi'),
('antinovel'),
('antipartikel'),
('antipati'),
('antipenawar'),
('antipiretik'),
('antipode'),
('antiproton'),
('antipruritik'),
('antisemitisme'),
('antisepsis'),
('antiseptik'),
('antisiklogenesis'),
('antisiklon'),
('antisiklonal'),
('antisiklonis'),
('antisimpul'),
('antisipasi'),
('antisipatif'),
('antitank'),
('antitesis'),
('antitoksin'),
('antitragus'),
('antiwirawan'),
('antizarah'),
('antoi'),
('antologi'),
('antonim'),
('antonimi'),
('antop'),
('antosian'),
('antraknosa'),
('antraks'),
('antrasena'),
('antrasian'),
('antrasit'),
('antre'),
('antri'),
('antromorfis'),
('antropobiologi'),
('antropoda'),
('antropofagi'),
('antropogeografi'),
('antropoid'),
('antropolog'),
('antropologi'),
('antropometer'),
('antropomorfisme'),
('antroponimi'),
('antroposentris'),
('antroposentrisme'),
('antroposofi'),
('antuk'),
('antul'),
('antun'),
('anturium'),
('antusias'),
('antusiasme'),
('anu'),
('anual'),
('anugerah'),
('anuitas'),
('anulir'),
('anulus'),
('anumerta'),
('anunasika'),
('anuresis'),
('anuria'),
('anus'),
('anuswara'),
('anut'),
('anyam'),
('anyang'),
('anyar'),
('anyelir'),
('anyir'),
('aorta'),
('apa'),
('apabila'),
('apak'),
('apakah'),
('apakala'),
('apalagi'),
('apam'),
('apanase'),
('apar'),
('aparat'),
('aparatur'),
('aparatus'),
('apartemen'),
('apartemenisasi'),
('apartheid'),
('apartotel'),
('apas'),
('apatah'),
('apati'),
('apatis'),
('apatride'),
('ape'),
('apek'),
('apel'),
('apelativa'),
('apendektomi'),
('apendiks'),
('apendisitis'),
('apepsi'),
('apersepsi'),
('apes'),
('aphelion'),
('apheliotropisme'),
('api'),
('apik'),
('apikal'),
('apikultur'),
('apilan'),
('apion'),
('apit'),
('apium'),
('apkir'),
('aplasi'),
('aplaus'),
('aplikasi'),
('aplikatif'),
('aplus'),
('apnea'),
('apodal'),
('apoenzim'),
('apogami'),
('apoge'),
('apograf'),
('apok'),
('apokalips'),
('apokaliptik'),
('apokope'),
('apokrifa'),
('apokrin'),
('apokromatik'),
('apolitis'),
('apologetika'),
('apologetis'),
('apologi'),
('apologia'),
('apomiksis'),
('apomorfin'),
('apopleksi'),
('aposematik'),
('aposiopesis'),
('aposisi'),
('aposisional'),
('apositif'),
('apostasi'),
('apostel'),
('aposteriori'),
('apostolik'),
('apostrof'),
('apotek'),
('apoteker'),
('apotik'),
('apraksi'),
('apraksia'),
('apresiasi'),
('apresiatif'),
('apresorium'),
('April'),
('apriori'),
('aprit'),
('apron'),
('apsara'),
('aptasi'),
('apu'),
('apuh'),
('apung'),
('apuran'),
('ara'),
('Arab'),
('arababu'),
('arabes'),
('arabika'),
('aragonit'),
('arah'),
('arai'),
('arak'),
('araknitis'),
('araknoid'),
('aral'),
('aram'),
('aramba'),
('arang'),
('aransemen'),
('ararut'),
('arasy'),
('arau'),
('arbab'),
('arbei'),
('arbiter'),
('arbitrase'),
('arbitrer'),
('arboreal'),
('arboretum'),
('arborikultur'),
('arca'),
('arcas'),
('ardi'),
('are'),
('area'),
('areal'),
('arek'),
('aren'),
('arena'),
('areografi'),
('areola'),
('areometer'),
('arerut'),
('ares'),
('arestasi'),
('areta'),
('argari'),
('argentit'),
('argentum'),
('argirodit'),
('argol'),
('argometer'),
('argon'),
('argot'),
('argumen'),
('argumentasi'),
('argumentatif'),
('ari'),
('Aries'),
('arif'),
('arifin'),
('arih'),
('arik'),
('aril'),
('arip'),
('aris'),
('arisan'),
('aristokrasi'),
('aristokrat'),
('aristokratis'),
('aristotipe'),
('arit'),
('aritenoid'),
('aritmetika'),
('arja'),
('arkade'),
('arkais'),
('arkaisme'),
('arkati'),
('arkegonium'),
('arkeolog'),
('arkeologi'),
('arkeologis'),
('arkeozoikum'),
('arketipe'),
('arkian'),
('arkifonem'),
('arkileksem'),
('arkitraf'),
('arktika'),
('arku'),
('arloji'),
('armada'),
('arnal'),
('arogan'),
('arogansi'),
('aroma'),
('aromatik'),
('arombai'),
('aron'),
('arpus'),
('arsenal'),
('arsenik'),
('arsenikum'),
('arsip'),
('arsipelago'),
('arsir'),
('arsis'),
('arsitek'),
('arsitektur'),
('arta'),
('artefak'),
('arteri'),
('arteriografi'),
('arteriola'),
('arteriosklerosis'),
('artesis'),
('artetis'),
('arti'),
('articok'),
('artifisial'),
('artikel'),
('artikulasi'),
('artikulator'),
('artileri'),
('artiodaktil'),
('artis'),
('artisan'),
('artistik'),
('artisyok'),
('artona'),
('artotek'),
('artrobrankium'),
('artropoda'),
('aru'),
('aruan'),
('aruda'),
('aruk'),
('arumba'),
('arun'),
('arung'),
('arus'),
('arwah'),
('arwana'),
('arya'),
('aryaduta'),
('arzak'),
('asa'),
('asabat'),
('asabiah'),
('asad'),
('asah'),
('asai'),
('asak'),
('asal'),
('asali'),
('asam'),
('asan'),
('asana'),
('asap'),
('asar'),
('asas'),
('asasi'),
('asbak'),
('asbes'),
('asbut'),
('ase'),
('aseksual'),
('asepsis'),
('aseptik'),
('aseran'),
('asese'),
('aset'),
('asetabulum'),
('asetat'),
('asetilena'),
('asetimeter'),
('aseton'),
('asfal'),
('asfar'),
('asfiksia'),
('asi'),
('asibilan'),
('asibilasi'),
('asid'),
('asidimeter'),
('asidosis'),
('asih'),
('asiklik'),
('asil'),
('asilabis'),
('asimetris'),
('asimilasi'),
('asimilatif'),
('asimtot'),
('asimus'),
('asin'),
('asindeton'),
('asing'),
('asinyor'),
('asiri'),
('asisten'),
('asistensi'),
('askar'),
('askariasis'),
('askarid'),
('askese'),
('asket'),
('asketisisme'),
('askon'),
('askriptif'),
('asli'),
('asma'),
('asmara'),
('asmaradanta'),
('asmaragama'),
('asmaraloka'),
('asmarandana'),
('asnad'),
('aso'),
('asoi'),
('asonansi'),
('asong'),
('asortimen'),
('asosial'),
('asosiasi'),
('asosiatif'),
('aspal'),
('asparaga'),
('asparagus'),
('aspartame'),
('aspek'),
('asperses'),
('aspiran'),
('aspirasi'),
('aspirasional'),
('aspirat'),
('aspiratif'),
('aspirator'),
('aspirin'),
('asprak'),
('asrama'),
('asrar'),
('asri'),
('assalamualaikum'),
('astadikpala'),
('astaga'),
('astagfirullah'),
('astaka'),
('astakona'),
('astasia'),
('astatik'),
('astatin'),
('astenia'),
('astenik'),
('astenopia'),
('asteositoma'),
('aster'),
('asteroid'),
('astigmatis'),
('astral'),
('astringen'),
('astrofisika'),
('astrolab'),
('astrolog'),
('astrologi'),
('astronaut'),
('astronautika'),
('astronom'),
('astronomi'),
('astronomis'),
('astrosit'),
('asu'),
('asuh'),
('asumsi'),
('asumtif'),
('asung'),
('asurador'),
('asuransi'),
('asusila'),
('aswa'),
('aswad'),
('aswasada'),
('Asyera'),
('asyik'),
('Asytoret'),
('Asyura'),
('atak'),
('ataksia'),
('atap'),
('atar'),
('atas'),
('atase'),
('atasnama'),
('atau'),
('atavisme'),
('ateis'),
('ateisme'),
('ateistis'),
('atelir'),
('atensi'),
('atenuasi'),
('ateret'),
('ati'),
('atlas'),
('atlet'),
('atletik'),
('atma'),
('atman'),
('atmolisis'),
('atmologi'),
('atmometer'),
('atmosfer'),
('atmosferis'),
('atok'),
('atol'),
('atom'),
('atomisasi'),
('atomistis'),
('atowa'),
('atraksi'),
('atraktan'),
('atraktif'),
('atresia'),
('atribut'),
('atributif'),
('atrisi'),
('atrium'),
('atrofi'),
('atropin'),
('atung'),
('atur'),
('atus'),
('aubade'),
('audiensi'),
('audio'),
('audiofil'),
('audiofon'),
('audiograf'),
('audiogram'),
('audiolingual'),
('audiologi'),
('audiometer'),
('audiovisual'),
('audit'),
('auditor'),
('auditorium'),
('augmentatif'),
('auk'),
('auksanometer'),
('auksi'),
('auksin'),
('aula'),
('aulia'),
('aum'),
('aung'),
('aur'),
('aura'),
('aural'),
('aurat'),
('aurikularia'),
('aurora'),
('aurum'),
('aus'),
('auskultasi'),
('autad'),
('autarki'),
('autarkis'),
('autentik'),
('autentikasi'),
('autentisitas'),
('autisme'),
('autistik'),
('auto'),
('autobiograf'),
('autobiografi'),
('autodidak'),
('autodidaktik'),
('autodin'),
('autogami'),
('autogen'),
('autograf'),
('autografi'),
('autogram'),
('autoklaf'),
('autoklastik'),
('autokrasi'),
('autokrat'),
('autokton'),
('autolisis'),
('autolitograf'),
('automaton'),
('automobil'),
('automotif'),
('autopsi'),
('autosom'),
('autotoksin'),
('autotrof'),
('autotrofik'),
('avalans'),
('aven'),
('aversi'),
('avertebrata'),
('Avesta'),
('avgas'),
('aviari'),
('aviasi'),
('aviator'),
('avifauna'),
('avikultur'),
('avirulen'),
('avitaminosis'),
('avokad'),
('avontur'),
('avonturir'),
('avtur'),
('avunkulokal'),
('awa'),
('awaair'),
('awaarang'),
('awabau'),
('awabeku'),
('awabulu'),
('awabusa'),
('awadara'),
('awah'),
('awahama'),
('awai'),
('awak'),
('awal'),
('awalengas'),
('awam'),
('awamineral'),
('awan'),
('awanama'),
('awang'),
('awar'),
('awaracun'),
('awas'),
('awat'),
('awawarna'),
('awet'),
('awin'),
('awur'),
('awut'),
('ayah'),
('ayahanda'),
('ayak'),
('ayal'),
('ayam'),
('ayan'),
('ayanda'),
('ayap'),
('ayar'),
('ayat'),
('ayatullah'),
('ayem'),
('ayeng'),
('ayit'),
('ayo'),
('ayom'),
('ayu'),
('ayum'),
('ayun'),
('ayunda'),
('ayut'),
('azab'),
('azal'),
('azali'),
('azam'),
('azan'),
('azeotrop'),
('azimat'),
('azimut'),
('aziz'),
('azmat'),
('azoikum'),
('azospermi'),
('azurit'),
('bab'),
('baba'),
('babad'),
('babak'),
('babakan'),
('babal'),
('baban'),
('babang'),
('babas'),
('babat'),
('babatan'),
('babe'),
('babesiasis'),
('Babet'),
('babi'),
('babil'),
('babit'),
('bablas'),
('babon'),
('babu'),
('babun'),
('babur'),
('babut'),
('baca'),
('bacah'),
('bacak'),
('bacang'),
('bacar'),
('bacek'),
('bacem'),
('bacik'),
('bacin'),
('baco'),
('bacok'),
('bacot'),
('bacul'),
('bacut'),
('bad'),
('badai'),
('badak'),
('badal'),
('badam'),
('badan'),
('badang'),
('badani'),
('badar'),
('badari'),
('badasi'),
('badau'),
('bade'),
('badi'),
('badik'),
('badminton'),
('badong'),
('Badui'),
('baduk'),
('badung'),
('badur'),
('badut'),
('baduyut'),
('bafta'),
('bagai'),
('bagaimana'),
('bagak'),
('bagal'),
('bagan'),
('bagang'),
('bagar'),
('bagas'),
('bagasi'),
('bagat'),
('bagau'),
('bagea'),
('bagi'),
('baginda'),
('bagong'),
('bagor'),
('baguk'),
('bagul'),
('bagur'),
('bagus'),
('bah'),
('bahadur'),
('bahaduri'),
('bahagia'),
('bahak'),
('bahala'),
('bahalan'),
('baham'),
('bahan'),
('bahana'),
('bahang'),
('bahar'),
('bahara'),
('bahari'),
('bahariwan'),
('baharu'),
('bahas'),
('bahasa'),
('bahasawan'),
('bahaya'),
('bahenol'),
('baheula'),
('bahimiah'),
('bahkan'),
('bahrulhayat'),
('bahtera'),
('bahu'),
('bahuku'),
('bahwa'),
('bahwasanya'),
('baiat'),
('baid'),
('baiduri'),
('baik'),
('bain'),
('bainah'),
('bais'),
('bait'),
('Baitulharam'),
('Baitullah'),
('Baitulmakdis'),
('Baitulmakmur'),
('baitulmal'),
('Baitulmukadas'),
('baja'),
('bajaj'),
('bajak'),
('bajan'),
('bajang'),
('bajar'),
('bajau'),
('bajetah'),
('baji'),
('bajigur'),
('bajik'),
('bajing'),
('baju'),
('bajul'),
('bak'),
('baka'),
('bakak'),
('bakal'),
('bakalaureat'),
('bakam'),
('bakap'),
('bakar'),
('bakarat'),
('bakaslewu'),
('bakat'),
('bakau'),
('bakda'),
('bakdahu'),
('bakdu'),
('bakdul'),
('bakelit'),
('bakero'),
('bakh'),
('bakhil'),
('baki'),
('bakiak'),
('bakik'),
('bakir'),
('bakmi'),
('bako'),
('bakpao'),
('bakpia'),
('baksi'),
('baksis'),
('bakso'),
('baktau'),
('bakteremia'),
('bakteri'),
('bakterin'),
('bakteriofag'),
('bakteriolisis'),
('bakteriolog'),
('bakteriologi'),
('bakteriostatik'),
('bakterisida'),
('bakti'),
('baku'),
('bakul'),
('bakung'),
('bakup'),
('bakut'),
('bakwan'),
('bal'),
('bala'),
('balabad'),
('balad'),
('balada'),
('balah'),
('balai'),
('balairung'),
('balak'),
('balalaika'),
('balam'),
('balan'),
('balang'),
('balangkep'),
('balans'),
('balap'),
('balar'),
('balas'),
('balasdendam'),
('balau'),
('balela'),
('balen'),
('balerina'),
('balerong'),
('balet'),
('balgam'),
('balian'),
('balig'),
('baliho'),
('balik'),
('baling'),
('balistik'),
('balistika'),
('baliu'),
('balkas'),
('balkon'),
('balneologi'),
('balneoterapi'),
('balok'),
('balon'),
('balong'),
('balot'),
('balsam'),
('balseros'),
('balu'),
('baluarti'),
('baluh'),
('balui'),
('baluk'),
('balun'),
('balung'),
('balur'),
('balut'),
('bam'),
('bambam'),
('bambang'),
('bambu'),
('bambung'),
('ban'),
('bana'),
('banal'),
('banang'),
('banar'),
('banat'),
('bancak'),
('bancang'),
('bancar'),
('bancet'),
('banci'),
('bancik'),
('bancuh'),
('bancut'),
('banda'),
('bandan'),
('bandang'),
('bandar'),
('bandara'),
('bandarsah'),
('bandasrayan'),
('bandea'),
('bandel'),
('bandela'),
('bandeng'),
('bandering'),
('banderol'),
('banding'),
('bandit'),
('banditisme'),
('bando'),
('bandongan'),
('bandos'),
('bandot'),
('bandrek'),
('bandu'),
('bandul'),
('bandung'),
('bandusa'),
('bandut'),
('bang'),
('bangai'),
('bangan'),
('bangang'),
('bangar'),
('bangas'),
('bangat'),
('bangau'),
('bangbung'),
('banget'),
('bangga'),
('banggan'),
('bangir'),
('bangkah'),
('bangkai'),
('bangkal'),
('bangkang'),
('bangkar'),
('bangkas'),
('bangkasan'),
('bangkeh'),
('bangket'),
('bangking'),
('bangkir'),
('bangkis'),
('bangkit'),
('bangkong'),
('bangkot'),
('bangkrut'),
('bangku'),
('bangkut'),
('banglas'),
('bangle'),
('banglo'),
('bangor'),
('bangotolak'),
('bangpak'),
('bangsa'),
('bangsai'),
('bangsal'),
('bangsat'),
('bangsawan'),
('bangsi'),
('bangun'),
('bangus'),
('bani'),
('banian'),
('baning'),
('banir'),
('banjang'),
('banjar'),
('banji'),
('banjir'),
('banjur'),
('bank'),
('bankir'),
('bantah'),
('bantai'),
('bantal'),
('bantam'),
('bantar'),
('bantaran'),
('bantat'),
('bantau'),
('banteng'),
('banter'),
('banting'),
('bantu'),
('bantun'),
('bantut'),
('banua'),
('banyak'),
('banyo'),
('banyol'),
('banyu'),
('banyun'),
('banzai'),
('bao'),
('bap'),
('bapa'),
('bapak'),
('bapakisme'),
('bapanda'),
('bapang'),
('bapet'),
('baplang'),
('baptis'),
('bar'),
('bara'),
('baraat'),
('barah'),
('barai'),
('barak'),
('barakat'),
('barakatuh'),
('baran'),
('barang'),
('barangkali'),
('barap'),
('barat'),
('barbar'),
('barbarisme'),
('barbel'),
('barber'),
('barbital'),
('barbiton'),
('barbiturat'),
('barbur'),
('bardi'),
('barel'),
('bareng'),
('barep'),
('baret'),
('barga'),
('bari'),
('barid'),
('barier'),
('barik'),
('barikade'),
('baring'),
('baringan'),
('barion'),
('baris'),
('barisfer'),
('barit'),
('barita'),
('bariton'),
('barium'),
('barjad'),
('barkas'),
('barkometer'),
('barli'),
('barograf'),
('barogram'),
('barok'),
('barologi'),
('barometer'),
('barometri'),
('baron'),
('barongsai'),
('baroskop'),
('barotermograf'),
('barso'),
('barter'),
('baru'),
('barua'),
('baruh'),
('baruje'),
('Baruna'),
('barunawati'),
('barusan'),
('barut'),
('barzakh'),
('barzanji'),
('bas'),
('basa'),
('basah'),
('basal'),
('basalioma'),
('basanit'),
('basat'),
('basau'),
('basi'),
('basil'),
('basilari'),
('basilika'),
('basilus'),
('basin'),
('basir'),
('basirah'),
('basis'),
('basit'),
('baskara'),
('basket'),
('baskom'),
('basmi'),
('bastar'),
('basuh'),
('basung'),
('basut'),
('bata'),
('batagor'),
('batai'),
('batako'),
('batal'),
('batalion'),
('batang'),
('batara'),
('batari'),
('batas'),
('batekeng'),
('batel'),
('batela'),
('baterai'),
('bati'),
('batih'),
('batik'),
('batil'),
('batila'),
('batimetri'),
('batin'),
('batiplankton'),
('batis'),
('batisfer'),
('batok'),
('batolit'),
('baton'),
('batu'),
('batubara'),
('batuk'),
('batun'),
('batung'),
('bau'),
('baud'),
('bauk'),
('baun'),
('baung'),
('baur'),
('baureksa'),
('bausastra'),
('bausuku'),
('baut'),
('bawa'),
('bawab'),
('bawah'),
('bawak'),
('bawal'),
('bawang'),
('bawasir'),
('bawat'),
('bawel'),
('bawon'),
('baya'),
('bayak'),
('bayam'),
('bayan'),
('bayang'),
('bayangkara'),
('bayangkari'),
('bayar'),
('bayas'),
('bayata'),
('bayati'),
('bayem'),
('bayi'),
('bayonet'),
('bayong'),
('bayu'),
('bayuh'),
('bayun'),
('bayung'),
('bayur'),
('bazar'),
('bazoka'),
('bea'),
('beasiswa'),
('beatifikasi'),
('bebal'),
('beban'),
('bebandos'),
('bebang'),
('bebar'),
('bebaru'),
('bebas'),
('bebasmurni'),
('bebastugas'),
('bebat'),
('bebe'),
('bebek'),
('bebekel'),
('bebekisme'),
('bebel'),
('bebenah'),
('beber'),
('beberapa'),
('beberas'),
('bebesaran'),
('bebi'),
('bebodoran'),
('bebotoh'),
('bebrek'),
('becak'),
('becek'),
('beceng'),
('becuk'),
('becus'),
('beda'),
('bedah'),
('bedak'),
('bedal'),
('bedama'),
('bedan'),
('bedar'),
('bedaru'),
('bedawi'),
('bedaya'),
('bedebah'),
('bedegap'),
('bedegong'),
('bedel'),
('bedeng'),
('bedil'),
('bedinde'),
('bedo'),
('bedol'),
('bedudak'),
('beduk'),
('bedukang'),
('bedung'),
('bega'),
('begadang'),
('begah'),
('begal'),
('begana'),
('begandering'),
('begap'),
('begar'),
('begawan'),
('begini'),
('begitu'),
('bego'),
('begonia'),
('begu'),
('beguk'),
('begundal'),
('beha'),
('behandel'),
('behena'),
('bejana'),
('bejat'),
('bek'),
('beka'),
('bekah'),
('bekakak'),
('bekakas'),
('bekal'),
('bekam'),
('bekantan'),
('bekap'),
('bekas'),
('bekat'),
('bekatul'),
('bekel'),
('beken'),
('beker'),
('bekerma'),
('bekicot'),
('bekil'),
('bekisar'),
('bekleding'),
('bekles'),
('beklit'),
('beksan'),
('beku'),
('bekuk'),
('bekuku'),
('bel'),
('bela'),
('belabas'),
('belacan'),
('belacu'),
('belada'),
('beladau'),
('beladu'),
('belah'),
('belahak'),
('belahong'),
('belai'),
('belak'),
('belaka'),
('belakang'),
('belako'),
('belalah'),
('belalai'),
('belalak'),
('belalang'),
('belam'),
('belambang'),
('belan'),
('belanak'),
('Belanda'),
('belandang'),
('belandar'),
('belandong'),
('belandung'),
('belang'),
('belanga'),
('belangah'),
('belangir'),
('belangkas'),
('belangkin'),
('belangkon'),
('belanja'),
('belantai'),
('belantan'),
('belantara'),
('belantik'),
('belantika'),
('belantuk'),
('belar'),
('belarak'),
('belas'),
('belasah'),
('belasting'),
('belasungkawa'),
('belasut'),
('belat'),
('belater'),
('belati'),
('belatik'),
('belatuk'),
('belatung'),
('belau'),
('belawan'),
('belebas'),
('belebat'),
('belecak'),
('beleda'),
('beledang'),
('beledi'),
('beledu'),
('beleid'),
('belek'),
('belekek'),
('belekok'),
('belel'),
('belelang'),
('belembang'),
('belencong'),
('belendong'),
('belendung'),
('beleng'),
('belenggu'),
('belengket'),
('belengkong'),
('belenting'),
('belentung'),
('belepas'),
('belera'),
('belerang'),
('belerong'),
('beli'),
('belia'),
('beliak'),
('beliau'),
('belibas'),
('belibat'),
('belibis'),
('belida'),
('beligat'),
('beligo'),
('belik'),
('belikan'),
('belikat'),
('beliku'),
('belimbing'),
('belincong'),
('beling'),
('belingkang'),
('belingsat'),
('belingut'),
('belinjo'),
('belintang'),
('belis'),
('belit'),
('belitung'),
('beliung'),
('beliut'),
('belo'),
('beloan'),
('belobor'),
('belodok'),
('beloh'),
('belok'),
('belokok'),
('belolang'),
('belolok'),
('belolong'),
('belon'),
('belonggok'),
('belongkang'),
('belongkeng'),
('belongkot'),
('belongsong'),
('belontang'),
('beloon'),
('belot'),
('belotong'),
('belu'),
('beluam'),
('beluas'),
('belubu'),
('belubur'),
('beludak'),
('beludar'),
('beluhan'),
('beluk'),
('belukap'),
('belukar'),
('beluku'),
('belukut'),
('belulang'),
('beluluk'),
('belulung'),
('belum'),
('belungkang'),
('belungkur'),
('belungsing'),
('beluntas'),
('beluru'),
('belus'),
('belusuk'),
('belut'),
('beluwek'),
('bembam'),
('bemban'),
('bembar'),
('bembarap'),
('bembet'),
('bemo'),
('bemper'),
('bena'),
('benah'),
('benak'),
('benalu'),
('benam'),
('benang'),
('benar'),
('benara'),
('benatu'),
('bencah'),
('bencana'),
('bencat'),
('benci'),
('bencol'),
('bencong'),
('benda'),
('bendahara'),
('bendaharawan'),
('bendahari'),
('bendala'),
('bendang'),
('bendara'),
('bendari'),
('bendawat'),
('bendawi'),
('bende'),
('bendel'),
('bendela'),
('bendera'),
('benderang'),
('benderung'),
('bendesa'),
('bendi'),
('bendir'),
('bendo'),
('bendoro'),
('bendu'),
('benduan'),
('bendul'),
('bendung'),
('benefaktif'),
('bengah'),
('bengal'),
('bengang'),
('bengap'),
('bengawan'),
('bengek'),
('bengep'),
('benggal'),
('benggala'),
('benggang'),
('benggil'),
('benggol'),
('bengis'),
('bengkah'),
('bengkak'),
('bengkal'),
('bengkalai'),
('bengkar'),
('bengkarak'),
('bengkarap'),
('bengkaras'),
('bengkarung'),
('bengkatak'),
('bengkawan'),
('bengkawang'),
('bengkayang'),
('bengkel'),
('bengkelai'),
('bengkeng'),
('bengker'),
('bengkerap'),
('bengkil'),
('bengkok'),
('bengkol'),
('bengkong'),
('bengkos'),
('bengku'),
('bengkuang'),
('bengkunang'),
('bengkung'),
('bengoh'),
('bengok'),
('bengong'),
('bengot'),
('bengu'),
('benguk'),
('bengul'),
('bengung'),
('beni'),
('benian'),
('benih'),
('bening'),
('benitan'),
('benjol'),
('benjut'),
('benkap'),
('bensin'),
('benta'),
('bentak'),
('bentala'),
('bentan'),
('bentang'),
('bentangkan'),
('bentangur'),
('bentar'),
('bentara'),
('bentaus'),
('benteh'),
('benteng'),
('bentes'),
('bentet'),
('bentik'),
('bentoh'),
('bentok'),
('bentol'),
('bentong'),
('bentonit'),
('bentos'),
('bentrok'),
('bentuk'),
('bentul'),
('bentulu'),
('bentur'),
('benturung'),
('bentus'),
('benua'),
('benuang'),
('benuaron'),
('benum'),
('benur'),
('benyai'),
('benyek'),
('benyoh'),
('benyot'),
('benzedrin'),
('benzena'),
('benzil'),
('benzoat'),
('benzoilperoksida'),
('benzoin'),
('benzol'),
('beo'),
('beol'),
('bera'),
('berabe'),
('berahi'),
('berai'),
('berak'),
('berakah'),
('beraksa'),
('beram'),
('berambang'),
('beramin'),
('beranang'),
('beranda'),
('berandal'),
('berandang'),
('berang'),
('berangai'),
('berangan'),
('berangas'),
('berangkal'),
('berangkat'),
('berangta'),
('berangus'),
('berani'),
('beranta'),
('berantak'),
('berantas'),
('berapa'),
('beras'),
('berat'),
('bercak'),
('berdikari'),
('berdus'),
('berebes'),
('beredel'),
('beremban'),
('berembang'),
('berengau'),
('berengos'),
('berengsek'),
('berengut'),
('berentang'),
('bereo'),
('beres'),
('beret'),
('berewok'),
('bergas'),
('berguk'),
('beri'),
('beriang'),
('beriani'),
('berida'),
('berik'),
('beril'),
('berilium'),
('berinda'),
('beringas'),
('beringin'),
('beringsang'),
('berisik'),
('berita'),
('beritahu'),
('beritawan'),
('berkah'),
('berkas'),
('berkat'),
('berkelium'),
('berkik'),
('berkil'),
('berko'),
('berkung'),
('berlau'),
('berlian'),
('berma'),
('bermat'),
('bermi'),
('bernas'),
('bernga'),
('beroci'),
('beroga'),
('berok'),
('beron'),
('beronang'),
('berondong'),
('berong'),
('berongkos'),
('berongsang'),
('berongsong'),
('beronjong'),
('beronok'),
('berontak'),
('berosot'),
('beroti'),
('beroya'),
('bersat'),
('bersih'),
('bersil'),
('bersin'),
('bersit'),
('bersut'),
('bertam'),
('bertih'),
('beru'),
('beruas'),
('berubuh'),
('berui'),
('beruju'),
('berujul'),
('beruk'),
('berumbun'),
('berumbung'),
('berunang'),
('beruntus'),
('beruri'),
('berus'),
('besalen'),
('besan'),
('besar'),
('besaran'),
('besek'),
('besel'),
('besengek'),
('beser'),
('besero'),
('beset'),
('besi'),
('besikal'),
('besing'),
('besit'),
('besitua'),
('beskal'),
('beskap'),
('beslah'),
('beslit'),
('besok'),
('besot'),
('bestari'),
('bestek'),
('bestel'),
('bestialitas'),
('bestir'),
('bestral'),
('besuk'),
('besusu'),
('besut'),
('besuta'),
('bet'),
('beta'),
('betah'),
('betahak'),
('betang'),
('betapa'),
('betara'),
('betari'),
('betas'),
('betatas'),
('betatron'),
('betau'),
('betet'),
('beti'),
('betik'),
('betina'),
('beting'),
('betinga'),
('betis'),
('betok'),
('beton'),
('betonisasi'),
('betot'),
('betul'),
('betung'),
('betutu'),
('bewok'),
('bhayangkara'),
('biadab'),
('biadat'),
('biadi'),
('biah'),
('biak'),
('biang'),
('bianglala'),
('biaperi'),
('biar'),
('biara'),
('biarawan'),
('biarawati'),
('biarpet'),
('biarpun'),
('bias'),
('biasa'),
('biat'),
('biau'),
('biawak'),
('biawan'),
('biawas'),
('biaya'),
('Bibel'),
('bibi'),
('bibinda'),
('bibir'),
('bibit'),
('biblio'),
('bibliografi'),
('bibliomania'),
('bibliotek'),
('bicana'),
('bicara'),
('bicokok'),
('bicu'),
('bida'),
('bidadari'),
('bidah'),
('bidai'),
('bidak'),
('bidal'),
('bidan'),
('bidang'),
('bidar'),
('bidara'),
('bidari'),
('bidas'),
('bidet'),
('bidik'),
('bido'),
('biduan'),
('biduanda'),
('biduanita'),
('biduk'),
('bidur'),
('biduri'),
('bienial'),
('biennale'),
('bifasial'),
('bigair'),
('bigami'),
('bigamis'),
('bihi'),
('bihun'),
('bija'),
('bijak'),
('bijakraja'),
('bijaksana'),
('bijaksanawan'),
('bijan'),
('bijana'),
('biji'),
('bijih'),
('bik'),
('bikameral'),
('bikang'),
('bikarbonat'),
('bikin'),
('bikini'),
('bikir'),
('bikonkaf'),
('bikonveks'),
('bikromat'),
('biksah'),
('biksu'),
('biksuni'),
('biku'),
('bila'),
('bilabial'),
('bilah'),
('bilai'),
('bilakmata'),
('bilal'),
('bilamana'),
('bilamasa'),
('bilang'),
('bilas'),
('bilateral'),
('bilateralisme'),
('bilga'),
('bilhak'),
('biliar'),
('bilik'),
('bilineal'),
('bilingual'),
('bilingualisme'),
('bilis'),
('biliun'),
('billahi'),
('bilokal'),
('bilur'),
('bilyet'),
('bimasakti'),
('bimbang'),
('bimbing'),
('bimbit'),
('bimetal'),
('bin'),
('bina'),
('binal'),
('binar'),
('binara'),
('binaraga'),
('binaragawan'),
('binasa'),
('binatak'),
('binatang'),
('binawah'),
('binayah'),
('bincacak'),
('bincang'),
('bincu'),
('bincul'),
('bincut'),
('bindam'),
('bindeng'),
('binder'),
('bindu'),
('bineka'),
('binen'),
('biner'),
('bingas'),
('bingit'),
('bingka'),
('bingkah'),
('bingkai'),
('bingkas'),
('bingkatak'),
('bingkis'),
('bingung'),
('bini'),
('binjai'),
('binjat'),
('binokular'),
('binomial'),
('bintak'),
('bintal'),
('bintalak'),
('bintan'),
('bintang'),
('bintara'),
('binti'),
('bintik'),
('bintil'),
('bintit'),
('bintul'),
('bintulbahar'),
('bintur'),
('binturung'),
('biodata'),
('biodin'),
('biofera'),
('biofilm'),
('biofilter'),
('biofisik'),
('biofisika'),
('biogas'),
('biogenesis'),
('biogenik'),
('biogeografi'),
('biografi'),
('biokimia'),
('bioklimatologi'),
('biola'),
('biolinguistik'),
('biolit'),
('biolog'),
('biologi'),
('biologis'),
('biologiwan'),
('bioluminesensi'),
('biomassa'),
('biomekani'),
('biometeorologi'),
('biometri'),
('biometrika'),
('bionomika'),
('biopendar'),
('bioplasma'),
('biopsi'),
('bioritme'),
('bioritmik'),
('biosekuen'),
('biosfer'),
('biosida'),
('bioskop'),
('biostatika'),
('biota'),
('biotek'),
('bioteknologi'),
('biotik'),
('biotin'),
('biotoksin'),
('biotron'),
('bipatride'),
('bipolar'),
('bipolaritas'),
('bipolisentrisme'),
('biprisma'),
('bir'),
('birah'),
('birai'),
('biram'),
('birama'),
('birang'),
('biras'),
('birat'),
('biring'),
('birit'),
('biro'),
('birofaks'),
('birokrasi'),
('birokrat'),
('birokratis'),
('birokratisasi'),
('birokratisme'),
('birsam'),
('biru'),
('bis'),
('bisa'),
('bisai'),
('bisawab'),
('bisbol'),
('biseksual'),
('bisektris'),
('biseps'),
('bisik'),
('bising'),
('bisinosis'),
('biskuit'),
('bismillah'),
('bismut'),
('bisnis'),
('bison'),
('bissu'),
('bistik'),
('bisu'),
('bisul'),
('bit'),
('bitgula'),
('biti'),
('biting'),
('bitisik'),
('bitumen'),
('biuku'),
('biumbai'),
('bius'),
('biut'),
('bivak'),
('biverbal'),
('bizurai'),
('blabar'),
('blabitisme'),
('blakblakan'),
('blangko'),
('blantika'),
('blaster'),
('blastostil'),
('blazer'),
('blek'),
('blekek'),
('blekok'),
('blenda'),
('blender'),
('blepot'),
('blewah'),
('blirik'),
('blog'),
('bloger'),
('blok'),
('blokade'),
('blokir'),
('bloknot'),
('blong'),
('blower'),
('bludrek'),
('blues'),
('blus'),
('blustru'),
('bobato'),
('bobok'),
('bobol'),
('bobos'),
('bobot'),
('bobotok'),
('bobrok'),
('bocah'),
('bocok'),
('bocong'),
('bocor'),
('bodhi'),
('bodhisatwa'),
('bodi'),
('bodoh'),
('bodok'),
('bodong'),
('bodor'),
('boga'),
('bogam'),
('bogel'),
('bogem'),
('bogi'),
('bogol'),
('bogor'),
('bogot'),
('bohemian'),
('bohlam'),
('bohong'),
('bohorok'),
('bohsia'),
('boi'),
('boikot'),
('bois'),
('bokar'),
('bokca'),
('bokek'),
('boko'),
('bokoh'),
('bokong'),
('bokop'),
('bokor'),
('boks'),
('boksen'),
('bokser'),
('bokset'),
('boksu'),
('boku'),
('bol'),
('bola'),
('bolak'),
('boleh'),
('bolero'),
('bolide'),
('boling'),
('bolometer'),
('bolong'),
('bolos'),
('bolot'),
('bolotu'),
('bolpoin'),
('bolu'),
('bom'),
('bombai'),
('bombardemen'),
('bombardir'),
('bombas'),
('bombastis'),
('bomber'),
('bomoh'),
('bomseks'),
('bon'),
('bonafide'),
('bonafiditas'),
('bonang'),
('bonanza'),
('bonar'),
('bonbon'),
('boncel'),
('bonceng'),
('boncol'),
('boncong'),
('bondol'),
('bondong'),
('bondot'),
('boneka'),
('bonet'),
('bong'),
('bongak'),
('bonggol'),
('bongkah'),
('bongkar'),
('bongkin'),
('bongko'),
('bongkol'),
('bongkong'),
('bongkor'),
('bongkot'),
('bongkrek'),
('bongmeh'),
('bongo'),
('bongok'),
('bongsang'),
('bongsor'),
('bonjol'),
('bonjor'),
('bonsai'),
('bontak'),
('bonto'),
('bontok'),
('bontot'),
('bonus'),
('bonyok'),
('bopeng'),
('boplang'),
('bopok'),
('bopong'),
('bor'),
('bora'),
('boraks'),
('borang'),
('borat'),
('borci'),
('bordes'),
('bordil'),
('bordir'),
('bordu'),
('boreal'),
('boreh'),
('borek'),
('borgol'),
('borjuasi'),
('borjuis'),
('borok'),
('boron'),
('borong'),
('boros'),
('bortel'),
('bos'),
('bosan'),
('boseta'),
('bosman'),
('boson'),
('bosor'),
('bosun'),
('bot'),
('botak'),
('botang'),
('botani'),
('botanikus'),
('botanis'),
('botelir'),
('boto'),
('botoh'),
('botok'),
('botol'),
('botor'),
('botridium'),
('botulisme'),
('bowo'),
('boya'),
('boyak'),
('boyas'),
('boyong'),
('bozah'),
('bradikardi'),
('Brahma'),
('brahmana'),
('brahmani'),
('brahmi'),
('brahmin'),
('braille'),
('brakiasi'),
('brakilogi'),
('brakisefalik'),
('brakistokron'),
('brakiurus'),
('braktea'),
('bramacorah'),
('brambang'),
('brana'),
('brander'),
('brankar'),
('brankas'),
('branwir'),
('braseri'),
('brata'),
('bratawali'),
('breksi'),
('breksia'),
('brem'),
('bren'),
('brendi'),
('brengsek'),
('bretel'),
('brevet'),
('brigade'),
('brigadir'),
('briket'),
('brilian'),
('briofita'),
('briologi'),
('briozoa'),
('brisan'),
('broiler'),
('brokade'),
('brokat'),
('broker'),
('brokoli'),
('brom'),
('bromat'),
('bromida'),
('bromin'),
('bromisme'),
('brompit'),
('bronkioli'),
('bronkitis'),
('bronkodilator'),
('bronkotomi'),
('bronkus'),
('brontosaurus'),
('bros'),
('brosur'),
('browser'),
('bruder'),
('bruk'),
('brunai'),
('brutal'),
('brutalisme'),
('bruto'),
('buah'),
('buai'),
('buak'),
('bual'),
('buana'),
('buang'),
('buani'),
('buar'),
('buari'),
('buas'),
('buat'),
('buatanah'),
('buaya'),
('bubar'),
('bubo'),
('bubu'),
('bubuh'),
('bubuhan'),
('bubuk'),
('bubul'),
('bubun'),
('bubung'),
('bubur'),
('bubus'),
('bubut'),
('bucu'),
('budak'),
('budanco'),
('budaya'),
('budayawan'),
('Buddha'),
('Buddhis'),
('Buddhisme'),
('bude'),
('budek'),
('budi'),
('budian'),
('budidaya'),
('budiman'),
('budu'),
('buduk'),
('budur'),
('bueng'),
('bufer'),
('bufet'),
('bugar'),
('bugenvil'),
('bugil'),
('buhuk'),
('buhul'),
('bui'),
('buih'),
('buil'),
('bujal'),
('bujam'),
('bujang'),
('bujangga'),
('bujet'),
('bujeter'),
('bujuk'),
('bujur'),
('bujut'),
('buk'),
('buka'),
('bukan'),
('bukat'),
('bukau'),
('buket'),
('bukit'),
('buklet'),
('bukti'),
('buku'),
('bukung'),
('bukur'),
('bukut'),
('bulai'),
('bulak'),
('bulan'),
('bulang'),
('bulangan'),
('bular'),
('bulat'),
('bulbul'),
('buldan'),
('buldog'),
('buldoser'),
('bule'),
('buleng'),
('buletin'),
('bulevar'),
('bulgur'),
('bulian'),
('bulimia'),
('bulir'),
('bulsak'),
('bulu'),
('bulu-bulu'),
('buluh'),
('buluk'),
('bulur'),
('bulus'),
('bulutangkis'),
('bum'),
('bumantara'),
('bumban'),
('bumbu'),
('bumbun'),
('bumbung'),
('bumel'),
('bumerang'),
('bumi'),
('bumiah'),
('bumihangus'),
('bumiputra'),
('bumirata'),
('bumper'),
('bumpet'),
('bumping'),
('bun'),
('buna'),
('bunbunan'),
('buncah'),
('buncak'),
('buncang'),
('buncis'),
('buncit'),
('bunda'),
('bundak'),
('bundar'),
('bundas'),
('bundel'),
('bunduk'),
('bundung'),
('bung'),
('bunga'),
('bungalo'),
('bungar'),
('bungkal'),
('bungkam'),
('bungkang'),
('bungkas'),
('bungker'),
('bungkil'),
('bungking'),
('bungkuk'),
('bungkul'),
('bungkus'),
('bunglai'),
('bunglon'),
('bungsil'),
('bungsu'),
('bungur'),
('buni'),
('bunian'),
('bunjai'),
('buntak'),
('buntal'),
('buntang'),
('buntar'),
('buntat'),
('buntek'),
('buntel'),
('buntet'),
('buntil'),
('bunting'),
('buntu'),
('buntung'),
('buntut'),
('bunuh'),
('bunut'),
('bunyi'),
('bupala'),
('bupati'),
('bupet'),
('bur'),
('bura'),
('burai'),
('burak'),
('burakah'),
('buraksa'),
('buram'),
('buras'),
('burat'),
('burayak'),
('burdah'),
('bureng'),
('buret'),
('burgundi'),
('burhan'),
('burik'),
('burit'),
('burkak'),
('burnout'),
('buron'),
('bursa'),
('buru'),
('buruh'),
('buruj'),
('buruk'),
('burung'),
('burut'),
('bus'),
('busa'),
('busai'),
('busana'),
('buset'),
('bushido'),
('busi'),
('busik'),
('bustan'),
('buster'),
('busuk'),
('busung'),
('busur'),
('busut'),
('buta'),
('butadiena'),
('butala'),
('butana'),
('butang'),
('butarepan'),
('butbut'),
('butek'),
('butik'),
('butir'),
('butirat'),
('butongpai'),
('butuh'),
('butul'),
('butun'),
('butut'),
('buwuh'),
('buya'),
('buyar'),
('buyung'),
('buyur'),
('buyut'),
('caba'),
('cabai'),
('cabak'),
('cabang'),
('cabar'),
('cabau'),
('cabe'),
('cabik'),
('cabir'),
('cabo'),
('cabuh'),
('cabuk'),
('cabul'),
('cabur'),
('cabut'),
('caca'),
('cacah'),
('cacahjiwa'),
('cacak'),
('cacap'),
('cacar'),
('cacat'),
('cacau'),
('caci'),
('cacibar'),
('cacil'),
('cacimaki'),
('cacing'),
('cadai'),
('cadang'),
('cadar'),
('cadas'),
('cadel'),
('cadik'),
('cadok'),
('caduk'),
('cadung'),
('caem'),
('cagak'),
('cagar'),
('cagil'),
('cagu'),
('caguh'),
('cagun'),
('cagut'),
('cah'),
('cahang'),
('cahar'),
('cahari'),
('cahaya'),
('cahi'),
('cailah'),
('caima'),
('caing'),
('cair'),
('cais'),
('caisim'),
('cak'),
('cakah'),
('cakak'),
('cakalang'),
('cakalele'),
('cakap'),
('cakar'),
('cakawari'),
('cakela'),
('cakep'),
('caki'),
('cakiak'),
('cakil'),
('cakmar'),
('cako'),
('cakra'),
('Cakrabirawa'),
('cakrabuana'),
('cakram'),
('cakrawala'),
('cakrawati'),
('cakruk'),
('cakup'),
('cakus'),
('cal'),
('calabikang'),
('caladi'),
('calak'),
('calang'),
('calar'),
('calecer'),
('calempong'),
('caling'),
('calir'),
('calit'),
('calo'),
('calon'),
('calui'),
('caluk'),
('calung'),
('cam'),
('camar'),
('camat'),
('camau'),
('cambahan'),
('cambang'),
('cambuk'),
('cambul'),
('cambung'),
('camca'),
('camil'),
('campa'),
('campah'),
('campak'),
('campang'),
('campin'),
('camping'),
('camplungan'),
('campuh'),
('campung'),
('campur'),
('campuraduk'),
('campurbaur'),
('camuk'),
('camur'),
('canai'),
('canak'),
('canang'),
('cancanbulan'),
('cancang'),
('cancut'),
('canda'),
('candai'),
('candak'),
('candala'),
('candang'),
('candat'),
('candi'),
('candik'),
('candit'),
('candra'),
('candradimuka'),
('candramawa'),
('candrasa'),
('candrasengkala'),
('candu'),
('candung'),
('cang'),
('cangah'),
('cangak'),
('cangam'),
('cangap'),
('cangar'),
('cangcang'),
('canggaan'),
('canggah'),
('canggai'),
('canggal'),
('cangget'),
('canggih'),
('canggu'),
('canggung'),
('cangkang'),
('cangkat'),
('cangkel'),
('cangkih'),
('cangking'),
('cangkir'),
('cangklong'),
('cangkok'),
('cangkol'),
('cangkrang'),
('cangkriman'),
('cangkring'),
('cangkul'),
('cangkum'),
('cangkung'),
('cangkup'),
('canguk'),
('cangut'),
('cantas'),
('cantel'),
('canteng'),
('cantik'),
('canting'),
('cantol'),
('cantrik'),
('cantum'),
('caos'),
('cap'),
('capa'),
('capah'),
('capai'),
('capak'),
('capal'),
('capang'),
('capar'),
('capcai'),
('cape'),
('capek'),
('capelin'),
('capgome'),
('capik'),
('capil'),
('caping'),
('capit'),
('capjiki'),
('caplak'),
('caplok'),
('capuk'),
('capung'),
('cara'),
('carah'),
('carak'),
('caraka'),
('carakawati'),
('caram'),
('caran'),
('carang'),
('caren'),
('cari'),
('carik'),
('caring'),
('carter'),
('caruk'),
('carut'),
('cas'),
('casciscus'),
('cat'),
('catat'),
('catek'),
('catu'),
('catuk'),
('catur'),
('caturjalma'),
('caturlarik'),
('caturtunggal'),
('caturwangsa'),
('caturwarga'),
('caturwarna'),
('caturwulan'),
('catut'),
('caul'),
('caung'),
('cawai'),
('cawak'),
('cawan'),
('cawangan'),
('cawat'),
('cawi'),
('cawis'),
('cebak'),
('ceban'),
('cebik'),
('cebikas'),
('cebil'),
('cebir'),
('cebis'),
('cebok'),
('cebol'),
('cebong'),
('cebur'),
('cecah'),
('cecak'),
('cecap'),
('cecar'),
('cecawi'),
('cece'),
('ceceh'),
('ceceng'),
('cecer'),
('cecere'),
('cecok'),
('cecongor'),
('cecunguk'),
('cedal'),
('cedayam'),
('cedera'),
('ceding'),
('cedok'),
('cedong'),
('ceduk'),
('cegah'),
('cegak'),
('cegar'),
('cegat'),
('ceguk'),
('cek'),
('cekah'),
('cekak'),
('cekakan'),
('cekal'),
('cekam'),
('cekang'),
('cekarau'),
('cekat'),
('cekau'),
('cekcekcek'),
('cekcok'),
('cekdam'),
('cekdel'),
('cekek'),
('cekel'),
('ceker'),
('ceki'),
('cekibar'),
('cekih'),
('cekik'),
('cekikik'),
('ceking'),
('cekit'),
('ceklek'),
('cekluk'),
('cekok'),
('cekrem'),
('cekres'),
('ceku'),
('cekuh'),
('cekuk'),
('cekung'),
('cekup'),
('cekur'),
('cekut'),
('cela'),
('celaga'),
('celah'),
('celak'),
('celaka'),
('celampak'),
('celana'),
('celang'),
('celangak'),
('celangap'),
('celapak'),
('celar'),
('celari'),
('celas'),
('celat'),
('celatuk'),
('cele'),
('celebuk'),
('celek'),
('celekeh'),
('celemek'),
('celemotan'),
('celempong'),
('celempung'),
('celeng'),
('celengkang'),
('celentang'),
('celep'),
('celepik'),
('celepuk'),
('celetuk'),
('celi'),
('celih'),
('celik'),
('celinguk'),
('celingus'),
('celis'),
('celomes'),
('celomok'),
('celonok'),
('celopar'),
('celorot'),
('celoteh'),
('Celsius'),
('celuk'),
('celum'),
('celung'),
('celup'),
('celupak'),
('celur'),
('celuring'),
('celurit'),
('celurut'),
('celus'),
('celutak'),
('celutuk'),
('cema'),
('cemani'),
('cemar'),
('cemara'),
('cemas'),
('cemat'),
('cembeng'),
('cemberut'),
('cembul'),
('cembung'),
('cemburu'),
('cemeeh'),
('cemeh'),
('cemek'),
('cemekian'),
('cemer'),
('cemerlang'),
('cemeti'),
('cemetuk'),
('cemomot'),
('cemong'),
('cemooh'),
('cempa'),
('cempaka'),
('cempal'),
('cempala'),
('cempana'),
('cempe'),
('cempedak'),
('cempek'),
('cempelik'),
('cempelung'),
('cempeng'),
('cempera'),
('cemperai'),
('cemperling'),
('cempiang'),
('cempin'),
('cemping'),
('cemplang'),
('cemplung'),
('cempor'),
('cempreng'),
('cempres'),
('cempung'),
('cempurit'),
('cemuas'),
('cemuk'),
('cena'),
('cenak'),
('cenangau'),
('cenangga'),
('cenangkas'),
('cenayang'),
('cencala'),
('cencaluk'),
('cencaru'),
('cencawan'),
('cencawi'),
('cendala'),
('cendana'),
('cendang'),
('cendawan'),
('cendekia'),
('cendekiawan'),
('cenderai'),
('cenderasa'),
('cenderawasih'),
('cenderung'),
('cendok'),
('cendol'),
('cenduai'),
('cenela'),
('ceng'),
('cengal'),
('cengam'),
('cengang'),
('cengap'),
('cengbeng'),
('cengeh'),
('cengek'),
('cengeng'),
('cengengesan'),
('cenggek'),
('cengger'),
('cenggeret'),
('cengi'),
('cengis'),
('cengkal'),
('cengkam'),
('cengkar'),
('cengkaruk'),
('cengkau'),
('cengkedi'),
('cengkeh'),
('cengkek'),
('cengkelong'),
('cengkeram'),
('cengkerama'),
('cengkerawak'),
('cengkerik'),
('cengkering'),
('cengkerung'),
('cengki'),
('cengkiak'),
('cengkih'),
('cengking'),
('cengkir'),
('cengkiwing'),
('cengkok'),
('cengkol'),
('cengkong'),
('cengkung'),
('cengkurai'),
('cengli'),
('cengung'),
('cengut'),
('centang'),
('centangan'),
('centeng'),
('centet'),
('centong'),
('centung'),
('cenung'),
('cepak'),
('cepal'),
('cepat'),
('cepek'),
('cepeng'),
('cepengan'),
('ceper'),
('cepiau'),
('ceples'),
('ceplok'),
('ceplos'),
('cepo'),
('cepol'),
('cepu'),
('cepuk'),
('cerabah'),
('cerabih'),
('cerabut'),
('ceracak'),
('ceracam'),
('ceracap'),
('ceracau'),
('cerah'),
('cerai'),
('cerak'),
('ceraka'),
('cerakin'),
('ceramah'),
('cerana'),
('cerancang'),
('cerang'),
('ceranggah'),
('cerangka'),
('cerap'),
('cerat'),
('ceratai'),
('ceratuk'),
('cerau'),
('cerawat'),
('cerbak'),
('cerca'),
('cercah'),
('cercak'),
('cercap'),
('cerdas'),
('cerdik'),
('cere'),
('cerecek'),
('cerek'),
('ceremai'),
('cerempung'),
('cerepu'),
('ceret'),
('cerewet'),
('cergas'),
('ceri'),
('ceria'),
('cericap'),
('cericau'),
('cericip'),
('ceriga'),
('cerih'),
('cerita'),
('ceriwis'),
('cerkam'),
('cerkau'),
('cerlang'),
('cerlih'),
('cerling'),
('cermai'),
('cermat'),
('cermin'),
('cerna'),
('ceroboh'),
('cerobong'),
('cerocok'),
('cerocos'),
('cerompong'),
('ceronggah'),
('ceropong'),
('ceroteh'),
('cerowok'),
('cerpelai'),
('cerpen'),
('cerpenis'),
('cerpu'),
('cerucuh'),
('cerucup'),
('ceruh'),
('ceruk'),
('cerun'),
('cerup'),
('cerut'),
('cerutu'),
('cespleng'),
('cetai'),
('cetak'),
('cetar'),
('cetek'),
('ceteng'),
('ceter'),
('cetera'),
('ceteri'),
('ceteria'),
('ceti'),
('cetok'),
('cetus'),
('ceuki'),
('cewang'),
('cewek'),
('ciak'),
('cialat'),
('ciap'),
('ciar'),
('cibir'),
('cibit'),
('ciblon'),
('cibuk'),
('cicik'),
('cicil'),
('cicinda'),
('cicip'),
('cicit'),
('cidomo'),
('ciduk'),
('cigak'),
('cih'),
('cihui'),
('cik'),
('cika'),
('cikadas'),
('cikal'),
('cikar'),
('cikok'),
('cikrak'),
('ciku'),
('cikun'),
('cikut'),
('cilap'),
('cilawagi'),
('cili'),
('cilik'),
('ciling'),
('cilok'),
('cilukba'),
('cimplong'),
('Cina'),
('cincang'),
('cincau'),
('cincin'),
('cincong'),
('cincu'),
('cinda'),
('cindai'),
('cindaku'),
('cinde'),
('cindil'),
('cindur'),
('cing'),
('cingak'),
('cingam'),
('cingangah'),
('cingge'),
('cingkat'),
('cingkeh'),
('cingkrang'),
('cingur'),
('cinta'),
('cintamani'),
('cinteng'),
('cintrong'),
('cip'),
('cipai'),
('cipan'),
('ciplak'),
('cipok'),
('ciprat'),
('cipta'),
('cir'),
('circir'),
('ciri'),
('cirit'),
('ciriwangi'),
('cis'),
('cit'),
('cita'),
('citra'),
('citraleka'),
('ciu'),
('cium'),
('ciut'),
('coak'),
('coang'),
('coba'),
('coban'),
('cobek'),
('coblos'),
('cocok'),
('cocoktanam'),
('cocol'),
('cocor'),
('codak'),
('codet'),
('codot'),
('cogah'),
('cogan'),
('cogok'),
('cok'),
('cokar'),
('cokek'),
('cokelat'),
('coket'),
('coklat'),
('cokmar'),
('coko'),
('cokok'),
('cokol'),
('Cokorda'),
('colek'),
('coleng'),
('colet'),
('coli'),
('colok'),
('colong'),
('colot'),
('comberan'),
('comblang'),
('combong'),
('comek'),
('comel'),
('comor'),
('comot'),
('compeng'),
('compes'),
('compoh'),
('compreng'),
('comro'),
('concong'),
('condong'),
('conet'),
('congak'),
('congeh'),
('congek'),
('congget'),
('conggok'),
('congkak'),
('congki'),
('congklak'),
('congklang'),
('congkok'),
('congkong'),
('congo'),
('congok'),
('congol'),
('congor'),
('congsam'),
('contek'),
('conteng'),
('contoh'),
('contong'),
('cop'),
('copet'),
('coplok'),
('copot'),
('cor'),
('corak'),
('corek'),
('coreng'),
('coret'),
('coro'),
('corob'),
('corong'),
('corot'),
('cotet'),
('cotok'),
('cowok'),
('cowokan'),
('criping'),
('cua'),
('cuaca'),
('cuai'),
('cuak'),
('cual'),
('cuang'),
('cuar'),
('cuat'),
('cubit'),
('cublik'),
('cubung'),
('cuca'),
('cucakrawa'),
('cuci'),
('cucu'),
('cucuh'),
('cucuk'),
('cucun'),
('cucunda'),
('cucung'),
('cucup'),
('cucur'),
('cucurut'),
('cucut'),
('cudang'),
('cuek'),
('cugat'),
('cuh'),
('cuik'),
('cuil'),
('cuit'),
('cuk'),
('cuka'),
('cukai'),
('cuki'),
('cukil'),
('cukimai'),
('cukin'),
('cukit'),
('cukong'),
('cuku'),
('cukup'),
('cukur'),
('cula'),
('culak'),
('culan'),
('culas'),
('culiah'),
('culik'),
('culika'),
('culim'),
('culun'),
('cuma'),
('cuman'),
('cumbu'),
('cumengkling'),
('cumepak'),
('cumil'),
('cuming'),
('cun'),
('cunam'),
('cundang'),
('cundrik'),
('cunduk'),
('cung'),
('cungap'),
('cungkil'),
('cungkup'),
('cungo'),
('cungul'),
('cungur'),
('cunia'),
('cup'),
('cupai'),
('cupak'),
('cupang'),
('cupar'),
('cupet'),
('cuping'),
('cuplik'),
('cupu'),
('cupul'),
('cur'),
('cura'),
('curah'),
('curai'),
('curam'),
('curang'),
('curat'),
('cureng'),
('curi'),
('curiah'),
('curiga'),
('curik'),
('curna'),
('curu'),
('cus'),
('cut'),
('cutak'),
('cutbrai'),
('cutel'),
('cuti'),
('daayah'),
('dab'),
('daba'),
('dabak'),
('dabal'),
('dabat'),
('dabih'),
('dabik'),
('dabing'),
('dabir'),
('dabit'),
('dablek'),
('dabol'),
('dabung'),
('dabus'),
('dacin'),
('dad'),
('dada'),
('dadah'),
('dadaisme'),
('dadak'),
('dadal'),
('dadali'),
('dadap'),
('dadar'),
('dadaruah'),
('dadek'),
('dadi'),
('dadih'),
('dading'),
('dadu'),
('daduh'),
('daduk'),
('dadung'),
('daeng'),
('daerah'),
('daerahisme'),
('dafnah'),
('daftar'),
('daftarhitam'),
('daga'),
('dagang'),
('dage'),
('dagel'),
('dagi'),
('daging'),
('dagu'),
('dah'),
('dahaga'),
('dahagi'),
('dahak'),
('daham'),
('dahan'),
('dahanam'),
('dahar'),
('dahi'),
('dahiat'),
('dahina'),
('dahlia'),
('dahriah'),
('dahsyat'),
('dahulu'),
('dai'),
('daidan'),
('daidanco'),
('daif'),
('daim'),
('daiman'),
('daing'),
('daitia'),
('dajal'),
('daka'),
('dakah'),
('dakaik'),
('dakar'),
('dakhil'),
('daki'),
('dakik'),
('dakocan'),
('dakon'),
('dakron'),
('daksa'),
('daksina'),
('daktil'),
('daktilitis'),
('daktilologi'),
('daktiloskopi'),
('daku'),
('dakwa'),
('dakwah'),
('dalal'),
('dalalah'),
('dalalat'),
('dalam'),
('dalang'),
('daldaru'),
('dalem'),
('dalfin'),
('dalih'),
('dalil'),
('daltonisme'),
('dalu'),
('daluang'),
('dalung'),
('dam'),
('damah'),
('damai'),
('damak'),
('damal'),
('daman'),
('damar'),
('damaru'),
('damas'),
('damat'),
('damba'),
('dambin'),
('dambir'),
('dame'),
('damen'),
('dami'),
('damik'),
('damotin'),
('dampak'),
('dampal'),
('dampan'),
('dampar'),
('dampeng'),
('dampil'),
('damping'),
('dampit'),
('damprat'),
('dampung'),
('dan'),
('dana'),
('danau'),
('danawa'),
('danda'),
('dandan'),
('dandang'),
('dandanggula'),
('dandapati'),
('dandi'),
('dang'),
('dangai'),
('dangar'),
('dangau'),
('dangdut'),
('dange'),
('danghyang'),
('dangir'),
('dangka'),
('dangkal'),
('dangkap'),
('dangkar'),
('dangkung'),
('danguk'),
('dansa'),
('dansanak'),
('danta'),
('Danuh'),
('danur'),
('danyang'),
('dap'),
('dapa'),
('dapar'),
('dapat'),
('dapra'),
('dapur'),
('dar'),
('dara'),
('darab'),
('darah'),
('daras'),
('darat'),
('darau'),
('dargah'),
('dari'),
('darimana'),
('daripada'),
('darisana'),
('darisini'),
('darisitu'),
('darji'),
('darma'),
('darmabakti'),
('darmakelana'),
('darmasiswa'),
('darmatirta'),
('darmawisata'),
('daro'),
('darpana'),
('darulaitam'),
('darulakhirat'),
('darulbaka'),
('darulfana'),
('daruljalal'),
('darun'),
('darunu'),
('darurat'),
('darusalam'),
('darwis'),
('das'),
('dasalomba'),
('dasar'),
('dasarian'),
('dasasila'),
('dasatitah'),
('dasawarsa'),
('dasbor'),
('dasi'),
('dasin'),
('daster'),
('dasun'),
('data'),
('datang'),
('datar'),
('datatamak'),
('dati'),
('datif'),
('datu'),
('datuk'),
('datum'),
('datung'),
('datupetinggi'),
('dauk'),
('daulat'),
('daun'),
('daunnasi'),
('daur'),
('daurulang'),
('dawai'),
('dawan'),
('dawat'),
('dawet'),
('daya'),
('dayaguna'),
('dayah'),
('dayang'),
('dayaupaya'),
('dayu'),
('dayuh'),
('dayuk'),
('dayung'),
('dayus'),
('dealat'),
('deaneksasi'),
('debah'),
('debak'),
('debam'),
('debap'),
('debar'),
('debarkasi'),
('debas'),
('debat'),
('debet'),
('debik'),
('debil'),
('debing'),
('debirokratisasi'),
('debit'),
('debitase'),
('debitor'),
('debitur'),
('debris'),
('debu'),
('debug'),
('debuk'),
('debum'),
('debun'),
('debung'),
('debup'),
('debur'),
('debus'),
('debut'),
('decak'),
('decap'),
('deceh'),
('decing'),
('decit'),
('decup'),
('decur'),
('decut'),
('dedah'),
('dedai'),
('dedak'),
('dedal'),
('dedalu'),
('dedap'),
('dedar'),
('dedara'),
('dedare'),
('dedas'),
('dedau'),
('dedek'),
('dedel'),
('dedemit'),
('dedengkot'),
('deder'),
('dederuk'),
('dedes'),
('dedikasi'),
('dedikatif'),
('deduksi'),
('deduktif'),
('dedulang'),
('deeskalasi'),
('defaitisme'),
('defekasi'),
('defender'),
('defensi'),
('defensif'),
('deferens');
INSERT INTO `katadasar` (`kata`) VALUES
('defile'),
('definisi'),
('definit'),
('definitif'),
('defisien'),
('defisit'),
('deflagrasi'),
('deflagrator'),
('deflasi'),
('defleksi'),
('deflorasi'),
('defoliasi'),
('defonologisasi'),
('deforestasi'),
('deformasi'),
('deformatif'),
('deg'),
('degam'),
('degan'),
('degap'),
('degar'),
('degen'),
('degenerasi'),
('degeneratif'),
('degil'),
('deging'),
('degradasi'),
('degresi'),
('deguk'),
('degum'),
('degung'),
('degup'),
('deh'),
('deham'),
('dehem'),
('dehidrasi'),
('dehidrat'),
('dehidrogenasi'),
('dehumanisasi'),
('deideologisasi'),
('deifikasi'),
('deiksis'),
('deiktis'),
('deislamisasi'),
('deisme'),
('dek'),
('dekade'),
('dekaden'),
('dekadensi'),
('dekagram'),
('dekah'),
('dekak'),
('dekak-dekak'),
('dekaliter'),
('dekam'),
('dekameter'),
('dekan'),
('dekanal'),
('dekantasi'),
('dekap'),
('dekapoda'),
('dekar'),
('dekare'),
('dekat'),
('dekik'),
('dekil'),
('deklamasi'),
('deklamator'),
('deklarasi'),
('deklaratif'),
('deklasifikasi'),
('deklerer'),
('deklinasi'),
('deklinometer'),
('dekode'),
('dekoder'),
('dekolonisasi'),
('dekomposer'),
('dekomposisi'),
('dekompresi'),
('dekongestan'),
('dekonsentrasi'),
('dekontekstualisasi'),
('dekor'),
('dekorasi'),
('dekoratif'),
('dekorator'),
('dekosistem'),
('dekremeter'),
('dekreolisasi'),
('dekret'),
('dekriminalisasi'),
('deksa'),
('dekstrin'),
('dekstrosa'),
('deksura'),
('deku'),
('dekunci'),
('dekung'),
('dekus'),
('dekut'),
('delabialisasi'),
('delah'),
('delamak'),
('delan'),
('delap'),
('delapan'),
('delas'),
('delat'),
('delegasi'),
('delegat'),
('delegitimasi'),
('delepak'),
('deler'),
('delik'),
('delikan'),
('delikat'),
('delikates'),
('delima'),
('delineasi'),
('delinkuen'),
('delinkuensi'),
('delirium'),
('delman'),
('delong'),
('delta'),
('deltoid'),
('Delu'),
('delusi'),
('delusif'),
('demabrasi'),
('demagog'),
('demagogi'),
('demagogis'),
('demah'),
('demam'),
('demang'),
('demap'),
('demarkasi'),
('dembai'),
('dembam'),
('dembun'),
('demek'),
('demen'),
('demes'),
('demi'),
('demik'),
('demikian'),
('demiliterisasi'),
('demineralisasi'),
('demisioner'),
('demo'),
('demobilisan'),
('demobilisasi'),
('demograf'),
('demografi'),
('demografis'),
('demokrasi'),
('demokrat'),
('demokratis'),
('demokratisasi'),
('demon'),
('demoniak'),
('demonopolisasi'),
('demonstran'),
('demonstrasi'),
('demonstratif'),
('demonstrativa'),
('demoralisasi'),
('demosi'),
('dempak'),
('dempam'),
('dempang'),
('demper'),
('dempet'),
('dempir'),
('demplon'),
('dempok'),
('dempul'),
('dempung'),
('demung'),
('den'),
('dena'),
('denah'),
('denai'),
('denak'),
('denasalisasi'),
('denasionalisasi'),
('denawa'),
('dencang'),
('dencing'),
('denda'),
('dendam'),
('dendang'),
('dendeng'),
('dendi'),
('dendrokronologi'),
('dendrologi'),
('denervasi'),
('dengak'),
('dengan'),
('dengap'),
('dengar'),
('dengih'),
('denging'),
('dengkang'),
('dengkel'),
('dengki'),
('dengkik'),
('dengking'),
('dengkol'),
('dengkul'),
('dengkung'),
('dengkur'),
('dengkus'),
('dengu'),
('dengue'),
('denguk'),
('dengung'),
('dengus'),
('dengut'),
('denim'),
('denok'),
('denominal'),
('denominasi'),
('denotasi'),
('denotatif'),
('densimeter'),
('densitas'),
('densitometer'),
('densitometri'),
('densometer'),
('dental'),
('dentam'),
('dentang'),
('dentat'),
('dentin'),
('denting'),
('dentum'),
('dentung'),
('dentur'),
('denudasi'),
('denuklirisasi'),
('denyar'),
('denyit'),
('denyut'),
('deodoran'),
('deoknumisasi'),
('deontologi'),
('dep'),
('depa'),
('depak'),
('depalatalisasi'),
('depan'),
('depang'),
('depap'),
('deparpolisasi'),
('departemen'),
('departemental'),
('departementalisasi'),
('dependen'),
('dependensi'),
('depersonalisasi'),
('depersonifikasi'),
('depigmentasi'),
('depilasi'),
('deplesi'),
('depolarisasi'),
('depolitisasi'),
('deponir'),
('depopulasi'),
('deportasi'),
('deposan'),
('deposit'),
('deposito'),
('depot'),
('depresi'),
('depresiasi'),
('depresor'),
('deprok'),
('deprotonasi'),
('depun'),
('depus'),
('deputasi'),
('deputi'),
('dera'),
('deragem'),
('derai'),
('derajah'),
('derajang'),
('derajat'),
('derak'),
('deram'),
('deran'),
('derana'),
('derang'),
('derap'),
('deras'),
('derau'),
('derawa'),
('derebar'),
('deregulasi'),
('derel'),
('derep'),
('deres'),
('deresi'),
('deret'),
('dergama'),
('derik'),
('dering'),
('deris'),
('derit'),
('derita'),
('derivasi'),
('derivat'),
('derivatif'),
('derji'),
('derma'),
('dermaga'),
('derman'),
('dermatitis'),
('dermatofitosis'),
('dermatolog'),
('dermatologi'),
('dermatom'),
('dermawan'),
('dermis'),
('dermoid'),
('dersana'),
('dersik'),
('deru'),
('deruk'),
('derum'),
('derung'),
('derup'),
('derus'),
('desa'),
('desah'),
('desain'),
('desainer'),
('desak'),
('desakralisasi'),
('desalinasi'),
('desar'),
('desau'),
('desegregasi'),
('deselerasi'),
('Desember'),
('desensitisasi'),
('desentralisasi'),
('deserebrasi'),
('desersi'),
('desertir'),
('desibel'),
('desidua'),
('desigram'),
('desih'),
('desik'),
('desikan'),
('desikator'),
('desil'),
('desiliter'),
('desiliun'),
('desimal'),
('desimeter'),
('desinens'),
('desinfeksi'),
('desinfektan'),
('desing'),
('desir'),
('desis'),
('desit'),
('deskripsi'),
('deskriptif'),
('deskuamasi'),
('desmonem'),
('desmoplasia'),
('desmosom'),
('desorientasi'),
('desorpsi'),
('despot'),
('despotik'),
('despotisme'),
('destabilisasi'),
('destar'),
('destinasi'),
('destroyer'),
('destruksi'),
('destruktif'),
('destruktor'),
('desuk'),
('desulfurisasi'),
('desup'),
('desur'),
('desus'),
('desut'),
('detail'),
('detak'),
('detap'),
('detar'),
('detas'),
('detasemen'),
('detasering'),
('detasir'),
('deteksi'),
('detektif'),
('detektofon'),
('detektor'),
('detenidos'),
('detensi'),
('detente'),
('detergen'),
('deteriorasi'),
('determinan'),
('determinasi'),
('determinatif'),
('determinator'),
('determinis'),
('determinisme'),
('detik'),
('deting'),
('detoksifikasi'),
('detonasi'),
('detonator'),
('detritus'),
('detrusor'),
('detup'),
('detus'),
('deuterium'),
('Deuterokanonika'),
('deuteron'),
('deutranomalopia'),
('deutranopia'),
('devaluasi'),
('developer'),
('deverbal'),
('deviasi'),
('devisa'),
('devosi'),
('dewa'),
('dewadaru'),
('dewala'),
('dewan'),
('dewana'),
('dewanagari'),
('dewangga'),
('dewasa'),
('dewata'),
('dewi'),
('dia'),
('diabetes'),
('diad'),
('diadem'),
('diafon'),
('diaforetik'),
('diafragma'),
('diagenesis'),
('diagnosis'),
('diagnostik'),
('diagometer'),
('diagonal'),
('diagram'),
('diaken'),
('diakon'),
('diakones'),
('diakonia'),
('diakritik'),
('diakronis'),
('dialek'),
('dialektal'),
('dialektik'),
('dialektika'),
('dialektis'),
('dialektologi'),
('dialinguistik'),
('dialisis'),
('dialog'),
('dialogis'),
('diam'),
('diamagnetisme'),
('diameter'),
('diametral'),
('diamorf'),
('dian'),
('diang'),
('diaper'),
('diapositif'),
('diar'),
('diare'),
('dias'),
('diasistem'),
('diaspora'),
('diastase'),
('diastole'),
('diat'),
('diaterman'),
('diatermi'),
('diatermik'),
('diatesis'),
('diatipe'),
('diatom'),
('diatomit'),
('diatonik'),
('diatopik'),
('diayah'),
('dibasa'),
('didaktik'),
('didaktikus'),
('didaktis'),
('didih'),
('didik'),
('didis'),
('didong'),
('dielektrik'),
('diensefalon'),
('diesel'),
('diesnatalis'),
('diet'),
('dietetika'),
('difabel'),
('diferensial'),
('diferensiasi'),
('difluens'),
('difluensi'),
('difraksi'),
('difteri'),
('diftong'),
('difusi'),
('digdaya'),
('digenesis'),
('digestif'),
('digit'),
('digital'),
('digitalin'),
('digitalis'),
('digitalisasi'),
('diglosia'),
('digraf'),
('digresi'),
('Digul'),
('dihedral'),
('dihidroksil'),
('dik'),
('dikara'),
('dikau'),
('dikit'),
('diklorida'),
('dikotil'),
('dikotomi'),
('dikroisme'),
('dikromat'),
('dikromatik'),
('diksa'),
('diksi'),
('diktat'),
('diktator'),
('diktatorial'),
('diktatoris'),
('dikte'),
('diktum'),
('dil'),
('dila'),
('dilak'),
('dilam'),
('dilasi'),
('dilatasi'),
('dilatometer'),
('dilema'),
('dilematik'),
('diler'),
('diletan'),
('diluvium'),
('dim'),
('dimana'),
('dimensi'),
('dimer'),
('diminutif'),
('dimorfik'),
('dimorfisme'),
('din'),
('dina'),
('dinamik'),
('dinamika'),
('dinamis'),
('dinamisator'),
('dinamisme'),
('dinamit'),
('dinamo'),
('dinamometer'),
('dinar'),
('dinas'),
('dinasti'),
('dinding'),
('dingin'),
('dingkis'),
('dingkit'),
('dingklang'),
('dingklik'),
('dingo'),
('dini'),
('diniah'),
('dinosaurus'),
('diode'),
('dioesis'),
('dioksida'),
('dioksin'),
('diopsida'),
('dioptase'),
('dioptri'),
('diorama'),
('diorit'),
('dioses'),
('dipan'),
('diplo'),
('diploid'),
('diploma'),
('diplomasi'),
('diplomat'),
('diplomatik'),
('diplomatis'),
('dipsomania'),
('diptera'),
('diptotos'),
('dirah'),
('diraja'),
('direk'),
('direksi'),
('direktorat'),
('direktorium'),
('direktris'),
('direktur'),
('dirgahayu'),
('dirgantara'),
('dirham'),
('diri'),
('dirigen'),
('diris'),
('dirus'),
('disagio'),
('disakarida'),
('disana'),
('disastria'),
('disbursemen'),
('disdrometer'),
('disekuilibrium'),
('disensus'),
('disentri'),
('disertasi'),
('disfonia'),
('disfungsi'),
('disharmoni'),
('disiden'),
('disilabik'),
('disimilasi'),
('disinfektan'),
('disinformasi'),
('disini'),
('disinsentif'),
('disintegrasi'),
('disiplin'),
('disitu'),
('disjoki'),
('disjungsi'),
('disjungtif'),
('diska'),
('disket'),
('diskiasis'),
('disklimaks'),
('disko'),
('diskoid'),
('diskon'),
('diskontinu'),
('diskontinuitas'),
('diskonto'),
('diskordans'),
('diskorobik'),
('diskotek'),
('diskredit'),
('diskrepansi'),
('diskresi'),
('diskriminasi'),
('diskriminatif'),
('diskriminator'),
('diskualifikasi'),
('diskulpasi'),
('diskursif'),
('diskus'),
('diskusi'),
('dislalia'),
('disleksia'),
('dislokasi'),
('dismembrasio'),
('dismenorea'),
('dismutasi'),
('disolventia'),
('disonansi'),
('disoperasi'),
('disorder'),
('disorganisasi'),
('disorientasi'),
('disosiasi'),
('dispareunia'),
('disparitas'),
('dispensasi'),
('dispenser'),
('dispepsia'),
('dispersal'),
('dispersi'),
('disposisi'),
('disposotio'),
('disprosium'),
('disrupsi'),
('distabilitas'),
('distal'),
('distansi'),
('distikiasis'),
('distikon'),
('distilasi'),
('distilator'),
('distingsi'),
('distingtif'),
('distoma'),
('distorsi'),
('distosia'),
('distribusi'),
('distributor'),
('distrik'),
('disuasi'),
('disuria'),
('dito'),
('ditransitif'),
('diuresis'),
('diuretik'),
('diurnal'),
('divergen'),
('divergensi'),
('diversifikasi'),
('diversitas'),
('divestasi'),
('dividen'),
('divisi'),
('doa'),
('doang'),
('dobel'),
('dobi'),
('doblangan'),
('doble'),
('dobol'),
('dobolo'),
('dobrak'),
('dodekagon'),
('dodekahedron'),
('dodet'),
('dodok'),
('dodol'),
('dodong'),
('dodor'),
('dodos'),
('dodot'),
('doeloe'),
('dogel'),
('dogeng'),
('doger'),
('dogma'),
('dogmatik'),
('dogmatis'),
('dogmatisme'),
('dogol'),
('dohok'),
('dohyo'),
('doi'),
('dok'),
('dokar'),
('doko'),
('dokoh'),
('doksologi'),
('dokter'),
('doktor'),
('doktoranda'),
('doktorandus'),
('doktrin'),
('doku'),
('dokumen'),
('dokumentasi'),
('dokumenter'),
('dol'),
('dolan'),
('dolar'),
('doldrum'),
('dolfin'),
('dolikosepalik'),
('dolmen'),
('dolok'),
('dolomit'),
('dom'),
('domain'),
('domba'),
('domblong'),
('domein'),
('domestik'),
('domestikasi'),
('dominan'),
('dominansi'),
('dominasi'),
('domine'),
('dominggo'),
('dominion'),
('domino'),
('domisili'),
('domot'),
('dompak'),
('dompet'),
('domplang'),
('dompleng'),
('dompol'),
('donasi'),
('donat'),
('donatur'),
('doncang'),
('dondang'),
('donder'),
('dondon'),
('dong'),
('dongak'),
('dongan'),
('dongbret'),
('dongeng'),
('dongkak'),
('dongkel'),
('dongkok'),
('dongkol'),
('dongkrak'),
('dongkrok'),
('dongok'),
('dongpan'),
('dongsok'),
('doni'),
('donjuan'),
('donor'),
('donto'),
('dop'),
('dopis'),
('dor'),
('dorang'),
('dorbi'),
('dorman'),
('dormansi'),
('dorna'),
('dorong'),
('dorsal'),
('dorslah'),
('dorsopalatal'),
('dorsovelar'),
('dorsum'),
('dortrap'),
('dosa'),
('dosen'),
('dosir'),
('dosis'),
('dot'),
('dowel'),
('dower'),
('doyak'),
('doyan'),
('doyang'),
('doyo'),
('doyong'),
('draf'),
('dragon'),
('drai'),
('drainase'),
('drakula'),
('dram'),
('drama'),
('dramatik'),
('dramatikus'),
('dramatis'),
('dramatisasi'),
('dramaturg'),
('dramaturgi'),
('dramawan'),
('draperi'),
('drastis'),
('drat'),
('drel'),
('dresoar'),
('dresur'),
('dribel'),
('drif'),
('dril'),
('drip'),
('drop'),
('dropsi'),
('drum'),
('drumben'),
('drumer'),
('druwe'),
('dua'),
('duafa'),
('duai'),
('duaja'),
('dualis'),
('dualisme'),
('dualistis'),
('duane'),
('dub'),
('dubalang'),
('dubelir'),
('dubes'),
('dubila'),
('dubing'),
('dubius'),
('duble'),
('dublir'),
('dubuk'),
('dubur'),
('duda'),
('dudu'),
('duduk'),
('dudur'),
('dudus'),
('duel'),
('duet'),
('duga'),
('dugal'),
('dugang'),
('dugas'),
('dugdeng'),
('dugder'),
('duh'),
('duha'),
('duhai'),
('duhe'),
('duhu'),
('duilah'),
('duit'),
('duk'),
('duka'),
('dukacarita'),
('dukacita'),
('dukan'),
('dukana'),
('dukat'),
('dukaten'),
('duktulus'),
('duktus'),
('duku'),
('dukuh'),
('dukun'),
('dukung'),
('dula'),
('dulag'),
('dulang'),
('duli'),
('dulur'),
('dum'),
('dumdum'),
('dumi'),
('dumping'),
('dumung'),
('dunah'),
('dunak'),
('dung'),
('dungas'),
('dungkelan'),
('dungkul'),
('dungu'),
('dungun'),
('dunia'),
('duniawi'),
('duodenum'),
('duodesimal'),
('duodrama'),
('duopoli'),
('dup'),
('dupa'),
('dupak'),
('dupleks'),
('duplik'),
('duplikasi'),
('duplikat'),
('duplikator'),
('duplisitas'),
('duplo'),
('dur'),
('dura'),
('duralumin'),
('duramater'),
('durasi'),
('durat'),
('duratif'),
('duren'),
('dureng'),
('durhaka'),
('duri'),
('durian'),
('durias'),
('duriat'),
('durja'),
('durjana'),
('durjasa'),
('durkarsa'),
('durma'),
('durno'),
('durnois'),
('durnoisme'),
('durometer'),
('dursila'),
('duru'),
('duruwiksa'),
('dus'),
('dusin'),
('dusta'),
('dustur'),
('dusun'),
('duta'),
('duwet'),
('duyun'),
('duyung'),
('dwiarti'),
('dwibahasa'),
('dwibahasawan'),
('dwidarma'),
('dwidasawarsa'),
('dwifungsi'),
('dwiganda'),
('dwiguna'),
('dwilingga'),
('dwimatra'),
('dwiminggu'),
('dwimuka'),
('dwiperan'),
('dwipurwa'),
('dwisegi'),
('dwitarung'),
('dwitunggal'),
('dwiwarna'),
('ebam'),
('eban'),
('ebek'),
('ebi'),
('eboni'),
('ebonit'),
('ebro'),
('eburina'),
('ecek'),
('eceng'),
('ecer'),
('eco'),
('edafik'),
('edafit'),
('edafologi'),
('edafon'),
('edan'),
('edar'),
('edema'),
('edentat'),
('edisi'),
('edit'),
('editor'),
('editorial'),
('edukasi'),
('edukatif'),
('efedrina'),
('efek'),
('efektif'),
('efektivitas'),
('efektor'),
('efelis'),
('efendi'),
('efisien'),
('efisiensi'),
('efloresensi'),
('eforus'),
('efusi'),
('egah'),
('egalisasi'),
('egalitarian'),
('egalitarianisme'),
('egalitarisme'),
('egaliter'),
('egat'),
('ego'),
('egois'),
('egoisme'),
('egoistis'),
('egol'),
('egomania'),
('egos'),
('egosentris'),
('egosentrisitas'),
('egosentrisme'),
('egrang'),
('egresif'),
('Ehe'),
('eidetik'),
('eigendom'),
('eikosan'),
('einsteinium'),
('eja'),
('ejakulasi'),
('ejan'),
('ejawantah'),
('ejek'),
('ejektif'),
('ejektor'),
('ekabahasa'),
('ekabahasawan'),
('ekad'),
('ekajati'),
('ekakarsa'),
('ekamatra'),
('ekang'),
('ekaristi'),
('ekatantri'),
('ekbalium'),
('ekdemik'),
('ekderon'),
('ekdisis'),
('ekeh'),
('ekimosis'),
('ekiofit'),
('eklektik'),
('eklektikus'),
('eklektis'),
('eklektisisme'),
('eklips'),
('ekliptika'),
('ekliptis'),
('eklosi'),
('ekofisiologi'),
('ekofraksia'),
('ekografi'),
('ekogrup'),
('ekoklimat'),
('ekoklimatologi'),
('ekokronologi'),
('ekolabel'),
('ekolalia'),
('ekologi'),
('ekologis'),
('ekon'),
('ekonom'),
('ekonometri'),
('ekonomi'),
('ekonomis'),
('ekopolitik'),
('ekopraksia'),
('ekor'),
('ekornia'),
('ekosfer'),
('ekosistem'),
('ekosistematika'),
('ekospesies'),
('ekostratigrafi'),
('ekotipe'),
('ekotipifikasi'),
('ekoturisme'),
('ekozona'),
('ekrin'),
('ekrinologi'),
('eks'),
('eksak'),
('eksakta'),
('eksaltasi'),
('eksamen'),
('eksaminasi'),
('eksaminator'),
('eksantem'),
('eksantropus'),
('eksarasi'),
('eksegesis'),
('ekseget'),
('eksekusi'),
('eksekutif'),
('eksekutor'),
('eksem'),
('eksemplar'),
('eksenterasi'),
('eksentrik'),
('eksepsi'),
('ekseptor'),
('ekses'),
('eksesif'),
('eksfoliasi'),
('ekshalasi'),
('ekshibisi'),
('ekshibisionis'),
('ekshibisionisme'),
('ekshibitum'),
('eksikator'),
('eksin'),
('eksipien'),
('eksisi'),
('eksistensi'),
('eksistensialis'),
('eksistensialisme'),
('eksit'),
('eksitasi'),
('eksitus'),
('ekskavasi'),
('ekskavator'),
('eksklave'),
('eksklusif'),
('eksklusivisme'),
('ekskomunikasi'),
('ekskresi'),
('ekskreta'),
('ekskursi'),
('ekskursif'),
('eksobiologi'),
('eksobiotik'),
('eksodermis'),
('eksodos'),
('eksodus'),
('eksoenzim'),
('eksoergik'),
('eksofasia'),
('eksofora'),
('eksoftalmia'),
('eksoftalmos'),
('eksoftalmus'),
('eksogam'),
('eksogami'),
('eksogen'),
('eksogin'),
('eksoisogami'),
('eksordium'),
('eksorsis'),
('eksosfer'),
('eksospora'),
('eksostosis'),
('eksoterik'),
('eksotermik'),
('eksotik'),
('eksotis'),
('eksotisme'),
('ekspansi'),
('ekspansif'),
('ekspansionis'),
('ekspansionisme'),
('ekspansionistis'),
('ekspatriasi'),
('ekspatriat'),
('ekspedisi'),
('ekspeditor'),
('ekspektoran'),
('eksper'),
('eksperimen'),
('eksperimental'),
('ekspirasi'),
('eksplan'),
('eksplikasi'),
('eksplisit'),
('eksploit'),
('eksploitasi'),
('eksploitir'),
('eksplorasi'),
('eksploratif'),
('eksplorator'),
('eksplosi'),
('eksplosif'),
('ekspo'),
('eksponen'),
('eksponensial'),
('ekspor'),
('eksportir'),
('ekspos'),
('ekspose'),
('eksposisi'),
('ekspres'),
('ekspresi'),
('ekspresif'),
('ekspresionisme'),
('ekspresionistik'),
('ekspresivitas'),
('ekstase'),
('ekstasi'),
('ekstensi'),
('ekstensif'),
('ekstensifikasi'),
('ekstensor'),
('eksterior'),
('eksteriorisasi'),
('eksteritorialitas'),
('ekstern'),
('eksternal'),
('ekstin'),
('ekstra'),
('ekstradisi'),
('ekstrak'),
('ekstrakardial'),
('ekstraksi'),
('ekstraktif'),
('ekstrakurikuler'),
('ekstralinguistis'),
('ekstramarital'),
('ekstranei'),
('ekstraparlementer'),
('ekstrapolasi'),
('ekstraseluler'),
('ekstraterestrial'),
('ekstrateritorialitas'),
('ekstrauterin'),
('ekstraversi'),
('ekstrem'),
('ekstremis'),
('ekstremitas'),
('ekstrinsik'),
('ekstrospeksi'),
('ekstrover'),
('ekstrusi'),
('eksudasi'),
('eksudat'),
('ektoblas'),
('ektoderm'),
('ektohormon'),
('ektoparasit'),
('ektoplasma'),
('ektoterm'),
('ektotermik'),
('ekualitas'),
('ekuatif'),
('ekuator'),
('ekuilibrium'),
('ekuinoks'),
('ekuitas'),
('ekuiti'),
('ekuivalen'),
('ekuivalensi'),
('ekuivokasi'),
('ekumene'),
('ekumenis'),
('ekumenisme'),
('ela'),
('elaborasi'),
('elak'),
('elan'),
('elang'),
('elastik'),
('elastin'),
('elastis'),
('elastisitas'),
('elastomer'),
('elatif'),
('elefantiasis'),
('elegan'),
('elegansi'),
('elegi'),
('elektif'),
('elektorat'),
('elektret'),
('elektrifikasi'),
('elektrik'),
('elektris'),
('elektro'),
('elektrode'),
('elektrodinamika'),
('elektroensefalogram'),
('elektroforesis'),
('elektrokardiogram'),
('elektrokimia'),
('elektrokoagulasi'),
('elektrokusi'),
('elektrolisi'),
('elektrolisis'),
('elektrolit'),
('elektromagnet'),
('elektromagnetik'),
('elektromagnetisme'),
('elektrometalurgi'),
('elektromiografi'),
('elektromotif'),
('elektron'),
('elektronegatif'),
('elektronik'),
('elektronika'),
('elektronis'),
('elektropatologi'),
('elektropositif'),
('elektroskop'),
('elektrostatika'),
('elektroteknik'),
('elektroterapeutika'),
('elektroterapi'),
('elektrotipe'),
('elektrum'),
('elemen'),
('elementer'),
('elemi'),
('eleng'),
('elevasi'),
('elevator'),
('eliksir'),
('eliminasi'),
('eliminir'),
('eling'),
('elips'),
('elipsis'),
('elipsoid'),
('elipsometer'),
('elipsometri'),
('eliptis'),
('elite'),
('elitis'),
('elitron'),
('elo'),
('elok'),
('elokuensi'),
('elon'),
('elongasi'),
('elpiji'),
('eltor'),
('elu'),
('eluat'),
('eluen'),
('elung'),
('elus'),
('elusi'),
('elusian'),
('elusif'),
('elutriasi'),
('eluvial'),
('eluviasi'),
('eluvium'),
('email'),
('emanasi'),
('emang'),
('emansipasi'),
('emas'),
('emaskulasi'),
('emat'),
('embacang'),
('embah'),
('embak'),
('embal'),
('embalase'),
('embalau'),
('emban'),
('embar'),
('embara'),
('embarau'),
('embargo'),
('embarkasi'),
('embaru'),
('embat'),
('embek'),
('embel'),
('ember'),
('embih'),
('embik'),
('emblem'),
('embok'),
('embol'),
('emboli'),
('embolisme'),
('embolus'),
('embosur'),
('embrat'),
('embrio'),
('embriogenesis'),
('embriologi'),
('embrionik'),
('embuai'),
('embuh'),
('embun'),
('embung'),
('embus'),
('embut'),
('emendasi'),
('emeraldin'),
('emeritus'),
('emetik'),
('emetina'),
('emfisema'),
('emigran'),
('emigrasi'),
('eminen'),
('eminensi'),
('emir'),
('emirat'),
('emis'),
('emisi'),
('emisivitas'),
('emitans'),
('emiten'),
('emoh'),
('emol'),
('emolumen'),
('emong'),
('emosi'),
('emosional'),
('emosionalisme'),
('emotif'),
('empal'),
('empang'),
('empap'),
('empar'),
('empas'),
('empat'),
('empati'),
('empedal'),
('empedu'),
('empek'),
('empenak'),
('empeng'),
('emper'),
('empet'),
('empiema'),
('empik'),
('emping'),
('empiri'),
('empiris'),
('empirisme'),
('emplasemen'),
('emplek'),
('employe'),
('empo'),
('empoh'),
('empok'),
('emporium'),
('empos'),
('empot'),
('emprak'),
('empu'),
('empuan'),
('empuk'),
('empul'),
('empulur'),
('empunya'),
('emrat'),
('emulasi'),
('emulator'),
('emulsi'),
('emulsifikasi'),
('emut'),
('enak'),
('enam'),
('enamel'),
('enap'),
('enartrosis'),
('enas'),
('enau'),
('encal'),
('encang'),
('enceh'),
('encek'),
('encel'),
('encer'),
('encik'),
('encim'),
('encit'),
('encok'),
('encot'),
('endal'),
('endang'),
('endap'),
('endasan'),
('endemi'),
('endemis'),
('endilau'),
('endoderm'),
('endoderma'),
('endodermis'),
('endofit'),
('endogami'),
('endogen'),
('endokardia'),
('endokrin'),
('endokrinologi'),
('endolimfa'),
('endometriosis'),
('endometrium'),
('endomiksis'),
('endomiokarditis'),
('endomisium'),
('endon'),
('endong'),
('endoparasit'),
('endoplasma'),
('endorfin'),
('endosemen'),
('endosentris'),
('endoskeleton'),
('endoskop'),
('endoskopi'),
('endosmosis'),
('endosperma'),
('endotel'),
('endoterm'),
('endotermal'),
('endotermis'),
('endotoksin'),
('endrin'),
('enduk'),
('endul'),
('enduro'),
('endus'),
('endut'),
('enek'),
('eneng'),
('energetik'),
('energi'),
('energik'),
('enes'),
('enfitotik'),
('engah'),
('engas'),
('enggak'),
('enggan'),
('enggang'),
('engget'),
('enggil'),
('enggok'),
('engkah'),
('engkak'),
('engkang'),
('engkau'),
('engkoh'),
('engkol'),
('engkong'),
('engku'),
('engkuk'),
('engsel'),
('enigma'),
('enjak'),
('enjal'),
('enjambemen'),
('enjelai'),
('enjin'),
('enjut'),
('enkapsulasi'),
('enklave'),
('enklitik'),
('enkode'),
('enkripsi'),
('enkulturasi'),
('enologi'),
('enom'),
('ensambel'),
('ensefalitis'),
('ensefalitogen'),
('ensefalograf'),
('ensefalografi'),
('ensefalogram'),
('ensefalomielitis'),
('ensefalon'),
('ensiform'),
('ensiklik'),
('ensiklopedia'),
('ensiklopedis'),
('ensopor'),
('entah'),
('entak'),
('entalpi'),
('entar'),
('entas'),
('ente'),
('enten'),
('enteng'),
('entente'),
('enteritis'),
('enterograf'),
('enterologi'),
('enteron'),
('enteropati'),
('enterosel'),
('enterostomi'),
('enterotoksin'),
('enterovirus'),
('entit'),
('entitas'),
('entoderm'),
('entogenus'),
('entok'),
('entomofili'),
('entomolog'),
('entomologi'),
('entong'),
('entot'),
('entozoa'),
('entozoik'),
('entre'),
('entrepot'),
('entri'),
('entropi'),
('enukleasi'),
('enumerasi'),
('enuresis'),
('envoi'),
('enyah'),
('enyak'),
('enzim'),
('enzimolisis'),
('enzimologi'),
('enzootik'),
('eolit'),
('eon'),
('eosen'),
('eosin'),
('eozoikum'),
('epak'),
('epek'),
('epentesis'),
('epibentos'),
('epidemi'),
('epidemiologi'),
('epidermis'),
('epidiaskop'),
('epifaring'),
('epifil'),
('epifiotik'),
('epifisis'),
('epifit'),
('epifiton'),
('epifora'),
('epigastrium'),
('epigenesis'),
('epiglotis'),
('epigon'),
('epigraf'),
('epigrafi'),
('epigram'),
('epik'),
('epikotil'),
('epikuris'),
('epilepsi'),
('epileptik'),
('epilog'),
('epimisium'),
('epinasti'),
('epinefrina'),
('epinurim'),
('episentrum'),
('episiklik'),
('episiotomi'),
('episkopal'),
('episkopat'),
('episode'),
('episodik'),
('epispora'),
('epistaksis'),
('epistel'),
('epistemologi'),
('epistola'),
('epitaf'),
('epitaksi'),
('epitel'),
('epitelioma'),
('epitermal'),
('epitet'),
('epizoik'),
('epizootik'),
('epok'),
('epoksi'),
('epolet'),
('eponim'),
('epos'),
('epsilon'),
('era'),
('eradikasi'),
('erak'),
('eram'),
('erang'),
('erat'),
('erata'),
('erbis'),
('erbium'),
('ercis'),
('ereh'),
('ereksi'),
('erektor'),
('ereng'),
('erepsin'),
('eret'),
('erg'),
('ergasiofit'),
('ergonomi'),
('ergonomika'),
('ergonomis'),
('ergosterol'),
('ergot'),
('ergoterapi'),
('erik'),
('ering'),
('erisipelas'),
('eritema'),
('eritroblas'),
('eritrosit'),
('erong'),
('eror'),
('erosentrisme'),
('erosi'),
('erot'),
('erotik'),
('erotika'),
('erotis'),
('erotisisme'),
('erotisme'),
('erpah'),
('erpak'),
('erti'),
('eru'),
('erupsi'),
('esa'),
('esai'),
('esais'),
('esak'),
('esek'),
('eselon'),
('esens'),
('esensi'),
('esensial'),
('esensialitas'),
('eskader'),
('eskadron'),
('eskalasi'),
('eskalator'),
('eskapisme'),
('eskas'),
('eskatologi'),
('eskatologis'),
('esofagus'),
('esok'),
('esot'),
('esoteris'),
('estafet'),
('ester'),
('estesia'),
('estetik'),
('estetika'),
('estetikus'),
('estetis'),
('estimasi'),
('estriol'),
('estrogen'),
('estron'),
('estrus'),
('estuari'),
('estuarin'),
('eta'),
('etalase'),
('etana'),
('etanol'),
('etape'),
('etatisme'),
('etek'),
('eter'),
('eteris'),
('eternit'),
('etik'),
('etika'),
('etiket'),
('etil'),
('etilalkohol'),
('etilena'),
('etimologi'),
('etimologis'),
('etimon'),
('etiolin'),
('etiologi'),
('etis'),
('etmoid'),
('etnik'),
('etnis'),
('etnobotani'),
('etnograf'),
('etnografi'),
('etnografis'),
('etnolinguistik'),
('etnolog'),
('etnologi'),
('etnologis'),
('etnomusikolog'),
('etnomusikologi'),
('etnopolitik'),
('etnosentrisme'),
('etologi'),
('etos'),
('etsa'),
('eudaemonisme'),
('eufemisme'),
('eufemistis'),
('eufoni'),
('eufonium'),
('euforia'),
('euforian'),
('eugenetika'),
('eugenika'),
('eugenol'),
('eukaliptol'),
('eukaliptus'),
('eukarion'),
('eukariota'),
('eulogi'),
('euploid'),
('Eurasia'),
('eurihalin'),
('europium'),
('eurosentris'),
('euseksual'),
('eusinantropus'),
('eutanasia'),
('eutektik'),
('eutenika'),
('eutrofikasi'),
('evakuasi'),
('evaluasi'),
('evaluatif'),
('evangeli'),
('evangelis'),
('evaporasi'),
('evaporator'),
('evaporimeter'),
('evapotranspirasi'),
('eversi'),
('eviden'),
('eviserasi'),
('evokasi'),
('evokatif'),
('evolusi'),
('evolusioner'),
('evolusionisme'),
('eyang'),
('eyel'),
('faal'),
('faali'),
('fabel'),
('fabula'),
('faden'),
('fadihat'),
('fadil'),
('fadilat'),
('faedah'),
('fafa'),
('fagosit'),
('fagositosis'),
('fagot'),
('fahombe'),
('Fahrenheit'),
('fahsya'),
('fail'),
('fajar'),
('fakih'),
('fakir'),
('faks'),
('faksi'),
('faksimile'),
('fakta'),
('faktif'),
('faktitius'),
('faktor'),
('faktual'),
('faktur'),
('fakultas'),
('fakultatif'),
('falah'),
('falaj'),
('falak'),
('falakiah'),
('falsafah'),
('falsafi'),
('fam'),
('famili'),
('familia'),
('familier'),
('familisme'),
('fana'),
('fanatik'),
('fanatisme'),
('fanfare'),
('fani'),
('fantasi'),
('fantastis'),
('fantom'),
('farad'),
('faraid'),
('farak'),
('fardu'),
('farik'),
('faring'),
('faringal'),
('faringalisasi'),
('faringitis'),
('farisi'),
('farji'),
('farmakodinamika'),
('farmakokinetika'),
('farmakolog'),
('farmakologi'),
('farmakologis'),
('farmakope'),
('farmakoseutika'),
('farmasi'),
('farsakh'),
('fasad'),
('fasakh'),
('fase'),
('faset'),
('fasia'),
('fasid'),
('fasih'),
('fasihat'),
('fasik'),
('fasilitas'),
('fasilitator'),
('fasis'),
('fasisme'),
('fatah'),
('fatal'),
('fatala'),
('fatalis'),
('fatalisme'),
('fatalitas'),
('fatamorgana'),
('fatanah'),
('fatihah'),
('fatir'),
('fatom'),
('fatometer'),
('fatri'),
('fatsun'),
('fatur'),
('fatwa'),
('fauna'),
('faunistik'),
('favorit'),
('favoritisme'),
('febrin'),
('Februari'),
('federal'),
('federalis'),
('federalisme'),
('federalistis'),
('federasi'),
('feko'),
('fekundasi'),
('fekunditas'),
('felon'),
('felspar'),
('feminin'),
('feminisme'),
('fenakit'),
('fengsui'),
('fenit'),
('fenol'),
('fenologi'),
('fenomena'),
('fenomenal'),
('fenomenalisme'),
('fenomenologi'),
('fenosis'),
('fenotipe'),
('feodal'),
('feodalisme'),
('feodalistis'),
('feral'),
('feri'),
('feritin'),
('fermen'),
('fermentasi'),
('fermion'),
('fermium'),
('feromagnetik'),
('feromagnetisme'),
('feromon'),
('feronikel'),
('fertil'),
('fertilisasi'),
('fertilitas'),
('fertilizin'),
('ferum'),
('feses'),
('festival'),
('fetis'),
('fetor'),
('fetus'),
('fiasko'),
('fiat'),
('fiber'),
('fibrasi'),
('fibriblas'),
('fibril'),
('fibrilasi'),
('fibrin'),
('fibrinogen'),
('fibrokistik'),
('fidah'),
('fider'),
('fidiah'),
('fidusia'),
('figur'),
('figuran'),
('figuratif'),
('fiil'),
('fikih'),
('fikli'),
('fikologi'),
('fikrah'),
('fiksasi'),
('fiksi'),
('fiktif'),
('fikus'),
('filamen'),
('filantrop'),
('filantropi'),
('filantropis'),
('filaria'),
('filariasis'),
('filateli'),
('filatelik'),
('filatelis'),
('filharmoni'),
('filial'),
('filibuster'),
('film'),
('filmis'),
('filo'),
('filodendron'),
('filogenesis'),
('filogeni'),
('filolog'),
('filologi'),
('filologis'),
('filopur'),
('filosofi'),
('filosofis'),
('filsafat'),
('filsuf'),
('filter'),
('filtrasi'),
('filtrat'),
('filum'),
('fimbria'),
('final'),
('finansial'),
('finir'),
('finis'),
('fiolaks'),
('firajullah'),
('firasat'),
('firauniah'),
('firdaus'),
('firdausi'),
('firkah'),
('firma'),
('firman'),
('firn'),
('fisi'),
('fisibel'),
('fisibilitas'),
('fisik'),
('fisika'),
('fisikawan'),
('fisiognomi'),
('fisiognomis'),
('fisiologi'),
('fisiologis'),
('fisioterapi'),
('fisis'),
('fiskal'),
('fit'),
('fiting'),
('fitnah'),
('fitofag'),
('fitogeni'),
('fitogeografi'),
('fitokimia'),
('fitologi'),
('fitometer'),
('fiton'),
('fitopatologi'),
('fitosanitasi'),
('fitososiologi'),
('fitosterol'),
('fitostrot'),
('fitotoksin'),
('fitotoksoid'),
('fitotopografi'),
('fitotron'),
('fitrah'),
('fitri'),
('flakon'),
('flamboyan'),
('flamingo'),
('flanel'),
('flat'),
('flegma'),
('flegmatis'),
('fleksi'),
('fleksibel'),
('fleksibilitas'),
('fleksor'),
('flensa'),
('flis'),
('floem'),
('flop'),
('flora'),
('floret'),
('flotasi'),
('flu'),
('fluensi'),
('fluida'),
('fluks'),
('fluktuasi'),
('fluktuatif'),
('fluoresen'),
('fluoresens'),
('fluorin'),
('fluorit'),
('fobia'),
('fokimeter'),
('fokstrot'),
('fokus'),
('folder'),
('foli'),
('folikel'),
('folio'),
('folklor'),
('folksong'),
('fon'),
('fonasi'),
('fondasi'),
('fonem'),
('fonemik'),
('fonemis'),
('fonetik'),
('fonetis'),
('fonik'),
('fonis'),
('fonograf'),
('fonografi'),
('fonologi'),
('fonologis'),
('fonon'),
('fonotaktik'),
('fonotipi'),
('foramen'),
('foraminifera'),
('forensik'),
('forklif'),
('formal'),
('formalin'),
('formalistis'),
('formalitas'),
('forman'),
('formasi'),
('format'),
('formatif'),
('formatur'),
('formika'),
('formula'),
('formulasi'),
('formulator'),
('formulir'),
('fornikasi'),
('forsep'),
('forsir'),
('forte'),
('fortifikasi'),
('fortin'),
('forum'),
('fosfat'),
('fosfina'),
('fosfit'),
('fosfor'),
('fosforesens'),
('fosforilase'),
('fosforus'),
('fosgen'),
('fosil'),
('foto'),
('fotodiode'),
('fotoelektron'),
('fotoemisi'),
('fotogenik'),
('fotograf'),
('fotografer'),
('fotografi'),
('fotografis'),
('fotogravur'),
('fotokimia'),
('fotokonduksi'),
('fotokonduktivitas'),
('fotokonduktor'),
('fotokopi'),
('fotokromi'),
('fotokromik'),
('fotolisis'),
('fotolitografi'),
('fotometer'),
('fotometri'),
('fotomikrografi'),
('fotomodel'),
('foton'),
('fotoperiodisme'),
('fotosel'),
('fotosfer'),
('fotosintesis'),
('fotostat'),
('fototaksis'),
('fototropis'),
('fototustel'),
('fovea'),
('foya'),
('fragmen'),
('fragmentaris'),
('fragmentasi'),
('fraksi'),
('fraksinasi'),
('fraktur'),
('fraktus'),
('frambusia'),
('fransium'),
('frasa'),
('fraseologi'),
('frater'),
('fraternitas'),
('freatofit'),
('fregat'),
('frekuen'),
('frekuensi'),
('frekuentatif'),
('frenologi'),
('freon'),
('frib'),
('frigid'),
('frigorigraf'),
('frigorimeter'),
('frikatif'),
('friksi'),
('fron'),
('front'),
('frontal'),
('fruktosa'),
('frustrasi'),
('fuad'),
('fugasitas'),
('fujur'),
('fukaha'),
('fukara'),
('fuksina'),
('fulgurit'),
('fuli'),
('fulminat'),
('fulus'),
('fumarol'),
('fumigan'),
('fumigasi'),
('fumigator'),
('fundamen'),
('fundamental'),
('fundamentalis'),
('fundamentalisme'),
('fundamentalistis'),
('fungi'),
('fungibel'),
('fungisida'),
('fungistatik'),
('fungoid'),
('fungsi'),
('fungsional'),
('fungsionalisasi'),
('fungsionalisme'),
('fungsionalitas'),
('fungsionaris'),
('fungus'),
('furfural'),
('furnitur'),
('furqan'),
('furuk'),
('fusi'),
('fusta'),
('fusuk'),
('futur'),
('futurisme'),
('futuristik'),
('futuristis'),
('futurolog'),
('futurologi'),
('futurologis'),
('fyord'),
('gabah'),
('gabai'),
('gabak'),
('gabardin'),
('gabas'),
('gabir'),
('gablek'),
('gabor'),
('gabro'),
('gabruk'),
('gabuk'),
('gabung'),
('gabus'),
('gaco'),
('gacok'),
('gacong'),
('gada'),
('gadai'),
('gadamala'),
('gadang'),
('gading'),
('gadis'),
('gado'),
('gadolinit'),
('gadolinium'),
('gadon'),
('gaduh'),
('gaduk'),
('gadung'),
('gadungan'),
('gaek'),
('gaet'),
('gafar'),
('gaflah'),
('gaflat'),
('gaftar'),
('gafur'),
('gaga'),
('gagah'),
('gagai'),
('gagak'),
('gagal'),
('gagang'),
('gagap'),
('gagas'),
('gagau'),
('gagu'),
('gaguk'),
('gah'),
('gaham'),
('gahar'),
('gahara'),
('gahari'),
('gaharu'),
('gai'),
('gaib'),
('gail'),
('gain'),
('gaing'),
('gairah'),
('gait'),
('gajah'),
('gajak'),
('gaji'),
('gajih'),
('gajul'),
('gajus'),
('gakang'),
('gakari'),
('gala'),
('galaba'),
('galaganjur'),
('galagasi'),
('galah'),
('galai'),
('galak'),
('galaksi'),
('galaktometer'),
('galaktorea'),
('galaktosa'),
('galaktosemia'),
('galaktosuria'),
('galan'),
('galang'),
('galanggasi'),
('galar'),
('galas'),
('galat'),
('galau'),
('galbani'),
('galeng'),
('galeri'),
('galgal'),
('gali'),
('galias'),
('galib'),
('galibut'),
('galih'),
('galiot'),
('galir'),
('galium'),
('galiung'),
('galon'),
('galuh'),
('Galungan'),
('galur'),
('galvanis'),
('galvanisasi'),
('galvanometer'),
('galvanometri'),
('galvanoskop'),
('galyas'),
('gam'),
('gama'),
('gamak'),
('gamal'),
('gamalisasi'),
('gamam'),
('gaman'),
('gamang'),
('gamat'),
('gambang'),
('gambar'),
('gambas'),
('gambir'),
('gamblang'),
('gambling'),
('gambuh'),
('gambus'),
('gambut'),
('gambyong'),
('gamelan'),
('gamet'),
('gametangium'),
('gametofit'),
('gametogenesis'),
('gametosit'),
('gamik'),
('gamis'),
('gamit'),
('gamma'),
('gamopetal'),
('gampang'),
('gampar'),
('gamparan'),
('gamping'),
('gamuh'),
('gana'),
('ganal'),
('ganang'),
('ganar'),
('ganas'),
('gancang'),
('gancar'),
('ganco'),
('gancu'),
('ganda'),
('gandal'),
('gandapura'),
('gandar'),
('gandaria'),
('gandarukem'),
('gandarusa'),
('gandarwa'),
('gandasturi'),
('gandasuli'),
('gandem'),
('ganden'),
('gandeng'),
('gandes'),
('gandewa'),
('gandi'),
('gandik'),
('gandin'),
('ganding'),
('gandok'),
('gandola'),
('gandos'),
('gandringan'),
('gandrung'),
('gandu'),
('ganduh'),
('gandul'),
('gandum'),
('gandung'),
('gang'),
('ganggang'),
('ganggu'),
('ganggugugat'),
('ganggut'),
('ganglion'),
('gangsa'),
('gangsar'),
('gangsi'),
('gangsir'),
('gangster'),
('gani'),
('ganih'),
('ganimah'),
('ganja'),
('ganjak'),
('ganjal'),
('ganjar'),
('ganjat'),
('ganjen'),
('ganjil'),
('ganjing'),
('ganjling'),
('ganjur'),
('ganoid'),
('gantal'),
('gantang'),
('gantar'),
('gantel'),
('ganteng'),
('ganti'),
('gantih'),
('gantilan'),
('ganting'),
('gantol'),
('gantole'),
('gantung'),
('ganyah'),
('ganyang'),
('ganyar'),
('ganyong'),
('ganyut'),
('gaok'),
('gap'),
('gapah'),
('gapai'),
('gapil'),
('gapit'),
('gaple'),
('gaplek'),
('gaplok'),
('gapuk'),
('gapura'),
('gar'),
('garah'),
('garai'),
('garam'),
('garan'),
('garang'),
('garangan'),
('garansi'),
('garap'),
('garasi'),
('garau'),
('garba'),
('garbarata'),
('garbis'),
('garda'),
('gardan'),
('gardu'),
('garebek'),
('gari'),
('garib'),
('garindin'),
('garing'),
('garis'),
('garisbawah'),
('garit'),
('garizah'),
('garmen'),
('garnet'),
('garnis'),
('garnisun'),
('garong'),
('garpu'),
('garu'),
('garuda'),
('garuk'),
('garung'),
('garut'),
('garwa'),
('gas'),
('gasab'),
('gasak'),
('gasal'),
('gasang'),
('gasifikasi'),
('gasing'),
('gasket'),
('gasolin'),
('gasometer'),
('gaster'),
('gastrektomi'),
('gastrin'),
('gastritis'),
('gastroenteritis'),
('gastroenterolog'),
('gastroenterologi'),
('gastrointestinal'),
('gastronomi'),
('gastrula'),
('gastrulasi'),
('gatal'),
('gatot'),
('gatra'),
('gatrik'),
('gatuk'),
('gauk'),
('gaukang'),
('gaul'),
('gaun'),
('gaung'),
('gaut'),
('gawai'),
('gawal'),
('gawan'),
('gawang'),
('gawar'),
('gawat'),
('gawir'),
('gaya'),
('gayal'),
('gayam'),
('gayang'),
('gayat'),
('gayau'),
('gayeng'),
('gayuh'),
('gayuk'),
('gayun'),
('gayung'),
('gayut'),
('gaz'),
('gazal'),
('gebah'),
('gebang'),
('gebar'),
('gebeng'),
('geber'),
('geblak'),
('geblek'),
('geblok'),
('gebogan'),
('gebok'),
('gebos'),
('gebot'),
('gebrak'),
('gebu'),
('gebuk'),
('gebung'),
('gebyar'),
('gebyur'),
('gecar'),
('gecek'),
('gecer'),
('gecul'),
('gedabah'),
('gede'),
('gedebeg'),
('gedebok'),
('gedebuk'),
('gedebung'),
('gedek'),
('gedembai'),
('gedembal'),
('gedempol'),
('gedeng'),
('gedi'),
('gedik'),
('gedok'),
('gedombak'),
('gedombrongan'),
('gedong'),
('gedor'),
('gedubang'),
('gedung'),
('geduyut'),
('gegabah'),
('gegadan'),
('gegai'),
('gegakgempita'),
('gegala'),
('gegaman'),
('gegana'),
('gegaokan'),
('gegap'),
('gegar'),
('gegares'),
('gegas'),
('gegat'),
('gegau'),
('gegep'),
('geger'),
('gegetar'),
('gegetun'),
('gegisik'),
('gegua'),
('geiger'),
('geiser'),
('gejah'),
('gejala'),
('gejolak'),
('gejos'),
('gejuju'),
('gel'),
('gela'),
('gelabah'),
('gelabir'),
('gelabur'),
('geladak'),
('geladeri'),
('geladi'),
('geladir'),
('geladrah'),
('gelagah'),
('gelagap'),
('gelagar'),
('gelagat'),
('gelak'),
('gelakak'),
('gelalar'),
('gelam'),
('gelama'),
('gelamai'),
('gelambir'),
('gelandang'),
('gelandot'),
('gelang'),
('gelanggang'),
('gelangsar'),
('gelantang'),
('gelanting'),
('gelantung'),
('gelap'),
('gelapung'),
('gelar'),
('gelas'),
('gelasak'),
('gelasir'),
('gelatik'),
('gelatin'),
('gelatuk'),
('gelayangan'),
('gelayar'),
('gelayut'),
('gelebah'),
('gelebap'),
('gelebar'),
('geleber'),
('gelebuk'),
('geleca'),
('gelecik'),
('geledah'),
('geledang'),
('geledek'),
('geleding'),
('geledur'),
('gelegah'),
('gelegak'),
('gelegar'),
('gelegata'),
('gelek'),
('gelekak'),
('gelekek'),
('gelema'),
('gelemat'),
('gelemberan'),
('gelembong'),
('gelembung'),
('gelembur'),
('gelempang'),
('gelemprang'),
('gelenang'),
('gelendo'),
('gelendong'),
('gelendot'),
('geleng'),
('gelenggang'),
('gelentang'),
('gelenting'),
('gelenyar'),
('gelepai'),
('gelepar'),
('gelepek'),
('gelepot'),
('gelepung'),
('gelepur'),
('geler'),
('gelesek'),
('geleser'),
('gelesot'),
('geleta'),
('geletak'),
('geletar'),
('geletek'),
('geletik'),
('geleting'),
('geletis'),
('geletuk'),
('geli'),
('geliang'),
('geliat'),
('gelibir'),
('gelicik'),
('geligi'),
('geligin'),
('geligis'),
('geligit'),
('gelignit'),
('gelimang'),
('gelimantang'),
('gelimbir'),
('gelimir'),
('gelimpang'),
('gelimun'),
('gelincir'),
('gelincuh'),
('gelinding'),
('gelinggam'),
('gelinggaman'),
('gelinggang'),
('gelingsir'),
('gelinjang'),
('gelintang'),
('gelintar'),
('gelintin'),
('gelinting'),
('gelintir'),
('gelipar'),
('gelisah'),
('gelita'),
('gelitar'),
('gelitik'),
('gelo'),
('gelobak'),
('gelobok'),
('gelocak'),
('gelodar'),
('gelodok'),
('gelogok'),
('gelohok'),
('gelojoh'),
('gelombang'),
('gelompar'),
('gelondong'),
('geloneng'),
('gelonggong'),
('gelongsor'),
('gelontor'),
('gelopak'),
('gelora'),
('gelosang'),
('geloso'),
('gelosok'),
('gelotak'),
('geluduk'),
('geluga'),
('gelugu'),
('gelugur'),
('gelugut'),
('geluh'),
('geluk'),
('gelulur'),
('gelumat'),
('geluncur'),
('gelundung'),
('gelung'),
('gelup'),
('gelupur'),
('gelut'),
('gema'),
('gemah'),
('gemak'),
('gemal'),
('geman'),
('gemang'),
('gemap'),
('gemar'),
('gemas'),
('gemaung'),
('gemawan'),
('gembak'),
('gembala'),
('gembel'),
('gembeng'),
('gembil'),
('gembili'),
('gembira'),
('gemblak'),
('gembleng'),
('gemblong'),
('gemblung'),
('gembok'),
('gembol'),
('gembolo'),
('gembong'),
('gembor'),
('gembos'),
('gembreng'),
('gembrot'),
('gembul'),
('gembung'),
('gembur'),
('gembus'),
('gembut'),
('gemebyar'),
('gemelentam'),
('gemeletak'),
('gemeletap'),
('gemeletek'),
('gemelugut'),
('gementam'),
('gemercak'),
('gemercik'),
('gemerencang'),
('gemerencik'),
('gemerencing'),
('gemerencung'),
('gemeresak'),
('gemeresik'),
('gemeretak'),
('gemeretuk'),
('gemeretup'),
('gemerlap'),
('gemertak'),
('gemertuk'),
('gemerusuk'),
('gemetar'),
('gemi'),
('gemik'),
('gemilang'),
('gemilap'),
('geming'),
('Gemini'),
('gemintang'),
('geminte'),
('gemirang'),
('gempa'),
('gempal'),
('gempar'),
('gempil'),
('gempita'),
('gempol'),
('gempor'),
('gempur'),
('gemuk'),
('gemul'),
('gemulai'),
('gemulung'),
('gemuntur'),
('gemuruh'),
('gen'),
('gena'),
('genah'),
('genahar'),
('genang'),
('genap'),
('gencar'),
('gencat'),
('gencel'),
('gencer'),
('gencet'),
('gencir'),
('gendak'),
('gendala'),
('gendam'),
('gendang'),
('gendar'),
('gendarmeri'),
('gendeng'),
('gender'),
('genderang'),
('genderuwo'),
('gendewa'),
('gending'),
('gendis'),
('gendon'),
('gendong'),
('genduk'),
('gendut'),
('genealogi'),
('genealogis'),
('genegin'),
('geneng'),
('generalis'),
('generalisasi'),
('generalisimo'),
('generasi'),
('generatif'),
('generator'),
('generik'),
('genesis'),
('genetika'),
('genetis'),
('geng'),
('genggam'),
('genggang'),
('genggong'),
('gengsah'),
('gengsi'),
('gengsot'),
('genial'),
('genialitas'),
('genikulum'),
('genis'),
('genit'),
('genital'),
('genitalia'),
('genitif'),
('genius'),
('genjah'),
('genjang'),
('genjer'),
('genjik'),
('genjot'),
('genjrang'),
('genjring'),
('genjur'),
('genom'),
('genosida'),
('genotipe'),
('genre'),
('genta'),
('gentala'),
('gentar'),
('gentas'),
('gentat'),
('gentayang'),
('gentel'),
('genteng'),
('gentian'),
('genting'),
('gentong'),
('gentrifikasi'),
('gentur'),
('gentus'),
('genus'),
('genyot'),
('geobotani'),
('geodesi'),
('geofisika'),
('geofisikawan'),
('geofisis'),
('geofon'),
('geognosi'),
('geografi'),
('geografis'),
('geohidrologi'),
('geokimia'),
('geokronologi'),
('geolog'),
('geologi'),
('geologis'),
('geologiwan'),
('geomansi'),
('geometri'),
('geometris'),
('geomorfologi'),
('geonomi'),
('geopolitik'),
('geosentris'),
('geosinkronis'),
('geostasioner'),
('geostatika'),
('geoteknik'),
('geoteknologi'),
('geotermal'),
('geotermi'),
('geotermometer'),
('gepeng'),
('gepit'),
('geplak'),
('gepok'),
('geprak'),
('gepuk'),
('gera'),
('gerabah'),
('gerabang'),
('geradi'),
('geragai'),
('geragap'),
('geragas'),
('geragau'),
('geragih'),
('geraguk'),
('gerah'),
('geraham'),
('gerai'),
('gerak'),
('geram'),
('geraman'),
('geramang'),
('geramsut'),
('geramus'),
('gerang'),
('gerangan'),
('geranggang'),
('geranium'),
('gerantak'),
('gerantang'),
('geranyam'),
('gerapai'),
('gerapu'),
('gerat'),
('geratak'),
('geratih'),
('gerau'),
('gerawan'),
('gerawat'),
('gerayah'),
('gerayang'),
('gerbak'),
('gerbang'),
('gerbera'),
('gerbong'),
('gerbus'),
('gerda'),
('gerdan'),
('gerdum'),
('gerecak'),
('gerecok'),
('gereget'),
('gereh'),
('gereja'),
('gerejani'),
('gerejawi'),
('gerek'),
('geremet'),
('gerempang'),
('gerencang'),
('gerendel'),
('gerendeng'),
('gerenek'),
('gereneng'),
('gerengseng'),
('gerenik'),
('gerenjeng'),
('gerenjet'),
('gerentang'),
('gerenyau'),
('gerenyeng'),
('gerenyet'),
('gerenying'),
('gerenyit'),
('gerenyot'),
('gerepe'),
('gerepek'),
('gerepes'),
('geresek'),
('geret'),
('geretak'),
('geretang'),
('gergaji'),
('gergasi'),
('gergeran'),
('gerha'),
('gerhana'),
('geriak'),
('geriap'),
('geriatrik'),
('geribik'),
('gericau'),
('geridip'),
('geridit'),
('gerigi'),
('gerigik'),
('gerigis'),
('gerih'),
('gerik'),
('gerilya'),
('gerilyawan'),
('gerilyawati'),
('gerim'),
('gerimis'),
('gerincing'),
('gerinda'),
('gerindin'),
('gerinding'),
('gering'),
('geringging'),
('geringsing'),
('gerinjal'),
('gerinjam'),
('gerinting'),
('gerinyau'),
('gerip'),
('geripir'),
('geripis'),
('gerisik'),
('gerising'),
('gerit'),
('geriuk'),
('gerlap'),
('gerlip'),
('germang'),
('germanium'),
('germinal'),
('germisida'),
('germo'),
('germut'),
('gero'),
('geroak'),
('gerobak'),
('gerobok'),
('gerobyak'),
('gerocok'),
('gerodak'),
('gerogol'),
('gerogot'),
('gerohok'),
('gerohong'),
('gerojok'),
('gerombol'),
('gerombong'),
('gerompok'),
('gerong'),
('geronggang'),
('geronium'),
('gerontokrasi'),
('gerontol'),
('gerontologi'),
('geronyot'),
('geropes'),
('geropyok'),
('geros'),
('gerosak'),
('gerowong'),
('gerowot'),
('gerpol'),
('gersak'),
('gersang'),
('gersik'),
('gertak'),
('gertik'),
('gertuk'),
('geru'),
('gerugut'),
('geruh'),
('geruit'),
('gerumit'),
('gerumpung'),
('gerumuk'),
('gerumut'),
('gerun'),
('gerundang'),
('gerundel'),
('gerung'),
('gerunggung'),
('gerunyam'),
('gerup'),
('gerupis'),
('gerupuk'),
('gerus'),
('gerut'),
('gerutu'),
('gerutup'),
('gerutus'),
('gesa'),
('gesek'),
('gesel'),
('geser'),
('gesit'),
('gesper'),
('gestikulasi'),
('geta'),
('getah'),
('getang'),
('getap'),
('getar'),
('getas'),
('getek'),
('getik'),
('getil'),
('getir'),
('getis'),
('getok'),
('getol'),
('getu'),
('getuk'),
('getun'),
('geulis'),
('gewang'),
('gial'),
('giam'),
('giat'),
('gibah'),
('gibang'),
('giblet'),
('gibtah'),
('gidik'),
('gigahertz'),
('gigantisme'),
('gigi'),
('gigih'),
('gigil'),
('gigis'),
('gigit'),
('gigolo'),
('gila'),
('gilang'),
('gilap'),
('gilas'),
('gili'),
('gilik'),
('giling'),
('gilir'),
('gim'),
('gimbal'),
('gimnasium'),
('gimnastik'),
('gimpal'),
('gin'),
('ginang'),
('gincu'),
('ginding'),
('ginekolog'),
('ginekologi'),
('ginekomasti'),
('ginesium'),
('gingivitis'),
('ginglimus'),
('gingsir'),
('gingsul'),
('ginjal'),
('ginjean'),
('ginkang'),
('ginogenesis'),
('ginseng'),
('gips'),
('gipsi'),
('gir'),
('girah'),
('giral'),
('girang'),
('giras'),
('girasol'),
('giri'),
('girik'),
('girikan'),
('giring'),
('giris'),
('giro'),
('giroskop'),
('girostat'),
('girostatika'),
('gisar'),
('gisik'),
('gisil'),
('gita'),
('gitapati'),
('gitar'),
('gitaris'),
('gites'),
('gitik'),
('gitok'),
('giuk'),
('giur'),
('giwang'),
('gizi'),
('glabela'),
('gladiator'),
('gladiol'),
('glamor'),
('glandula'),
('glans'),
('glasial'),
('glasir'),
('glasnos'),
('glaukoma'),
('glegek'),
('glenik'),
('glenoid'),
('gletser'),
('glidik'),
('glikogen'),
('glikogenesis'),
('glikogenolisis'),
('glikol'),
('glikolisis'),
('glikosida'),
('glikosidase'),
('glikosuria'),
('gliserida'),
('gliserol'),
('global'),
('globalisasi'),
('globalisme'),
('globe'),
('globulin'),
('globus'),
('glokidium'),
('glomerulus'),
('glomus'),
('glosarium'),
('glosem'),
('glosematik'),
('glositis'),
('glotal'),
('glotalisasi'),
('glotis'),
('glukagon'),
('glukosa'),
('glukosan'),
('glukosida'),
('gluten'),
('gnomon'),
('goak'),
('gob'),
('goba'),
('gobak'),
('gobang'),
('gobar'),
('gobek'),
('gobet'),
('goblok'),
('gocap'),
('gocek'),
('gocoh'),
('goda'),
('godak'),
('godam'),
('godek'),
('godok'),
('godong'),
('godot'),
('goel'),
('gogoh'),
('gogok'),
('gogos'),
('gogrok'),
('gohok'),
('gohong'),
('gojek'),
('gojlok'),
('gokar'),
('gol'),
('golak'),
('golbi'),
('golek'),
('goleng'),
('goler'),
('golf'),
('golok'),
('golong'),
('golput'),
('gom'),
('gombak'),
('gombal'),
('gombang'),
('gombeng'),
('gombrang'),
('gombroh'),
('gombyok'),
('gompal'),
('gompiok'),
('gonad'),
('gondang'),
('gondok'),
('gondol'),
('gondola'),
('gondong'),
('gondorukem'),
('gondrong'),
('gong'),
('gonggo'),
('gonggok'),
('gonggong'),
('gongli'),
('gongseng'),
('gongyo'),
('goni'),
('gonidium'),
('goniometri'),
('gonjak'),
('gonjang'),
('gonjing'),
('gonjlang'),
('gonjok'),
('gonjong'),
('gonokokus'),
('gonore'),
('gonrang'),
('gontai'),
('gontok'),
('gonyak'),
('gonyeh'),
('gonyel'),
('gonyoh'),
('gopek'),
('gopoh'),
('gorap'),
('gorden'),
('gorek'),
('goreng'),
('gores'),
('gori'),
('gorila'),
('gorilya'),
('goroh'),
('gorok'),
('gosan'),
('gosip'),
('gosok'),
('gosong'),
('gospel'),
('got'),
('gotes'),
('gotik'),
('gotong'),
('gotongroyong'),
('gotri'),
('gotrok'),
('gotun'),
('gowok'),
('goyah'),
('goyak'),
('goyang'),
('grabadan'),
('grad'),
('gradasi'),
('gradien'),
('gradual'),
('gradualisme'),
('graf'),
('grafem'),
('grafemik'),
('grafemis'),
('grafetik'),
('grafik'),
('grafika'),
('grafikawan'),
('grafis'),
('grafit'),
('grafitasi'),
('grafolog'),
('grafologi'),
('graha'),
('grahita'),
('gram'),
('gramatika'),
('gramatikal'),
('grambyang'),
('gramofon'),
('granat'),
('granit'),
('granolitik'),
('granula'),
('granulasi'),
('granulosit'),
('grapyak'),
('grasi'),
('gratak'),
('gratifikasi'),
('gratis'),
('gravel'),
('graver'),
('gravimeter'),
('gravitas'),
('gravitasi'),
('grecok'),
('gregarius'),
('grehon'),
('grempel'),
('gres'),
('gria'),
('grip'),
('griya'),
('grogi'),
('gronjong'),
('gros'),
('grosir'),
('grup'),
('gruwung'),
('gua'),
('gual'),
('guam'),
('guanidina'),
('guanina'),
('guano'),
('guar'),
('gubah'),
('gubal'),
('gubang'),
('gubel'),
('gubernemen'),
('gubernur'),
('gubit'),
('gubris'),
('gubuk'),
('guci'),
('gudang'),
('gudangan'),
('gude'),
('gudeg'),
('guderi'),
('gudi'),
('gudik'),
('gue'),
('gugah'),
('gugat'),
('gugu'),
('guguh'),
('guguk'),
('gugup'),
('gugur'),
('gugus'),
('guit'),
('gujirat'),
('gukakas'),
('gul'),
('gula'),
('gulah'),
('gulai'),
('gulali'),
('gulam'),
('gulambai'),
('gulana'),
('gulat'),
('guli'),
('guliga'),
('guling'),
('gulir'),
('gulita'),
('gulma'),
('gulud'),
('gulung'),
('gulut'),
('gum'),
('guma'),
('gumal'),
('gumam'),
('gumba'),
('gumbaan'),
('gumbang'),
('gumbar'),
('gumboro'),
('gumbuk'),
('gumebruk'),
('gumelaran'),
('gumpal'),
('gumpil'),
('gumuk'),
('gumul'),
('gumun'),
('gun'),
('guna'),
('gunawan'),
('guncang'),
('gunci'),
('gundah'),
('gundal'),
('gundala'),
('gundang'),
('gundar'),
('gundi'),
('gundik'),
('gundu'),
('gunduk'),
('gundul'),
('gung'),
('gunggung'),
('gunjai'),
('gunjing'),
('gunolugu'),
('gunrit'),
('gunseikan'),
('guntai'),
('guntak'),
('guntang'),
('guntil'),
('gunting'),
('guntung'),
('guntur'),
('gunung'),
('gunyam'),
('gup'),
('gurab'),
('gurah'),
('guram'),
('gurami'),
('gurat'),
('gurau'),
('gurdan'),
('gurdi'),
('guri'),
('gurih'),
('gurik'),
('gurindam'),
('guring'),
('gurit'),
('gurita'),
('gurnadur'),
('guru'),
('gurub'),
('guruh'),
('guruk'),
('gurun'),
('gurung'),
('gurur'),
('gus'),
('gusah'),
('gusar'),
('gusel'),
('gusi'),
('gusrek'),
('gusti'),
('gusul'),
('gusur'),
('gutasi'),
('gutik'),
('gutuk'),
('guyon'),
('guyub'),
('guyur'),
('habenula'),
('habib'),
('habibi'),
('habibullah'),
('habis'),
('habitat'),
('habituasi'),
('habitus'),
('habluk'),
('hablun'),
('hablur'),
('Habsyi'),
('habuan'),
('habuk'),
('habung'),
('had'),
('hadanah'),
('hadap'),
('hadas'),
('hadat'),
('hadiah'),
('hadir'),
('hadirat'),
('hadirin'),
('hadis'),
('hadron'),
('hafal'),
('hafiz'),
('hafnium'),
('hagiografi'),
('hahnium'),
('hai'),
('haid'),
('haik'),
('haiking'),
('haiku'),
('hail'),
('hailai'),
('haj'),
('hajah'),
('hajar'),
('hajat'),
('haji'),
('hajib'),
('hajim'),
('hajis'),
('hak'),
('hakaik'),
('hakam'),
('hakikat'),
('hakiki'),
('hakim'),
('hakimah'),
('hakuladam'),
('hakulah'),
('hakulyakin'),
('hal'),
('hala'),
('halaik'),
('halakah'),
('halal'),
('halalbihalal'),
('halaman'),
('halang'),
('halau'),
('halazon'),
('halba'),
('haleluya'),
('halia'),
('halilintar'),
('halim'),
('halimbubu'),
('halimun'),
('halimunan'),
('halipan'),
('halitosis'),
('halkah'),
('halma'),
('halo'),
('halobion'),
('halofili'),
('halofit'),
('halofob'),
('halogen'),
('halogenasi'),
('halotan'),
('halsduk'),
('halte'),
('halter'),
('haluan'),
('halus'),
('halusinasi'),
('halusinogen'),
('halwa'),
('ham'),
('hama'),
('Hamal'),
('hamatum'),
('hamba'),
('Hambali'),
('hambar'),
('hambat'),
('hambur'),
('hamburger'),
('hamdalah'),
('hamdu'),
('hamik'),
('hamil'),
('haminte'),
('hampa'),
('hampang'),
('hampar'),
('hampir'),
('hamud'),
('hamulus'),
('hamun'),
('hamzah'),
('hana'),
('hanacaraka'),
('Hanafi'),
('hancing'),
('hancur'),
('hancurlebur'),
('hancurluluh'),
('handai'),
('handal'),
('handaruan'),
('handasah'),
('handelar'),
('handuk'),
('hang'),
('hangat'),
('hanger'),
('hanggar'),
('hangit'),
('hangus'),
('hanif'),
('hanjuang'),
('hansop'),
('hantai'),
('hantam'),
('hantap'),
('hantar'),
('hantir'),
('hantu'),
('hanya'),
('hanyut'),
('hap'),
('hapetan'),
('haplografi'),
('haploid'),
('haplologi'),
('hapus'),
('hara'),
('harak'),
('harakah'),
('harakat'),
('harakiri'),
('haram'),
('harap'),
('harawan'),
('harbi'),
('hardik'),
('harem'),
('harendong'),
('harfiah'),
('harga'),
('hari'),
('harimau'),
('haring'),
('harini'),
('haris'),
('harisah'),
('harit'),
('harkat'),
('harmoni'),
('harmonik'),
('harmonika'),
('harmonis'),
('harmonisasi'),
('harmonium'),
('harnet'),
('harpa'),
('harpis'),
('harpun'),
('hart'),
('harta'),
('hartal'),
('hartawan'),
('haru'),
('haruan'),
('harubiru'),
('harum'),
('harungguan'),
('harus'),
('has'),
('hasab'),
('hasad'),
('hasai'),
('hasan'),
('hasar'),
('hasib'),
('hasid'),
('hasil'),
('hasrat'),
('hasta'),
('hasud'),
('hasut'),
('hasyiah'),
('hasyis'),
('hati'),
('hatif'),
('hatta'),
('haud'),
('haudah'),
('haukalah'),
('haul'),
('haur'),
('hauri'),
('haus'),
('haustorium'),
('hawa'),
('hawar'),
('hawari'),
('hawiah'),
('hayat'),
('hayati'),
('hayo'),
('heban'),
('hebat'),
('heboh'),
('hebras'),
('hebring'),
('hedonis'),
('hedonisme'),
('hegelianisme'),
('hegemoni'),
('hegemonik'),
('hegemonisme'),
('heiho'),
('heksadesimal'),
('heksagon'),
('heksahedron'),
('heksaklorida'),
('heksameter'),
('heksana'),
('heksapoda'),
('hektar'),
('hektare'),
('hektograf'),
('hektogram'),
('hektoliter'),
('hektometer'),
('hela'),
('helah'),
('helai'),
('helat'),
('helicak'),
('helikopter'),
('heling'),
('heliofit'),
('heliofobi'),
('heliograf'),
('heliogram'),
('heliometer'),
('heliosentrik'),
('helioskop'),
('heliotaksis'),
('helioterapi'),
('heliotrop'),
('heliotropisme'),
('helipad'),
('helium'),
('helm'),
('helmintologi'),
('hem'),
('hemat'),
('hematit'),
('hematite'),
('hematofobia'),
('hematologi'),
('hematom'),
('hematometra'),
('hematuri'),
('hembak'),
('hembalang'),
('hemeralopi'),
('hemikordat'),
('hemiplegia'),
('hemisfer'),
('hemodialisis'),
('hemofilia'),
('hemoglobin'),
('hemolisis'),
('hemopoiesis'),
('hemopteran'),
('hemoragi'),
('hemoroid'),
('hemosit'),
('hemositometer'),
('hemostasis'),
('hemostatik'),
('hempap'),
('hempas'),
('hendak'),
('hendel'),
('heng'),
('hengit'),
('hengkang'),
('hening'),
('henoteisme'),
('henry'),
('hentar'),
('henti'),
('hepar'),
('hepatitis'),
('heptagon'),
('heptahedron'),
('heptameter'),
('heptana'),
('heraldik'),
('heran'),
('herba'),
('herbarium'),
('herbisida'),
('herbivor'),
('herbivora'),
('herder'),
('hereditas'),
('herediter'),
('heregistrasi'),
('heresi'),
('hering'),
('hermafrodit'),
('hermafroditisme'),
('hermetis'),
('hernia'),
('hero'),
('heroik'),
('heroin'),
('heroisme'),
('herpes'),
('herpetolog'),
('herpetologi'),
('hertz'),
('hesperidin'),
('heterodin'),
('heterodoks'),
('heterofemi'),
('heterofil'),
('heterofit'),
('heterogamet'),
('heterogami'),
('heterogen'),
('heterogenitas'),
('heterograf'),
('heterografi'),
('heteroklitus'),
('heteronim'),
('heteronimi'),
('heteronomi'),
('heteroseksual'),
('heteroseksualitas'),
('heterosfer'),
('heterosiklis'),
('heterosis'),
('heterospora'),
('heterostili'),
('heterotrof'),
('heterozigot'),
('heuristis'),
('hewan'),
('hewani'),
('hia'),
('hialin'),
('hialit'),
('hias'),
('hiatus'),
('hibah'),
('hibat'),
('hibernasi'),
('hibiskus'),
('hibob'),
('hibrida'),
('hibridis'),
('hibridisasi'),
('hibuk'),
('hibur'),
('hidang'),
('hidatod'),
('hidayah'),
('hidrasi'),
('hidrat'),
('hidraulika'),
('hidraulis'),
('hidrida'),
('hidrodinamika'),
('hidrofili'),
('hidrofit'),
('hidrofobia'),
('hidrofoil'),
('hidrofon'),
('hidrogen'),
('hidrogenasi'),
('hidrogeologi'),
('hidrograf'),
('hidrografi'),
('hidrogram'),
('hidrokarbon'),
('hidroklorida'),
('hidrokori'),
('hidroksida'),
('hidroksil'),
('hidrolisis'),
('hidrologi'),
('hidrometeorologi'),
('hidrometer'),
('hidrometri'),
('hidromini'),
('hidronan'),
('hidropati'),
('hidroperoksida'),
('hidroponik'),
('hidropsoma'),
('hidrosfer'),
('hidrosiklon'),
('hidroskop'),
('hidrostatika'),
('hidrostatis'),
('hidroterapi'),
('hidrotermal'),
('hidu'),
('hidung'),
('hidup'),
('hiena'),
('hierarki'),
('hierarkis'),
('hieroglif'),
('hifa'),
('higiene'),
('higienis'),
('higrograf'),
('higrogram'),
('higrometer'),
('higrometri'),
('higroskop'),
('higroskopis'),
('higrotermograf'),
('higrotermogram'),
('hijab'),
('hijaiah'),
('hijau'),
('hijaudaun'),
('hijrah'),
('hijriah'),
('hikayat'),
('hikmah'),
('hikmat'),
('hilal'),
('hilang'),
('hilau'),
('hilir'),
('hilofagus'),
('himanga'),
('himar'),
('himen'),
('himenium'),
('himne'),
('himpun'),
('hina'),
('hinadina'),
('hinap'),
('Hinayana'),
('hindar'),
('Hindi'),
('hinduisme'),
('hingga'),
('hinggap'),
('hinggut'),
('hio'),
('hiosiamina'),
('hiosin'),
('hipantium'),
('hiperaktif'),
('hiperamnesi'),
('hiperbarik'),
('hiperbol'),
('hiperbolis'),
('hiperemia'),
('hiperestesia'),
('hipergami'),
('hiperkelas'),
('hiperkinesis'),
('hiperkorek'),
('hiperkritis'),
('hiperlipemia'),
('hipermetropia'),
('hiperon'),
('hiperopia'),
('hiperparasit'),
('hiperplasia'),
('hiperseksual'),
('hipersensitif'),
('hipersonik'),
('hipersonika'),
('hipertensi'),
('hipertonik'),
('hipertradisional'),
('hipertrikosis'),
('hipertrofi'),
('hipervitaminosis'),
('hipnosis'),
('hipnoterapi'),
('hipnotis'),
('hipnotisme'),
('hipoblas'),
('hipodermis'),
('hipodermoklisis'),
('hipodrom'),
('hipofisis'),
('hipofremia'),
('hipogen'),
('hipoglikemia'),
('hipokondria'),
('hipokotil'),
('hipokrisi'),
('hipokrit'),
('hipokritis'),
('hipolimnion'),
('hipomastia'),
('hipomnesia'),
('hiponim'),
('hipopituitarisme'),
('hipoplankton'),
('hipoplasia'),
('hipopotamus'),
('hiposentrum'),
('hipotaksis'),
('hipotek'),
('hipotensi'),
('hipotenusa'),
('hipotermia'),
('hipotesis'),
('hipotetis'),
('hipotiroid'),
('hipotiroidisme'),
('hipotonik'),
('hipovitaminosis'),
('hipsometer'),
('hipui'),
('hirap'),
('hirau'),
('hirsutisme'),
('hirudin'),
('hiruk'),
('hirup'),
('his'),
('hisab'),
('histamina'),
('histerektomi'),
('histeria'),
('histeris'),
('histerisis'),
('histidina'),
('histogeni'),
('histokimia'),
('histologi'),
('histon'),
('histopatologi'),
('histori'),
('historikus'),
('historiografi'),
('historis'),
('historisisme'),
('historisitas'),
('hit'),
('hitam'),
('hitamputih'),
('hitung'),
('hiu'),
('hiyayat'),
('hobi'),
('hobo'),
('hodadoda'),
('hodometer'),
('hoi'),
('hokah'),
('hoki'),
('holi'),
('holisme'),
('holistis'),
('holmium'),
('holobentos'),
('holoenzim'),
('holofit'),
('holofitik'),
('holofrasis'),
('hologamet'),
('hologami'),
('holograf'),
('holografis'),
('hologram'),
('holokrin'),
('holoplankton'),
('holosen'),
('holozoik'),
('homeostasis'),
('homili'),
('hominid'),
('hominoid'),
('homo'),
('homofon'),
('homofoni'),
('homogami'),
('homogen'),
('homogeni'),
('homogenitas'),
('homograf'),
('homografi'),
('homogram'),
('homoiotermal'),
('homolog'),
('homologi'),
('homonim'),
('homonimi'),
('homorgan'),
('homoseks'),
('homoseksual'),
('homoseksualisme'),
('homoseksualitas'),
('homosfer'),
('homospora'),
('homoterm'),
('homozigot'),
('honae'),
('honcoe'),
('honji'),
('honor'),
('honorarium'),
('honorer');
INSERT INTO `katadasar` (`kata`) VALUES
('honorifik'),
('hop'),
('hopagen'),
('hopbiro'),
('hopkantor'),
('hopyes'),
('horas'),
('hore'),
('horizon'),
('horizontal'),
('hormat'),
('hormon'),
('hornblenda'),
('horor'),
('horoskop'),
('hortikultura'),
('hortikulturis'),
('hoskut'),
('hospital'),
('hostel'),
('hostes'),
('hosti'),
('hot'),
('hotdog'),
('hotel'),
('howitzer'),
('huakiau'),
('hububan'),
('hubulwatan'),
('hubung'),
('huda'),
('hudai'),
('hudhud'),
('hudud'),
('hufaz'),
('huh'),
('hujah'),
('hujaj'),
('hujan'),
('hujat'),
('huji'),
('hujin'),
('hujung'),
('hukama'),
('hukum'),
('hulam'),
('huler'),
('hulu'),
('hulubalang'),
('hulul'),
('huma'),
('human'),
('humaniora'),
('humanis'),
('humanisasi'),
('humanisme'),
('humanistis'),
('humanitas'),
('humaniter'),
('humas'),
('humbalang'),
('humektan'),
('humerus'),
('humidifikasi'),
('humiditas'),
('humifikasi'),
('humin'),
('humor'),
('humoris'),
('humoristis'),
('humorolog'),
('humus'),
('hun'),
('huncue'),
('huni'),
('hunjam'),
('hunkue'),
('hunus'),
('hurah'),
('huria'),
('huriah'),
('hurikan'),
('huruf'),
('hus'),
('husnulkhatimah'),
('Hut'),
('hutan'),
('huyung'),
('ialah'),
('iambus'),
('iatrogenik'),
('iba'),
('ibadah'),
('ibadat'),
('ibadurahman'),
('iban'),
('ibarat'),
('ibayuh'),
('ibid'),
('ibidem'),
('ibing'),
('iblis'),
('ibni'),
('ibnu'),
('ibra'),
('ibrit'),
('ibtida'),
('ibtidaiah'),
('ibu'),
('ibul'),
('ibun'),
('ibunda'),
('ibung'),
('ibus'),
('Ida'),
('idah'),
('idam'),
('idap'),
('idarah'),
('idas'),
('ide'),
('ideal'),
('idealis'),
('idealisasi'),
('idealisme'),
('idealistis'),
('idem'),
('identifikasi'),
('identik'),
('identitas'),
('ideofon'),
('ideograf'),
('ideografi'),
('ideografis'),
('ideogram'),
('ideologi'),
('ideologis'),
('idep'),
('idiil'),
('idiolek'),
('idiom'),
('idiomatis'),
('idiomatologi'),
('idiosi'),
('idiosinkrasi'),
('idiot'),
('idola'),
('idrak'),
('idu'),
('Iduladha'),
('Idulfitri'),
('ifah'),
('ifrit'),
('iftar'),
('iftitah'),
('iga'),
('igal'),
('igau'),
('iglo'),
('ihdad'),
('ihram'),
('ihsan'),
('ihsanat'),
('ihsas'),
('ihtifal'),
('ihtikar'),
('ihtimal'),
('ihwal'),
('ijab'),
('ijabat'),
('ijajil'),
('ijarah'),
('ijas'),
('ijazah'),
('ijbar'),
('ijmak'),
('ijmal'),
('ijon'),
('ijtihad'),
('ijtimaiah'),
('ijtimak'),
('ijuk'),
('ikab'),
('ikal'),
('ikamah'),
('ikan'),
('ikat'),
('ikebana'),
('ikhbar'),
('ikhlas'),
('ikhtiar'),
('ikhtiari'),
('ikhtilaf'),
('ikhtiogeografi'),
('ikhtiosarkotoksisme'),
('ikhtiotoksisme'),
('ikhtisar'),
('ikhwan'),
('iklan'),
('iklim'),
('ikon'),
('ikonis'),
('ikonograf'),
('ikonografi'),
('ikonoklasme'),
('ikonometer'),
('ikrab'),
('ikram'),
('ikrar'),
('iktibar'),
('iktidal'),
('iktikad'),
('iktikaf'),
('iktiografi'),
('iktiolit'),
('iktiologi'),
('iktiologis'),
('iktirad'),
('iktiraf'),
('iktisab'),
('ikuh'),
('ikut'),
('ikutserta'),
('ilafi'),
('ilah'),
('Ilahi'),
('ilahiah'),
('ilahiat'),
('ilai'),
('ilak'),
('ilanun'),
('ilar'),
('ilas'),
('ilat'),
('ilegal'),
('iler'),
('iles'),
('ileum'),
('ilham'),
('ili'),
('ilian'),
('iling'),
('ilmiah'),
('ilmu'),
('ilmuwan'),
('ilu'),
('iluminasi'),
('ilusi'),
('ilusif'),
('ilusionis'),
('ilustrasi'),
('ilustratif'),
('ilustrator'),
('imago'),
('imaji'),
('imajinasi'),
('imajinatif'),
('imajiner'),
('imak'),
('imam'),
('imamah'),
('imamologi'),
('iman'),
('imanen'),
('imanensi'),
('imani'),
('imbak'),
('imbal'),
('imbang'),
('imbas'),
('imbau'),
('imbesil'),
('imbesilitas'),
('imbibisi'),
('imbit'),
('imbuh'),
('imigran'),
('imigrasi'),
('imitasi'),
('imitatif'),
('imitator'),
('imkan'),
('imla'),
('imlek'),
('imobilisasi'),
('impak'),
('impas'),
('impase'),
('impedans'),
('impedansi'),
('impek'),
('imperatif'),
('imperfek'),
('imperfeksi'),
('imperial'),
('imperialis'),
('imperialisme'),
('imperium'),
('impersonal'),
('impersonalia'),
('impersonalitas'),
('impi'),
('impit'),
('implan'),
('implantasi'),
('implemen'),
('implementasi'),
('implikasi'),
('implisit'),
('implosif'),
('impor'),
('importasi'),
('importir'),
('impoten'),
('impotensi'),
('impregnasi'),
('impresariat'),
('impresario'),
('impresi'),
('impresif'),
('impresionis'),
('impresionisme'),
('impresionistik'),
('imprimatur'),
('improvisasi'),
('impuls'),
('impulsif'),
('imsak'),
('imsakiah'),
('imtihan'),
('imun'),
('imunisasi'),
('imunitas'),
('imunokimia'),
('imunokompromi'),
('imunologi'),
('imunologis'),
('imunosupresi'),
('imunoterapi'),
('ina'),
('inabsensia'),
('inadaptabilitas'),
('inai'),
('inang'),
('inangda'),
('inap'),
('inartikulat'),
('inas'),
('inaugurasi'),
('inayat'),
('inca'),
('incar'),
('inci'),
('incit'),
('incling'),
('incrit'),
('incut'),
('indah'),
('indang'),
('indap'),
('indarus'),
('indayang'),
('indebitum'),
('indehoi'),
('indekos'),
('indeks'),
('inden'),
('independen'),
('inderawasih'),
('indeterminisme'),
('indigenos'),
('indigo'),
('indik'),
('indikan'),
('indikasi'),
('indikatif'),
('indikator'),
('inding'),
('indisipliner'),
('indium'),
('individu'),
('individual'),
('individualis'),
('individualisasi'),
('individualisme'),
('individualistis'),
('individualitas'),
('individuasi'),
('indoktrinasi'),
('indolen'),
('indolensi'),
('indologi'),
('Indonesia'),
('indonesianisasi'),
('indra'),
('indraloka'),
('indranila'),
('indriawi'),
('indu'),
('induk'),
('induksi'),
('induktans'),
('induktansi'),
('induktif'),
('induktor'),
('indung'),
('indusemen'),
('industri'),
('industrialis'),
('industrialisasi'),
('industriawan'),
('inefisiensi'),
('inersia'),
('infak'),
('infanteri'),
('infantil'),
('infantilisasi'),
('infantilisme'),
('infarktus'),
('infeksi'),
('inferensi'),
('inferensial'),
('inferior'),
('inferioritas'),
('inferno'),
('infertil'),
('infertilitas'),
('infiks'),
('infiltrasi'),
('infiltrometer'),
('infinitif'),
('infiradi'),
('inflamasi'),
('inflasi'),
('inflatoar'),
('infleksi'),
('infleksibel'),
('infleksif'),
('infloresens'),
('influensa'),
('influenza'),
('info'),
('informal'),
('informan'),
('informasi'),
('informatif'),
('informatika'),
('inframerah'),
('infrasonik'),
('infrastruktur'),
('infus'),
('inga'),
('ingar'),
('ingat'),
('ingau'),
('Inggris'),
('inggu'),
('inggung'),
('ingin'),
('ingintahu'),
('ingkah'),
('ingkar'),
('ingkir'),
('ingresif'),
('ingsar'),
('ingsut'),
('ingus'),
('inheren'),
('inhibisi'),
('inhibitor'),
('ini'),
('inisial'),
('inisiasi'),
('inisiatif'),
('inisiator'),
('injak'),
('injap'),
('injeksi'),
('Injil'),
('inkarnasi'),
('inkarserasi'),
('inkarsunah'),
('inkaso'),
('inklaring'),
('inklinasi'),
('inklinometer'),
('inklusif'),
('inkognito'),
('inkompatibilitas'),
('inkompeten'),
('inkomplet'),
('inkonfeso'),
('inkonsisten'),
('inkonsistensi'),
('inkonstitusional'),
('inkonvensional'),
('inkorporasi'),
('inkremental'),
('inkubasi'),
('inkubator'),
('inlander'),
('inokulasi'),
('inovasi'),
('inovatif'),
('inovator'),
('insaf'),
('insan'),
('insanan'),
('insang'),
('insani'),
('insanulkamil'),
('insar'),
('insek'),
('insekta'),
('insektari'),
('insektisida'),
('insektivor'),
('insektivora'),
('insektologi'),
('inseminasi'),
('insentif'),
('insersi'),
('inses'),
('inset'),
('insiden'),
('insidental'),
('insinerator'),
('insinuasi'),
('insinuatif'),
('insinye'),
('insinyur'),
('inskripsi'),
('inslan'),
('insolven'),
('insomnia'),
('inspeksi'),
('inspektorat'),
('inspektur'),
('inspirasi'),
('instabilitas'),
('instalasi'),
('instalatur'),
('instan'),
('instansi'),
('insting'),
('instingtif'),
('institusi'),
('institusional'),
('institut'),
('instruksi'),
('instruksional'),
('instruktif'),
('instruktur'),
('instrumen'),
('instrumental'),
('instrumentalia'),
('instrumentalis'),
('instrumentasi'),
('insubordinasi'),
('insulator'),
('insuler'),
('insulin'),
('Insulinde'),
('insyaAllah'),
('intai'),
('intan'),
('integral'),
('integralistik'),
('integrasi'),
('integrasionis'),
('integritas'),
('integumen'),
('intel'),
('intelek'),
('intelektual'),
('intelektualisasi'),
('intelektualisme'),
('inteligen'),
('inteligensi'),
('inteligensia'),
('intelijen'),
('intendans'),
('intens'),
('intensi'),
('intensif'),
('intensifikasi'),
('intensional'),
('intensitas'),
('interaksi'),
('interaksionistik'),
('interaktif'),
('interdepartemental'),
('interdependen'),
('interdiksi'),
('interdisipliner'),
('interegnum'),
('interelasi'),
('interen'),
('interes'),
('interesan'),
('interetnik'),
('interferens'),
('interferensi'),
('interferometer'),
('interferon'),
('interglasial'),
('interim'),
('interinsuler'),
('interior'),
('interjeksi'),
('interkom'),
('interkoneksi'),
('interkonsonantal'),
('interkontinental'),
('interlokal'),
('interlokutor'),
('interlud'),
('intermeso'),
('intermezo'),
('intermolekuler'),
('intern'),
('internal'),
('internalisasi'),
('internasional'),
('internasionalisasi'),
('internat'),
('internir'),
('internis'),
('internuntius'),
('interogasi'),
('interogatif'),
('interogator'),
('interpelan'),
('interpelasi'),
('interpelator'),
('interpolasi'),
('interpretasi'),
('interpretatif'),
('interpretator'),
('interpreter'),
('intersepsi'),
('intertestial'),
('intertidal'),
('interupsi'),
('interval'),
('intervensi'),
('intervensionisme'),
('interviu'),
('interzona'),
('inti'),
('intifadah'),
('intiha'),
('intikad'),
('intim'),
('intima'),
('intimasi'),
('intimidasi'),
('intip'),
('intipati'),
('intoksikasi'),
('intoleran'),
('intonasi'),
('intradermal'),
('intrakalimat'),
('intrakurikuler'),
('intralinguistis'),
('intramembran'),
('intramolekul'),
('intramuskuler'),
('intransitif'),
('intraseluler'),
('intrauniversiter'),
('intravaskuler'),
('intravena'),
('intrik'),
('intrinsik'),
('intro'),
('introduksi'),
('introjeksi'),
('introspeksi'),
('introver'),
('intrusi'),
('intuisi'),
('intuitif'),
('intumesensi'),
('invaginasi'),
('invalid'),
('invasi'),
('invensi'),
('inventaris'),
('inventarisasi'),
('inventif'),
('inventor'),
('inventori'),
('inventoriminat'),
('inversi'),
('invertebrata'),
('investasi'),
('investigasi'),
('investigatif'),
('investor'),
('invitasi'),
('invois'),
('involusi'),
('inyik'),
('inzar'),
('inziaj'),
('iodin'),
('ion'),
('ionisasi'),
('ionosfer'),
('iota'),
('ipar'),
('ipis'),
('ipon'),
('iprit'),
('ipuh'),
('ipuk'),
('ipung'),
('iqamat'),
('iqra'),
('ira'),
('iradat'),
('iradiasi'),
('irafah'),
('iram'),
('irama'),
('iras'),
('irasional'),
('irasionalitas'),
('iri'),
('iridium'),
('irigasi'),
('irigator'),
('irihati'),
('irik'),
('iring'),
('iris'),
('irit'),
('iritabilitas'),
('iritasi'),
('iritatif'),
('ironi'),
('ironis'),
('irsyad'),
('irung'),
('irus'),
('IsaAlmasih'),
('isak'),
('isalohipse'),
('isap'),
('isbat'),
('iseng'),
('isentropik'),
('isi'),
('isim'),
('isis'),
('isit'),
('iskemia'),
('islah'),
('Islam'),
('islami'),
('islamiah'),
('islamis'),
('islamisasi'),
('islamisme'),
('islamologi'),
('isoaglutinin'),
('isobar'),
('isobarik'),
('isobat'),
('isobron'),
('isodin'),
('isodinamik'),
('isofase'),
('isofen'),
('isofet'),
('isoflor'),
('isofon'),
('isogamet'),
('isogami'),
('isoglos'),
('isogon'),
('isogram'),
('isohalin'),
('isohel'),
('isohiet'),
('isohips'),
('isokal'),
('isokalori'),
('isokemi'),
('isokeraunik'),
('isokor'),
('isokorik'),
('isokronisme'),
('isolasi'),
('isolasionisme'),
('isolatif'),
('isolator'),
('isoleks'),
('isolemen'),
('isomer'),
('isometrik'),
('isomorf'),
('isomorfis'),
('isomorfisme'),
('isonefel'),
('isonomi'),
('isopal'),
('isopiestik'),
('isoplet'),
('isoriza'),
('isosilabisme'),
('isotah'),
('isoterm'),
('isotermal'),
('isotop'),
('isotrop'),
('isotropik'),
('isovolumik'),
('isra'),
('israf'),
('istal'),
('istan'),
('istana'),
('istanggi'),
('istaz'),
('istazah'),
('istiadat'),
('istianah'),
('istiazah'),
('istibdad'),
('istibra'),
('istidlal'),
('istidraj'),
('istifham'),
('istigasah'),
('istigfar'),
('istihadah'),
('istihsan'),
('istikamah'),
('istikharah'),
('istikhlaf'),
('istiklal'),
('istikmal'),
('istilah'),
('istima'),
('istimaiah'),
('istimewa'),
('istimna'),
('istimtak'),
('istinggar'),
('istinja'),
('istiqlal'),
('istirahat'),
('istislah'),
('istislam'),
('istisna'),
('istitaah'),
('istiwa'),
('istri'),
('isu'),
('isya'),
('isyarat'),
('isytiak'),
('isyu'),
('italik'),
('item'),
('iterasi'),
('iterbium'),
('itibak'),
('itifak'),
('itihad'),
('itik'),
('itil'),
('itisal'),
('itlak'),
('itrium'),
('itu'),
('iudisasi'),
('iur'),
('iwad'),
('iya'),
('izah'),
('izin'),
('jaat'),
('jab'),
('jabal'),
('jabang'),
('Jabariah'),
('jabat'),
('jabattangan'),
('jabir'),
('jables'),
('jabrik'),
('jabung'),
('jadah'),
('jadam'),
('jadayat'),
('jadi'),
('jaduk'),
('jadwal'),
('jaga'),
('jagabaya'),
('jagabela'),
('jagal'),
('jagang'),
('jagapati'),
('jagaraga'),
('jagat'),
('jagawana'),
('jago'),
('jagra'),
('jagrak'),
('jaguar'),
('jagung'),
('jagur'),
('jah'),
('jaha'),
('jahan'),
('jahanam'),
('jahar'),
('jaharu'),
('jahat'),
('jahe'),
('jahil'),
('jahiliah'),
('jahiriah'),
('jahit'),
('jahul'),
('jail'),
('Jainisme'),
('jaipong'),
('jais'),
('jaiz'),
('jaja'),
('jajah'),
('jajak'),
('jajal'),
('jajan'),
('jajar'),
('jaka'),
('jakal'),
('jakas'),
('jaket'),
('jaksa'),
('jaksi'),
('jakun'),
('jala'),
('jalabria'),
('jalad'),
('jalak'),
('jalal'),
('jalan'),
('jalang'),
('jalangkote'),
('jalangkung'),
('jalar'),
('jali'),
('jalibut'),
('jalil'),
('jalin'),
('jalu'),
('jalur'),
('jam'),
('jamadat'),
('jamah'),
('jamak'),
('jamal'),
('jamang'),
('jambak'),
('jambal'),
('jamban'),
('jambang'),
('jambar'),
('jambat'),
('jambe'),
('jambiah'),
('jambian'),
('jamblang'),
('jambon'),
('jambore'),
('jambret'),
('jambu'),
('jambul'),
('jambulan'),
('jambur'),
('jamhur'),
('jamiah'),
('jamiatulhujaj'),
('jamik'),
('jamil'),
('jamin'),
('jamis'),
('jampal'),
('jampen'),
('jampi'),
('jampuk'),
('jamrah'),
('jamu'),
('jamung'),
('jamur'),
('janabah'),
('janabijana'),
('janah'),
('janat'),
('janda'),
('jangak'),
('jangan'),
('jangar'),
('jangat'),
('janggal'),
('janggelan'),
('janggi'),
('janggolan'),
('janggung'),
('janggut'),
('jangka'),
('jangkah'),
('jangkang'),
('jangkar'),
('jangkat'),
('jangkau'),
('jangki'),
('jangking'),
('jangkir'),
('jangkit'),
('jangkrik'),
('jangkung'),
('jangla'),
('jangol'),
('jani'),
('janik'),
('janin'),
('janjang'),
('janji'),
('jantan'),
('jantang'),
('jantina'),
('jantuk'),
('jantung'),
('jantur'),
('janturan'),
('Januari'),
('janubi'),
('janur'),
('jap'),
('japan'),
('japin'),
('japu'),
('jara'),
('jarab'),
('jarah'),
('jarak'),
('jaram'),
('jaran'),
('jaranan'),
('jarang'),
('jaranglaut'),
('jaras'),
('jarem'),
('jargon'),
('jari'),
('jariah'),
('jariji'),
('jarimah'),
('jaring'),
('jarit'),
('jarjau'),
('jaro'),
('jarotan'),
('jarum'),
('jarwa'),
('jas'),
('jasa'),
('jasaboga'),
('jasad'),
('jasadi'),
('jasmani'),
('jasmaniah'),
('jasus'),
('jaswadi'),
('jatah'),
('jatayu'),
('jati'),
('jatilan'),
('jatmika'),
('jatuh'),
('jatukrama'),
('jauh'),
('jauhar'),
('jauhari'),
('Jauza'),
('jawab'),
('jawang'),
('jawara'),
('jawat'),
('jawawut'),
('jawer'),
('jawi'),
('jawil'),
('jaya'),
('jayacihna'),
('jayapatra'),
('jayasong'),
('jayastamba'),
('jayeng'),
('jaz'),
('jazam'),
('jazirah'),
('jebab'),
('jebah'),
('jebai'),
('jebak'),
('jebang'),
('jebar'),
('jebat'),
('jeblok'),
('jeblos'),
('jebluk'),
('jebol'),
('jebor'),
('jebrol'),
('jebuh'),
('jebung'),
('jebur'),
('jeda'),
('jeding'),
('jedot'),
('jegal'),
('jegang'),
('jegil'),
('jegogan'),
('jegung'),
('jejabah'),
('jejak'),
('jejaka'),
('jejal'),
('jejap'),
('jejas'),
('jejengkok'),
('jejer'),
('jejunum'),
('jejuri'),
('jeket'),
('jeksi'),
('jela'),
('jelabak'),
('jelabir'),
('jeladan'),
('jeladren'),
('jeladri'),
('jelaga'),
('jelagra'),
('jelah'),
('jelai'),
('jelajah'),
('jelak'),
('jelalat'),
('jelamprang'),
('jelanak'),
('jelang'),
('jelangak'),
('jelangkung'),
('jelantah'),
('jelapak'),
('jelapang'),
('jelar'),
('jelarang'),
('jelas'),
('jelata'),
('jelatang'),
('jelau'),
('jelawat'),
('jelejeh'),
('jelek'),
('jelempah'),
('jelengar'),
('jelepak'),
('jelepok'),
('jeli'),
('jelih'),
('jelijih'),
('jelimet'),
('jelimpat'),
('jeling'),
('jelir'),
('jelit'),
('jelita'),
('jelma'),
('jelu'),
('jeluak'),
('jeluang'),
('jelujur'),
('jeluk'),
('jelum'),
('jelungkap'),
('jeluntung'),
('jelunut'),
('jelus'),
('jelut'),
('jelutung'),
('jemaah'),
('jemaat'),
('jemah'),
('jemala'),
('jemang'),
('jemari'),
('jemaring'),
('jemawa'),
('jemba'),
('jembak'),
('jembalang'),
('jembar'),
('jembatan'),
('jembel'),
('jember'),
('jembiah'),
('jembrana'),
('jembut'),
('jemeki'),
('jempalit'),
('jempana'),
('jemparing'),
('jempol'),
('jempul'),
('jemput'),
('jemu'),
('jemuas'),
('jemuju'),
('jemur'),
('jenahar'),
('jenak'),
('jenaka'),
('jenama'),
('jenang'),
('jenangau'),
('jenat'),
('jenawi'),
('jenazah'),
('jendal'),
('jendala'),
('jendel'),
('jendela'),
('jendera'),
('jenderal'),
('jendol'),
('jendul'),
('jenela'),
('jeneng'),
('jenewer'),
('jeng'),
('jengah'),
('jengang'),
('jengek'),
('jenggala'),
('jenggar'),
('jengger'),
('jengget'),
('jengglong'),
('jenggot'),
('jengguk'),
('jenggul'),
('jenggut'),
('jengit'),
('jengkal'),
('jengkang'),
('jengkek'),
('jengkel'),
('jengkelit'),
('jengkeng'),
('jengker'),
('jengket'),
('jengki'),
('jengking'),
('jengkit'),
('jengkol'),
('jengkolet'),
('jengkot'),
('jenglong'),
('jenguh'),
('jenguk'),
('jengul'),
('jenis'),
('jenius'),
('jenjam'),
('jenjang'),
('jenjeng'),
('jentaka'),
('jentang'),
('jentayu'),
('jentelmen'),
('jentera'),
('jentik'),
('jenuh'),
('jepa'),
('jepet'),
('jepit'),
('jeprat'),
('jepret'),
('Jepun'),
('jeput'),
('jera'),
('jerabai'),
('jeradik'),
('jeragih'),
('jerah'),
('jerahak'),
('jerahap'),
('jerait'),
('jeram'),
('jeramah'),
('jerambah'),
('jerambai'),
('jerambang'),
('jerambung'),
('jerami'),
('jeran'),
('jerang'),
('jerangan'),
('jerangau'),
('jerangkak'),
('jerangkang'),
('jerangkong'),
('jerap'),
('jerapah'),
('jerat'),
('jerau'),
('jeraus'),
('jerawat'),
('jerba'),
('jerbak'),
('jereket'),
('jeremak'),
('jeremba'),
('jerembap'),
('jerembat'),
('jerembet'),
('jerembun'),
('jerempak'),
('jereng'),
('jerepet'),
('jeri'),
('jeriau'),
('jerigen'),
('jerih'),
('jeriji'),
('jeriken'),
('jering'),
('jeringing'),
('jerit'),
('jerjak'),
('jerkah'),
('jerkat'),
('jermal'),
('jermang'),
('jernang'),
('jernih'),
('jero'),
('jeroan'),
('jerohok'),
('jerojol'),
('jerongkang'),
('jerongkes'),
('jerongkok'),
('jerongkong'),
('jerubung'),
('jeruji'),
('jeruju'),
('jeruk'),
('jerukun'),
('jerukup'),
('jerum'),
('jerumat'),
('jerumbai'),
('jerumun'),
('jerumus'),
('jerun'),
('jerung'),
('jerungkau'),
('jerungkis'),
('jerungkung'),
('jerunuk'),
('jerupih'),
('jet'),
('jetis'),
('jetsam'),
('jetset'),
('jewer'),
('jiawang'),
('jib'),
('jibaku'),
('jibilah'),
('Jibrail'),
('Jibril'),
('jibti'),
('jibun'),
('jicap'),
('jicapgo'),
('jicing'),
('jidar'),
('jidat'),
('jidur'),
('jigong'),
('jigrah'),
('jih'),
('jihad'),
('jihat'),
('jijik'),
('jijit'),
('jika'),
('jikalau'),
('jil'),
('jila'),
('jilah'),
('jilam'),
('jilat'),
('jilbab'),
('jilid'),
('jim'),
('jimak'),
('Jimakir'),
('jimat'),
('Jimawal'),
('jimbit'),
('jimpit'),
('jin'),
('jinak'),
('jinayah'),
('jindra'),
('jinem'),
('jineman'),
('jineng'),
('jingap'),
('jingau'),
('jingga'),
('jinggring'),
('jingkat'),
('jingkik'),
('jingkrak'),
('jingo'),
('jingoisme'),
('jingu'),
('jinjang'),
('jinjing'),
('jinjit'),
('jinsom'),
('jintan'),
('jip'),
('jipang'),
('jiplak'),
('jipro'),
('jir'),
('jirak'),
('jiran'),
('jirat'),
('jirian'),
('jirus'),
('jisim'),
('jitah'),
('jitak'),
('jitok'),
('jitu'),
('jiwa'),
('jiwat'),
('jiwit'),
('jizyah'),
('jlegur'),
('joang'),
('jobak'),
('jobong'),
('jodang'),
('jodoh'),
('jodong'),
('jogan'),
('jogar'),
('joget'),
('joging'),
('joglo'),
('johan'),
('johari'),
('jojing'),
('jojol'),
('jok'),
('joki'),
('jolak'),
('jolek'),
('joli'),
('jolok'),
('jolong'),
('jolor'),
('jombang'),
('jomlo'),
('jompak'),
('jompo'),
('jongang'),
('jonget'),
('jongga'),
('jonggol'),
('jongjorang'),
('jongkang'),
('jongki'),
('jongko'),
('jongkok'),
('jongkong'),
('jongos'),
('jonjot'),
('jontoh'),
('jontor'),
('jontrot'),
('joran'),
('joreng'),
('jori'),
('jorjoran'),
('jorok'),
('jorong'),
('josna'),
('jota'),
('jotang'),
('jotos'),
('joule'),
('jrambah'),
('jreng'),
('jua'),
('juadah'),
('juak'),
('jual'),
('jualbeli'),
('juandang'),
('juang'),
('juar'),
('juara'),
('jubah'),
('jubel'),
('jubin'),
('jublag'),
('jublek'),
('judek'),
('judes'),
('judi'),
('judo'),
('judogi'),
('judoka'),
('judul'),
('juek'),
('juga'),
('juhi'),
('juhut'),
('juih'),
('juita'),
('jujah'),
('jujai'),
('jujitsu'),
('juju'),
('jujuh'),
('jujur'),
('jujuran'),
('jujut'),
('jukstaposisi'),
('jukut'),
('julab'),
('julai'),
('julang'),
('julat'),
('Juli'),
('juling'),
('julir'),
('julo'),
('juluk'),
('julur'),
('Jumadilakhir'),
('Jumadilawal'),
('jumantan'),
('jumantara'),
('Jumat'),
('jumbai'),
('jumbil'),
('jumbo'),
('jumbuh'),
('jumbul'),
('jumeneng'),
('jumhur'),
('jumjumah'),
('jumlah'),
('jumpa'),
('jumpalit'),
('jumpang'),
('jumpelang'),
('jumpul'),
('jumput'),
('jumrah'),
('jumud'),
('jun'),
('junam'),
('jundai'),
('jung'),
('jungat'),
('junggang'),
('jungkal'),
('jungkang'),
('jungkar'),
('jungkat'),
('jungkir'),
('jungkirbalik'),
('jungkit'),
('jungkol'),
('jungur'),
('jungut'),
('Juni'),
('junior'),
('junjung'),
('junta'),
('juntai'),
('juntrung'),
('junub'),
('junun'),
('jupang'),
('jura'),
('juragan'),
('jurai'),
('jurang'),
('juri'),
('jurik'),
('juring'),
('juris'),
('jurit'),
('jurnal'),
('jurnalis'),
('jurnalisme'),
('jurnalistik'),
('juru'),
('jurubicara'),
('juruh'),
('jurung'),
('jurus'),
('jus'),
('justifikasi'),
('justru'),
('juta'),
('jutawan'),
('jute'),
('juvenil'),
('juz'),
('kaba'),
('kabak'),
('kabar'),
('kabaret'),
('kabat'),
('kabau'),
('kabel'),
('kabihat'),
('kabilah'),
('kabin'),
('kabinet'),
('kabir'),
('kabisat'),
('kabit'),
('kaboi'),
('kabriolet'),
('kabruk'),
('kabuki'),
('kabul'),
('kabumbu'),
('kabung'),
('kabupaten'),
('kabur'),
('kabus'),
('kabut'),
('kaca'),
('kacak'),
('kacam'),
('kacamata'),
('kacang'),
('kacapiring'),
('kacapuri'),
('kacau'),
('kacek'),
('kacer'),
('kaci'),
('kacici'),
('kacip'),
('kacipfatimah'),
('kacir'),
('kacrek'),
('kacu'),
('kacuk'),
('kacukan'),
('kacung'),
('kad'),
('kada'),
('kadahajat'),
('kadal'),
('kadam'),
('kadang'),
('kadar'),
('Kadariah'),
('kadas'),
('kadaster'),
('kadastral'),
('kadaver'),
('kade'),
('kademat'),
('kadensa'),
('kader'),
('kadera'),
('kaderisasi'),
('kades'),
('kadet'),
('kadi'),
('kadim'),
('kadipaten'),
('kadir'),
('Kadiriah'),
('kadmium'),
('kado'),
('kadofor'),
('kadru'),
('kadung'),
('kadut'),
('kaedah'),
('kaf'),
('kafaah'),
('kafah'),
('kafan'),
('kafarat'),
('kafe'),
('kafeina'),
('kafetaria'),
('kafi'),
('kafil'),
('kafilah'),
('kafir'),
('kafiri'),
('kaftan'),
('kagak'),
('kaget'),
('kagok'),
('kagum'),
('kah'),
('kahaf'),
('kahak'),
('kahan'),
('kahar'),
('kahat'),
('kahin'),
('kahrab'),
('kahwa'),
('kahwaji'),
('kahyangan'),
('kaidah'),
('kaifiah'),
('kaifiat'),
('kail'),
('kailalo'),
('kaimat'),
('kain'),
('kaing'),
('kainit'),
('kainofobia'),
('kais'),
('kaisar'),
('kait'),
('kajai'),
('kajang'),
('kajangan'),
('kaji'),
('kak'),
('kakaban'),
('kakagau'),
('kakah'),
('kakak'),
('kakaktua'),
('kakanda'),
('kakang'),
('kakao'),
('kakap'),
('kakas'),
('kakawin'),
('Kakbah'),
('kakek'),
('kakerlak'),
('kaki'),
('kakodil'),
('kakofoni'),
('kakografi'),
('kakok'),
('kakologi'),
('kakostokrasi'),
('kaksa'),
('kaktus'),
('kaku'),
('kakuminal'),
('kakus'),
('kal'),
('kala'),
('kalah'),
('kalai'),
('kalajengking'),
('kalaka'),
('kalakanji'),
('kalakati'),
('kalakeran'),
('kalakian'),
('kalam'),
('kalamba'),
('kalamdan'),
('kalamin'),
('kalamisani'),
('kalamkari'),
('kalandar'),
('kalander'),
('kalap'),
('kalar'),
('kalas'),
('kalat'),
('kalau'),
('kalaupun'),
('kalawija'),
('kalaza'),
('kalbi'),
('kalbu'),
('kaldera'),
('kaldron'),
('kaldu'),
('kalebas'),
('kaleidoskop'),
('kaleidoskopis'),
('kalem'),
('kalempagi'),
('kalender'),
('kaleng'),
('kali'),
('kalian'),
('kaliber'),
('kalibit'),
('kalibrasi'),
('kalibut'),
('kalicau'),
('kalifornium'),
('kaligraf'),
('kaligrafi'),
('kaligrafis'),
('kalih'),
('kalikausar'),
('kaliki'),
('kalimah'),
('kalimantang'),
('kalimat'),
('kalimatullah'),
('kalimatusyahadat'),
('kalimayah'),
('kalimpanang'),
('kalingan'),
('kalio'),
('kaliper'),
('kalipso'),
('kaliptra'),
('kalis'),
('kalistenik'),
('kalium'),
('kalk'),
('kalkalah'),
('kalkarium'),
('kalkasar'),
('kalkopirit'),
('kalkosium'),
('kalkulasi'),
('kalkulator'),
('kalkulus'),
('kalkun'),
('kalo'),
('kalomel'),
('kalong'),
('kalongwewe'),
('kalor'),
('kalori'),
('kalorimeter'),
('kalorimetri'),
('kalorisitas'),
('kalowatan'),
('kalpataru'),
('kalsedon'),
('kalsiferol'),
('kalsifikasi'),
('kalsinasi'),
('kalsit'),
('kalsium'),
('kalui'),
('kalumet'),
('kalung'),
('kalus'),
('kalut'),
('kam'),
('kama'),
('Kamajaya'),
('kamal'),
('kamalir'),
('kamantuhu'),
('kamar'),
('kamarban'),
('kamariah'),
('kamas'),
('kamat'),
('kamba'),
('kamban'),
('kambang'),
('kambar'),
('kambeh'),
('kambeli'),
('kamber'),
('kambi'),
('kambinghitam'),
('kambium'),
('kambrik'),
('kambrium'),
('kambuh'),
('kambus'),
('kambut'),
('kamelia'),
('kamera'),
('kamerad'),
('kamerawan'),
('kamfana'),
('kamfer'),
('kamfor'),
('kamhar'),
('kami'),
('kamikaze'),
('kamil'),
('kamilmukamil'),
('kamis'),
('kamisa'),
('kamisol'),
('kamit'),
('kamitua'),
('kamka'),
('kamomil'),
('kamp'),
('kampa'),
('kampai'),
('kampanologi'),
('kampanye'),
('kampas'),
('kampemen'),
('kamper'),
('kampil'),
('kamping'),
('kampiun'),
('kampos'),
('kampret'),
('kampuh'),
('kampul'),
('kampung'),
('kampus'),
('kamrad'),
('kamsen'),
('kamsia'),
('kamu'),
('kamuflase'),
('kamus'),
('kan'),
('kana'),
('kanaah'),
('kanabis'),
('kanal'),
('kanalisasi'),
('kanan'),
('kanang'),
('kancah'),
('kancap'),
('kanceh'),
('kancera'),
('kancil'),
('kancing'),
('kancung'),
('kancut'),
('kanda'),
('kandang'),
('kandar'),
('kandas'),
('kandel'),
('kandela'),
('kandi'),
('kandidat'),
('kandidiasis'),
('kandil'),
('kandiputih'),
('kandis'),
('kandul'),
('kandung'),
('kandut'),
('kane'),
('kang'),
('kangar'),
('kangen'),
('kangka'),
('kangkang'),
('kangkung'),
('kangmas'),
('kangsa'),
('kangsar'),
('kangtau'),
('kanguru'),
('kanibal'),
('kanibalisasi'),
('kanibalisme'),
('kanigara'),
('kanilem'),
('kanina'),
('kanisah'),
('kanjal'),
('kanjang'),
('kanjar'),
('kanjeng'),
('kanji'),
('kanker'),
('kano'),
('kanoman'),
('kanon'),
('kanonir'),
('kanonis'),
('kanopi'),
('kans'),
('kansel'),
('kanselari'),
('kanselir'),
('Kanser'),
('kanstof'),
('kanta'),
('kantan'),
('kantang'),
('kantar'),
('kantata'),
('kanti'),
('kantih'),
('kantil'),
('kantilever'),
('kantin'),
('kanto'),
('kantong'),
('kantor'),
('kantuk'),
('kantung'),
('kanun'),
('kanvas'),
('kanya'),
('kanyon'),
('kaok'),
('kaolin'),
('kaon'),
('kaos'),
('kaotis'),
('kap'),
('kapa'),
('kapabel'),
('kapah'),
('kapai'),
('kapak'),
('kapal'),
('kapan'),
('kapang'),
('kapar'),
('kaparinyo'),
('kapas'),
('kapasitans'),
('kapasitas'),
('kapasitor'),
('kapat'),
('kapel'),
('Kapela'),
('kaper'),
('kapi'),
('kapilaritas'),
('kapiler'),
('kapiran'),
('kapis'),
('kapisa'),
('kapit'),
('kapita'),
('kapital'),
('kapitalis'),
('kapitalisme'),
('kapitalistis'),
('kapitan'),
('kapitaselekta'),
('kapitol'),
('kapitulasi'),
('kapitulum'),
('kaplares'),
('kaplars'),
('kaplok'),
('kapok'),
('kapon'),
('kaporit'),
('kappa'),
('kaprah'),
('kapri'),
('Kaprikornus'),
('kapsalon'),
('kapsel'),
('kapstan'),
('kapster'),
('kapstok'),
('kapsul'),
('kapten'),
('kapu'),
('kapuk'),
('kapung'),
('kapur'),
('kapurancang'),
('kapursirih'),
('kara'),
('karabin'),
('karaeng'),
('karakter'),
('karam'),
('karamba'),
('karambol'),
('karamel'),
('karang'),
('karangkitri'),
('karangwulu'),
('karantina'),
('karantinawan'),
('karaoke'),
('karap'),
('karapaks'),
('karapan'),
('karar'),
('karas'),
('karat'),
('karate'),
('karategi'),
('karateka'),
('karau'),
('karavan'),
('karawitan'),
('karbiah'),
('karbida'),
('karbohidrase'),
('karbohidrat'),
('karboksil'),
('karbol'),
('karbolat'),
('karbolik'),
('karbon'),
('karbonado'),
('karbonan'),
('karbonat'),
('karbonil'),
('karbonisasi'),
('karborundum'),
('karburasi'),
('karburator'),
('karcis'),
('kardamunggu'),
('kardia'),
('kardiak'),
('kardigan'),
('kardil'),
('kardinal'),
('kardiograf'),
('kardiografi'),
('kardiogram'),
('kardiolog'),
('kardiologi'),
('kardiovaskular'),
('karditis'),
('kardus'),
('karel'),
('karembong'),
('karena'),
('karengga'),
('karet'),
('kargo'),
('kari'),
('karib'),
('karibu'),
('karier'),
('karies'),
('karih'),
('karikatur'),
('karikatural'),
('karikaturis'),
('karil'),
('karim'),
('karimah'),
('karina'),
('karinasi'),
('karisma'),
('karismatik'),
('karitas'),
('karitatif'),
('karkas'),
('Karkata'),
('karkun'),
('karma'),
('karmina'),
('karminatif'),
('karnaval'),
('karnivor'),
('karosel'),
('karoseri'),
('karotena'),
('karotenoid'),
('karotis'),
('karpai'),
('karpel'),
('karper'),
('karpet'),
('karpopodil'),
('karsa'),
('karsinogen'),
('karsinogenik'),
('karsinologi'),
('karsinoma'),
('karst'),
('karteker'),
('kartel'),
('karti'),
('kartika'),
('kartilago'),
('kartografi'),
('kartogram'),
('karton'),
('kartonase'),
('kartotek'),
('kartu'),
('kartumerah'),
('kartun'),
('kartunis'),
('karu'),
('karuhun'),
('karun'),
('karung'),
('karunia'),
('karunkel'),
('karusi'),
('karut'),
('karya'),
('karyah'),
('karyasiswa'),
('karyawan'),
('karyawati'),
('karyawisata'),
('kas'),
('kasa'),
('kasab'),
('kasabandiah'),
('kasad'),
('kasah'),
('kasai'),
('kasam'),
('kasang'),
('kasar'),
('kasasi'),
('kasatmata'),
('kasau'),
('kasdu'),
('kasein'),
('kasemat'),
('kasep'),
('kaserin'),
('kaserol'),
('kaset'),
('kasi'),
('kasid'),
('kasidah'),
('kasih'),
('kasihan'),
('kasiku'),
('kasim'),
('kasino'),
('kasintu'),
('kasip'),
('kasir'),
('kasiterit'),
('kaskade'),
('kaskaya'),
('kasmaran'),
('kasmir'),
('kasmutik'),
('kaspe'),
('kasrah'),
('kasregister'),
('kassia'),
('kasta'),
('kastal'),
('kastanyet'),
('kastel'),
('kasti'),
('kastrasi'),
('kastroli'),
('kasturi'),
('kasual'),
('kasualisme'),
('kasualitas'),
('kasuari'),
('kasuarina'),
('kasui'),
('kasuis'),
('kasuistik'),
('kasur'),
('kasus'),
('kasut'),
('kaswah'),
('kata'),
('katabolisme'),
('katadrom'),
('katafalk'),
('katafora'),
('katah'),
('katai'),
('katak'),
('kataka'),
('katakana'),
('kataklisme'),
('katakomba'),
('katalase'),
('katalepsi'),
('katalina'),
('katalis'),
('katalisasi'),
('katalisator'),
('katalisis'),
('katalisit'),
('katalog'),
('katalogisasi'),
('katamaran'),
('katapel'),
('katar'),
('katarak'),
('katarsis'),
('katartik'),
('katastrofe'),
('katatonia'),
('katawi'),
('kate'),
('katebelece'),
('katedral'),
('kategori'),
('kategorial'),
('kategoris'),
('kategorisasi'),
('katek'),
('katekese'),
('katekis'),
('katekisasi'),
('katekismus'),
('katekumen'),
('katel'),
('katelum'),
('kater'),
('katering'),
('kates'),
('kateter'),
('katetometer'),
('kati'),
('katib'),
('katibin'),
('katifah'),
('katifan'),
('katik'),
('katil'),
('katimaha'),
('katimumul'),
('kation'),
('katir'),
('katiti'),
('katode'),
('katok'),
('Katolik'),
('katrol'),
('katuk'),
('katul'),
('katun'),
('katung'),
('katup'),
('katut'),
('katvanga'),
('katwal'),
('kau'),
('kaukab'),
('kaukasoid'),
('kaukus'),
('kaul'),
('kauli'),
('kaum'),
('kaupui'),
('kaus'),
('kausa'),
('kausal'),
('kausalitas'),
('kausatif'),
('kaustik'),
('kaustiksoda'),
('kaut'),
('kavaleri'),
('kaveling'),
('kaver'),
('kaviar'),
('kawah'),
('kawak'),
('kawal'),
('kawan'),
('kawang'),
('kawanua'),
('kawasan'),
('kawat'),
('kawi'),
('kawih'),
('kawijayan'),
('kawin'),
('kawista'),
('kawuk'),
('kawula'),
('kawung'),
('kaya'),
('kayai'),
('kayak'),
('kayan'),
('kayang'),
('kayangan'),
('kayau'),
('kayu'),
('kayuh'),
('kayun'),
('ke'),
('kebab'),
('kebabal'),
('kebah'),
('kebaji'),
('kebal'),
('kebam'),
('kebas'),
('kebat'),
('kebaya'),
('kebayan'),
('kebel'),
('kebelet'),
('kebembem'),
('kebin'),
('kebiri'),
('keblangsak'),
('keblinger'),
('kebuk'),
('kebul'),
('kebuli'),
('kebun'),
('kebur'),
('kebut'),
('kebyar'),
('kecai'),
('kecak'),
('kecakpinggang'),
('kecalingan'),
('kecam'),
('kecambah'),
('kecamuk'),
('kecandan'),
('kecap'),
('kecapi'),
('kecar'),
('kece'),
('kecebong'),
('kecek'),
('kecele'),
('keceng'),
('kecepek'),
('kecer'),
('kecewa'),
('keci'),
('keciak'),
('kecibak'),
('kecibeling'),
('kecik'),
('kecil'),
('kecilhati'),
('kecimik'),
('kecimpring'),
('kecimpung'),
('kecimus'),
('kecipak'),
('kecipir'),
('kecipuk'),
('kecit'),
('keciut'),
('kecoak'),
('kecoh'),
('kecombrang'),
('kecong'),
('kecrek'),
('kecu'),
('kecuali'),
('kecubung'),
('kecumik'),
('kecup'),
('kecut'),
('kedabu'),
('kedadak'),
('kedah'),
('kedai'),
('kedal'),
('kedaluwarsa'),
('kedam'),
('kedang'),
('kedangkai'),
('kedangkan'),
('kedangsa'),
('kedap'),
('kedasih'),
('kedau'),
('kedaung'),
('kedayan'),
('kedebong'),
('kedek'),
('kedekai'),
('kedeki'),
('kedekut'),
('kedelai'),
('kedele'),
('kedemplung'),
('kedempung'),
('kedengkang'),
('keder'),
('kedera'),
('kederang'),
('kedewaga'),
('kedi'),
('kedidi'),
('kedik'),
('kedikit'),
('kedip'),
('kedok'),
('kedondong'),
('kedongkok'),
('kedot'),
('keduduk'),
('keduk'),
('kedul'),
('kedumung'),
('kedung'),
('kedut'),
('keferdom'),
('kehel'),
('keibodan'),
('kejai'),
('kejam'),
('kejamas'),
('kejan'),
('kejang'),
('kejap'),
('kejar'),
('kejat'),
('kejawen'),
('kejen'),
('kejer'),
('keji'),
('kejip'),
('Kejora'),
('keju'),
('kejuju'),
('kejur'),
('kejut'),
('kek'),
('kekah'),
('kekal'),
('kekam'),
('kekandi'),
('kekang'),
('kekapas'),
('kekar'),
('kekara'),
('kekas'),
('kekat'),
('kekau'),
('kekawin'),
('kekeba'),
('kekebik'),
('kekeh'),
('kekek'),
('kekel'),
('kekemben'),
('kekep'),
('keker'),
('keki'),
('kekitir'),
('kekok'),
('kekol'),
('kelab'),
('kelabak'),
('kelabang'),
('kelabat'),
('kelabau'),
('kelabu'),
('keladak'),
('keladan'),
('keladau'),
('keladi'),
('kelah'),
('kelahi'),
('kelai'),
('kelak'),
('kelakah'),
('kelakanji'),
('kelakar'),
('kelalang'),
('kelam'),
('kelambai'),
('kelambir'),
('kelambit'),
('kelambu'),
('kelambur'),
('kelamin'),
('kelamkari'),
('kelana'),
('kelang'),
('kelangkan'),
('kelangkang'),
('kelanjar'),
('kelantang'),
('kelapa'),
('kelar'),
('kelara'),
('kelarah'),
('kelarai'),
('kelaras'),
('kelari'),
('kelas'),
('kelasa'),
('kelasah'),
('kelasak'),
('kelasi'),
('kelat'),
('kelati'),
('kelawan'),
('kelayan'),
('kelayang'),
('kelayu'),
('kelder'),
('kelebat'),
('kelebek'),
('kelebet'),
('kelebu'),
('kelebuk'),
('kelebut'),
('keledai'),
('keledang'),
('keledar'),
('keledek'),
('kelejat'),
('kelek'),
('kelekap'),
('kelekatu'),
('kelelap'),
('kelelawar'),
('kelelesa'),
('kelelot'),
('kelemayar'),
('kelemayuh'),
('kelembahang'),
('kelembak'),
('kelemban'),
('kelembuai'),
('kelempai'),
('kelemping'),
('kelemur'),
('kelendara'),
('keleneng'),
('kelengar'),
('kelenggara'),
('kelengkeng'),
('kelengkiak'),
('kelening'),
('kelenjar'),
('kelentang'),
('kelenteng'),
('kelentik'),
('kelenting'),
('kelentit'),
('kelentong'),
('kelentung'),
('kelenung'),
('kelenyit'),
('kelep'),
('kelepai'),
('kelepak'),
('kelepat'),
('kelepek'),
('kelepet'),
('kelepik'),
('kelepir'),
('kelepit'),
('kelepuk'),
('kelepur'),
('keler'),
('kelereng'),
('kelesa'),
('kelesah'),
('kelesehpeseh'),
('kelesek'),
('kelesot'),
('keletah'),
('keletak'),
('keletang'),
('keletik'),
('keletuk'),
('keletung'),
('kelewang'),
('keli'),
('kelian'),
('keliar'),
('kelibang'),
('kelibat'),
('kelicap'),
('kelici'),
('kelih'),
('kelijak'),
('kelik'),
('kelika'),
('kelikat'),
('keliki'),
('kelikih'),
('kelikik'),
('kelikir'),
('keliling'),
('kelilip'),
('kelim'),
('kelimpanan'),
('kelimpungan'),
('kelimun'),
('kelimut'),
('kelinci'),
('kelincir'),
('kelindan'),
('kelingking'),
('kelingsir'),
('kelining'),
('kelinjat'),
('kelintang'),
('kelintar'),
('kelinting'),
('kelip'),
('kelipat'),
('kelir'),
('keliru'),
('kelis'),
('kelisera'),
('kelit'),
('keliti'),
('kelitik'),
('keliwon'),
('kelobot'),
('kelobotisme'),
('kelocak'),
('keloceh'),
('kelodan'),
('keloelektrovolt'),
('keloid'),
('kelojot'),
('kelok'),
('kelokak'),
('kelola'),
('kelolong'),
('kelom'),
('kelombeng'),
('kelompang'),
('kelompen'),
('kelompok'),
('kelon'),
('keloneng'),
('kelonet'),
('kelong'),
('kelongkong'),
('kelongsong'),
('kelontang'),
('kelontong'),
('kelonyo'),
('kelop'),
('kelopak'),
('kelor'),
('kelorak'),
('kelos'),
('kelosok'),
('kelotok'),
('keloyak'),
('keloyang'),
('keloyor'),
('kelp'),
('kelu'),
('kelua'),
('keluai'),
('keluak'),
('keluan'),
('keluang'),
('keluangsa'),
('keluar'),
('keluarga'),
('kelubak'),
('kelubi'),
('keluburan'),
('keluh'),
('kelui'),
('keluih'),
('keluk'),
('kelukup'),
('kelukur'),
('keluli'),
('kelulu'),
('kelulus'),
('kelulut'),
('kelumit'),
('kelumpang'),
('kelumun'),
('kelun'),
('keluna'),
('kelunak'),
('kelung'),
('kelupas'),
('kelupur'),
('keluron'),
('kelurut'),
('kelus'),
('kelut'),
('kelutum'),
('keluwung'),
('keluyuk'),
('keluyur'),
('kemah'),
('kemal'),
('kemala'),
('kemam'),
('kemamang'),
('kemang'),
('kemangi'),
('kemarau'),
('kemari'),
('kemarin'),
('kemaruk'),
('kemas'),
('kemat'),
('kematu'),
('kematus'),
('kemayu'),
('kembal'),
('kembali'),
('kemban'),
('kembang'),
('kembangbiak'),
('kembar'),
('kembatu'),
('kembayat'),
('kembeng'),
('kembera'),
('kembili'),
('kemboja'),
('kembol'),
('kembu'),
('kembuk'),
('kembung'),
('kembur'),
('kembut'),
('kemeja'),
('kemejan'),
('kemekmek'),
('kemelut'),
('kemenakan'),
('kemendalam'),
('kemendang'),
('kemendur'),
('kementam'),
('kemenyan'),
('kemerakan'),
('kemesu'),
('kemi'),
('kemih'),
('kemik'),
('kemilap'),
('kemiluminesens'),
('kemiri'),
('kemit'),
('kemlaka'),
('kemlandingan'),
('kemoceng'),
('kemokinesis'),
('kemon'),
('kemopsikiatri'),
('kemoterapi'),
('kempa'),
('kempal'),
('kempang'),
('kempas'),
('kempek'),
('kempes'),
('kempetai'),
('kempis'),
('kempit'),
('kemplang'),
('kempot'),
('kempu'),
('kempuh'),
('kempul'),
('kempunan'),
('kempung'),
('kemput'),
('kempyang'),
('kemu'),
('kemudi'),
('kemudian'),
('kemukus'),
('kemul'),
('kemumu'),
('kemuncup'),
('kemung'),
('kemungkus'),
('kemuning'),
('kemunting'),
('kemurgi'),
('kemut'),
('kemutul'),
('ken'),
('kena'),
('kenaf'),
('kenal'),
('kenan'),
('kenang'),
('kenanga'),
('kenap'),
('kenapa'),
('kenapang'),
('kenari'),
('kenas'),
('kencan'),
('kencana'),
('kencang'),
('kencar'),
('kenceng'),
('kencing'),
('kencit'),
('kencong'),
('kencreng'),
('kencung'),
('kencur'),
('kendaga'),
('kendal'),
('kendala'),
('kendali'),
('kendana'),
('kendang'),
('kendara'),
('kendati'),
('kendayakan'),
('kendeka'),
('kenderi'),
('kendi'),
('kendil'),
('kendit'),
('kendo'),
('kendong'),
('kenduduk'),
('kendung'),
('kendur'),
('kenduri'),
('kenek'),
('keneker'),
('kenem'),
('kenematik'),
('kenes'),
('keng'),
('kengkang'),
('kengkeng'),
('kenidai'),
('kenikir'),
('kening'),
('kenohong'),
('kenong'),
('kenop'),
('kensel'),
('kental'),
('kentang'),
('kentar'),
('kentara'),
('kenteng'),
('kentrung'),
('kentung'),
('kentut'),
('kenur'),
('kenya'),
('kenyal'),
('kenyam'),
('kenyang'),
('kenyat'),
('kenyi'),
('kenyih'),
('kenyir'),
('kenyit'),
('kenyut'),
('keok'),
('keong'),
('kep'),
('kepada'),
('kepah'),
('kepai'),
('kepak'),
('kepal'),
('kepala'),
('kepalang'),
('kepam'),
('kepang'),
('kepar'),
('keparat'),
('kepayang'),
('kepecong'),
('kepek'),
('kepel'),
('kepencong'),
('kepeng'),
('keper'),
('keperancak'),
('kepet'),
('kepetang'),
('kepialu'),
('kepiat'),
('kepik'),
('kepil'),
('kepincut'),
('kepinding'),
('keping'),
('kepingin'),
('kepinis'),
('kepinjal'),
('kepiri'),
('kepis'),
('kepit'),
('kepiting'),
('keplak'),
('kepleset'),
('keplok'),
('kepodang'),
('kepoh'),
('kepol'),
('keponakan'),
('kepot'),
('keprak'),
('keprek'),
('kepret'),
('kepris'),
('kepruk'),
('kepuh'),
('kepuk'),
('kepul'),
('kepulaga'),
('kepundan'),
('kepundung'),
('kepung'),
('kepurun'),
('keputren'),
('kepuyuk'),
('kera'),
('kerabang'),
('kerabat'),
('kerabik'),
('kerabu'),
('keracak'),
('keracap'),
('keraeng'),
('kerah'),
('kerahi'),
('kerai'),
('kerajang'),
('kerajat'),
('kerak'),
('kerakah'),
('kerakal'),
('kerakap'),
('kerakeling'),
('keram'),
('kerama'),
('keraman'),
('keramas'),
('keramat'),
('keramba'),
('kerambil'),
('kerambit'),
('keramboja'),
('keramik'),
('keramikus'),
('kerampagi'),
('kerampang'),
('keramunting'),
('keran'),
('kerancang'),
('keranda'),
('kerang'),
('kerangas'),
('kerangkai'),
('kerangkeng'),
('kerani'),
('keranjang'),
('keranjat'),
('keranji'),
('keranta'),
('kerantong'),
('kerap'),
('kerapu'),
('keras'),
('kerasan'),
('kerat'),
('keratabasa'),
('keratin'),
('keratitis'),
('keratoelastin'),
('keraton'),
('kerau'),
('kerawai'),
('kerawak'),
('kerawang'),
('kerawat'),
('kerawit'),
('kerbang'),
('kerbat'),
('kerbau'),
('kerbuk'),
('kercing'),
('kercit'),
('kercut'),
('kerdak'),
('kerdam'),
('kerdil'),
('kerdom'),
('kere'),
('kerebok'),
('kereceng'),
('kerecik'),
('keredak'),
('keredep'),
('keredok'),
('keredong'),
('kerek'),
('kereket'),
('kerekot'),
('kerekut'),
('keremi'),
('keremot'),
('kerempeng'),
('kerempung'),
('keremus'),
('keren'),
('kerencang'),
('kerencung'),
('kerendang'),
('kereneng'),
('kereng'),
('kerengga'),
('kerengkam'),
('kerentam'),
('kerentang'),
('kerenting'),
('kerenyam'),
('kerenyot'),
('kerepek'),
('kerepes'),
('kerepot'),
('kerepyak'),
('keresek'),
('kereseng'),
('keresepese'),
('keresot'),
('kereta'),
('keretaapi'),
('keretan'),
('keretek'),
('keretot'),
('keretut'),
('kereweng'),
('keri'),
('keriap'),
('kerias'),
('keriau'),
('kerical'),
('kericau'),
('keridas'),
('keridik'),
('kerih'),
('kerikal'),
('kerikam'),
('kerikil'),
('kerikit'),
('kerimut'),
('kerinan'),
('kerincing'),
('kerinding'),
('kering'),
('keringat'),
('keriningan'),
('kerinjal'),
('kerinjang'),
('kerinjing'),
('kerintil'),
('kerinting'),
('kerip'),
('keripik'),
('keriput'),
('keris'),
('kerisi'),
('kerisik'),
('kerising'),
('kerisut'),
('kerit'),
('keritik'),
('keriting'),
('keriuk'),
('keriut'),
('kerja'),
('kerjang'),
('kerjantara'),
('kerjap'),
('kerkah'),
('kerkak'),
('kerkap'),
('kerkau'),
('kerkop'),
('kerkup'),
('kerlap'),
('kerling'),
('kerlip'),
('kermak'),
('kermanici'),
('kermi'),
('kernai'),
('kerneli'),
('kernet'),
('kernu'),
('kernyau'),
('kernyih'),
('kernying'),
('kernyit'),
('kernyut'),
('kero'),
('kerobak'),
('kerobat'),
('kerobek'),
('keroco'),
('kerocok'),
('kerogen'),
('keroh'),
('kerok'),
('kerokot'),
('keromong'),
('keron'),
('keroncang'),
('keroncong'),
('keroncor'),
('kerong'),
('kerongkerang'),
('kerongsang'),
('kerontang'),
('kerop'),
('keropak'),
('keropeng'),
('keropok'),
('keropos'),
('kerosak'),
('kerosek'),
('kerosi'),
('kerosin'),
('kerosok'),
('kerosong'),
('kerot'),
('kerotak'),
('kerotot'),
('keroyok'),
('kerpai'),
('kerpak'),
('kerpas'),
('kerpubesi'),
('kerpuk'),
('kerpus'),
('kers'),
('kersai'),
('kersak'),
('kersang'),
('kersani'),
('kersen'),
('kersik'),
('kersuk'),
('kertaaji'),
('kertah'),
('kertak'),
('kertang'),
('kertap'),
('kertas'),
('kertau'),
('kertuk'),
('kertus'),
('keruan'),
('kerubin'),
('kerubung'),
('kerubut'),
('kerucil'),
('kerucut'),
('kerudung'),
('keruh'),
('keruhbumi'),
('keruit'),
('keruk'),
('kerukut'),
('kerul'),
('keruma'),
('kerumit'),
('kerumuk'),
('kerumun'),
('kerumus'),
('kerun'),
('kerung'),
('kerunkel'),
('kerunting'),
('keruntung'),
('kerunyut'),
('kerup'),
('kerupuk'),
('kerut'),
('kerutak'),
('kerutup'),
('keruyuk'),
('kes'),
('kesah'),
('kesak'),
('kesal'),
('kesam'),
('kesambet'),
('kesambi'),
('kesan'),
('kesang'),
('kesat'),
('kesatria'),
('kesek'),
('kesel'),
('keseleo'),
('kesemek'),
('keseran'),
('keseser'),
('keset'),
('kesi'),
('kesiap'),
('kesik'),
('kesima'),
('kesimbukan'),
('kesip'),
('kesiur'),
('keskul'),
('kesomplok'),
('kesongo'),
('kesot'),
('kesrakat'),
('kesting'),
('kesturi'),
('kesuma'),
('kesumat'),
('kesumba'),
('kesup'),
('kesusu'),
('kesut'),
('keta'),
('ketaban'),
('ketai'),
('ketak'),
('ketakong'),
('ketal'),
('ketam'),
('ketambak'),
('ketampi'),
('ketan'),
('ketang'),
('ketap'),
('ketapak'),
('ketapang'),
('ketapek'),
('ketar'),
('ketarap'),
('ketat'),
('ketaton'),
('ketaya'),
('ketayap'),
('ketegar'),
('ketek'),
('ketel'),
('ketela'),
('ketemu'),
('ketena'),
('keteng'),
('ketepel'),
('ketepeng'),
('keter'),
('ketes'),
('keteter'),
('ketgat'),
('keti'),
('ketiak'),
('ketial'),
('ketiap'),
('ketiau'),
('ketiban'),
('ketiding'),
('ketik'),
('ketika'),
('ketil'),
('ketilang'),
('ketimbis'),
('ketimbul'),
('keting'),
('ketinjau'),
('ketinting'),
('ketip'),
('ketiplak'),
('ketipung'),
('ketirah'),
('ketis'),
('ketitir'),
('ketogenesis'),
('ketok'),
('ketola'),
('ketombe'),
('ketonemia'),
('ketonggeng'),
('ketonuria'),
('ketopong'),
('ketoprak'),
('ketosa'),
('ketrek'),
('ketu'),
('ketua'),
('ketuat'),
('ketuban'),
('ketuir'),
('ketuk'),
('ketul'),
('ketumbar'),
('ketumbi'),
('ketumbit'),
('ketumbu'),
('ketumpang'),
('ketun'),
('ketungging'),
('ketup'),
('ketupa'),
('ketupat'),
('ketupuk'),
('ketur'),
('ketus'),
('keweni'),
('kewer'),
('kewes'),
('kewuh'),
('kha'),
('khabis'),
('khadam'),
('khadim'),
('khafi'),
('khair'),
('khairat'),
('khalas'),
('khalayak'),
('khali'),
('khalifah'),
('khalifatullah'),
('khalik'),
('khalikah'),
('khalikulalam'),
('khalikulbahri'),
('khalil'),
('khalilullah'),
('khalis'),
('khalwat'),
('khamar'),
('khamir'),
('khamsin'),
('khamzab'),
('khanjar'),
('kharab'),
('khas'),
('khasi'),
('khasiat'),
('khat'),
('khatam'),
('khatib'),
('khatifah'),
('khatimah'),
('khatulistiwa'),
('khauf'),
('khawas'),
('khawasulkhawas'),
('khawatir'),
('khayal'),
('khayali'),
('khazanah'),
('khi'),
('khianat'),
('khiar'),
('khidaah'),
('khidmah'),
('khidmat'),
('khilaf'),
('khilafiah'),
('khinzir'),
('khisit'),
('khitah'),
('khitan'),
('khitbah'),
('khizanatulkitab'),
('khoja'),
('khojah'),
('khotbah'),
('khuduk'),
('khulafa'),
('khuldi'),
('khuluk'),
('khunsa'),
('khurafat'),
('khusuf'),
('khusus'),
('khusyuk'),
('kia'),
('kiah'),
('kiai'),
('kiak'),
('kial'),
('kiam'),
('kiamat'),
('kiambang'),
('kian'),
('kiani'),
('kiap'),
('kiar'),
('kiara'),
('kias'),
('kiasi'),
('kiasmus'),
('kiat'),
('kiaupau'),
('kibar'),
('kibas'),
('kibernetika'),
('kibir'),
('kiblat'),
('kiblik'),
('kibriah'),
('kibul'),
('kicau'),
('kici'),
('kicik'),
('kicu'),
('kicuh'),
('kicut'),
('kidal'),
('kidam'),
('kidang'),
('kidar'),
('kidul'),
('kidung'),
('kifayah'),
('kifoskaliosis'),
('kihanat'),
('kijai'),
('kijang'),
('kijil'),
('kijing'),
('kik'),
('kikih'),
('kikik'),
('kikil'),
('kikir'),
('kikis'),
('kikitir'),
('kikuk'),
('kikus'),
('kila'),
('kilah'),
('kilai'),
('kilan'),
('kilang'),
('kilap'),
('kilar'),
('kilas'),
('kilat'),
('kilau'),
('kili'),
('kilik'),
('kilir'),
('kiln'),
('kilo'),
('kilogram'),
('kilohertz'),
('kilokalori'),
('kiloliter'),
('kilometer'),
('kiloton'),
('kilovolt'),
('kilowatt'),
('kilowattjam'),
('kilus'),
('kim'),
('kima'),
('kimah'),
('kimantu'),
('kimbah'),
('kimbang'),
('kimbul'),
('kimia'),
('kimiawi'),
('kimkha'),
('kimlo'),
('kimo'),
('kimograf'),
('kimono'),
('kimpal'),
('kimpul'),
('kimpus'),
('kimput'),
('kimus'),
('kina'),
('kinang'),
('kinantan'),
('kinanti'),
('kinasa'),
('kinasih'),
('kinca'),
('kincah'),
('kincak'),
('kincang'),
('kincau'),
('kincir'),
('kincit'),
('kincung'),
('kincup'),
('kindap'),
('kinematika'),
('kinematograf'),
('kinerja'),
('kinesika'),
('kinesimeter'),
('kineskop'),
('kinestesia'),
('kinestesiometer'),
('kinestesis'),
('kinetik'),
('kinetika'),
('kinetokardiografi'),
('kingking'),
('kingkong'),
('kini'),
('kinine'),
('kinja'),
('kinjat'),
('kinred'),
('kintaka'),
('kintal'),
('kinte'),
('kintil'),
('kinyang'),
('kio'),
('kios'),
('kipa'),
('kipai'),
('kipang'),
('kipas'),
('kiper'),
('kiprah'),
('kiprat'),
('kipsiau'),
('kipu'),
('kir'),
('kira'),
('kirab'),
('kirai'),
('kiramat'),
('kiran'),
('kirana'),
('kirap'),
('kiras'),
('kirau'),
('kirbat'),
('kiri'),
('kirik'),
('kirim'),
('kirinyu'),
('kirip'),
('kiris'),
('kiritamakuta'),
('kirmizi'),
('kiru'),
('kiruh'),
('kirung'),
('kisa'),
('kisah'),
('kisai'),
('kisar'),
('kisas'),
('kisat'),
('kisi'),
('kisik'),
('kismat'),
('kismis'),
('kisruh'),
('kista'),
('kisut'),
('kiswah'),
('kit'),
('kita'),
('kitab'),
('kitabulah'),
('kitang'),
('kitar'),
('kitik'),
('kitin'),
('kiting'),
('kitir'),
('kitorang'),
('kitri'),
('kits'),
('kiu'),
('kiuk'),
('kiwari'),
('kiwi'),
('kizib'),
('klaim'),
('klakklik'),
('klakson'),
('klamidospora'),
('klan'),
('klandestin'),
('klangenan'),
('klante'),
('klarifikasi'),
('klarinet'),
('klasemen'),
('klasifikasi'),
('klasik'),
('klasikal'),
('klasis'),
('klasisisme'),
('klausa'),
('klaustrofobia'),
('klaustrum'),
('klausul'),
('klaver'),
('klavikor'),
('klavikula'),
('klaviola'),
('kleder'),
('kleidotomi'),
('kleistogami'),
('klem'),
('klemensi'),
('klen'),
('klenengan'),
('klengkeng'),
('klenik'),
('klenteng'),
('klep'),
('klepon'),
('klepsidra'),
('kleptofobi'),
('kleptoman'),
('kleptomania'),
('kleptomaniak'),
('klerek'),
('klerikal'),
('klerikus'),
('klerus'),
('klien'),
('klik'),
('kliker'),
('klimaks'),
('klimakterium'),
('klimatografi'),
('klimatolog'),
('klimatologi'),
('klimis'),
('klimograf'),
('klimosekuen'),
('klimoskop'),
('klin'),
('klinik'),
('klinis'),
('klinisi'),
('klinometer'),
('klip'),
('klir'),
('kliring'),
('klise'),
('klistron'),
('klitelum'),
('klitik'),
('klitoris'),
('Kliwon'),
('kliyengan'),
('kloaka'),
('klona'),
('kloning'),
('klonograf'),
('klonus'),
('klop'),
('kloral'),
('kloramina'),
('klorat'),
('klorida'),
('kloridimeter'),
('klorin'),
('klorinasi'),
('klorit'),
('klorobenzena'),
('klorofil'),
('kloroform'),
('kloroformat'),
('klorokuin'),
('klorolignin'),
('kloroplas'),
('kloroprena'),
('klorosis'),
('kloset'),
('klub'),
('klusium'),
('knalpot'),
('knop'),
('knot'),
('koa'),
('koagel'),
('koagregasi'),
('koagulan'),
('koagulasi'),
('koak'),
('koaksi'),
('koaksial'),
('koala'),
('koalisi'),
('koana'),
('koar'),
('kobah'),
('kobak'),
('kobalamin'),
('kobalt'),
('kobar'),
('kober'),
('koboi'),
('koboisme'),
('kobok'),
('kobol'),
('kobra'),
('kocak'),
('kocek'),
('koci'),
('kocilembik'),
('kocoh'),
('kocok'),
('kocolan'),
('kocong'),
('kocor'),
('koda'),
('kodak'),
('kode'),
('kodein'),
('kodeks'),
('kodi'),
('kodifikasi'),
('kodok'),
('kodominan'),
('kodrat'),
('kodrati'),
('koe'),
('koedukasi'),
('koefisien'),
('koeksistensi'),
('koenzim'),
('koersi'),
('koersif'),
('kofaktor'),
('kofein'),
('kofermen'),
('kognat'),
('kognatif'),
('kognisi'),
('kognitif'),
('koh'),
('kohabitasi'),
('koheren'),
('koherensi'),
('kohesi'),
('kohesif'),
('kohir'),
('kohlea'),
('kohol'),
('kohong'),
('kohor'),
('koil'),
('koin'),
('koinsiden'),
('koinsidensi'),
('koipuk'),
('koit'),
('koitus'),
('koja'),
('kojang'),
('kojoh'),
('kojol'),
('kojor'),
('kok'),
('koka'),
('kokah'),
('kokaina'),
('kokainisasi'),
('kokainisme'),
('kokang'),
('kokarde'),
('kokas'),
('koki'),
('kokila'),
('koklea'),
('kokoa'),
('kokok'),
('kokokbeluk'),
('kokol'),
('kokon'),
('kokosan'),
('kokot'),
('kokpit'),
('koksa'),
('koktail'),
('kokurikuler'),
('kokus'),
('kol'),
('kola'),
('kolaborasi'),
('kolaborator'),
('kolagen'),
('kolak'),
('kolam'),
('kolaps'),
('kolaret'),
('kolase'),
('kolateral'),
('kolator'),
('kolega'),
('kolegial'),
('kolegialitas'),
('kolek'),
('koleksi'),
('kolekte'),
('kolektif'),
('kolektivis'),
('kolektivisasi'),
('kolektivisme'),
('kolektivitas'),
('kolektor'),
('kolembeng'),
('kolemia'),
('koleng'),
('koleoptil'),
('kolera'),
('kolese'),
('kolesom'),
('kolesterin'),
('kolesterol'),
('koli'),
('kolibri'),
('koligasi'),
('kolik'),
('kolimasi'),
('kolina'),
('kolintang'),
('koliseng'),
('kolitis'),
('kolkhoz'),
('kolodion'),
('kolofon'),
('kologen'),
('koloid'),
('koloidal'),
('kolokasi'),
('kolokium'),
('kolom'),
('kolomben'),
('kolon'),
('kolone'),
('kolonel'),
('kolong'),
('koloni'),
('kolonial'),
('kolonialis'),
('kolonialisme'),
('kolonis'),
('kolonisasi'),
('kolonoskop'),
('kolonye'),
('kolor'),
('kolorimeter'),
('kolorimetri'),
('kolosal'),
('kolosom'),
('kolostomi'),
('kolostrum'),
('kolot'),
('kolportir'),
('kolt'),
('kolum'),
('kolumela'),
('kolumnis'),
('kolumnus'),
('kolusi'),
('koluvium'),
('kom'),
('koma'),
('komaliwan'),
('koman'),
('komandan'),
('komandemen'),
('komanditer'),
('komando'),
('komaran'),
('kombat'),
('kombinasi'),
('kombo'),
('kombor'),
('kombusio'),
('komedi'),
('komedian'),
('komendur'),
('komeng'),
('komensal'),
('komensalisme'),
('komentar'),
('komentator'),
('komersial'),
('komersialisasi'),
('komet'),
('komfortabel'),
('komidi'),
('komik'),
('komikal'),
('komikus'),
('kominusi'),
('komis'),
('komisar'),
('komisariat'),
('komisaris'),
('komisi'),
('komisioner'),
('komisura'),
('komit'),
('komite'),
('komitmen'),
('komoditas'),
('komodo'),
('komodor'),
('kompak'),
('kompanyon'),
('komparasi'),
('komparatif'),
('komparator'),
('kompartemen'),
('kompas'),
('kompatibel'),
('kompatibilitas'),
('kompatriot'),
('kompendium'),
('kompeni'),
('kompensasi'),
('kompes'),
('kompeten'),
('kompetensi'),
('kompetisi'),
('kompetitif'),
('kompetitor'),
('kompi'),
('kompilasi'),
('kompilator'),
('komplain'),
('kompleks'),
('kompleksitas'),
('komplemen'),
('komplementer'),
('komplet'),
('komplikasi'),
('komplikatif'),
('komplimen'),
('komplot'),
('kompon'),
('komponen'),
('kompong'),
('komponis'),
('kompor'),
('kompos'),
('komposer'),
('komposisi'),
('komposit'),
('kompositum'),
('komprador'),
('komprang'),
('komprehensif'),
('kompres'),
('kompresi'),
('kompresor'),
('kompromi'),
('kompromistis'),
('kompulsi'),
('kompulsif'),
('komputer'),
('komputerisasi'),
('komtabilitas'),
('komunal'),
('komunalisme'),
('komunalistik'),
('komune'),
('komuni'),
('komunikabilitas'),
('komunikan'),
('komunikasi'),
('komunikatif'),
('komunikator'),
('komunike'),
('komunis'),
('komunisme'),
('komunistis'),
('komunistofobia'),
('komunitas'),
('komutator'),
('komuter'),
('konan'),
('konco'),
('koncoisme'),
('kondang'),
('kondangan'),
('konde'),
('kondektur'),
('kondensasi'),
('kondensat'),
('kondensator'),
('kondensor'),
('kondilus'),
('kondisi'),
('kondom'),
('kondominium'),
('kondomisasi'),
('kondor'),
('kondrin'),
('kondroblas'),
('konduite'),
('konduksi'),
('konduktans'),
('konduktimeter'),
('konduktivitas'),
('konduktor'),
('kondusif'),
('koneksi'),
('koneksitas'),
('konektor'),
('konfederasi'),
('konfeksi'),
('konferensi'),
('konfesi'),
('konfigurasi'),
('konfiks'),
('konfirmasi'),
('konflik'),
('konform'),
('konformitas'),
('konfrontasi'),
('konfrontatif'),
('kongenital'),
('kongesti'),
('kongkalikong'),
('kongko'),
('kongkoan'),
('kongkong'),
('kongkret'),
('konglomerasi'),
('konglomerat'),
('kongregasi'),
('kongres'),
('kongresis'),
('kongsi'),
('konifera'),
('konis'),
('konjugan'),
('konjugasi'),
('konjungsi'),
('konjungter'),
('konjungtif'),
('konjungtiva'),
('konjungtivitis'),
('konjungtor'),
('konjungtur'),
('konkaf'),
('konklaf'),
('konklusi'),
('konklusif'),
('konkologi'),
('konkomitan'),
('konkordansi'),
('konkordat'),
('konkresi'),
('konkret'),
('konkretisasi'),
('konkuisnador'),
('konkuren'),
('konkurensi'),
('konkurs'),
('konoid'),
('konon'),
('konosemen'),
('konotasi'),
('konotatif'),
('konperensi'),
('konsekrasi'),
('konsekuen'),
('konsekuensi'),
('konsekutif'),
('konseli'),
('konseling'),
('konselor'),
('konsensus'),
('konsentrasi'),
('konsentrat'),
('konsentrik'),
('konsentris'),
('konsep'),
('konsepsi'),
('konsepsional'),
('konseptor'),
('konseptual'),
('konseptualisasi'),
('konser'),
('konsertina'),
('konserto'),
('konservasi'),
('konservasionis'),
('konservatif'),
('konservatisme'),
('konservator'),
('konservatori'),
('konservatorium'),
('konsesi'),
('konsesif'),
('konsesional'),
('konsiderans'),
('konsiderasi'),
('konsili'),
('konsiliasi'),
('konsinyasi'),
('konsisten'),
('konsistensi'),
('konsistori'),
('konsol'),
('konsolasi'),
('konsolidasi'),
('konsonan'),
('konsonansi'),
('konsonantal'),
('konsorsium'),
('konspirasi'),
('konspiratif'),
('konspirator'),
('konstabel'),
('konstan'),
('konstanta'),
('konstantagravitasi'),
('konstatasi'),
('konstatatif'),
('konstatir'),
('konstelasi'),
('konstipasi'),
('konstituante'),
('konstituen'),
('konstitusi'),
('konstitusional'),
('konstitusionalisme'),
('konstriksi'),
('konstriktor'),
('konstruksi'),
('konstruktif'),
('konstruktivisme'),
('konsul'),
('konsulat'),
('konsulen'),
('konsuler'),
('konsultan'),
('konsultasi'),
('konsumen'),
('konsumer'),
('konsumerisme'),
('konsumsi'),
('konsumtif'),
('kontak'),
('kontaminasi'),
('kontan'),
('konte'),
('konteks'),
('kontekstual'),
('kontekstualisme'),
('kontemplasi'),
('kontemplatif'),
('kontemporer'),
('konten'),
('konter'),
('kontes'),
('kontestan'),
('kontet'),
('kontiguitas'),
('kontinen'),
('kontinental'),
('kontingen'),
('kontinu'),
('kontinuitas'),
('kontinum'),
('kontoid'),
('kontol'),
('kontra'),
('kontrabande'),
('kontrabas'),
('kontradiksi'),
('kontradiktif'),
('kontraindikasi'),
('kontrak'),
('kontraksi'),
('kontraktor'),
('kontraktual'),
('kontraproduktif'),
('kontras'),
('kontrasepsi'),
('kontraseptif'),
('kontravensi'),
('kontribusi'),
('kontributor'),
('kontrol'),
('kontrolir'),
('kontroversi'),
('kontroversial'),
('kontur'),
('konus'),
('konveks'),
('konveksi'),
('konvektif'),
('konvensi'),
('konvensional'),
('konvergen'),
('konvergensi'),
('konversasi'),
('konversi'),
('konveyor'),
('konvoi'),
('konvolusi'),
('konvulsan'),
('konvulsi'),
('konyak'),
('konyal'),
('konyan'),
('konyol'),
('kooperasi'),
('kooperatif'),
('kooperativisme'),
('kooperator'),
('kooptasi'),
('koordinasi'),
('koordinat'),
('koordinatif'),
('koordinator'),
('kop'),
('kopah'),
('kopaiba'),
('kopak'),
('kopal'),
('kopbal'),
('kopek'),
('kopel'),
('kopelrim'),
('koper'),
('koperasi'),
('kopet'),
('kopi'),
('kopiah'),
('kopilot'),
('kopling'),
('koplo'),
('kopok'),
('kopolimer'),
('kopong'),
('kopra'),
('koprafagia'),
('koprak'),
('kopral'),
('koprok'),
('koprol'),
('koprolit'),
('kopula'),
('kopulasi'),
('kopulatif'),
('kopyok'),
('kopyor'),
('kor'),
('koral'),
('koralit'),
('koran'),
('korano'),
('korban'),
('korden'),
('kordial'),
('kordit'),
('kordon'),
('korduroi'),
('kored'),
('koreferensialitas'),
('korek'),
('koreke'),
('koreksi'),
('korektif'),
('korektor'),
('korelasi'),
('korelatif'),
('korenah'),
('koreng'),
('koreograf'),
('koreografer'),
('koreografi'),
('koreografis'),
('kores'),
('koresponden'),
('korespondensi'),
('koret'),
('koridor'),
('korion'),
('kornea'),
('kornel'),
('korner'),
('kornet'),
('koroh'),
('koroid'),
('korok'),
('korologi'),
('korona'),
('koronal'),
('koroner'),
('korong'),
('korosi'),
('korosif'),
('korporasi'),
('korporat'),
('korporatif'),
('korporatisme'),
('korps'),
('korpulensi'),
('korpus'),
('korsase'),
('korsel'),
('korselet'),
('korset'),
('korsleting'),
('korteks'),
('kortikulus'),
('korting'),
('kortison'),
('korugator'),
('korundum'),
('korup'),
('korupsi'),
('koruptif'),
('koruptor'),
('korve'),
('korvet'),
('kosakata'),
('kosar'),
('kosbas'),
('kosek'),
('kosekan'),
('kosel'),
('kosen'),
('koset'),
('kosinus'),
('kosmetik'),
('kosmetolog'),
('kosmetologi'),
('kosmetologis'),
('kosmis'),
('kosmogoni'),
('kosmografi'),
('kosmologi'),
('kosmologis'),
('kosmonaut'),
('kosmopolit'),
('kosmopolitan'),
('kosmopolitanisme'),
('kosmos'),
('kosmotron'),
('kosokbali'),
('kosong'),
('kostum'),
('kota'),
('kotah'),
('kotai'),
('kotak'),
('kotakkatik'),
('kotaklema'),
('kotamara'),
('kotek'),
('koteka'),
('koteks'),
('koteng'),
('koterek'),
('kotes'),
('kotiledon'),
('kotipa'),
('kotok'),
('kotong'),
('kotor'),
('kotrek'),
('kovalensi'),
('kover'),
('kowan'),
('kowek'),
('koyak'),
('koyam'),
('koyan'),
('koyok'),
('kram'),
('kranapaksa'),
('krangeyan'),
('kraniologi'),
('kraniometri'),
('kraniotomi'),
('kranium'),
('krans'),
('krasis'),
('krayon'),
('kreasi'),
('kreatif'),
('kreativitas'),
('kreator'),
('krebo'),
('krecek'),
('kredibilitas'),
('kredit'),
('kreditabel');
INSERT INTO `katadasar` (`kata`) VALUES
('kreditor'),
('kredo'),
('krem'),
('kremasi'),
('krematori'),
('krematorium'),
('kreol'),
('kreolin'),
('kreolisasi'),
('kreosol'),
('kresendo'),
('kresol'),
('kretin'),
('kribo'),
('kricak'),
('krida'),
('krifoli'),
('krim'),
('kriminal'),
('kriminalis'),
('kriminalisasi'),
('kriminalitas'),
('kriminolog'),
('kriminologi'),
('kriminologis'),
('kring'),
('krio'),
('kriofil'),
('kriofit'),
('kriogen'),
('kriogenika'),
('krioterapi'),
('kripta'),
('kriptogam'),
('kriptografi'),
('kriptogram'),
('kriptol'),
('kripton'),
('krisan'),
('krisantemum'),
('krisis'),
('krisma'),
('krisoberil'),
('krisofil'),
('krisolit'),
('krisopras'),
('krista'),
('kristal'),
('kristalisasi'),
('kristalografi'),
('kristaloid'),
('kristalosa'),
('Kristen'),
('kristiani'),
('Kristus'),
('kriteria'),
('kriterium'),
('kritik'),
('kritikus'),
('kritis'),
('kritisi'),
('kriya'),
('krobongan'),
('kroco'),
('kroket'),
('krol'),
('kromat'),
('kromatid'),
('kromatika'),
('kromatin'),
('kromatis'),
('kromatofor'),
('kromatografi'),
('kromit'),
('kromium'),
('kromo'),
('kromofil'),
('kromofob'),
('kromogen'),
('kromong'),
('kromosfer'),
('kromosom'),
('kromotropi'),
('kronem'),
('kroni'),
('kronik'),
('kroniometri'),
('kronis'),
('kronisme'),
('kronobiologi'),
('kronogram'),
('kronologi'),
('kronologis'),
('kronometer'),
('kronosekuen'),
('kronoskop'),
('krosboi'),
('kroto'),
('kru'),
('kruistik'),
('kruk'),
('krukat'),
('krusial'),
('krustasea'),
('ksi'),
('ku'),
('kuaci'),
('kuadran'),
('kuadrat'),
('kuadratika'),
('kuadratur'),
('kuadratus'),
('kuadrenium'),
('kuadriliun'),
('kuadripartit'),
('kuadrisep'),
('kuadrupel'),
('kuadrupleks'),
('kuadruplet'),
('kuah'),
('kuai'),
('kuak'),
('kuala'),
('kualat'),
('kuali'),
('kualifikasi'),
('kualitas'),
('kualitatif'),
('kualon'),
('kuang'),
('kuangkiut'),
('kuangwung'),
('kuantifikasi'),
('kuantitas'),
('kuantitatif'),
('kuantum'),
('kuap'),
('kuar'),
('kuari'),
('kuarik'),
('kuark'),
('kuarsa'),
('kuarsit'),
('kuart'),
('kuartal'),
('kuarter'),
('kuarterner'),
('kuartet'),
('kuartil'),
('kuarto'),
('kuas'),
('kuasa'),
('kuasar'),
('kuasi'),
('kuat'),
('kuatren'),
('kuau'),
('kuaya'),
('kuayah'),
('kuayan'),
('kubah'),
('kubak'),
('kubang'),
('kubik'),
('kubil'),
('kubin'),
('kubis'),
('kubisme'),
('kubistik'),
('kubit'),
('kuboid'),
('kubra'),
('Kubti'),
('kubu'),
('kubul'),
('kubung'),
('kubur'),
('kubus'),
('kucai'),
('kucak'),
('kucam'),
('kucek'),
('kucel'),
('kucica'),
('kucil'),
('kucing'),
('kucir'),
('kucup'),
('kucur'),
('kuda'),
('kudai'),
('kudang'),
('kudap'),
('kudeta'),
('kudian'),
('kudis'),
('kudu'),
('kuduk'),
('kudung'),
('kudup'),
('kudus'),
('kue'),
('kueni'),
('kuesioner'),
('kuetiau'),
('kufu'),
('kufur'),
('kui'),
('kuih'),
('kuil'),
('kuilu'),
('kuin'),
('kuini'),
('kuinina'),
('kuintal'),
('kuintesens'),
('kuintet'),
('kuintil'),
('kuintiliun'),
('kuintuplet'),
('kuir'),
('kuis'),
('kuit'),
('kuitansi'),
('kujang'),
('kujarat'),
('kujung'),
('kujur'),
('kujut'),
('kuk'),
('kukabura'),
('kukai'),
('kukila'),
('kuku'),
('kukuh'),
('kukuk'),
('kukukbeluk'),
('kukul'),
('kukup'),
('kukur'),
('kukuruyuk'),
('kukus'),
('kulah'),
('kulai'),
('kulak'),
('kulakasar'),
('kulan'),
('kulansing'),
('kulasentana'),
('kulat'),
('kulawangsa'),
('kuli'),
('kuliah'),
('kulim'),
('kulimat'),
('kuliner'),
('kulir'),
('kulit'),
('kulkas'),
('kulminasi'),
('kulon'),
('kulot'),
('kult'),
('kultivar'),
('kultivasi'),
('kultur'),
('kultural'),
('kulturisasi'),
('kultus'),
('kulub'),
('kuluk'),
('kulum'),
('kulup'),
('kulur'),
('kulut'),
('kulzum'),
('kumai'),
('kumal'),
('kuman'),
('kumandang'),
('kumanga'),
('kumat'),
('kumbah'),
('kumbang'),
('kumbar'),
('kumbik'),
('kumbu'),
('kumbuh'),
('kumena'),
('kumico'),
('kumis'),
('kumiskucing'),
('kumpai'),
('kumpal'),
('kumpar'),
('kumpi'),
('kumpul'),
('kumuh'),
('kumulasi'),
('kumulatif'),
('kumulonimbus'),
('kumulus'),
('kumur'),
('kumus'),
('kumut'),
('kunani'),
('kunarpa'),
('kunca'),
('kuncah'),
('kuncen'),
('kunci'),
('kuncung'),
('kuncup'),
('kundai'),
('kundang'),
('kundi'),
('kundur'),
('kunduran'),
('kung'),
('kungfu'),
('kungkang'),
('kungki'),
('kungkum'),
('kungkung'),
('kuning'),
('kunjung'),
('kuno'),
('kunta'),
('kuntau'),
('kuntilanak'),
('kuntit'),
('kuntuan'),
('kuntul'),
('kuntum'),
('kuntung'),
('kunut'),
('kunyah'),
('kunyam'),
('kunyit'),
('kunyuk'),
('kuorum'),
('kuosien'),
('kuota'),
('kup'),
('kupa'),
('kupahan'),
('kupak'),
('kupang'),
('kupas'),
('kupat'),
('kupe'),
('kupel'),
('kupi'),
('kupil'),
('kuping'),
('kupir'),
('kuplet'),
('kupluk'),
('kupnat'),
('kupon'),
('kuproprotein'),
('kuprum'),
('kupui'),
('kupur'),
('kur'),
('kura'),
('kurai'),
('kurambit'),
('kurang'),
('kurap'),
('kuras'),
('kurasani'),
('kurasao'),
('kuratif'),
('kurator'),
('kuratorium'),
('kurau'),
('kurawal'),
('kurban'),
('kurcaci'),
('kuren'),
('kuret'),
('kuretase'),
('kuria'),
('kuricak'),
('kurigram'),
('kurik'),
('kurikuler'),
('kurikulum'),
('kuring'),
('kuriositas'),
('kuripan'),
('kurir'),
('kuririk'),
('kurium'),
('kurkatovium'),
('kurkuma'),
('kurma'),
('kurs'),
('kursemangat'),
('kursi'),
('kursif'),
('kursor'),
('kursus'),
('kurtase'),
('kurun'),
('kurung'),
('kurus'),
('kurva'),
('kurvalinier'),
('kurvatur'),
('kusa'),
('kusal'),
('kusam'),
('kusanin'),
('kusau'),
('kusen'),
('kusik'),
('kusir'),
('kuskus'),
('kuspis'),
('kusruk'),
('kusta'),
('kusu'),
('kusuf'),
('kusuma'),
('kusut'),
('kuta'),
('kutaha'),
('kutak'),
('kutang'),
('kutat'),
('kuteks'),
('kuteri'),
('kuti'),
('kutik'),
('kutikula'),
('kutil'),
('kutin'),
('kuting'),
('kutip'),
('kutu'),
('kutub'),
('kutubaru'),
('kutubusitah'),
('kutuk'),
('kutung'),
('kutut'),
('kuud'),
('kuwu'),
('kuwuk'),
('kuwur'),
('kuya'),
('kuyang'),
('kuyu'),
('kuyup'),
('kwartet'),
('kwartir'),
('kwasiorkor'),
('kweni'),
('kwetiau'),
('kwosien'),
('laal'),
('lab'),
('laba'),
('labak'),
('labang'),
('labas'),
('label'),
('labelum'),
('laberang'),
('labial'),
('labialisasi'),
('labil'),
('labiodental'),
('labiovelar'),
('labirin'),
('labium'),
('laboran'),
('laboratoris'),
('laboratorium'),
('labrak'),
('labrakan'),
('labres'),
('labrum'),
('labu'),
('labuda'),
('labuh'),
('labun'),
('labur'),
('labut'),
('lacak'),
('laci'),
('lacur'),
('lacut'),
('lada'),
('ladah'),
('ladam'),
('ladan'),
('ladang'),
('laden'),
('ladi'),
('lading'),
('ladu'),
('ladung'),
('lafal'),
('laga'),
('lagak'),
('lagam'),
('lagan'),
('lagang'),
('lagau'),
('lagi'),
('lagiah'),
('lago'),
('lagonder'),
('lagu'),
('laguna'),
('lah'),
('lahab'),
('lahad'),
('lahak'),
('lahan'),
('lahang'),
('lahap'),
('lahar'),
('lahir'),
('lahiriah'),
('lai'),
('laici'),
('laif'),
('laik'),
('lailah'),
('lailatulkadar'),
('lain'),
('lais'),
('laja'),
('lajak'),
('lajang'),
('lajat'),
('lajnah'),
('laju'),
('lajur'),
('lak'),
('lakab'),
('lakak'),
('lakar'),
('lakara'),
('laken'),
('lakeri'),
('laki'),
('laklak'),
('laklakan'),
('lakmus'),
('laknat'),
('laknatullah'),
('lakon'),
('lakonik'),
('lakonisme'),
('lakrimator'),
('laksa'),
('laksamana'),
('laksana'),
('laksatif'),
('laktase'),
('laktasi'),
('laktat'),
('laktogen'),
('laktoglobulin'),
('laktometer'),
('lakton'),
('laktosa'),
('laku'),
('lakulajak'),
('lakum'),
('lakuna'),
('lakur'),
('lakustrin'),
('lala'),
('lalah'),
('lalai'),
('lalak'),
('lalandak'),
('lalang'),
('lalap'),
('lalat'),
('lalau'),
('lali'),
('lalu'),
('lalulintas'),
('lam'),
('lama'),
('lamalif'),
('laman'),
('lamang'),
('lamar'),
('lambai'),
('lambak'),
('lamban'),
('lambang'),
('lambar'),
('lambat'),
('lambda'),
('lambe'),
('lambert'),
('lambit'),
('lambo'),
('lambu'),
('lambuk'),
('lambung'),
('lambur'),
('lamdukpai'),
('lamela'),
('lamender'),
('lamin'),
('lamina'),
('laminasi'),
('laminating'),
('lampai'),
('lampam'),
('lampan'),
('lampang'),
('lampar'),
('lampas'),
('lampau'),
('lampeni'),
('lampes'),
('lampias'),
('lampik'),
('lampin'),
('lamping'),
('lampion'),
('lampir'),
('lampit'),
('lampok'),
('lampor'),
('lampu'),
('lampung'),
('lamtoro'),
('lamtoronisasi'),
('lamun'),
('lamur'),
('lamusir'),
('lana'),
('lanang'),
('lanar'),
('lanau'),
('lanbau'),
('lanca'),
('lancang'),
('lancap'),
('lancar'),
('lancia'),
('lancing'),
('lancip'),
('lancong'),
('lancung'),
('lancur'),
('lancut'),
('landa'),
('landahur'),
('landai'),
('landak'),
('landang'),
('landap'),
('landas'),
('landau'),
('landors'),
('landrad'),
('landuk'),
('landung'),
('landur'),
('lang'),
('langah'),
('langau'),
('langen'),
('langendrian'),
('langenswara'),
('langgah'),
('langgai'),
('langgam'),
('langgan'),
('langgang'),
('langgar'),
('langgas'),
('langgayan'),
('langgeng'),
('langguk'),
('langgung'),
('langi'),
('langir'),
('langis'),
('langit'),
('langka'),
('langkah'),
('langkai'),
('langkan'),
('langkang'),
('langkap'),
('langkara'),
('langkas'),
('langkat'),
('langkau'),
('langking'),
('langkisan'),
('langkong'),
('langkup'),
('langlai'),
('langlang'),
('langsai'),
('langsam'),
('langsar'),
('langsat'),
('langse'),
('langseng'),
('langsi'),
('langsing'),
('langsir'),
('langsuir'),
('langsung'),
('langu'),
('langut'),
('lanhir'),
('lanja'),
('lanjai'),
('lanjak'),
('lanjam'),
('lanjang'),
('lanjar'),
('lanjau'),
('lanji'),
('lanjuk'),
('lanjung'),
('lanjur'),
('lanjut'),
('lanolin'),
('lanset'),
('lansia'),
('lansir'),
('lanskap'),
('lantah'),
('lantai'),
('lantak'),
('lantam'),
('lantan'),
('lantang'),
('lantanum'),
('lantar'),
('lantas'),
('lantera'),
('lantesari'),
('lantik'),
('lantin'),
('lanting'),
('lantip'),
('lantun'),
('lantung'),
('lantur'),
('lanugo'),
('lanun'),
('lanus'),
('lanyah'),
('lanyak'),
('lanyau'),
('laocu'),
('laos'),
('laoteng'),
('lap'),
('lapah'),
('lapak'),
('lapang'),
('lapar'),
('laparoskop'),
('laparoskopi'),
('lapel'),
('lapih'),
('lapik'),
('lapili'),
('lapir'),
('lapis'),
('lapislazuli'),
('lapor'),
('laptop'),
('lapuk'),
('lapun'),
('lara'),
('larah'),
('larai'),
('larak'),
('laram'),
('larang'),
('larap'),
('laras'),
('larat'),
('larau'),
('largisimo'),
('largo'),
('lari'),
('larih'),
('larik'),
('laring'),
('laringal'),
('laringitis'),
('laringoskop'),
('laris'),
('larnaks'),
('laron'),
('lars'),
('laru'),
('larung'),
('larut'),
('larva'),
('larvarium'),
('las'),
('lasa'),
('lasah'),
('lasak'),
('lasana'),
('lasat'),
('laser'),
('lasi'),
('lasinia'),
('laskar'),
('laso'),
('Lasparaginase'),
('lasuh'),
('lat'),
('lata'),
('latah'),
('latak'),
('latam'),
('latar'),
('latarbelakang'),
('latas'),
('lateks'),
('laten'),
('latensi'),
('lateral'),
('laterit'),
('latif'),
('latifundium'),
('latih'),
('lating'),
('latis'),
('latma'),
('latosol'),
('latuh'),
('latuk'),
('latung'),
('latur'),
('lauh'),
('lauk'),
('laun'),
('laung'),
('laur'),
('lauya'),
('lava'),
('lavase'),
('lavendel'),
('lavender'),
('lawa'),
('lawah'),
('lawak'),
('Lawalata'),
('lawamah'),
('lawan'),
('lawang'),
('lawar'),
('lawas'),
('lawat'),
('lawazim'),
('lawe'),
('lawean'),
('lawi'),
('lawina'),
('lawon'),
('lawrensium'),
('layah'),
('layak'),
('layam'),
('layan'),
('layang'),
('layap'),
('layar'),
('layas'),
('layat'),
('layer'),
('layon'),
('layu'),
('layuh'),
('layuk'),
('layung'),
('layur'),
('layut'),
('laza'),
('lazim'),
('lazuardi'),
('leak'),
('lebah'),
('lebai'),
('lebak'),
('lebam'),
('leban'),
('lebang'),
('lebap'),
('lebar'),
('Lebaran'),
('lebas'),
('lebat'),
('leber'),
('lebih'),
('lebuh'),
('lebuk'),
('lebum'),
('lebun'),
('lebung'),
('lebur'),
('lecah'),
('lecak'),
('lecap'),
('lecat'),
('leceh'),
('lecek'),
('lecer'),
('lecet'),
('leci'),
('lecit'),
('leco'),
('lecok'),
('lecuh'),
('lecun'),
('lecup'),
('lecur'),
('lecut'),
('ledak'),
('ledang'),
('ledek'),
('ledeng'),
('ledes'),
('leding'),
('ledos'),
('ledre'),
('leduk'),
('ledung'),
('lefa'),
('lega'),
('legal'),
('legalisasi'),
('legalitas'),
('legam'),
('legap'),
('legar'),
('legasi'),
('legasteni'),
('legat'),
('legataris'),
('legato'),
('legator'),
('lege'),
('legek'),
('legen'),
('legenda'),
('legendaris'),
('leger'),
('leges'),
('leghorn'),
('Legi'),
('legih'),
('legio'),
('legislasi'),
('legislatif'),
('legislator'),
('legisme'),
('legit'),
('legitimaris'),
('legitimas'),
('legitimasi'),
('legitimitas'),
('legiun'),
('lego'),
('legok'),
('legong'),
('legu'),
('legum'),
('legunder'),
('legung'),
('lehar'),
('leher'),
('lei'),
('leja'),
('lejang'),
('lejar'),
('lejas'),
('lejit'),
('lejok'),
('leka'),
('lekam'),
('lekang'),
('lekap'),
('lekar'),
('lekas'),
('lekat'),
('lekemia'),
('lekir'),
('lekit'),
('lekok'),
('lekosit'),
('leksem'),
('leksikal'),
('leksikograf'),
('leksikografi'),
('leksikografis'),
('leksikolog'),
('leksikologi'),
('leksikon'),
('leksikostatistik'),
('leksis'),
('lekton'),
('lektor'),
('lektur'),
('leku'),
('lekuk'),
('lekum'),
('lekun'),
('lekung'),
('lela'),
('lelah'),
('lelai'),
('lelaki'),
('lelancur'),
('lelang'),
('lelangon'),
('lelangse'),
('lelap'),
('lelar'),
('lelas'),
('lelat'),
('lelatu'),
('lele'),
('leleh'),
('lelembut'),
('lelemuku'),
('lelep'),
('leler'),
('leles'),
('lelet'),
('lelewa'),
('leli'),
('leluasa'),
('lelucon'),
('leluhur'),
('leluing'),
('lelung'),
('lelungit'),
('leluri'),
('lem'),
('lema'),
('lemah'),
('lemak'),
('lemang'),
('lemari'),
('lemas'),
('lemau'),
('lembaga'),
('lembah'),
('lembai'),
('lembak'),
('lembam'),
('lembang'),
('lembap'),
('lembar'),
('lembayung'),
('lembega'),
('lembek'),
('lembeng'),
('lembidang'),
('lembing'),
('lembok'),
('lembora'),
('lembu'),
('lembung'),
('lembur'),
('lemburu'),
('lembut'),
('lemena'),
('lemender'),
('lemes'),
('lemidi'),
('lemo'),
('lemon'),
('lempah'),
('lempai'),
('lempap'),
('lempar'),
('lempari'),
('lempaung'),
('lempem'),
('lempeng'),
('lemper'),
('lemping'),
('lempoh'),
('lempuh'),
('lempuk'),
('lempung'),
('lempuyang'),
('lempuyangan'),
('lemur'),
('lemusir'),
('lena'),
('lenan'),
('lencana'),
('lencang'),
('lenceng'),
('lencet'),
('lenci'),
('lencir'),
('lencit'),
('lencong'),
('lencun'),
('lenda'),
('lendaian'),
('lendeh'),
('lender'),
('lendir'),
('lendot'),
('lendung'),
('lendut'),
('leng'),
('lenga'),
('lengah'),
('lengai'),
('lengak'),
('lengan'),
('lengang'),
('lengar'),
('lengas'),
('lengat'),
('lenge'),
('lenggak'),
('lenggana'),
('lenggang'),
('lenggek'),
('lengger'),
('lenggok'),
('lenggong'),
('lenggor'),
('lenggundi'),
('lenggut'),
('lengit'),
('lengkai'),
('lengkanas'),
('lengkang'),
('lengkap'),
('lengkara'),
('lengkeng'),
('lengkesa'),
('lengket'),
('lengking'),
('lengkitang'),
('lengkok'),
('lengkong'),
('lengkuas'),
('lengkung'),
('lengkur'),
('lengoh'),
('lengong'),
('lengos'),
('lengseng'),
('lengser'),
('lengset'),
('lenguh'),
('lengung'),
('lening'),
('lenis'),
('lenitrik'),
('lenja'),
('lenjan'),
('lenjaran'),
('lenjing'),
('lenjuang'),
('lenong'),
('lenor'),
('lens'),
('lensa'),
('lenser'),
('lenset'),
('lenso'),
('lentang'),
('lenteng'),
('lentera'),
('lentik'),
('lenting'),
('lentisel'),
('lentoid'),
('lentok'),
('lentong'),
('lentuk'),
('lentum'),
('lentung'),
('lentur'),
('lentus'),
('lenung'),
('lenyah'),
('lenyai'),
('lenyak'),
('lenyap'),
('lenyau'),
('lenyeh'),
('lenyet'),
('lenyut'),
('Leo'),
('leonid'),
('leontin'),
('leot'),
('lepa'),
('lepai'),
('lepak'),
('lepang'),
('lepap'),
('lepas'),
('lepat'),
('lepau'),
('lepe'),
('lepek'),
('leper'),
('leperi'),
('lepes'),
('lepet'),
('lepih'),
('lepik'),
('lepit'),
('leplap'),
('lepoh'),
('lepok'),
('lepot'),
('lepra'),
('leproma'),
('lepromin'),
('leproseri'),
('leptodos'),
('leptoskop'),
('leptosom'),
('lepu'),
('lepuh'),
('lepuk'),
('lepur'),
('lerah'),
('lerai'),
('lerak'),
('lerang'),
('lerap'),
('lereng'),
('leret'),
('lerok'),
('lerot'),
('les'),
('lesa'),
('lesak'),
('lesan'),
('lesang'),
('lesap'),
('lesbi'),
('lesbian'),
('lesbianisme'),
('leseh'),
('lesek'),
('leset'),
('lesi'),
('lesing'),
('lesir'),
('lesit'),
('lesitina'),
('lesnar'),
('lesot'),
('lesplang'),
('lestari'),
('lestek'),
('lesterung'),
('lesu'),
('lesung'),
('lesus'),
('lesut'),
('leta'),
('letai'),
('letak'),
('letal'),
('letalitas'),
('letang'),
('letargi'),
('letek'),
('leter'),
('letih'),
('letik'),
('leting'),
('letis'),
('letnan'),
('letoi'),
('letos'),
('letraset'),
('letuk'),
('letum'),
('letung'),
('letup'),
('letur'),
('letus'),
('leuca'),
('leukemia'),
('leukoderma'),
('leukofit'),
('leukoma'),
('leukonisia'),
('leukopenia'),
('leukoplakia'),
('leukore'),
('leukosit'),
('leukositometer'),
('leukositosis'),
('level'),
('lever'),
('leveransir'),
('levertran'),
('levirat'),
('levitin'),
('levulosa'),
('lewa'),
('lewah'),
('lewar'),
('lewat'),
('lewisid'),
('leyeh'),
('leyot'),
('lezat'),
('liabilitas'),
('lian'),
('liana'),
('liang'),
('liangliong'),
('liar'),
('lias'),
('liat'),
('liau'),
('libas'),
('libat'),
('libei'),
('liberal'),
('liberalis'),
('liberalisasi'),
('liberalisme'),
('liberalistis'),
('liberasi'),
('liberator'),
('libero'),
('libidis'),
('libido'),
('Libra'),
('librasi'),
('libreto'),
('libur'),
('licak'),
('licau'),
('lici'),
('licik'),
('licin'),
('licurai'),
('lid'),
('lidah'),
('lidas'),
('lidi'),
('lidid'),
('lifo'),
('lift'),
('lifter'),
('liga'),
('ligamen'),
('ligan'),
('ligar'),
('ligas'),
('ligasi'),
('ligat'),
('ligatur'),
('ligih'),
('lignin'),
('lignit'),
('lignoselulosa'),
('lignosulfonat'),
('lignotuber'),
('lihai'),
('lihat'),
('lik'),
('likantropi'),
('likas'),
('likat'),
('likir'),
('liku'),
('likuid'),
('likuida'),
('likuidasi'),
('likuiditas'),
('likur'),
('likut'),
('lil'),
('lila'),
('lilah'),
('lilan'),
('lilau'),
('lili'),
('lilin'),
('liliput'),
('lilit'),
('lilitkutu'),
('lillahi'),
('lima'),
('liman'),
('limar'),
('limas'),
('limau'),
('limbah'),
('limbai'),
('limbak'),
('limban'),
('limbang'),
('limbat'),
('limbing'),
('limbubu'),
('limbuk'),
('limbung'),
('limbur'),
('limfa'),
('limfadema'),
('limfadenitis'),
('limfadenoma'),
('limfadenosis'),
('limfaderitis'),
('limfangioma'),
('limfatik'),
('limfoblartoma'),
('limfoblas'),
('limfoblastoma'),
('limfografi'),
('limfoma'),
('limfonodus'),
('limfopenia'),
('limfosit'),
('limfositopenia'),
('limfositosis'),
('limit'),
('limitasi'),
('limitatif'),
('limnetik'),
('limnologi'),
('limnoplankton'),
('limpa'),
('limpah'),
('limpap'),
('limpapas'),
('limpas'),
('limpau'),
('limpit'),
('limpoh'),
('limpung'),
('limun'),
('limusin'),
('limut'),
('linang'),
('linau'),
('lincah'),
('lincak'),
('lincam'),
('lincir'),
('lincun'),
('lindak'),
('lindang'),
('lindap'),
('lindas'),
('lindik'),
('lindis'),
('lindu'),
('lindung'),
('lindur'),
('linear'),
('linen'),
('ling'),
('lingar'),
('lingat'),
('lingga'),
('linggata'),
('linggayuran'),
('linggi'),
('linggis'),
('lingkap'),
('lingkar'),
('lingkawa'),
('lingkis'),
('lingkung'),
('lingkup'),
('linglung'),
('lingsa'),
('lingsir'),
('lingsu'),
('linguafon'),
('linguis'),
('linguistik'),
('lini'),
('linier'),
('linimen'),
('lining'),
('linjak'),
('linoleum'),
('linsang'),
('lintabung'),
('lintah'),
('lintang'),
('lintap'),
('lintar'),
('lintas'),
('lintibang'),
('linting'),
('lintir'),
('lintuh'),
('lintup'),
('linu'),
('linuhung'),
('linyak'),
('linyar'),
('lio'),
('liofilisasi'),
('liong'),
('liontin'),
('lipai'),
('lipan'),
('lipas'),
('lipase'),
('lipat'),
('lipatganda'),
('lipektomi'),
('lipemia'),
('lipid'),
('lipiodol'),
('lipit'),
('liplap'),
('lipoksidase'),
('lipolisis'),
('lipoprotein'),
('lipstik'),
('lipu'),
('lipur'),
('liput'),
('lir'),
('lira'),
('lirida'),
('lirih'),
('lirik'),
('liris'),
('lis'),
('lisah'),
('lisan'),
('lisani'),
('lisensi'),
('lisimeter'),
('lisis'),
('lisol'),
('lisong'),
('lisplang'),
('lister'),
('listeria'),
('listrik'),
('lisu'),
('lisus'),
('lisut'),
('litah'),
('litak'),
('litani'),
('liter'),
('literator'),
('literer'),
('litium'),
('litografi'),
('litologi'),
('litoral'),
('litosfer'),
('litotes'),
('litotomi'),
('litsus'),
('liturgi'),
('liturgis'),
('liuk'),
('liur'),
('liut'),
('liwa'),
('liwan'),
('liwat'),
('liwet'),
('loak'),
('lob'),
('loba'),
('lobak'),
('loban'),
('loberci'),
('lobi'),
('lobster'),
('locok'),
('locot'),
('lodan'),
('lodeh'),
('lodoh'),
('lodong'),
('log'),
('logam'),
('logaritma'),
('logat'),
('logawiah'),
('logika'),
('logis'),
('logistik'),
('logo'),
('logogram'),
('logopedia'),
('logotip'),
('lohok'),
('loji'),
('lok'),
('loka'),
('lokacipta'),
('lokakarya'),
('lokal'),
('lokalis'),
('lokalisasi'),
('lokan'),
('lokananta'),
('lokap'),
('lokasi'),
('lokastiti'),
('lokatif'),
('lokatikranta'),
('lokatraya'),
('lokawarta'),
('lokawidura'),
('lokawigna'),
('lokawiruda'),
('lokawisata'),
('lokcuan'),
('lokek'),
('lokeswara'),
('loket'),
('loki'),
('lokia'),
('lokika'),
('lokio'),
('loklok'),
('lokomobil'),
('lokomotif'),
('lokos'),
('loksek'),
('loksun'),
('lokus'),
('lokusi'),
('lolak'),
('loleng'),
('loloh'),
('lolohan'),
('lolong'),
('lolos'),
('lomba'),
('lombar'),
('lombok'),
('lombong'),
('lomek'),
('lomot'),
('lompat'),
('lompayang'),
('lompok'),
('lompong'),
('lonan'),
('loncat'),
('loncek'),
('lonceng'),
('loncer'),
('lonco'),
('loncos'),
('londang'),
('londong'),
('loneng'),
('long'),
('longdres'),
('longgar'),
('longgok'),
('longgor'),
('longitudinal'),
('longo'),
('longok'),
('longong'),
('longser'),
('longsor'),
('longtorso'),
('lonjak'),
('lonjong'),
('lonjor'),
('lonsong'),
('lontai'),
('lontar'),
('lontara'),
('lonte'),
('lontok'),
('lontong'),
('lonyok'),
('lop'),
('lopak'),
('lopek'),
('loper'),
('lopis'),
('lopor'),
('lor'),
('lorah'),
('loran'),
('lorat'),
('lorber'),
('lorek'),
('loreng'),
('lori'),
('lornyet'),
('lorong'),
('lorot'),
('los'),
('lose'),
('losion'),
('losmen'),
('loso'),
('losong'),
('lot'),
('lota'),
('lotak'),
('lotek'),
('loteng'),
('lotis'),
('lotong'),
('lotre'),
('lotus'),
('lowong'),
('loya'),
('loyak'),
('loyal'),
('loyalis'),
('loyalitas'),
('loyang'),
('loyar'),
('loyo'),
('loyong'),
('lozenge'),
('luah'),
('luak'),
('luang'),
('luap'),
('luar'),
('luarbiasa'),
('luas'),
('luat'),
('luban'),
('lubang'),
('luber'),
('lubuk'),
('lucah'),
('lucu'),
('lucup'),
('lucut'),
('ludah'),
('ludat'),
('ludes'),
('luding'),
('ludruk'),
('lues'),
('lugas'),
('lugu'),
('lugut'),
('luhmahful'),
('luhung'),
('luhur'),
('luih'),
('luik'),
('luing'),
('luk'),
('luka'),
('lukah'),
('lukat'),
('lukeh'),
('lukis'),
('luks'),
('luku'),
('lukut'),
('lulai'),
('luli'),
('luluh'),
('luluhlantak'),
('luluk'),
('lulum'),
('lulup'),
('lulur'),
('lulus'),
('lulut'),
('lum'),
('lumai'),
('lumang'),
('lumar'),
('lumas'),
('lumat'),
('lumayan'),
('lumbal'),
('lumbu'),
('lumbung'),
('lumen'),
('lumer'),
('luminositas'),
('lumpang'),
('lumpektomi'),
('lumpia'),
('lumping'),
('lumpuh'),
('lumpuk'),
('lumpur'),
('lumrah'),
('lumsum'),
('lumuh'),
('lumur'),
('lumus'),
('lumut'),
('lunak'),
('lunas'),
('lunau'),
('luncai'),
('luncas'),
('luncung'),
('luncur'),
('lundang'),
('lundi'),
('lundu'),
('luner'),
('lung'),
('lungguh'),
('lungkah'),
('lungkang'),
('lungkum'),
('lunglai'),
('lunglung'),
('lungsar'),
('lungse'),
('lungsin'),
('lungsung'),
('lungsur'),
('lungun'),
('lunjur'),
('lunta'),
('luntang'),
('luntas'),
('luntur'),
('lunyah'),
('lunyai'),
('lup'),
('lupa'),
('lupat'),
('lupi'),
('lupuh'),
('lupuk'),
('lupung'),
('lupus'),
('luput'),
('lurah'),
('lurik'),
('luru'),
('lurub'),
('luruh'),
('lurus'),
('lurut'),
('lus'),
('lusa'),
('lusin'),
('lustrum'),
('lusuh'),
('lut'),
('lutetium'),
('luti'),
('lutu'),
('lutung'),
('lutut'),
('luweng'),
('luwes'),
('luyak'),
('luyu'),
('luyut'),
('maab'),
('maaf'),
('mabriuk'),
('mabrur'),
('mabuh'),
('mabuk'),
('mabul'),
('macakal'),
('macam'),
('macan'),
('macapat'),
('mace'),
('macet'),
('macis'),
('mad'),
('madah'),
('madali'),
('madam'),
('madang'),
('madani'),
('madar'),
('madat'),
('madewi'),
('madi'),
('madia'),
('madik'),
('madinding'),
('madmadah'),
('mado'),
('madona'),
('madras'),
('madrasah'),
('madu'),
('madukara'),
('madumangsa'),
('madya'),
('maesan'),
('maesenas'),
('maestro'),
('mafela'),
('mafhum'),
('mafia'),
('mafioso'),
('mafsadah'),
('mafsadat'),
('mag'),
('magainin'),
('magalah'),
('magandi'),
('magang'),
('magasin'),
('magel'),
('magenta'),
('magersari'),
('magfirah'),
('magi'),
('magis'),
('magister'),
('magistrat'),
('maglub'),
('magma'),
('magnesium'),
('magnesol'),
('magnet'),
('magnetik'),
('magnetika'),
('magnetis'),
('magnetisme'),
('magnetit'),
('magnetometer'),
('magnetor'),
('magnetostatika'),
('magnitudo'),
('magrib'),
('magribi'),
('magrur'),
('magun'),
('mah'),
('mahabah'),
('mahabintang'),
('mahadewa'),
('mahadewi'),
('mahaduta'),
('MahaEsa'),
('mahaguru'),
('mahah'),
('mahajana'),
('mahakala'),
('mahakarya'),
('mahakuasa'),
('mahal'),
('mahamen'),
('mahamenteri'),
('mahamulia'),
('mahang'),
('mahaparana'),
('mahapatih'),
('mahar'),
('maharaja'),
('maharajalela'),
('maharana'),
('maharani'),
('mahardika'),
('maharesi'),
('maharupa'),
('mahasiswa'),
('mahasiswi'),
('mahasuci'),
('mahatahu'),
('mahatma'),
('mahatur'),
('Mahayana'),
('mahbub'),
('mahbubah'),
('mahdi'),
('maherat'),
('mahesa'),
('maheswara'),
('mahfuz'),
('mahia'),
('mahir'),
('mahkamah'),
('mahkota'),
('mahligai'),
('mahmud'),
('mahoni'),
('mahram'),
('mahsul'),
('mahsyar'),
('mahwu'),
('mahyong'),
('mahzurat'),
('mai'),
('maido'),
('maimun'),
('main'),
('mair'),
('mairat'),
('maizena'),
('maja'),
('majaan'),
('majakane'),
('majakaya'),
('majakeling'),
('majal'),
('majalah'),
('majas'),
('majasi'),
('majati'),
('majedub'),
('majelis'),
('majemuk'),
('majenun'),
('majikan'),
('majir'),
('majizat'),
('majong'),
('maju'),
('majuh'),
('majuj'),
('majun'),
('majung'),
('majusi'),
('mak'),
('maka'),
('makadam'),
('makadasang'),
('makadok'),
('makalah'),
('makalangkang'),
('makam'),
('makan'),
('makantah'),
('makantuh'),
('makanya'),
('makao'),
('makaopo'),
('makar'),
('makaroni'),
('makbud'),
('makbul'),
('makcik'),
('makcomblang'),
('makda'),
('makdan'),
('makelar'),
('makerel'),
('maket'),
('makhdum'),
('makhluk'),
('makhraj'),
('maki'),
('makin'),
('making'),
('makiyah'),
('maklaf'),
('maklum'),
('maklumat'),
('maklun'),
('makmal'),
('makmum'),
('makmur'),
('makna'),
('maknawi'),
('makramat'),
('makrame'),
('makrifat'),
('makrifatullah'),
('makro'),
('makroekonomi'),
('makrofita'),
('makrofotografi'),
('makroftalmus'),
('makrogametosit'),
('makrohistori'),
('makrokosmos'),
('makrokriminologi'),
('makrolinguistik'),
('makromelia'),
('makrometeorologi'),
('makromolekul'),
('makrosefalik'),
('makroskopis'),
('makrosmatik'),
('makrososiologi'),
('makruf'),
('makruh'),
('maksi'),
('maksiat'),
('maksila'),
('maksim'),
('maksimal'),
('maksimum'),
('maksud'),
('maksum'),
('maktab'),
('maktub'),
('makua'),
('makul'),
('makula'),
('makulat'),
('makurung'),
('makyong'),
('makzul'),
('mal'),
('mala'),
('malabau'),
('malabsorpsi'),
('malafide'),
('malafungsi'),
('malagandang'),
('malagizi'),
('malah'),
('malai'),
('malaikat'),
('malaikatulmaut'),
('malaise'),
('malaka'),
('malakama'),
('malakat'),
('malakit'),
('malakofili'),
('malakologi'),
('malakut'),
('malam'),
('malan'),
('malang'),
('malangbang'),
('malap'),
('malapari'),
('malapetaka'),
('malapraktik'),
('malar'),
('malaria'),
('malas'),
('malasia'),
('malasuai'),
('malatindak'),
('maldistribusi'),
('male'),
('maleman'),
('maleo'),
('maleolus'),
('maligai'),
('malih'),
('malik'),
('Maliki'),
('Malikuljabar'),
('Malikulmuluk'),
('malim'),
('maling'),
('malis'),
('malisol'),
('malka'),
('malnutrisi'),
('maloklusi'),
('malt'),
('maltase'),
('maltosa'),
('malu'),
('malun'),
('malung'),
('mam'),
('mama'),
('mamai'),
('mamak'),
('mamalia'),
('maman'),
('mamanah'),
('mamanda'),
('mamang'),
('mamano'),
('mamat'),
('mambang'),
('mambek'),
('mambo'),
('mambruk'),
('mambu'),
('mambung'),
('mamduhah'),
('mami'),
('mamik'),
('mamlakat'),
('mamografi'),
('mampai'),
('mampir'),
('mampu'),
('mampung'),
('mampus'),
('mamut'),
('man'),
('mana'),
('manah'),
('manai'),
('manajemen'),
('manajer'),
('manajerial'),
('manakala'),
('manakan'),
('manakib'),
('manalagi'),
('manasik'),
('manasongo'),
('manasuka'),
('manau'),
('mancanegara'),
('mancawarna'),
('manci'),
('mancung'),
('mancur'),
('manda'),
('mandah'),
('mandai'),
('mandala'),
('mandalika'),
('mandam'),
('mandarin'),
('mandat'),
('mandataris'),
('mandau'),
('mandeh'),
('mandek'),
('mandelevium'),
('mandi'),
('mandibula'),
('mandil'),
('mandir'),
('mandiri'),
('mandolin'),
('mandor'),
('mandraguna'),
('mandril'),
('mandrin'),
('mandu'),
('mandul'),
('mandung'),
('maneken'),
('manerisme'),
('manfaat'),
('mang'),
('mangan'),
('mangap'),
('mangas'),
('mangau'),
('mangayubagya'),
('mangga'),
('manggah'),
('manggala'),
('manggar'),
('manggis'),
('manggung'),
('mangir'),
('mangkak'),
('mangkanya'),
('mangkar'),
('mangkas'),
('mangkat'),
('mangkel'),
('mangkih'),
('mangkir'),
('mangkok'),
('mangkubumi'),
('mangkuk'),
('mangkus'),
('mangsa'),
('mangsi'),
('mangu'),
('mangun'),
('mangut'),
('mani'),
('mania'),
('maniak'),
('manifes'),
('manifestasi'),
('manifesto'),
('manik'),
('manikam'),
('manikdepresi'),
('manikmaya'),
('manikur'),
('manila'),
('manimba'),
('manipol'),
('manipulasi'),
('manipulatif'),
('manipulator'),
('manira'),
('manis'),
('manise'),
('manja'),
('manjapada'),
('manjau'),
('manjeri'),
('manjing'),
('manjung'),
('manjur'),
('manol'),
('manometer'),
('manora'),
('manostat'),
('manset'),
('mansiang'),
('mansukh'),
('manta'),
('mantan'),
('mantap'),
('mantel'),
('manten'),
('mantik'),
('mantiki'),
('mantisa'),
('mantra'),
('mantram'),
('mantri'),
('mantu'),
('mantuk'),
('manual'),
('manufaktur'),
('manufakturing'),
('manuk'),
('manumisio'),
('manumpak'),
('manunggal'),
('manusia'),
('manusiawi'),
('manuskrip'),
('manut'),
('manuver'),
('manuwa'),
('manyala'),
('manyar'),
('manzil'),
('manzilah'),
('maois'),
('map'),
('mapalus'),
('mapan'),
('mar'),
('mara'),
('marah'),
('maraja'),
('marak'),
('marakas'),
('marambung'),
('maramus'),
('maranta'),
('marapulai'),
('maras'),
('maraton'),
('marbling'),
('marbut'),
('marcapada'),
('mardatillah'),
('mardud'),
('mare'),
('marem'),
('Maret'),
('marfuk'),
('marga'),
('margalit'),
('margarin'),
('margasatwa'),
('margin'),
('marginal'),
('marginalisasi'),
('marginalisme'),
('margrit'),
('marhaban'),
('marhaen'),
('marhaenis'),
('marhaenisme'),
('mari'),
('maria'),
('Marikh'),
('marikultur'),
('marimu'),
('marina'),
('marinade'),
('marine'),
('marinir'),
('marinyo'),
('marinyu'),
('marital'),
('maritim'),
('mariyuana'),
('marjik'),
('mark'),
('marka'),
('markado'),
('markah'),
('markas'),
('markasit'),
('marketri'),
('markis'),
('markisa'),
('markoni'),
('markonis'),
('markusip'),
('marlin'),
('marmelade'),
('marmer'),
('marmot'),
('maro'),
('marpaud'),
('marsaoleh'),
('marsekal'),
('marsepen'),
('marsose'),
('martabak'),
('martaban'),
('martabat'),
('martandang'),
('martil'),
('martini'),
('martir'),
('maru'),
('marus'),
('marut'),
('marwas'),
('mas'),
('masa'),
('masabodoh'),
('masai'),
('masak'),
('masakat'),
('masala'),
('masalah'),
('masam'),
('masap'),
('masase'),
('masayu'),
('masbuk'),
('masdar'),
('Masehi'),
('masektomi'),
('maser'),
('maserasi'),
('masif'),
('masih'),
('masin'),
('masinal'),
('masinis'),
('masir'),
('masjid'),
('Masjidilaksa'),
('Masjidilharam'),
('maskanat'),
('maskapai'),
('maskara'),
('maskat'),
('maskawin'),
('masker'),
('maskodok'),
('maskon'),
('maskot'),
('maskulin'),
('maskulinitas'),
('maskumambang'),
('maslahat'),
('masnawi'),
('masohi'),
('masoi'),
('masokhis'),
('masokhisme'),
('masokisme'),
('mason'),
('masrum'),
('massa'),
('massal'),
('mastautin'),
('mastektomi'),
('master'),
('masterplan'),
('mastik'),
('mastitis'),
('mastodon'),
('mastuli'),
('masturbasi'),
('masuk'),
('masuliah'),
('masyaAllah'),
('masyakah'),
('masyarakat'),
('masygul'),
('masyhadat'),
('masyhur'),
('masyrik'),
('masyuk'),
('mata'),
('matador'),
('matahari'),
('matakao'),
('matalamat'),
('matan'),
('matang'),
('mate'),
('matematika'),
('matematikawan'),
('matematikus'),
('matematis'),
('materi'),
('material'),
('materialis'),
('materialisme'),
('materialistis'),
('materiil'),
('mati'),
('matine'),
('matlak'),
('matoa'),
('maton'),
('matra'),
('matras'),
('matres'),
('matriarkal'),
('matriarkat'),
('matriks'),
('matrikulasi'),
('matrilineal'),
('matrilokal'),
('matris'),
('matronim'),
('matros'),
('matu'),
('matur'),
('maturasi'),
('maturitas'),
('mau'),
('mauizah'),
('maujud'),
('maujudat'),
('maukhid'),
('maukif'),
('maukuf'),
('maula'),
('maulai'),
('maulana'),
('maulhayat'),
('maulid'),
('maulidurasul'),
('maulud'),
('maung'),
('maupun'),
('mausoleum'),
('maut'),
('mauz'),
('mawadah'),
('mawar'),
('mawas'),
('mawasdiri'),
('maweda'),
('mawin'),
('mawon'),
('mawut'),
('mayam'),
('mayangda'),
('mayapada'),
('mayat'),
('mayeng'),
('mayokratio'),
('mayones'),
('mayor'),
('mayoret'),
('mayoritas'),
('mayung'),
('mayur'),
('mazarin'),
('mazbah'),
('mazhab'),
('mazi'),
('mazkur'),
('mazmumah'),
('mazmur'),
('mbah'),
('mbak'),
('mbakyu'),
('mbeling'),
('mbok'),
('meander'),
('mebel'),
('mecis'),
('medali'),
('medalion'),
('medan'),
('medang'),
('mede'),
('media'),
('medial'),
('median'),
('mediasi'),
('mediastinum'),
('mediator'),
('medik'),
('medikamentosa'),
('medikasi'),
('medikolegal'),
('medikus'),
('medil'),
('medio'),
('medis'),
('medisinal'),
('medit'),
('meditasi'),
('Mediterania'),
('medium'),
('medok'),
('medu'),
('medula'),
('Medusa'),
('mega'),
('megafon'),
('megah'),
('megak'),
('megakredit'),
('megalit'),
('Megalitikum'),
('megalomania'),
('megalomaniak'),
('megalopolis'),
('megalosit'),
('megamerger'),
('megan'),
('megaohm'),
('megapolis'),
('megaproyek'),
('megar'),
('megaspora'),
('megasporangium'),
('megasporofil'),
('megat'),
('megaton'),
('megatren'),
('megatruh'),
('megawatt'),
('meger'),
('Mei'),
('meiosis'),
('meja'),
('mejahijau'),
('mejam'),
('mejan'),
('mejana'),
('mejeng'),
('mek'),
('mekanik'),
('mekanika'),
('mekanikgraha'),
('mekanis'),
('mekanisasi'),
('mekanisme'),
('mekap'),
('mekar'),
('meko'),
('mekonium'),
('mel'),
('melabuai'),
('melambang'),
('Melanesia'),
('melangkup'),
('melanin'),
('melanisme'),
('melankolia'),
('melankolis'),
('melankonis'),
('melanoderma'),
('melar'),
('melas'),
('melase'),
('melasma'),
('melati'),
('melawah'),
('melek'),
('meleng'),
('meler'),
('melesek'),
('meleset'),
('melik'),
('melinjo'),
('melit'),
('melitofili'),
('meliwis'),
('melodi'),
('melodika'),
('melodius'),
('melodrama'),
('melodramatik'),
('melodramatis'),
('melon'),
('melor'),
('melotot'),
('melpari'),
('melukut'),
('melulu'),
('melur'),
('memang'),
('memar'),
('membal'),
('memble'),
('membran'),
('memedi'),
('memek'),
('memo'),
('memoar'),
('memorabilia'),
('memorandum'),
('memorat'),
('memori'),
('memorial'),
('mempan'),
('mempelai'),
('mempelam'),
('mempelas'),
('mempelasari'),
('mempelashari'),
('mempening'),
('memper'),
('mempitis'),
('mempurung'),
('memutah'),
('menaga'),
('menak'),
('menampun'),
('menang'),
('menantu'),
('menara'),
('menat'),
('mencak'),
('menceng'),
('menceret'),
('mencit'),
('menclok'),
('mencok'),
('mencong'),
('mencos'),
('mencret'),
('mendak'),
('mendap'),
('mendapa'),
('mendeleka'),
('mendelevium'),
('mendeng'),
('mendiang'),
('mendikai'),
('mending'),
('mendira'),
('mendoan'),
('mendonan'),
('mendong'),
('mendreng'),
('mendu'),
('mendung'),
('mendur'),
('mendura'),
('mendut'),
('menep'),
('menepaat'),
('mengah'),
('mengangah'),
('mengap'),
('mengapmendam'),
('mengeh'),
('mengerawan'),
('mengerna'),
('menget'),
('mengga'),
('menggala'),
('menggusta'),
('mengi'),
('mengicip'),
('mengirat'),
('mengkal'),
('mengkali'),
('mengkaras'),
('mengkelan'),
('mengkerang'),
('mengkeret'),
('mengking'),
('mengkirai'),
('mengkis'),
('mengkona'),
('mengkudu'),
('mengok'),
('mengor'),
('mengot'),
('mengsol'),
('mengsong'),
('mengung'),
('menhir'),
('meni'),
('meningitis'),
('menir'),
('meniran'),
('meniskus'),
('menit'),
('menjangan'),
('menjelai'),
('menong'),
('menopause'),
('menor'),
('menoragia'),
('menostaksis'),
('mens'),
('Menserendahi'),
('mensiang'),
('menstruasi'),
('mensurasi'),
('mentah'),
('mentak'),
('mental'),
('mentalitas'),
('mentang'),
('mentari'),
('mentaruh'),
('mentas'),
('mentaus'),
('mentega'),
('menteleng'),
('menteng'),
('mentereng'),
('menteri'),
('mentibu'),
('mentifakta'),
('mentigi'),
('mentilau'),
('mentimun'),
('mentis'),
('mentok'),
('mentol'),
('mentolo'),
('mentor'),
('mentora'),
('mentul'),
('menu'),
('menuet'),
('menung'),
('menur'),
('meong'),
('mepet'),
('meracang'),
('merah'),
('merajak'),
('merakan'),
('meralgia'),
('merambai'),
('merambung'),
('merana'),
('merang'),
('meranggi'),
('merangsi'),
('merangu'),
('meranti'),
('merat'),
('merawal'),
('merbah'),
('merbau'),
('merbaya'),
('merbuk'),
('merbulan'),
('mercon'),
('mercu'),
('mercusuar'),
('merdangga'),
('merdeka'),
('merdesa'),
('merdinah'),
('merdu'),
('merduk'),
('mere'),
('merek'),
('mereka'),
('merem'),
('merembung'),
('mereng'),
('meres'),
('mergat'),
('merger'),
('mergul'),
('meri'),
('meriam'),
('meriang'),
('merica'),
('meridian'),
('merih'),
('merik'),
('merikan'),
('merikarp'),
('mering'),
('meristem'),
('merjan'),
('merkah'),
('merkantilisme'),
('merkubang'),
('merkuri'),
('merkurium'),
('Merkurius'),
('merkuro'),
('merkurokrom'),
('merlilin'),
('merlimau'),
('merogoni'),
('merot'),
('merpati'),
('merpaud'),
('merpitis'),
('merpoyan'),
('merserisasi'),
('mersik'),
('merta'),
('mertamu'),
('mertapal'),
('mertayam'),
('mertega'),
('mertelu'),
('mertua'),
('meru'),
('merubi'),
('merunggai'),
('merut'),
('merwatin'),
('mes'),
('Mesa'),
('mesan'),
('mesara'),
('mesem'),
('mesin'),
('mesiu'),
('meskalina'),
('meski'),
('mesmerisme'),
('mesoderm'),
('mesodermik'),
('mesofili'),
('mesofit'),
('mesolitik'),
('mesolitikum'),
('mesometeorologi'),
('mesomorf'),
('meson'),
('mesopause'),
('mesosfer'),
('mesotel'),
('mesotoraks'),
('mesozoa'),
('mesozoikum'),
('mesra'),
('mesti'),
('mestika'),
('mestizo'),
('mesum'),
('mesut'),
('meta'),
('metabahasa'),
('metabolik'),
('metabolis'),
('metabolisme'),
('metabolit'),
('metafil'),
('metafisik'),
('metafisika'),
('metafora'),
('metaforis'),
('metah'),
('metai'),
('metal'),
('metalik'),
('metalinguistik'),
('metalografi'),
('metaloid'),
('metalurgi'),
('metalurgis'),
('metamorf'),
('metamorfis'),
('metamorfisme'),
('metamorfosis'),
('metana'),
('metanefros'),
('metanol'),
('metari'),
('metasenter'),
('metastasis'),
('metatarsus'),
('metatesis'),
('metazoa'),
('mete'),
('meteor'),
('meteorit'),
('meteorograf'),
('meteorogram'),
('meteoroid'),
('meteorologi'),
('meteorologis'),
('meteorologiwan'),
('meter'),
('meterai'),
('metil'),
('metode'),
('metodik'),
('metodis'),
('metodologi'),
('metonimi'),
('metonimia'),
('metrik'),
('metris'),
('metro'),
('metrologi'),
('metromini'),
('metronimik'),
('metronom'),
('metronomis'),
('metropolis'),
('metropolisasi'),
('metropolitan'),
('metroragia'),
('metrum'),
('meunasah'),
('mewah'),
('mewari'),
('mewek'),
('mezanin'),
('mezbah'),
('mezosopran'),
('miak'),
('miana'),
('miang'),
('miap'),
('miasma'),
('midar'),
('midi'),
('midik'),
('midodareni'),
('mieloma'),
('migrain'),
('migran'),
('migrasi'),
('migren'),
('mihrab'),
('mihun'),
('miiofili'),
('mijil'),
('miju'),
('mik'),
('mika'),
('mikat'),
('mikologi'),
('mikologiwan'),
('mikoprotein'),
('mikosis'),
('mikotoksin'),
('mikraj'),
('mikro'),
('mikroanalisis'),
('mikroangiopati'),
('mikrob'),
('mikrobiologi'),
('mikrobiologis'),
('mikrobisida'),
('mikrobus'),
('mikroekonomi'),
('mikroelektronika'),
('mikroelemen'),
('mikrofag'),
('mikrofarad'),
('mikrofilm'),
('mikrofita'),
('mikrofon'),
('mikrofotografi'),
('mikrogelombang'),
('mikrograf'),
('mikrografika'),
('mikrogram'),
('mikrohabitat'),
('mikrohistori'),
('mikrohm'),
('mikroklimat'),
('mikrokomputer'),
('mikrokosmos'),
('mikrolet'),
('mikrolinguistik'),
('mikrolit'),
('mikromanipulasi'),
('mikrometer'),
('mikrometri'),
('mikron'),
('mikroorganisme'),
('mikroprosesor'),
('mikrosefalia'),
('mikrosekon'),
('mikroskop'),
('mikroskopis'),
('mikrospora'),
('mikrotom'),
('mikrovilus'),
('mikrowatt'),
('mikser'),
('miksoedema'),
('mil'),
('milad'),
('milenium'),
('miliampere'),
('miliar'),
('miliarder'),
('miliaria'),
('miliarwan'),
('milibar'),
('milieu'),
('miligram'),
('milik'),
('mililiter'),
('milimeter'),
('milimikron'),
('milimol'),
('milioner'),
('milir'),
('milisi'),
('militan'),
('militansi'),
('militer'),
('militerisme'),
('militeristis'),
('miliun'),
('miliuner'),
('milivolt'),
('milu'),
('mim'),
('mimbar'),
('mimeograf'),
('mimesis'),
('mimi'),
('mimik'),
('mimikri'),
('mimis'),
('mimisan'),
('mimosa'),
('mimpi'),
('min'),
('minat'),
('minder'),
('mindi'),
('mindoan'),
('mindring'),
('mineral'),
('mineralisasi'),
('mineralogi'),
('mineralogis'),
('minggat'),
('minggir'),
('Minggu'),
('minhaj'),
('mini'),
('miniatur'),
('minibasket'),
('minibus'),
('minikar'),
('minikata'),
('minikomputer'),
('minim'),
('minimal'),
('minimarket'),
('minimum'),
('minium'),
('minor'),
('minoritas'),
('minta'),
('mintak'),
('mintakat'),
('mintakulburuj'),
('minterat'),
('Mintuna'),
('minum'),
('minus'),
('minyak'),
('mioglobin'),
('miokardia'),
('mioma'),
('miop'),
('miopia'),
('miosis'),
('miotik'),
('mipis'),
('mirah'),
('mirakel'),
('mirat'),
('miriapod'),
('mirih'),
('mirik'),
('miring'),
('mirip'),
('miris'),
('mirmekofag'),
('mirmekofili'),
('mirmekologi'),
('misa'),
('misai'),
('misal'),
('misan'),
('misantrop'),
('misbah'),
('misdinar'),
('misi'),
('misil'),
('misiologi'),
('misionaris'),
('misioner'),
('miskal'),
('miskin'),
('miskram'),
('misoa'),
('misofobia'),
('misogami'),
('misoginis'),
('mispersepsi'),
('mistar'),
('mister'),
('misteri'),
('misterius'),
('mistik'),
('mistis'),
('mistisisme'),
('mistri'),
('misuh'),
('miswat'),
('mitasi'),
('mite'),
('mitisida'),
('mitogen'),
('mitologi'),
('mitologis'),
('mitos'),
('mitosis'),
('mitra'),
('mitraliur'),
('mitrasejajar'),
('mizab'),
('mizan'),
('mnemonik'),
('mob'),
('mobil'),
('mobilet'),
('mobilisasi'),
('mobilisator'),
('mobilitas'),
('moblong'),
('mobokrasi'),
('mochi'),
('modal'),
('modalitas'),
('modar'),
('mode'),
('model'),
('modeling'),
('modem'),
('moderamen'),
('moderat'),
('moderato'),
('moderator'),
('modern'),
('modernisasi'),
('modernisme'),
('modernitas'),
('modernomaniak'),
('modifikasi'),
('modifikatif'),
('modin'),
('modis'),
('modiste'),
('modul'),
('modular'),
('modulasi'),
('modulator'),
('modus'),
('mofet'),
('moga'),
('mogok'),
('mohair'),
('mohon'),
('mohor'),
('mojah'),
('mojang'),
('mok'),
('moka'),
('moke'),
('moko'),
('moksa'),
('mol'),
('mola'),
('molar'),
('mole'),
('molek'),
('molekul'),
('molekuler'),
('moler'),
('moles'),
('molibden'),
('molibdenum'),
('molor'),
('molos'),
('molotov'),
('moluska'),
('momen'),
('momental'),
('momentum'),
('momok'),
('momong'),
('monarki'),
('moncong'),
('moncor'),
('mondial'),
('mondok'),
('mondolan'),
('mondong'),
('monel'),
('moneter'),
('monggol'),
('mongkok'),
('mongmong'),
('mongolisme'),
('mongoloid'),
('monisme'),
('monitor'),
('mono'),
('monoatom'),
('monodi'),
('monodrama'),
('monofag'),
('monofobia'),
('monofonir'),
('monogam'),
('monogami'),
('monogini'),
('monografi'),
('monogram'),
('monokarpa'),
('monokel'),
('monokini'),
('monoklin'),
('monoklinal'),
('monokotil'),
('monokotiledon'),
('monokrasi'),
('monokrom'),
('monokromatis'),
('monokromator'),
('monoksida'),
('monokultur'),
('monolingual'),
('monolit'),
('monolitik'),
('monolog'),
('monoloyalitas'),
('monomania'),
('monomer'),
('monoploid'),
('monopoli'),
('monopolistik'),
('monopsoni'),
('monorel'),
('monosakarida'),
('monosem'),
('monosemantik'),
('monosilabel'),
('monosilabisme'),
('monosit'),
('monospermi'),
('monoteis'),
('monoteisme'),
('monotipe'),
('monoton'),
('monsinyur'),
('monster'),
('monstera'),
('monsun'),
('montase'),
('montir'),
('montit'),
('montok'),
('monumen'),
('monumental'),
('monyet'),
('monyong'),
('monyos'),
('mop'),
('mopela'),
('mopit'),
('morak'),
('moral'),
('moralis'),
('moralisasi'),
('moralisme'),
('moralistis'),
('moralitas'),
('moratorium'),
('morbiditas'),
('morbili'),
('mordan'),
('moreng'),
('mores'),
('morf'),
('morfem'),
('morfemik'),
('morfemis'),
('morfin'),
('morfinis'),
('morfofonem'),
('morfofonemik'),
('morfofonemis'),
('morfofonologi'),
('morfogenesis'),
('morfologi'),
('morfzero'),
('mori'),
('moril'),
('mormon'),
('moron'),
('morong'),
('mortalitas'),
('mortar'),
('mortir'),
('mosaik'),
('mosi'),
('moster'),
('mota'),
('motel'),
('motif'),
('motivasi'),
('motivator'),
('moto'),
('motor'),
('motorik'),
('motoris'),
('motorisasi'),
('moyang'),
('mozaik'),
('mua'),
('muai'),
('muak'),
('muakadah'),
('mual'),
('mualaf'),
('mualamat'),
('mualif'),
('mualim'),
('muamalah'),
('muamalat'),
('muanas'),
('muara'),
('muarikh'),
('muas'),
('muasasah'),
('muasir'),
('muat'),
('muazam'),
('muazin'),
('mubah'),
('mubalig'),
('mubaligah'),
('mubarak'),
('mubarat'),
('mubazir'),
('mubtadi'),
('mubut'),
('mud'),
('muda'),
('mudah'),
('mudarabah'),
('mudarat'),
('mudasir'),
('mudat'),
('mudigah'),
('mudik'),
('mudra'),
('mudun'),
('mufaham'),
('mufakat'),
('mufarik'),
('mufasal'),
('mufasir'),
('muflis'),
('mufrad'),
('mufsidin'),
('mufti'),
('mugabat'),
('muhabah'),
('muhadarah'),
('muhadat'),
('muhajat'),
('muhajir'),
('muhajirin'),
('muhal'),
('muhalil'),
('muhami'),
('Muhammad'),
('Muharam'),
('muhasabah'),
('muhib'),
('muhibah'),
('muhit'),
('muhlikah'),
('muhrim'),
('muhsin'),
('muhtasyam'),
('muih'),
('mujadalah'),
('mujadid'),
('mujahadat'),
('mujahid'),
('mujahidin'),
('mujair'),
('mujang'),
('mujarab'),
('mujarad'),
('mujari'),
('mujbir'),
('mujtahid'),
('mujtamak'),
('mujur'),
('muka'),
('mukabalah'),
('mukadam'),
('mukadas'),
('mukadim'),
('mukadimah'),
('mukadis'),
('mukah'),
('mukalaf'),
('mukalid'),
('mukaram'),
('mukatabah'),
('mukena'),
('mukhabarah'),
('mukhalaf'),
('mukhalafah'),
('mukhalif'),
('mukhalis'),
('mukhlis'),
('mukhtasar'),
('mukibat'),
('mukim'),
('mukimin'),
('mukjizat'),
('mukmin'),
('mukminat'),
('mukminin'),
('mukoprotein'),
('mukosa'),
('mukositis'),
('muktabar'),
('muktamad'),
('muktamar'),
('muktamirin'),
('muktazilah'),
('mukun'),
('mula'),
('mulai'),
('mulakat'),
('mulamasah'),
('mulas'),
('mulato'),
('mulazamah'),
('mulhid'),
('mulia'),
('muliawan'),
('mullah'),
('mulsa'),
('multazam'),
('multibahasa'),
('multibahasawan'),
('multidimensi'),
('multidisipliner'),
('multietnik'),
('multifaset'),
('multifungsi'),
('multigravida'),
('multiguna'),
('multijutawan'),
('multikompleks'),
('multikrisis'),
('multikultur'),
('multikulturalisme'),
('multilateral'),
('multilingual'),
('multilingualisme'),
('multimedia'),
('multimeter'),
('multimilioner'),
('multinasional'),
('multinegara'),
('multiorgan'),
('multipara'),
('multipel'),
('multipleks'),
('multiplikasi'),
('multiplikator'),
('multipolar'),
('multiprosesor'),
('multirasial'),
('multirasialisme'),
('multiseluler'),
('multivalen'),
('multivalensi'),
('multivitamin'),
('muluk'),
('mulur'),
('mulus'),
('mulut'),
('mumayiz'),
('mumbang'),
('mumbul'),
('mumbung'),
('mumet'),
('mumi'),
('mumifikasi'),
('mumpung'),
('mumpuni'),
('mumuk'),
('mumut'),
('munafik'),
('munafikin'),
('munajat'),
('munajim'),
('munasabah'),
('muncang'),
('munci'),
('muncikari'),
('muncrat'),
('muncul'),
('muncus'),
('mundam'),
('munding'),
('mundu'),
('mundur'),
('mung'),
('munggu'),
('munggur'),
('mungil'),
('mungkar'),
('mungkin'),
('mungkir'),
('mungkum'),
('mungkur'),
('mungmung'),
('mungsi'),
('mungut'),
('munib'),
('munjung'),
('muno'),
('munsyi'),
('muntaber'),
('muntah'),
('muntaha'),
('muntu'),
('muntul'),
('muntup'),
('munyuk'),
('muon'),
('mupus'),
('mur'),
('mura'),
('murad'),
('muradif'),
('murah'),
('murai'),
('murakab'),
('murakabi'),
('mural'),
('muram'),
('murang'),
('muras'),
('murbei'),
('murca'),
('muri'),
('murid'),
('muring'),
('muris'),
('murka'),
('murni'),
('mursal'),
('mursyid'),
('murtad'),
('muruah'),
('murung'),
('murup'),
('murus'),
('mus'),
('musaadah'),
('musabab'),
('musabaqah'),
('musafir'),
('musafirin'),
('musakat'),
('musala'),
('musang'),
('musara'),
('museolog'),
('museologi'),
('museum'),
('mushaf'),
('musibah'),
('musik'),
('musikal'),
('musikalisasi'),
('musikalitas'),
('musikolog'),
('musikologi'),
('musikologis'),
('musikus'),
('musim'),
('musisi'),
('muskil'),
('muskovit'),
('muslih'),
('muslihat'),
('muslim'),
('muslimat'),
('muslimin'),
('muslin'),
('musnah'),
('muspra'),
('mustahak'),
('mustahik'),
('mustahil'),
('mustaid'),
('mustajab'),
('mustaka'),
('mustakim'),
('mustamik'),
('mustang'),
('musuh'),
('musyarakah'),
('musyarakat'),
('musyarik'),
('musyawarah'),
('musyrik'),
('musyrikin'),
('musytak'),
('musytari'),
('mutagen'),
('mutah'),
('mutakadim'),
('mutakalim'),
('mutakhir'),
('mutaki'),
('mutalaah'),
('mutan'),
('mutasawif'),
('mutasi'),
('mutawif'),
('mute'),
('mutiara'),
('mutih'),
('mutilasi'),
('mutisme'),
('mutlak'),
('mutmainah'),
('mutu'),
('mutualisme'),
('mutung'),
('muwafakat'),
('muwahid'),
('muwajahah'),
('muwakal'),
('muwakil'),
('muwari'),
('muzah'),
('muzakar'),
('muzakarah'),
('muzaki'),
('muzamil'),
('muzawir'),
('muzhab'),
('naam'),
('nabatah'),
('nabati'),
('nabi'),
('nabu'),
('nada'),
('nadi'),
('nadim'),
('nadir'),
('naf'),
('nafar'),
('nafi'),
('nafiri'),
('nafkah'),
('nafsi'),
('nafsu'),
('nafta'),
('naftalena'),
('naftena'),
('naftol'),
('naga'),
('nagam'),
('nagara'),
('nagari'),
('nagasari'),
('nah'),
('nahak'),
('nahas'),
('nahdiyin'),
('nahi'),
('nahkoda'),
('nahu'),
('naib'),
('naif'),
('naik'),
('naikkelas'),
('naim'),
('najam'),
('najasah'),
('najis'),
('nak'),
('naka'),
('nakal'),
('nakara'),
('nakhoda'),
('nal'),
('nala'),
('nalam'),
('nalar'),
('nali'),
('naluri'),
('naluriah'),
('nama'),
('namaskara'),
('namatad'),
('namatium'),
('nambi'),
('namnam'),
('nampan'),
('namun'),
('nan'),
('nanah'),
('nanang'),
('nanap'),
('nanaplankton'),
('nanar'),
('nanas'),
('nandu'),
('nandung'),
('nang'),
('nangka'),
('nangkring'),
('nangui'),
('naning'),
('nanofarad'),
('nanofosil'),
('nanogram'),
('nanometer'),
('nanti'),
('napal'),
('napalm'),
('napas'),
('napuh'),
('naqal'),
('naqli'),
('nara'),
('narablog'),
('narapati'),
('narapidana'),
('narapraja'),
('narasi'),
('narasumber'),
('naratif'),
('narator'),
('narkolepsi'),
('narkomaniak'),
('narkose'),
('narkosis'),
('narkotik'),
('narpati'),
('narsis'),
('narsisisme'),
('narsisme'),
('narwastu'),
('nas'),
('nasab'),
('nasabah'),
('nasakh'),
('nasal'),
('nasalisasi'),
('nasar'),
('nasehat'),
('nasel'),
('nasi'),
('nasib'),
('nasihat'),
('nasion'),
('nasional'),
('nasionalis'),
('nasionalisasi'),
('nasionalisme'),
('nasionalistis'),
('nasionisme'),
('naskah'),
('nasofaring'),
('Nasrani'),
('nasti'),
('nasut'),
('natal'),
('natalitas'),
('natang'),
('natar'),
('nativis'),
('nativisme'),
('nativistik'),
('natolokal'),
('natrium'),
('natur'),
('natura'),
('natural'),
('naturalis'),
('naturalisasi'),
('naturalisme'),
('naturalistis'),
('naturopatis'),
('naung'),
('nauplius'),
('nausea'),
('nautik'),
('nautika'),
('nautikal'),
('nautilus'),
('navigasi'),
('navigator'),
('nawa'),
('nawaitu'),
('nawala'),
('nawalapatra'),
('nawalapradata'),
('nayaka'),
('nayam'),
('nayap'),
('nazam'),
('nazar'),
('Nazi'),
('naziisme'),
('nazim'),
('nazir'),
('ndoro'),
('ndoroisme'),
('neala'),
('nealogi'),
('nebeng'),
('nebula'),
('nebulium'),
('neces'),
('necis'),
('nefoskop'),
('nefrektomi'),
('nefridium'),
('nefrit'),
('nefritis'),
('nefroblastoma'),
('nefrologi'),
('nefron'),
('nefrosis'),
('negara'),
('negarawan'),
('negasi'),
('negatif'),
('negativisme'),
('negativistik'),
('Neger'),
('negosi'),
('negosiasi'),
('negosiator'),
('negrito'),
('Negro'),
('negroid'),
('Negus'),
('nek'),
('neka'),
('nekad'),
('nekara'),
('nekat'),
('nekel'),
('nekoneko'),
('nekrofag'),
('nekrofagus'),
('nekrofili'),
('nekrofilia'),
('nekrogeografi'),
('nekrolog'),
('nekrologi'),
('nekromansi'),
('nekropolis'),
('nekropsi'),
('nekrosis'),
('neksus'),
('nektar'),
('nelangsa'),
('nelayan'),
('nemagon'),
('nematoda'),
('nematologi'),
('nematosida'),
('nematosis'),
('nenda'),
('nendatan'),
('nenek'),
('nenekanda'),
('nenen'),
('nenenda'),
('nener'),
('nenes'),
('neng'),
('neodarwinisme'),
('neodimium'),
('neofeodalisme'),
('neofeodalistis'),
('neoiknologi'),
('neoimpresionisme'),
('neokarpi'),
('neoklasik'),
('neoklasisme'),
('neokolonialisme'),
('neoliberalisme'),
('neolit'),
('neolitik'),
('neolitikum'),
('neologi'),
('neologisme'),
('neolokal'),
('neon'),
('neonatal'),
('neonatus'),
('neontologi'),
('neoplasma'),
('neoplatonisme'),
('neoprena'),
('neositosis'),
('neotipologi'),
('neovirus'),
('neozoikum'),
('nepotis'),
('nepotisme'),
('neptunium'),
('Neptunus'),
('neraca'),
('neraka'),
('neraksarak'),
('neritik'),
('neritopelagik'),
('neritoplankton'),
('nervasi'),
('nervur'),
('nestapa'),
('nestor'),
('net'),
('neto'),
('netra'),
('netral'),
('netralis'),
('netralisasi'),
('netralisme'),
('netralitas'),
('neural'),
('neuralgia'),
('neurastenia'),
('neuritis'),
('neuroblastoma'),
('neuroglia'),
('neurolinguistik'),
('neurolog'),
('neurologi'),
('neurologis'),
('neuron'),
('neurosis'),
('neurotik'),
('neurotransmiter'),
('neustonologi'),
('neutrino'),
('neutron'),
('newton'),
('ngaben'),
('ngakngikngok'),
('ngalau'),
('nganga'),
('ngarai'),
('ngeang'),
('ngebet'),
('ngebut'),
('ngeceng'),
('ngeden'),
('ngenas'),
('ngengat'),
('ngeong'),
('ngeri'),
('ngiang'),
('ngilu'),
('ngoko'),
('ngoyo'),
('ngung'),
('nia'),
('niaga'),
('niagawan'),
('nian'),
('niasin'),
('niat'),
('nibung'),
('nidasi'),
('nidera'),
('nidikola'),
('nidulus'),
('nifak'),
('nifas'),
('nih'),
('nihil'),
('nihilis'),
('nihilisme'),
('nijas'),
('nik'),
('nikah'),
('nikel'),
('nikmat'),
('nikotin'),
('niktigami'),
('nila'),
('nilai'),
('nilakandi'),
('nilam'),
('nilau'),
('nilon'),
('nimbostratus'),
('nimbrung'),
('nimfomania'),
('ninabobo'),
('ning'),
('ningnong'),
('ningrat'),
('nini'),
('ninik'),
('ninitowok'),
('niobium'),
('nipah'),
('nipis'),
('nira'),
('niraksara'),
('niraksarawan'),
('nirgagasan'),
('nirgesekan'),
('nirguna'),
('nirkabel'),
('nirlaba'),
('nirleka'),
('nirmala'),
('nirselera'),
('nirwana'),
('nirwarta'),
('nisab'),
('nisan'),
('nisbah'),
('nisbi'),
('niscaya'),
('niskala'),
('nista'),
('nistagmus'),
('nistatin'),
('nitrat'),
('nitrifikasi'),
('nitrobenzena'),
('nitrofili'),
('nitrofit'),
('nitrogen'),
('nitrogliserin'),
('nitroselulosa'),
('niyaga'),
('noa'),
('nobat'),
('nobelium'),
('noda'),
('nodulus'),
('nodus'),
('noja'),
('noken'),
('noktah'),
('nokturia'),
('nokturnal'),
('nol'),
('nomad'),
('nomenklatur'),
('nomina'),
('nominal'),
('nominalisasi'),
('nominalisme'),
('nominasi'),
('nominatif'),
('nominator'),
('nomine'),
('nomogram'),
('nomokrasi'),
('nomor'),
('nomplok'),
('non'),
('nonagresi'),
('nonaktif'),
('nonblok'),
('nondepartemen'),
('nondepartemental'),
('none'),
('nonekonomi'),
('noneksakta'),
('nonfiksi'),
('nonformal'),
('nongol'),
('nonhistoris'),
('noni'),
('nonilium'),
('nonindustri'),
('nonintervensi'),
('nonius'),
('nonkimia'),
('nonkombatan'),
('nonkonvensional'),
('nonkooperasi'),
('nonkooperatif'),
('nonmedis'),
('nonmigas'),
('nonmiliter'),
('nonok'),
('nonol'),
('nonong'),
('nonpatogenik'),
('nonpemerintah'),
('nonpolitik'),
('nonpredikatif'),
('nonpribumi'),
('nonproduktif'),
('nonprofit'),
('nonprotein'),
('nonsens'),
('nonsilabis'),
('nonstandar'),
('nonstop'),
('nonteknis'),
('nontradisional'),
('nonverbal'),
('nopek'),
('norak'),
('norit'),
('norma'),
('normal'),
('normalisasi'),
('normatif'),
('nosologi'),
('nostalgia'),
('nostrum'),
('not'),
('nota'),
('notabene'),
('notariat'),
('notaris'),
('notasi'),
('notes'),
('notifikasi'),
('notula'),
('notulis'),
('nova'),
('novel'),
('novela'),
('novelet'),
('novelis'),
('November'),
('novena'),
('novokaina'),
('nrima'),
('nuansa'),
('nubuat'),
('nudis'),
('nudisme'),
('nugat'),
('nugraha'),
('nujum'),
('nukil'),
('nukleat'),
('nukleolus'),
('nukleon'),
('nukleoprotein'),
('nukleus'),
('nuklida'),
('nuklir'),
('nulipara'),
('numeralia'),
('numerik'),
('numeris'),
('numismatika'),
('nun'),
('nunatak'),
('nung'),
('nunsius'),
('nunut'),
('nur'),
('nuraga'),
('nurani'),
('nurbisa'),
('nuri'),
('nuriah'),
('nus'),
('nusaindah'),
('nusantara'),
('nusyu'),
('nutan'),
('nutasi'),
('nutfah'),
('nutriea'),
('nutrisi'),
('nutrisionis'),
('nutrisisme'),
('nuzul'),
('NuzululQuran'),
('nyai'),
('nyak'),
('nyala'),
('nyalang'),
('nyalar'),
('nyale'),
('nyali'),
('nyaman'),
('nyambing'),
('nyamik'),
('nyamleng'),
('nyampang'),
('nyamplung'),
('nyamuk'),
('nyamur'),
('nyana'),
('nyang'),
('nyanya'),
('nyanyah'),
('nyanyang'),
('nyanyar'),
('nyanyi'),
('nyanyu'),
('nyanyuk'),
('nyapang'),
('nyapnyap'),
('nyarang'),
('nyarik'),
('nyaring'),
('nyaris'),
('nyata'),
('nyatuh'),
('nyawa'),
('nyawang'),
('nyelekit'),
('nyemplong'),
('nyentrik'),
('nyenyai'),
('nyenyak'),
('nyenyat'),
('nyenyeh'),
('nyenyep'),
('Nyepi'),
('nyeri'),
('nyerocos'),
('nyi'),
('nyingnying'),
('nyinyir'),
('nyiri'),
('nyiru'),
('nyit'),
('nyiur'),
('nyolnyolan'),
('nyolo'),
('nyoman'),
('nyong'),
('nyonya'),
('nyonyeh'),
('nyonyong'),
('nyonyor'),
('nyungsung'),
('nyunyut'),
('nyureng'),
('nyut'),
('oase'),
('oasis'),
('obar'),
('obat'),
('obduksi'),
('obelisk'),
('obeng'),
('obesitas'),
('obi'),
('obituarium'),
('objek'),
('objektif'),
('objektivisme'),
('objektivitas'),
('oblak'),
('oblasi'),
('obligasi'),
('oblong'),
('obo'),
('obor'),
('obral'),
('obras'),
('obrol'),
('obrus'),
('observasi'),
('observatorium'),
('obsesi'),
('obsesif'),
('obsidian'),
('obsolet'),
('obstetri'),
('obstruen'),
('obstruksi'),
('obviatif'),
('obyek'),
('obyektif'),
('obyektivisme'),
('obyektivitas'),
('oceh'),
('odalan'),
('ode'),
('odekolonye'),
('odinometer'),
('oditur'),
('odoh'),
('odol'),
('odometer'),
('odontoblas'),
('odontoid'),
('odontologi'),
('odoran'),
('oersted'),
('ofensif'),
('oferte'),
('ofisial'),
('ofset'),
('oftalmia'),
('oftalmoskop'),
('oga'),
('ogah'),
('ogam'),
('ogel'),
('ogok'),
('ogonium'),
('ohm'),
('ohmmeter'),
('oja'),
('ojeg'),
('ojek'),
('ojok'),
('okarina'),
('oke'),
('oker'),
('oklokrasi'),
('oklusi'),
('oklusif'),
('oknum'),
('okok'),
('oksalat'),
('oksiasetilena'),
('oksida'),
('oksidan'),
('oksidasi'),
('oksidator'),
('oksigen'),
('oksigenase'),
('oksimoron'),
('oksitetrasiklin'),
('oksiton'),
('oktaf'),
('oktagon'),
('oktahedron'),
('oktal'),
('oktana'),
('oktet'),
('Oktober'),
('oktroi'),
('okulasi'),
('okuler'),
('okulis'),
('okultis'),
('okultisme'),
('okupasi'),
('okupasional'),
('olah'),
('olahgerak'),
('olahraga'),
('olahragawan'),
('olahtubuh'),
('olak'),
('Olanda'),
('oleander'),
('olefin'),
('oleh'),
('olek'),
('oleng'),
('oleografi'),
('oleometer'),
('oleovitamin'),
('oles'),
('olet'),
('oleum'),
('oli'),
('oligarki'),
('oligofagus'),
('oligofrenia'),
('oligopoli'),
('oligopolistis'),
('oligopsoni'),
('oligosen'),
('oligositemia'),
('oligotrofik'),
('oliman'),
('Olimpiade'),
('oliva'),
('olivin'),
('olok'),
('om'),
('oma'),
('ombak'),
('ombyok'),
('omega'),
('omel'),
('omikron'),
('omnibus'),
('omnivor'),
('omong'),
('ompol'),
('ompong'),
('ompreng'),
('omprong'),
('ompu'),
('omset'),
('omslah'),
('omswastiastu'),
('omzet'),
('onagata'),
('onak'),
('onani'),
('onar'),
('oncat'),
('once'),
('oncek'),
('oncen'),
('oncer'),
('oncom'),
('oncor'),
('onder'),
('onderdil'),
('onderdistrik'),
('onderneming'),
('onderok'),
('ondo'),
('ondoafi'),
('ondok'),
('ondos'),
('ong'),
('ongahangih'),
('ongeh'),
('onggok'),
('ongji'),
('ongkang'),
('ongkok'),
('ongkos'),
('ongok'),
('oniks'),
('onkogen'),
('onkologi'),
('onomasiologi'),
('onomastika'),
('onomatologi'),
('onomatope'),
('ons'),
('onslah'),
('ontogeni'),
('ontologi'),
('ontologis'),
('onyang'),
('onyok'),
('onyot'),
('oogenesis'),
('oolit'),
('opa'),
('opak'),
('opal'),
('opalesen'),
('opas'),
('opasitas'),
('opelet'),
('open'),
('opendim'),
('openkap'),
('oper'),
('opera'),
('operasi'),
('operasional'),
('operasionalisasi'),
('operatif'),
('operator'),
('operet'),
('operkulum'),
('opini'),
('opisometer'),
('opium'),
('oplah'),
('oplet'),
('oplos'),
('opmak'),
('opname'),
('oponen'),
('opor'),
('oportunis');
INSERT INTO `katadasar` (`kata`) VALUES
('oportunisme'),
('oportunistis'),
('oportunitas'),
('oposan'),
('oposisi'),
('oppo'),
('opsen'),
('opseter'),
('opsi'),
('opsin'),
('opsiner'),
('opsional'),
('opsir'),
('opstal'),
('optatif'),
('optik'),
('optika'),
('optimal'),
('optimis'),
('optimisme'),
('optimistis'),
('optimum'),
('optis'),
('optisien'),
('optoelektronika'),
('optometri'),
('optometris'),
('opus'),
('orak'),
('orakel'),
('oral'),
('oralit'),
('orang'),
('oranye'),
('orasi'),
('orator'),
('oratoria'),
('oratoris'),
('oratorium'),
('orbit'),
('orbita'),
('orbital'),
('orde'),
('order'),
('ordi'),
('ordinal'),
('ordinasi'),
('ordinat'),
('ordiner'),
('ordner'),
('ordo'),
('ordonans'),
('ordonansi'),
('oren'),
('oreng'),
('oreol'),
('oret'),
('organ'),
('organdi'),
('organel'),
('organik'),
('organis'),
('organisasi'),
('organisator'),
('organisatoris'),
('organisme'),
('organismus'),
('organogram'),
('organon'),
('orgasme'),
('orgasmik'),
('orgel'),
('orien'),
('oriental'),
('orientalis'),
('orientasi'),
('origami'),
('Orion'),
('orisinal'),
('orisinalitas'),
('orkes'),
('orkestra'),
('orkestrasi'),
('ornamen'),
('ornamental'),
('ornamentasi'),
('ornitologi'),
('ornitologis'),
('ornitosis'),
('orografi'),
('orografik'),
('orografis'),
('orok'),
('ortodidaktik'),
('ortodoks'),
('ortodoksi'),
('ortodrom'),
('ortoepi'),
('ortografi'),
('ortografis'),
('ortoklas'),
('ortopedagogik'),
('ortopedi'),
('ortopedis'),
('ose'),
('osean'),
('oseanarium'),
('oseanografi'),
('oseanologi'),
('osifikasi'),
('osikel'),
('osilasi'),
('osilator'),
('osilograf'),
('osilogram'),
('osiloskop'),
('oskulum'),
('osmium'),
('osmometer'),
('osmoregulasi'),
('osmose'),
('osmosis'),
('ostentasi'),
('osteoblas'),
('osteoklas'),
('osteologi'),
('osteopati'),
('osteoporosis'),
('ostium'),
('otak'),
('otar'),
('otek'),
('otentik'),
('oto'),
('otobus'),
('otofon'),
('otologi'),
('otomat'),
('otomatis'),
('otomatisasi'),
('otomobil'),
('otomotif'),
('otonom'),
('otonomi'),
('otopet'),
('otorisasi'),
('otoritas'),
('otoriter'),
('otoritet'),
('otoskop'),
('otot'),
('ototipi'),
('oval'),
('ovarium'),
('ovasi'),
('oven'),
('over'),
('overaktif'),
('overal'),
('overdosis'),
('overkompensasi'),
('overpopulasi'),
('overproduksi'),
('oversimplifikasi'),
('overste'),
('oviduk'),
('ovipar'),
('oviparitas'),
('ovipositor'),
('ovitesis'),
('ovovivipar'),
('ovulasi'),
('ovulum'),
('ovum'),
('oyak'),
('oyek'),
('oyok'),
('oyong'),
('oyot'),
('ozokerit'),
('ozon'),
('ozonisator'),
('ozonometer'),
('pabean'),
('pabrik'),
('pabrikan'),
('pabrikasi'),
('pacai'),
('pacak'),
('pacal'),
('pacangan'),
('pacar'),
('pacarcina'),
('pacau'),
('pace'),
('pacek'),
('paceklik'),
('pacet'),
('pacih'),
('pacik'),
('pacok'),
('pacu'),
('pacuk'),
('pacul'),
('pada'),
('padah'),
('padahal'),
('padak'),
('padam'),
('padan'),
('padang'),
('padas'),
('padasan'),
('padat'),
('padepokan'),
('padi'),
('padma'),
('padmasana'),
('padmi'),
('padri'),
('padu'),
('padudan'),
('paduk'),
('paduka'),
('paduraksa'),
('paedofil'),
('paes'),
('pagan'),
('paganisme'),
('pagar'),
('pagas'),
('pagebluk'),
('pagelaran'),
('pagi'),
('pagina'),
('pagoda'),
('pagon'),
('pagu'),
('pagun'),
('pagupon'),
('pagut'),
('paguyuban'),
('pah'),
('paha'),
('pahala'),
('paham'),
('pahang'),
('pahar'),
('pahat'),
('paheman'),
('pahit'),
('pahlawan'),
('pahter'),
('pai'),
('paidon'),
('pail'),
('pailit'),
('Paing'),
('pair'),
('pais'),
('paitua'),
('paja'),
('pajak'),
('pajan'),
('pajang'),
('pajuan'),
('pajuh'),
('pak'),
('pakai'),
('pakal'),
('pakan'),
('pakanira'),
('pakansi'),
('pakar'),
('pakaryan'),
('pakat'),
('pakau'),
('pakcik'),
('pakde'),
('pakem'),
('paket'),
('pakihang'),
('pakihi'),
('paking'),
('pakis'),
('paklik'),
('pakpui'),
('pakpung'),
('paksa'),
('paksi'),
('paksina'),
('pakta'),
('pakter'),
('paku'),
('pakuh'),
('pakuk'),
('pakuncen'),
('pakus'),
('pal'),
('pala'),
('paladium'),
('palagan'),
('palai'),
('palak'),
('palaka'),
('palam'),
('palamarta'),
('palang'),
('palapa'),
('palar'),
('palari'),
('palas'),
('palat'),
('palatabilitas'),
('palatal'),
('palatalisasi'),
('palatografi'),
('palatogram'),
('palatum'),
('palau'),
('palawija'),
('paldu'),
('pale'),
('palem'),
('palen'),
('paleoantropologi'),
('paleobotani'),
('paleoekologi'),
('paleogeografi'),
('paleografi'),
('paleografis'),
('paleoklimatologi'),
('paleolitik'),
('paleolitikum'),
('paleontologi'),
('paleosen'),
('paleozoikum'),
('pales'),
('palet'),
('paliatif'),
('palindrom'),
('paling'),
('palinologi'),
('palis'),
('palit'),
('palka'),
('pallawa'),
('palmarosa'),
('palmin'),
('palmistri'),
('palmitat'),
('palolo'),
('palpasi'),
('palsu'),
('paltu'),
('palu'),
('paluh'),
('palun'),
('palung'),
('palut'),
('pamah'),
('paman'),
('pameget'),
('pamer'),
('pamflet'),
('pamit'),
('pamong'),
('pamongpraja'),
('pamor'),
('pampa'),
('pampan'),
('pampang'),
('pampas'),
('pampat'),
('pamper'),
('pampiniform'),
('pamrih'),
('pamungkas'),
('pan'),
('pana'),
('panah'),
('panai'),
('panakawan'),
('panar'),
('panas'),
('panasea'),
('panau'),
('pancabicara'),
('pancabuta'),
('pancacita'),
('pancadarma'),
('pancaindra'),
('pancaka'),
('pancakara'),
('pancakembar'),
('pancal'),
('pancalima'),
('pancalogam'),
('pancalomba'),
('pancalongok'),
('pancamarga'),
('pancamuka'),
('pancang'),
('pancaniti'),
('pancapersada'),
('pancar'),
('pancaragam'),
('pancarajadiraja'),
('pancaroba'),
('pancarona'),
('pancarterus'),
('Pancasila'),
('Pancasilais'),
('pancasona'),
('pancasuara'),
('pancasuda'),
('pancausaha'),
('pancawalikrama'),
('pancawara'),
('pancawarna'),
('pancawarsa'),
('panci'),
('pancing'),
('pancir'),
('pancit'),
('panco'),
('pancong'),
('pancung'),
('pancur'),
('pancut'),
('pandai'),
('pandak'),
('pandam'),
('pandan'),
('pandang'),
('pandau'),
('pandawa'),
('pandega'),
('pandemi'),
('pandemik'),
('pandialektal'),
('pandir'),
('pandit'),
('pandom'),
('pandu'),
('panekuk'),
('panel'),
('panelis'),
('panembahan'),
('panembrama'),
('panen'),
('panewu'),
('pangabekti'),
('pangah'),
('pangan'),
('pangeran'),
('pangestu'),
('panggak'),
('panggal'),
('panggang'),
('panggar'),
('panggau'),
('panggih'),
('panggil'),
('panggon'),
('panggu'),
('panggul'),
('panggung'),
('pangkah'),
('pangkai'),
('pangkal'),
('pangkaltolak'),
('pangkas'),
('pangkat'),
('pangkek'),
('pangkin'),
('pangkon'),
('pangku'),
('pangkung'),
('pangkur'),
('panglima'),
('pangling'),
('panglong'),
('pangolat'),
('pangonan'),
('pangpet'),
('pangpung'),
('pangrehpraja'),
('pangrukti'),
('pangsa'),
('pangsek'),
('pangsi'),
('pangsit'),
('panguk'),
('pangur'),
('pangus'),
('panik'),
('paniki'),
('panil'),
('paninggil'),
('paningset'),
('panir'),
('paniradia'),
('panitera'),
('panitia'),
('panja'),
('panjak'),
('panjang'),
('panjar'),
('panjarwala'),
('panjat'),
('panji'),
('panjing'),
('panjul'),
('panjunan'),
('panjut'),
('pankreas'),
('pankromatis'),
('pankronis'),
('panlektal'),
('panleukopenia'),
('panoptikum'),
('panorama'),
('panser'),
('pantai'),
('pantak'),
('pantalon'),
('pantang'),
('pantar'),
('pantas'),
('pantat'),
('pantau'),
('panteis'),
('panteisme'),
('panteistis'),
('pantek'),
('Pantekosta'),
('panteon'),
('panter'),
('panti'),
('pantik'),
('panting'),
('pantis'),
('panto'),
('pantofel'),
('pantograf'),
('pantomim'),
('pantri'),
('pantul'),
('pantun'),
('panus'),
('panutan'),
('panyembrama'),
('papa'),
('papacang'),
('papah'),
('papain'),
('papak'),
('papakerma'),
('papan'),
('papar'),
('paparazi'),
('papas'),
('papatong'),
('papi'),
('papila'),
('papirus'),
('papras'),
('paprika'),
('papui'),
('par'),
('para'),
('parab'),
('parabasis'),
('parabel'),
('parabiosis'),
('parabola'),
('paradam'),
('parade'),
('paradigma'),
('paradigmatis'),
('paradiso'),
('paradoks'),
('paradoksal'),
('parados'),
('paraf'),
('parafasia'),
('parafemia'),
('parafin'),
('parafrasa'),
('parafrenia'),
('paragaster'),
('paragog'),
('paragon'),
('paragraf'),
('parah'),
('parak'),
('paralaks'),
('paraldehida'),
('paralel'),
('paralelisasi'),
('paralelisme'),
('paralelogram'),
('paralgesia'),
('paralinguistik'),
('paralinguistis'),
('paralipsis'),
('paralisis'),
('paralitis'),
('param'),
('paramarta'),
('paramasastra'),
('paramedis'),
('paramen'),
('parameter'),
('paramiliter'),
('paran'),
('parang'),
('paranoia'),
('paranoid'),
('paranormal'),
('paranpara'),
('parap'),
('parapalatal'),
('parapati'),
('paraplasme'),
('paraplegia'),
('parapodium'),
('parapsikolog'),
('parapsikologi'),
('paras'),
('parasetamol'),
('parasintesis'),
('parasit'),
('parasitisme'),
('parasitoid'),
('parasitologi'),
('parasitoma'),
('parasitopolis'),
('parasut'),
('parasutis'),
('parataksis'),
('parataktis'),
('paratesis'),
('paratifus'),
('paratiroid'),
('parau'),
('pare'),
('parenial'),
('parenkim'),
('parental'),
('parentesis'),
('parestesia'),
('parewa'),
('parfum'),
('parga'),
('parhelion'),
('pari'),
('paria'),
('parididimis'),
('parih'),
('parik'),
('parikan'),
('paring'),
('paripurna'),
('paris'),
('parit'),
('paritas'),
('pariwara'),
('pariwisata'),
('parka'),
('parket'),
('parkinson'),
('parkinsonisme'),
('parkir'),
('parkit'),
('parlemen'),
('parlementaria'),
('parlementarisme'),
('parlementer'),
('parmitu'),
('parodi'),
('paroki'),
('parokial'),
('parokialisme'),
('parolfaktori'),
('paron'),
('paronim'),
('paronisia'),
('paronomasia'),
('parotitis'),
('parser'),
('parsi'),
('parsial'),
('partai'),
('partenogenesis'),
('partikel'),
('partikelir'),
('partikularisme'),
('partisan'),
('partisi'),
('partisipan'),
('partisipasi'),
('partitif'),
('partitur'),
('partner'),
('partus'),
('paru'),
('paruh'),
('parun'),
('parut'),
('parvenu'),
('parwa'),
('pas'),
('pasah'),
('pasai'),
('pasak'),
('pasal'),
('pasang'),
('pasanggiri'),
('pasar'),
('pasara'),
('pasaraya'),
('pasase'),
('pasasir'),
('pasat'),
('pascabedah'),
('pascadoktoral'),
('pascajual'),
('pascakawin'),
('pascakrisis'),
('pascalahir'),
('pascalarva'),
('pascalikuidasi'),
('pascamodern'),
('pascamodernisme'),
('pascaoperasi'),
('pascapanen'),
('pascaperang'),
('pascaproduksi'),
('pascareformasi'),
('pascasarjana'),
('pascausaha'),
('pascayuwana'),
('paseban'),
('paser'),
('paset'),
('pasfoto'),
('pasi'),
('pasien'),
('pasif'),
('pasifikasi'),
('pasifisme'),
('pasigrafi'),
('pasilan'),
('pasim'),
('pasimologi'),
('pasir'),
('pasit'),
('pasiva'),
('Paskah'),
('pasmat'),
('pasmen'),
('pasok'),
('pasowan'),
('paspor'),
('pasrah'),
('pasta'),
('pastel'),
('pasteur'),
('pasteurisasi'),
('pasti'),
('pastiles'),
('pastor'),
('pastoral'),
('pastura'),
('pasu'),
('pasuel'),
('pasuk'),
('pasumandan'),
('pasung'),
('patah'),
('pataka'),
('patam'),
('patang'),
('patar'),
('patek'),
('patela'),
('paten'),
('pater'),
('patera'),
('paternalis'),
('paternalisme'),
('paternalistis'),
('patet'),
('patetis'),
('patgulipat'),
('pati'),
('patih'),
('patik'),
('patil'),
('patin'),
('patina'),
('pating'),
('patio'),
('patirasa'),
('patiseri'),
('patka'),
('patogen'),
('patogenesis'),
('patogenik'),
('patois'),
('patok'),
('patokimia'),
('patola'),
('patolog'),
('patologi'),
('patologis'),
('patolopolis'),
('patos'),
('patri'),
('patriark'),
('patriarkat'),
('patrilineal'),
('patrimonium'),
('patriot'),
('patriotik'),
('patriotisme'),
('patroli'),
('patron'),
('patronasi'),
('patrun'),
('patuh'),
('patuk'),
('patung'),
('patungan'),
('patut'),
('pauh'),
('pauhi'),
('pauk'),
('paul'),
('paun'),
('paung'),
('paus'),
('pause'),
('paut'),
('paviliun'),
('pawai'),
('pawak'),
('pawaka'),
('pawana'),
('pawang'),
('pawiyatan'),
('pawukon'),
('paya'),
('payah'),
('payang'),
('payar'),
('payau'),
('payet'),
('payon'),
('payu'),
('payudara'),
('payung'),
('peang'),
('pecah'),
('pecahbelah'),
('pecahbeling'),
('pecai'),
('pecak'),
('pecal'),
('pecara'),
('pecat'),
('pece'),
('pecel'),
('peci'),
('pecicilan'),
('pecinan'),
('pecok'),
('pecuk'),
('pecun'),
('pecut'),
('peda'),
('pedada'),
('pedadah'),
('pedagog'),
('pedagogi'),
('pedagogis'),
('pedak'),
('pedaka'),
('pedal'),
('pedanda'),
('pedang'),
('pedapa'),
('pedar'),
('pedas'),
('pedati'),
('pedel'),
('pedena'),
('pedendang'),
('pedengan'),
('pedepokan'),
('pedestrian'),
('pedet'),
('pedewakan'),
('pediatri'),
('pedih'),
('pedikur'),
('pedis'),
('pedisel'),
('pedogenesis'),
('pedok'),
('pedologi'),
('pedoman'),
('pedometer'),
('pedongkang'),
('peduli'),
('pedunkel'),
('pedusi'),
('pedut'),
('pegagang'),
('pegah'),
('pegal'),
('pegan'),
('pegang'),
('pegar'),
('pegari'),
('pegas'),
('pegat'),
('pego'),
('pegoh'),
('pegon'),
('pegun'),
('pehong'),
('pei'),
('pejaka'),
('pejal'),
('pejam'),
('pejatian'),
('pejera'),
('pek'),
('peka'),
('pekaja'),
('pekak'),
('pekakak'),
('pekan'),
('pekarang'),
('pekasam'),
('pekaseh'),
('pekat'),
('pekatu'),
('pekau'),
('pekerti'),
('pekik'),
('peking'),
('pekir'),
('pekis'),
('pekiwan'),
('pekojan'),
('peksi'),
('pektik'),
('pektin'),
('peku'),
('pekuk'),
('pekulun'),
('pekung'),
('pelabi'),
('pelagas'),
('pelagis'),
('pelagra'),
('pelah'),
('pelak'),
('pelampang'),
('pelan'),
('pelana'),
('pelanduk'),
('pelang'),
('pelangai'),
('pelanggi'),
('pelangi'),
('pelangkin'),
('pelangpang'),
('pelanting'),
('pelas'),
('pelasik'),
('pelaspas'),
('pelasuh'),
('pelat'),
('pelata'),
('pelatuk'),
('pelayon'),
('pelbagai'),
('pelbak'),
('pelbet'),
('pelebat'),
('pelebaya'),
('pelebegu'),
('pelebon'),
('pelecet'),
('pelecok'),
('peleh'),
('pelek'),
('pelekat'),
('pelekok'),
('pelekuk'),
('pelembaya'),
('pelencit'),
('pelengak'),
('pelengan'),
('pelengset'),
('pelepah'),
('peles'),
('pelesat'),
('peleset'),
('pelesir'),
('pelet'),
('peletek'),
('peletik'),
('peleting'),
('peleton'),
('pelias'),
('pelihara'),
('pelik'),
('pelikan'),
('pelikel'),
('pelinggam'),
('pelinteng'),
('pelintir'),
('pelipir'),
('pelipis'),
('pelir'),
('pelisir'),
('pelisit'),
('pelit'),
('pelita'),
('pelitur'),
('pelo'),
('pelog'),
('peloh'),
('pelojok'),
('pelonco'),
('pelong'),
('pelopor'),
('pelor'),
('pelorot'),
('pelosok'),
('pelosot'),
('pelota'),
('pelotaris'),
('pelotot'),
('pelples'),
('pelpolisi'),
('pels'),
('peluh'),
('peluit'),
('peluk'),
('pelumpung'),
('pelupuk'),
('peluru'),
('pelus'),
('pelvis'),
('pemali'),
('pemarip'),
('pematang'),
('pembayan'),
('pemendak'),
('pemeo'),
('pemidang'),
('pempek'),
('pemudi'),
('pemuras'),
('pen'),
('pena'),
('penak'),
('penaka'),
('penalti'),
('penampan'),
('penaram'),
('penasaran'),
('penat'),
('penatu'),
('penatua'),
('pencak'),
('pencar'),
('pencet'),
('pencil'),
('pencok'),
('pencong'),
('pencu'),
('pencut'),
('penda'),
('pendahan'),
('pendak'),
('pendam'),
('pendapa'),
('pendar'),
('pendaringan'),
('pendek'),
('pendet'),
('pendeta'),
('pending'),
('pendok'),
('pendongkok'),
('pendopo'),
('penduk'),
('pendulum'),
('penembahan'),
('penes'),
('penetrasi'),
('penetron'),
('penewu'),
('penganak'),
('penganan'),
('pengang'),
('pengantin'),
('pengap'),
('pengapuh'),
('pengar'),
('pengaruh'),
('pengat'),
('pengatu'),
('pengeng'),
('pengerih'),
('pengga'),
('penggaga'),
('penggah'),
('penggal'),
('penggar'),
('penggawa'),
('penghulu'),
('pengin'),
('pengkal'),
('pengkar'),
('pengki'),
('pengkis'),
('pengkol'),
('pengkor'),
('pengos'),
('penguin'),
('pengulun'),
('peni'),
('pening'),
('peningset'),
('penis'),
('penisilin'),
('penisilinat'),
('penitensi'),
('peniti'),
('penjajap'),
('penjalin'),
('penjara'),
('penjaruman'),
('penjor'),
('penjura'),
('penmes'),
('penologi'),
('penomah'),
('pensi'),
('pensil'),
('pensiun'),
('pentagin'),
('pentagon'),
('pentagram'),
('pentahedron'),
('pental'),
('pentameter'),
('pentan'),
('pentana'),
('pentang'),
('pentar'),
('pentas'),
('pentatonik'),
('pentil'),
('pentilasi'),
('penting'),
('pentode'),
('pentol'),
('pentosa'),
('pentotal'),
('pentung'),
('penuh'),
('penyap'),
('penyek'),
('penyet'),
('penyok'),
('penyu'),
('peok'),
('peot'),
('pepagan'),
('pepah'),
('pepak'),
('pepaku'),
('peparu'),
('pepas'),
('pepat'),
('pepatah'),
('pepaya'),
('pepe'),
('pepek'),
('pepeling'),
('peper'),
('pepermin'),
('pepes'),
('pepet'),
('pepindan'),
('peplum'),
('pepsin'),
('pepsina'),
('pepsinogen'),
('peptida'),
('peptidase'),
('peptik'),
('pepton'),
('pepuju'),
('pepunden'),
('pepung'),
('peputut'),
('per'),
('pera'),
('perabot'),
('perada'),
('peragat'),
('peragawan'),
('peragawati'),
('perah'),
('perahu'),
('perai'),
('peraji'),
('perak'),
('peraka'),
('peram'),
('peran'),
('perang'),
('perangah'),
('perangai'),
('peranggang'),
('peranggu'),
('perangin'),
('peranjat'),
('peranserta'),
('peranti'),
('peranye'),
('perap'),
('peras'),
('perasat'),
('perasukan'),
('perat'),
('perata'),
('perawan'),
('perawas'),
('perawis'),
('perbal'),
('perban'),
('perbani'),
('perbatin'),
('perbawa'),
('perbekel'),
('perca'),
('percaya'),
('percik'),
('percis'),
('percit'),
('percul'),
('perdah'),
('perdana'),
('perdata'),
('perdeo'),
('perdikan'),
('perdom'),
('perdu'),
('pere'),
('peredus'),
('pereh'),
('perei'),
('perekik'),
('perempuan'),
('perenggan'),
('perengkat'),
('perenial'),
('perenyak'),
('perenyuk'),
('perepat'),
('peres'),
('peresau'),
('peresih'),
('perestroika'),
('peretel'),
('perewa'),
('perfek'),
('perfeksi'),
('perfeksionis'),
('perfeksionisme'),
('perfektif'),
('perforasi'),
('perforator'),
('performa'),
('pergam'),
('pergedel'),
('pergi'),
('pergok'),
('pergol'),
('pergola'),
('peri'),
('peria'),
('perian'),
('periang'),
('peribahasa'),
('periboga'),
('peribudi'),
('peridi'),
('perifer'),
('periferal'),
('periferalis'),
('periferi'),
('perifiton'),
('perifrasa'),
('perifrastis'),
('perige'),
('perigel'),
('perigi'),
('perih'),
('perihal'),
('perihelion'),
('perikarditis'),
('perikardium'),
('perikemanusiaan'),
('perikondrium'),
('periksa'),
('perilaku'),
('perimbas'),
('perimeter'),
('perimisium'),
('perimpin'),
('perin'),
('perinci'),
('perincit'),
('perineum'),
('perineurium'),
('pering'),
('peringgan'),
('peringgi'),
('peringgitan'),
('peringis'),
('peringkat'),
('perintah'),
('periodat'),
('periode'),
('periodik'),
('periodisasi'),
('periodontium'),
('periorbita'),
('periosteum'),
('perirana'),
('perisa'),
('perisai'),
('periskop'),
('perispora'),
('peristalsis'),
('peristaltik'),
('peristerit'),
('peristiwa'),
('peristonium'),
('perit'),
('peritoneum'),
('peritonitis'),
('periuk'),
('perivaskuler'),
('perjaka'),
('perkakas'),
('perkale'),
('perkamen'),
('perkara'),
('perkasa'),
('perkedel'),
('perkelang'),
('perkolar'),
('perkolasi'),
('perkolator'),
('perkoler'),
('perkosa'),
('perkusi'),
('perkutut'),
('perlahan'),
('perlak'),
('perlambang'),
('perleng'),
('perlente'),
('perlenteh'),
('perli'),
('perlina'),
('perling'),
('perlip'),
('perlit'),
('perlop'),
('perlu'),
('perlup'),
('perlus'),
('permadani'),
('permai'),
('permaisuri'),
('permak'),
('permalin'),
('permana'),
('permanen'),
('permanganat'),
('permasan'),
('permata'),
('permeabel'),
('permeabilitas'),
('permen'),
('permil'),
('permisi'),
('permisif'),
('permutasi'),
('pernah'),
('pernak'),
('pernekel'),
('pernik'),
('pernikel'),
('pernis'),
('perogol'),
('perohong'),
('peroi'),
('peroksida'),
('peroksidase'),
('peroksisom'),
('peroman'),
('peron'),
('peroneal'),
('peronyok'),
('perosok'),
('perosot'),
('perot'),
('perpatih'),
('perpetuasi'),
('perponding'),
('pers'),
('persada'),
('persangga'),
('persekot'),
('persekusi'),
('persen'),
('persentase'),
('persentil'),
('persepsi'),
('perseptif'),
('perseptivitas'),
('perseus'),
('perseverasi'),
('persih'),
('persik'),
('persil'),
('persis'),
('persisi'),
('perslah'),
('persneling'),
('person'),
('persona'),
('personal'),
('personalia'),
('personalisme'),
('personalitas'),
('personanongrata'),
('personel'),
('personifikasi'),
('perspektif'),
('perspektivisme'),
('persuasi'),
('persuasif'),
('pertal'),
('pertama'),
('pertepel'),
('pertiwi'),
('pertua'),
('perturbasi'),
('pertusis'),
('peruak'),
('peruan'),
('peruang'),
('perubalsem'),
('perudang'),
('peruk'),
('perum'),
('perumpung'),
('perun'),
('perunggu'),
('perunjung'),
('perupuk'),
('perus'),
('perusa'),
('perusi'),
('perut'),
('perversi'),
('perwara'),
('perwira'),
('pes'),
('pesa'),
('pesai'),
('pesak'),
('pesakin'),
('pesam'),
('pesan'),
('pesantren'),
('pesara'),
('pesat'),
('pesawat'),
('pese'),
('pesek'),
('peser'),
('peset'),
('pesi'),
('pesimis'),
('pesimisme'),
('pesimistis'),
('pesing'),
('pesirah'),
('pesisir'),
('pesolot'),
('pesona'),
('pesong'),
('pesta'),
('pestaka'),
('pestapora'),
('pestisida'),
('pestol'),
('pesuk'),
('pesut'),
('pet'),
('peta'),
('petah'),
('petai'),
('petak'),
('petaka'),
('petal'),
('petala'),
('petaling'),
('petam'),
('petamari'),
('petan'),
('petanen'),
('petang'),
('petaram'),
('petarang'),
('petaruan'),
('petas'),
('petatus'),
('petegian'),
('petek'),
('petel'),
('petenteng'),
('peterana'),
('peterseli'),
('petes'),
('peti'),
('petia'),
('peties'),
('petik'),
('petikrah'),
('petikut'),
('petilan'),
('peting'),
('petiolus'),
('petir'),
('petis'),
('petisi'),
('petisiwan'),
('petitih'),
('petitum'),
('petogram'),
('petola'),
('petopan'),
('petor'),
('petrodolar'),
('petrografi'),
('petrogram'),
('petrokimia'),
('petrol'),
('petrolatum'),
('petroleum'),
('petrologi'),
('petromaks'),
('petsai'),
('petuah'),
('petuding'),
('petuduh'),
('petuk'),
('petunia'),
('peturun'),
('petus'),
('petut'),
('pewaka'),
('pewat'),
('peyek'),
('peyorasi'),
('peyot'),
('piadah'),
('piagam'),
('piah'),
('piak'),
('pial'),
('piala'),
('pialang'),
('pialing'),
('pialu'),
('piama'),
('piang'),
('pianggang'),
('pianggu'),
('pianika'),
('pianis'),
('piano'),
('pianola'),
('piantan'),
('piara'),
('piarit'),
('pias'),
('piaster'),
('piat'),
('piatu'),
('piawai'),
('pica'),
('picik'),
('picing'),
('picis'),
('picit'),
('pico'),
('picu'),
('picung'),
('pidana'),
('pidato'),
('pidi'),
('piezoelektrik'),
('piezoelektrisitas'),
('piezometer'),
('pigmen'),
('pigmentasi'),
('pigmi'),
('pigura'),
('pihak'),
('pijah'),
('pijak'),
('pijar'),
('pijat'),
('pijin'),
('pijinasi'),
('pijit'),
('pika'),
('pikap'),
('pikat'),
('pikau'),
('pike'),
('piket'),
('pikir'),
('piknik'),
('piknometer'),
('pikofarad'),
('pikogram'),
('pikolo'),
('piktografi'),
('piktogram'),
('pikul'),
('pikun'),
('pil'),
('pilah'),
('pilak'),
('pilang'),
('pilar'),
('pilas'),
('pilaster'),
('pilau'),
('pileh'),
('pilek'),
('pileren'),
('pilih'),
('pilin'),
('pilis'),
('pilon'),
('pilong'),
('pilorus'),
('pilositas'),
('pilot'),
('pilsener'),
('pilu'),
('pilus'),
('pimpel'),
('pimpin'),
('pimping'),
('pin'),
('pinak'),
('pinang'),
('pinar'),
('pincang'),
('pincuk'),
('pincut'),
('pinda'),
('pindah'),
('pindahtugas'),
('pindai'),
('pindang'),
('pines'),
('pinga'),
('pingai'),
('pinggah'),
('pinggan'),
('pinggang'),
('pinggir'),
('pinggul'),
('pingit'),
('pingkal'),
('pingkau'),
('pingpong'),
('pingsan'),
('pingul'),
('pinis'),
('pinisepuh'),
('pinisi'),
('pinjal'),
('pinjam'),
('pinjung'),
('pinset'),
('pinta'),
('pintal'),
('pintan'),
('pintang'),
('pintar'),
('pintas'),
('pintil'),
('pintu'),
('pintur'),
('pinus'),
('piogenik'),
('pion'),
('pioner'),
('piong'),
('pionir'),
('pipa'),
('pipet'),
('pipi'),
('pipih'),
('pipil'),
('pipis'),
('pipit'),
('pir'),
('pirai'),
('piramida'),
('piramidal'),
('pirang'),
('piranograf'),
('piranogram'),
('piranometer'),
('pirau'),
('pireksia'),
('pirektik'),
('piretrum'),
('pirian'),
('piriform'),
('pirik'),
('piring'),
('pirit'),
('pirofilit'),
('pirofobia'),
('piroksen'),
('pirolisis'),
('piromania'),
('pirometalurgi'),
('pirometer'),
('piroteknik'),
('pirsa'),
('piruet'),
('pirus'),
('pis'),
('pisah'),
('pisang'),
('pisau'),
('Pises'),
('pisiformis'),
('pisik'),
('pisin'),
('pisit'),
('pisitan'),
('pisovonus'),
('pispot'),
('pistol'),
('pistom'),
('piston'),
('pisuh'),
('pit'),
('pita'),
('pitak'),
('pitam'),
('pitanggang'),
('pitar'),
('pitarah'),
('pitawat'),
('piting'),
('pitiriasis'),
('pitis'),
('pitometer'),
('piton'),
('pitot'),
('pitut'),
('piuh'),
('piung'),
('piut'),
('piutang'),
('pivot'),
('piwulang'),
('piyik'),
('piza'),
('plafon'),
('plagiarisme'),
('plagiat'),
('plagiator'),
('plagioklas'),
('plakat'),
('plaket'),
('plaksegel'),
('plamir'),
('plan'),
('planaria'),
('planet'),
('planetarium'),
('planetoid'),
('plang'),
('plangkan'),
('planimeter'),
('planimetri'),
('planing'),
('planisfer'),
('plankton'),
('plano'),
('planologi'),
('planologis'),
('planospora'),
('plantase'),
('planula'),
('plasenta'),
('plaser'),
('plasma'),
('plasmodium'),
('plasmosis'),
('plastid'),
('plastik'),
('plastin'),
('plastis'),
('plastisitas'),
('plastogami'),
('plastometer'),
('plastron'),
('platelet'),
('platform'),
('platina'),
('platinoid'),
('platinum'),
('platisma'),
('plato'),
('platonik'),
('platonisme'),
('plaza'),
('plebisit'),
('pleidoi'),
('pleiogami'),
('pleistosen'),
('pleksus'),
('plengkung'),
('pleno'),
('pleonasme'),
('pleopod'),
('plerem'),
('plester'),
('pletora'),
('pleura'),
('plinplan'),
('plinteng'),
('plintit'),
('pliosaurus'),
('pliosen'),
('ploi'),
('ploidi'),
('plombir'),
('plonci'),
('plonco'),
('plong'),
('plontos'),
('plosif'),
('plot'),
('plug'),
('plumbago'),
('plumbum'),
('plural'),
('pluralis'),
('pluralisme'),
('pluralistis'),
('pluriform'),
('plus'),
('Pluto'),
('plutokrasi'),
('plutonik'),
('plutonium'),
('pluvial'),
('pluviograf'),
('pluviometer'),
('pneumatika'),
('pneumatofos'),
('pneumatokista'),
('pneumonia'),
('poal'),
('poces'),
('poci'),
('pocok'),
('pocong'),
('podemporem'),
('podikal'),
('podium'),
('poetika'),
('pof'),
('pogrom'),
('pohon'),
('poikilohalin'),
('poikiloterm'),
('poin'),
('poise'),
('poiseuille'),
('pojok'),
('pok'),
('pokah'),
('pokeng'),
('poker'),
('poket'),
('poko'),
('pokok'),
('pokrol'),
('poksai'),
('pokta'),
('pol'),
('pola'),
('polah'),
('polan'),
('polang'),
('polarimeter'),
('polarimetri'),
('polaris'),
('polarisasi'),
('polaritas'),
('poldan'),
('polder'),
('polemik'),
('polemis'),
('polen'),
('poleng'),
('polenter'),
('poler'),
('poles'),
('polet'),
('poliandri'),
('poliantus'),
('poliester'),
('polifagia'),
('polifase'),
('polifoni'),
('poligam'),
('poligami'),
('poligini'),
('poliglot'),
('poliglotisme'),
('poligon'),
('poligraf'),
('polihalin'),
('polikel'),
('poliket'),
('poliklinik'),
('polikrom'),
('polikultur'),
('polimer'),
('polimerisasi'),
('polinia'),
('polio'),
('polip'),
('polipeptida'),
('polipetal'),
('poliploid'),
('polipropilena'),
('polis'),
('polisakarida'),
('polisemi'),
('polisentrisme'),
('polisepal'),
('polisi'),
('polisiklis'),
('polisilogisme'),
('polisindeton'),
('polisional'),
('polispermi'),
('polister'),
('politbiro'),
('politeis'),
('politeisme'),
('politeistis'),
('politeknik'),
('politena'),
('politik'),
('politikus'),
('politis'),
('politisasi'),
('poliuretan'),
('polivini'),
('polizoa'),
('polka'),
('polkadot'),
('polmah'),
('polo'),
('polok'),
('polones'),
('polong'),
('polonium'),
('polonter'),
('polos'),
('polusi'),
('polutan'),
('polutif'),
('poma'),
('pomade'),
('pomologi'),
('pompa'),
('pompang'),
('pompon'),
('pompong'),
('ponakan'),
('ponco'),
('pondamen'),
('pondar'),
('ponderabilitas'),
('pondik'),
('pondoh'),
('pondok'),
('pondong'),
('pongah'),
('ponggang'),
('ponggok'),
('pongkol'),
('pongsu'),
('poni'),
('ponil'),
('ponok'),
('ponor'),
('pons'),
('ponten'),
('pontoh'),
('ponton'),
('poo'),
('pop'),
('popelin'),
('popi'),
('popok'),
('popor'),
('popularisasi'),
('popularitas'),
('populasi'),
('populer'),
('populis'),
('populisme'),
('porah'),
('porfiria'),
('pori'),
('porisitas'),
('porno'),
('pornografi'),
('pornografis'),
('porok'),
('porong'),
('poros'),
('porositas'),
('porot'),
('porselen'),
('porsi'),
('porta'),
('portabel'),
('portal'),
('portepel'),
('portik'),
('portir'),
('porto'),
('portofolio'),
('pos'),
('pose'),
('poser'),
('posesif'),
('posisi'),
('positif'),
('positivisme'),
('positivistik'),
('positron'),
('positronium'),
('poskar'),
('poso'),
('posologi'),
('postar'),
('poster'),
('posterior'),
('postulat'),
('postur'),
('pot'),
('potas'),
('potasium'),
('potator'),
('potehi'),
('potel'),
('potensi'),
('potensial'),
('potensiometer'),
('potia'),
('potlot'),
('potol'),
('potong'),
('potret'),
('poundal'),
('poyang'),
('praanggapan'),
('praba'),
('prabu'),
('pradana'),
('pradesa'),
('pradesain'),
('pradini'),
('praduga'),
('pragmatik'),
('pragmatika'),
('pragmatis'),
('pragmatisme'),
('prah'),
('prahara'),
('prahoto'),
('prairi'),
('praja'),
('prajaksa'),
('prajurit'),
('prakala'),
('prakarsa'),
('prakarya'),
('prakata'),
('prakilang'),
('prakira'),
('prakondisi'),
('prakonsepsi'),
('praksis'),
('praktik'),
('praktikan'),
('praktikum'),
('praktis'),
('praktisi'),
('pralahir'),
('pramenstruasi'),
('prameswari'),
('pramodern'),
('pramubakti'),
('pramubarang'),
('pramubayi'),
('pramudi'),
('pramugara'),
('pramugari'),
('pramujasa'),
('pramuka'),
('pramukamar'),
('pramuniaga'),
('pramupintu'),
('pramuria'),
('pramusaji'),
('pramusiwi'),
('pramutamu'),
('pramuwisata'),
('pramuwisma'),
('pranala'),
('pranata'),
('pranatacara'),
('pranatal'),
('prangas'),
('prangko'),
('pranikah'),
('prapalatal'),
('prapatan'),
('prapendapat'),
('praperadilan'),
('prapromosi'),
('prapuber'),
('prapubertas'),
('prapuna'),
('prapustaka'),
('prarasa'),
('prarekam'),
('praremaja'),
('prasaja'),
('prasangka'),
('prasaran'),
('prasarana'),
('prasasti'),
('prasawya'),
('prasejahtera'),
('prasejarah'),
('prasekolah'),
('praseminar'),
('praseodimium'),
('prasetia'),
('prasi'),
('prasmanan'),
('prastudi'),
('prasyarat'),
('pratersier'),
('pratinjau'),
('prawacana'),
('prawira'),
('prayang'),
('prayitna'),
('prayojana'),
('prayuwana'),
('preadvis'),
('preambul'),
('preantena'),
('preasetabulum'),
('predasi'),
('predator'),
('predestinasi'),
('predikat'),
('predikatif'),
('prediksi'),
('predisposisi'),
('preferensi'),
('prefiks'),
('prehistori'),
('prei'),
('prekositas'),
('prekursor'),
('preliminer'),
('prelude'),
('preman'),
('prematur'),
('premi'),
('premis'),
('premium'),
('premolar'),
('prenatal'),
('prenjak'),
('preparat'),
('preposisi'),
('prepotensi'),
('prerogatif'),
('pres'),
('presbiopia'),
('presbiterium'),
('preseden'),
('presensi'),
('presentabel'),
('presentasi'),
('presentil'),
('preservasi'),
('presesi'),
('presiden'),
('presidensial'),
('presidentil'),
('presidium'),
('presiositas'),
('presipitasi'),
('presisi'),
('preskripsi'),
('preskriptif'),
('prestasi'),
('prestise'),
('prestisius'),
('presto'),
('presumsi'),
('pretel'),
('pretensi'),
('prevalensi'),
('preventif'),
('prewangan'),
('pria'),
('priagung'),
('priayi'),
('pribadi'),
('pribumi'),
('prihatin'),
('prima'),
('primadona'),
('primas'),
('primata'),
('primbon'),
('primer'),
('primitif'),
('primogenetur'),
('primordial'),
('primordialisme'),
('primpen'),
('pringgitan'),
('prinsip'),
('prinsipiil'),
('prioritas'),
('pripih'),
('pris'),
('prisma'),
('prit'),
('privasi'),
('privat'),
('privatisasi'),
('prive'),
('privilese'),
('pro'),
('proaktif'),
('probabilitas'),
('problem'),
('problematik'),
('procot'),
('prodemokrasi'),
('prodeo'),
('produk'),
('produksi'),
('produktif'),
('produktivitas'),
('produsen'),
('produser'),
('proenzim'),
('prof'),
('profan'),
('profanitas'),
('profase'),
('profesi'),
('profesional'),
('profesionalisme'),
('profesionalitas'),
('profesor'),
('profetik'),
('profil'),
('profilaksis'),
('profit'),
('profitabel'),
('profitabilitas'),
('proforma'),
('progeni'),
('progesteron'),
('prognosis'),
('program'),
('programa'),
('progres'),
('progresif'),
('progresivitas'),
('prohibisi'),
('proklamasi'),
('proklamator'),
('proklitik'),
('proksimal'),
('proksimat'),
('prokurasi'),
('prokurator'),
('prolat'),
('prolegomena'),
('proleksem'),
('proletar'),
('proletariat'),
('proletarisasi'),
('proliferasi'),
('prolog'),
('promenade'),
('prometium'),
('prominen'),
('prominensia'),
('promiskuitas'),
('promontorium'),
('promosi'),
('promotif'),
('promotor'),
('promovendus'),
('pronomina'),
('pronominal'),
('pronominalisasi'),
('prop'),
('propaganda'),
('propagandis'),
('propana'),
('propelan'),
('propeler'),
('properti'),
('propfan'),
('propilena'),
('proporsi'),
('proporsional'),
('proposal'),
('proposisi'),
('propulsi'),
('prosa'),
('prosais'),
('prosede'),
('prosedur'),
('prosedural'),
('prosenium'),
('proses'),
('prosesi'),
('prosesor'),
('proskonion'),
('proskriptivisme'),
('prosodi'),
('prosodis'),
('prospek'),
('prospeksi'),
('prospektif'),
('prospektus'),
('prostaglandin'),
('prostat'),
('prostitusi'),
('protagonis'),
('protaktinium'),
('protandri'),
('protasis'),
('proteid'),
('protein'),
('proteinuria'),
('proteksi'),
('proteksionisme'),
('protektif'),
('protektorat'),
('proteolisis'),
('proteolitik'),
('protes'),
('protese'),
('protesis'),
('Protestan'),
('Protestantisme'),
('protista'),
('protofon'),
('protogenesis'),
('protokol'),
('protokoler'),
('protolisis'),
('protolitik'),
('proton'),
('protoneolitik'),
('protoplasma'),
('protoraks'),
('prototipe'),
('protozoa'),
('protrombin'),
('protuberansia'),
('provinsi'),
('provinsialisme'),
('provisi'),
('provisional'),
('provitamin'),
('provokasi'),
('provokatif'),
('provokator'),
('provos'),
('proyek'),
('proyeksi'),
('proyektil'),
('proyektor'),
('prudensial'),
('prurigo'),
('psalm'),
('psamolitoral'),
('pseudokata'),
('pseudomorf'),
('pseudonim'),
('psi'),
('psike'),
('psikiater'),
('psikiatri'),
('psikis'),
('psikoanalisis'),
('psikodrama'),
('psikofarmakologi'),
('psikofisiologis'),
('psikokinesis'),
('psikolepsi'),
('psikolinguistik'),
('psikolog'),
('psikologi'),
('psikologis'),
('psikometri'),
('psikometrika'),
('psikomotor'),
('psikomotorik'),
('psikoneurosis'),
('psikopat'),
('psikopati'),
('psikopatologi'),
('psikosastra'),
('psikoseksual'),
('psikosis'),
('psikosomatik'),
('psikoteknik'),
('psikoteknis'),
('psikoterapi'),
('psikotes'),
('psikotropika'),
('psikrofili'),
('psikrometer'),
('psikrometri'),
('psitakosis'),
('psoriasis'),
('pterodaktil'),
('pteropoda'),
('ptialin'),
('ptomaina'),
('puadai'),
('puah'),
('puak'),
('puaka'),
('pual'),
('pualam'),
('puan'),
('puas'),
('puasa'),
('puatang'),
('pub'),
('puber'),
('pubertas'),
('pubesens'),
('publik'),
('publikasi'),
('publisis'),
('publisistik'),
('publisitas'),
('pucang'),
('pucat'),
('pucik'),
('pucuk'),
('pucung'),
('pudar'),
('pudat'),
('pudel'),
('puder'),
('pudi'),
('puding'),
('pudur'),
('puerpera'),
('puerperium'),
('pugak'),
('pugar'),
('pugas'),
('puguh'),
('puih'),
('puing'),
('puisi'),
('puitis'),
('puitisasi'),
('puja'),
('pujangga'),
('puji'),
('pujuk'),
('pujur'),
('pujut'),
('pukah'),
('pukal'),
('pukang'),
('pukas'),
('pukat'),
('pukau'),
('puki'),
('pukul'),
('pukulrata'),
('pul'),
('pula'),
('pulai'),
('pulan'),
('pulang'),
('pulas'),
('pulasan'),
('pulasari'),
('pulau'),
('pulen'),
('pulih'),
('pulik'),
('pulover'),
('pulp'),
('pulpen'),
('pulper'),
('pulsa'),
('pulsar'),
('pulsasi'),
('puluh'),
('pulun'),
('pulung'),
('pulut'),
('puma'),
('pumpun'),
('pun'),
('punah'),
('punai'),
('punakawan'),
('punar'),
('punat'),
('punca'),
('puncak'),
('punci'),
('pundak'),
('punden'),
('pundi'),
('punding'),
('punduh'),
('punduk'),
('pundung'),
('pung'),
('punggah'),
('punggai'),
('punggal'),
('pungguk'),
('punggung'),
('punggur'),
('pungkah'),
('pungkang'),
('pungkas'),
('pungkur'),
('pungli'),
('pungsi'),
('pungtuasi'),
('punguk'),
('pungut'),
('punia'),
('punjul'),
('punjung'),
('punjut'),
('punk'),
('puntal'),
('punti'),
('puntianak'),
('puntir'),
('puntuk'),
('puntul'),
('puntung'),
('punuk'),
('punya'),
('pupa'),
('pupil'),
('pupu'),
('pupuan'),
('pupuh'),
('pupuk'),
('pupur'),
('pupus'),
('puput'),
('pura'),
('purba'),
('purbakala'),
('purbani'),
('purbasangka'),
('purbawisesa'),
('purdah'),
('pure'),
('purgatif'),
('puri'),
('purifikasi'),
('purik'),
('puring'),
('puris'),
('purisme'),
('puristis'),
('puritan'),
('puritanisme'),
('purnabakti'),
('purnaintegrasi'),
('purnajabatan'),
('purnajual'),
('purnakarya'),
('purnakaryawan'),
('purnama'),
('purnapugar'),
('purnasarjana'),
('purnatugas'),
('purnawaktu'),
('purnawirawan'),
('purpura'),
('purser'),
('puru'),
('puruk'),
('purun'),
('purus'),
('purusa'),
('purut'),
('purwa'),
('purwakanti'),
('purwapada'),
('purwarupa'),
('pus'),
('pusak'),
('pusaka'),
('pusang'),
('pusar'),
('pusara'),
('pusat'),
('pusing'),
('puskesmas'),
('puso'),
('puspa'),
('puspadana'),
('puspadanta'),
('puspamala'),
('pusparagam'),
('puspas'),
('puspawarna'),
('puspita'),
('pusta'),
('pustaha'),
('pustaka'),
('pustakaloka'),
('pustakawan'),
('pusu'),
('pusung'),
('pusut'),
('putar'),
('putarbalik'),
('putarlidah'),
('putat'),
('puter'),
('puti'),
('putih'),
('putihmata'),
('putihtulang'),
('putik'),
('puting'),
('putra'),
('putranda'),
('putrawali'),
('putrefaksi'),
('putresin'),
('putri'),
('putriboyongan'),
('putriditas'),
('putrimalu'),
('putu'),
('putumayang'),
('putus'),
('putut'),
('puyan'),
('puyeng'),
('puyer'),
('puyonghai'),
('puyuh'),
('qaf'),
('qari'),
('qariah'),
('qasar'),
('qiamulail'),
('qiraah'),
('qiraat'),
('qudsi'),
('Quran'),
('raba'),
('rabak'),
('raban'),
('rabana'),
('rabani'),
('rabas'),
('rabat'),
('rabet'),
('rabi'),
('rabies'),
('rabit'),
('Rabiulakhir'),
('Rabiulawal'),
('rabotase'),
('rabuk'),
('Rabulizat'),
('rabun'),
('rabung'),
('rabut'),
('racak'),
('racau'),
('racik'),
('racuh'),
('racun'),
('rad'),
('rada'),
('radah'),
('radai'),
('radak'),
('radang'),
('radar'),
('radas'),
('raden'),
('rades'),
('radi'),
('radial'),
('radian'),
('radians'),
('radiasi'),
('radiator'),
('radif'),
('radikal'),
('radikalisasi'),
('radikalisme'),
('radiks'),
('radikula'),
('radin'),
('radio'),
('radioaktif'),
('radioaktivitas'),
('radiogenetika'),
('radiogoniometer'),
('radiogoniometri'),
('radiograf'),
('radiografi'),
('radiogram'),
('radioisotop'),
('radiokarbon'),
('radiokimia'),
('radiolisis'),
('radiolog'),
('radiologi'),
('radiolokasi'),
('radiometer'),
('radiosonde'),
('radiotelefoni'),
('radiotelegrafi'),
('radiotelegrafis'),
('radioterapi'),
('radis'),
('radium'),
('radius'),
('radon'),
('radu'),
('radurisasi'),
('rafaksi'),
('rafe'),
('rafi'),
('rafia'),
('rafidi'),
('rafik'),
('raflesia'),
('raga'),
('ragam'),
('ragang'),
('ragas'),
('ragawi'),
('ragi'),
('ragib'),
('ragil'),
('ragu'),
('raguk'),
('ragum'),
('ragung'),
('ragut'),
('rahak'),
('rahang'),
('rahap'),
('raharja'),
('rahasia'),
('rahat'),
('rahayu'),
('rahib'),
('rahim'),
('rahimakallah'),
('rahimakumullah'),
('rahman'),
('rahmat'),
('rahmatullah'),
('rahu'),
('rai'),
('raib'),
('raih'),
('raimuna'),
('rais'),
('raja'),
('Rajab'),
('rajabiah'),
('rajah'),
('rajalela'),
('rajam'),
('rajang'),
('rajapati'),
('rajawali'),
('rajim'),
('rajin'),
('rajok'),
('rajuk'),
('rajul'),
('rajungan'),
('rajut'),
('rak'),
('raka'),
('rakaat'),
('rakah'),
('rakanita'),
('rakap'),
('rakat'),
('rakawira'),
('rakbol'),
('raket'),
('rakila'),
('rakis'),
('rakit'),
('rakitis'),
('rakna'),
('raksa'),
('raksabumi'),
('raksasa'),
('raksi'),
('rakuk'),
('rakung'),
('rakus'),
('rakut'),
('rakyat'),
('rakyu'),
('ralat'),
('ralip'),
('ram'),
('rama'),
('Ramadan'),
('ramah'),
('ramahtamah'),
('ramai'),
('ramal'),
('ramanda'),
('ramania'),
('rambah'),
('rambai'),
('ramban'),
('rambang'),
('rambat'),
('rambeh'),
('rambu'),
('rambun'),
('rambung'),
('rambut'),
('rambutan'),
('rambuti'),
('rames'),
('rami'),
('ramin'),
('ramirezi'),
('rampa'),
('rampai'),
('rampak'),
('rampang'),
('rampas'),
('rampat'),
('ramping'),
('rampok'),
('rampuh'),
('rampung'),
('rampus'),
('ramu'),
('ramus'),
('rana'),
('ranah'),
('ranap'),
('ranca'),
('rancah'),
('rancak'),
('rancam'),
('rancang'),
('rancap'),
('rancau'),
('rancu'),
('rancung'),
('randa'),
('randah'),
('randai'),
('randajawan'),
('randak'),
('randat'),
('randau'),
('randek'),
('randi'),
('randu'),
('randuk'),
('randung'),
('rang'),
('rangah'),
('rangai'),
('rangak'),
('rangam'),
('rangas'),
('rangga'),
('ranggah'),
('ranggak'),
('ranggas'),
('ranggi'),
('ranggit'),
('ranggul'),
('ranggung'),
('rangin'),
('rangina'),
('rangka'),
('rangkai'),
('rangkak'),
('rangkam'),
('rangkang'),
('rangkaya'),
('rangket'),
('rangkiang'),
('rangkik'),
('rangking'),
('rangkit'),
('rangkok'),
('rangkul'),
('rangkum'),
('rangkung'),
('rangkup'),
('rangkus'),
('rangkut'),
('rangrang'),
('rangrangan'),
('rangsang'),
('rangu'),
('rangum'),
('rangup'),
('rani'),
('ranjang'),
('ranjau'),
('ranji'),
('ranjing'),
('rankine'),
('ransel'),
('ransum'),
('rantai'),
('rantam'),
('rantang'),
('rantas'),
('rantau'),
('rante'),
('ranti'),
('ranting'),
('rantuk'),
('rantus'),
('ranum'),
('ranyah'),
('ranyau'),
('ranyun'),
('rap'),
('rapah'),
('rapai'),
('rapak'),
('rapal'),
('rapang'),
('rapat'),
('rapel'),
('rapi'),
('rapiah'),
('rapik'),
('rapor'),
('rapsodi'),
('rapu'),
('rapuh'),
('rapun'),
('rapung'),
('rapus'),
('raraha'),
('rarai'),
('rarak'),
('rarangan'),
('raras'),
('ras'),
('rasa'),
('rasai'),
('rasam'),
('rasamala'),
('rasau'),
('rasberi'),
('rase'),
('rasem'),
('rasi'),
('rasia'),
('rasial'),
('rasialis'),
('rasialisme'),
('rasian'),
('rasio'),
('rasional'),
('rasionalis'),
('rasionalisasi'),
('rasionalisme'),
('rasionalitas'),
('rasisme'),
('raster'),
('rasuk'),
('rasul'),
('rasuli'),
('Rasulullah'),
('rasyid'),
('rasywah'),
('rat'),
('rata'),
('ratah'),
('ratap'),
('ratib'),
('ratifikasi'),
('ratna'),
('ratu'),
('ratus'),
('rau'),
('raudah'),
('raudatulatfal'),
('raum'),
('raun'),
('raung'),
('raup'),
('raut'),
('rawa'),
('rawai'),
('rawak'),
('rawan'),
('rawat'),
('rawatib'),
('rawi'),
('rawin'),
('rawit'),
('rawon'),
('raya'),
('rayah'),
('rayan'),
('rayang'),
('rayap'),
('rayau'),
('rayon'),
('rayonisasi'),
('rayu'),
('razia'),
('reagen'),
('reagensia'),
('reak'),
('reaksi'),
('reaksioner'),
('reaktan'),
('reaktans'),
('reaktansi'),
('reaktif'),
('reaktivitas'),
('reakton'),
('reaktor'),
('reaktualisasi'),
('real'),
('realis'),
('realisasi'),
('realisme'),
('realistis'),
('realitas'),
('realokasi'),
('realpolitik'),
('reasuransi'),
('Reaumur'),
('reba'),
('rebab'),
('rebah'),
('rebak'),
('reban'),
('rebana'),
('rebas'),
('rebat'),
('rebeh'),
('rebek'),
('rebes'),
('rebet'),
('rebewes'),
('reboisasi'),
('rebon'),
('rebu'),
('rebuk'),
('rebung'),
('rebus'),
('rebut'),
('reca'),
('recak'),
('receh'),
('recet'),
('recik'),
('recok'),
('recup'),
('reda'),
('redah'),
('redaksi'),
('redaksional'),
('redaktur'),
('redam'),
('redang'),
('redap'),
('redefinisi'),
('redih'),
('redik'),
('redoks'),
('reduksi'),
('reduksionisme'),
('redum'),
('redup'),
('reduplikasi'),
('redusir'),
('redut'),
('reedukasi'),
('reekspor'),
('referat'),
('referen'),
('referendaris'),
('referendum'),
('referensi'),
('referensial'),
('reflasi'),
('refleks'),
('refleksi'),
('reflektif'),
('reflektor'),
('reformasi'),
('reformis'),
('refraksi'),
('refraktometer'),
('refraktor'),
('refrein'),
('refrigerator'),
('regah'),
('regan'),
('regang'),
('regas'),
('regat'),
('regata'),
('regel'),
('regen'),
('regenerasi'),
('reges'),
('regi'),
('regio'),
('region'),
('regional'),
('regionalisme'),
('register'),
('registrasi'),
('regisur'),
('reglemen'),
('reglementer'),
('regol'),
('regresi'),
('regresif'),
('regu'),
('reguk'),
('regularisasi'),
('regulasi'),
('regulatif'),
('regulator'),
('reguler'),
('regup'),
('rehab'),
('rehabilitasi'),
('rehabilitatif'),
('rehal'),
('rehat'),
('rehidrasi'),
('reideologisasi'),
('reindoktrinasi'),
('reinkarnasi'),
('reintegrasi'),
('reinterpretasi'),
('reinvestasi'),
('reja'),
('rejah'),
('rejan'),
('rejang'),
('rejasa'),
('rejeh'),
('rejeng'),
('rejuk'),
('rek'),
('reka'),
('rekabentuk'),
('rekacipta'),
('rekah'),
('rekal'),
('rekalkulasi'),
('rekam'),
('rekan'),
('rekanalisasi'),
('rekap'),
('rekapangan'),
('rekapitalisasi'),
('rekapitulasi'),
('rekat'),
('rekata'),
('rekayasa'),
('rekayasawan'),
('reken'),
('rekening'),
('rekes'),
('rekisitor'),
('rekisitur'),
('reklamasi'),
('reklame'),
('reklasering'),
('reklasifikasi'),
('rekognisi'),
('rekoleksi'),
('rekombinan'),
('rekombinasi'),
('rekomendasi'),
('rekonsiliasi'),
('rekonstruksi'),
('rekonstruktif'),
('rekonvensi'),
('rekor'),
('rekreasi'),
('rekrut'),
('rekrutmen'),
('reksa'),
('rekstok'),
('rektifikasi'),
('rekto'),
('rektor'),
('rekuiem'),
('rekuisisi'),
('rekuisitor'),
('rekurs'),
('rel'),
('rela'),
('relai'),
('relaks'),
('relaksasi'),
('relang'),
('relap'),
('relas'),
('relasi'),
('relatif'),
('relativisasi'),
('relativisme'),
('relativitas'),
('relau'),
('relawan'),
('relban'),
('relevan'),
('relevansi'),
('reli'),
('reliabel'),
('reliabilitas'),
('relief'),
('religi'),
('religiositas'),
('religius'),
('relik'),
('relikui'),
('relokasi'),
('reluk'),
('relung'),
('rem'),
('rema'),
('remah'),
('remai'),
('remaja'),
('remak'),
('remanen'),
('remang'),
('remas'),
('rematik'),
('rematisme'),
('rematoid'),
('rembah'),
('rembang'),
('rembas'),
('rembat'),
('rembega'),
('rembes'),
('rembet'),
('rembih'),
('rembuk'),
('rembulan'),
('rembunai'),
('remburs'),
('rembut'),
('remedi'),
('remedial'),
('remediasi'),
('remeh'),
('remenia'),
('remet'),
('remi'),
('remiak'),
('remiling'),
('reminisensi'),
('remis'),
('remisi'),
('remoh'),
('rempa'),
('rempah'),
('rempak'),
('rempela'),
('rempelas'),
('rempenai'),
('rempeyek'),
('rempong'),
('rempuh'),
('rempuk'),
('rempus'),
('remujung'),
('remuk'),
('remunerasi'),
('remunggai'),
('renah'),
('renai'),
('renaisans'),
('renal'),
('renang'),
('rencah'),
('rencak'),
('rencam'),
('rencana'),
('rencang'),
('rencat'),
('renceh'),
('renceng'),
('rencet'),
('rencong'),
('renda'),
('rendabel'),
('rendah'),
('rendam'),
('rendang'),
('rendemen'),
('rendeng'),
('rendong'),
('renegosiasi'),
('renek'),
('renes'),
('reng'),
('rengadean'),
('rengap'),
('rengas'),
('rengat'),
('rengeh'),
('rengek'),
('rengeng'),
('rengga'),
('renggam'),
('renggang'),
('renggat'),
('renggek'),
('rengges'),
('rengginang'),
('renggut'),
('rengit'),
('rengkah'),
('rengkam'),
('rengkeh'),
('rengket'),
('rengkit'),
('rengkong'),
('rengkudah'),
('rengkuh'),
('rengrengan'),
('rengsa'),
('rengus'),
('rengut'),
('renik'),
('renin'),
('renium'),
('renjana'),
('renjatan'),
('renjeng'),
('renjis'),
('renjong'),
('renjul'),
('renkinang'),
('renovasi'),
('renta'),
('rentabilitas'),
('rentak'),
('rentaka'),
('rental'),
('rentan'),
('rentang'),
('rentap'),
('rentas'),
('rente'),
('renteng'),
('rentenir'),
('rentet'),
('renti'),
('rentik'),
('renung'),
('renvoi'),
('renyah'),
('renyam'),
('renyang'),
('renyap'),
('renyau'),
('renyeh'),
('renyek'),
('renyem'),
('renyuk'),
('renyut'),
('reog'),
('reol'),
('reologi'),
('reometri'),
('reorganisasi'),
('reorientasi'),
('reostat'),
('reot'),
('repang'),
('reparasi'),
('repas'),
('repatrian'),
('repatriasi'),
('repek'),
('repertoar'),
('repes'),
('repet'),
('repeten'),
('repetisi'),
('repetitif'),
('repetitor'),
('repih'),
('replik'),
('replika'),
('repolarisasi'),
('repormir'),
('reportase'),
('reporter'),
('reposisi'),
('repot'),
('representasi'),
('representatif'),
('represi'),
('represif'),
('reproduksi'),
('reprografi'),
('reptil'),
('reptilia'),
('republik'),
('republiken'),
('repuh'),
('repui'),
('reput'),
('reputasi'),
('rerak'),
('rerangka'),
('reranting'),
('reras'),
('rerata'),
('rerongkong'),
('rerot'),
('rerugi'),
('reruntuk'),
('resa'),
('resah'),
('resak'),
('resam'),
('resan'),
('resap'),
('resbang'),
('resek'),
('resensi'),
('resensor'),
('resep'),
('resepsi'),
('resepsionis'),
('reseptif'),
('reseptor'),
('reserse'),
('resersir'),
('reservat'),
('reserve'),
('reservoir'),
('reses'),
('resesi'),
('resi'),
('residen'),
('residivis'),
('residivisme'),
('residivistis'),
('residu'),
('resik'),
('resiko'),
('resimen'),
('resin'),
('resinol'),
('resipien'),
('resiprok'),
('resiprokal'),
('resistan'),
('resistans'),
('resistansi'),
('resistor'),
('resital'),
('resitasi'),
('resmi'),
('resolusi'),
('resonan'),
('resonansi'),
('resonator'),
('resor'),
('resorpsi'),
('resorsinol'),
('resosialisasi'),
('respek'),
('respirasi'),
('respirator'),
('responden'),
('respons'),
('responsi'),
('responsif'),
('restan'),
('restiformis'),
('restitusi'),
('restoran'),
('restorasi'),
('restriksi'),
('restriktif'),
('restrukturisasi'),
('restu'),
('restung'),
('resultan'),
('resume'),
('resurjensi'),
('ret'),
('reta'),
('retail'),
('retak'),
('retardasi'),
('retas'),
('retek'),
('retenidos'),
('retensi'),
('retet'),
('retih'),
('retikuler'),
('retina'),
('retinakulum'),
('retinitis'),
('retok'),
('retorik'),
('retorika'),
('retoris'),
('retorsi'),
('retradisionalisasi'),
('retreatisme'),
('retret'),
('retribusi'),
('retroaktif'),
('retrofleks'),
('retrofleksi'),
('retrogresi'),
('retrogresif'),
('retrolingual'),
('retromamal'),
('retromandibuler'),
('retrospeksi'),
('retur'),
('retus'),
('reumatismos'),
('reuni'),
('reunifikasi'),
('revaksinasi'),
('revaluasi'),
('revans'),
('reverberasi'),
('revisi'),
('revisibilitas'),
('revisionis'),
('revitalisasi'),
('revolusi'),
('revolusioner'),
('revolver'),
('rewak'),
('rewan'),
('rewanda'),
('rewang'),
('rewel'),
('rewet'),
('reyal'),
('reyot'),
('rezeki'),
('rezim'),
('ria'),
('riadat'),
('riah'),
('riak'),
('rial'),
('riam'),
('rian'),
('riang'),
('riap'),
('rias'),
('riba'),
('ribang'),
('ribat'),
('ribatat'),
('riben'),
('riboflavin'),
('ribosom'),
('ribu'),
('ribut'),
('rica'),
('ricau'),
('ricik'),
('ricuh'),
('rida'),
('ridan'),
('ridi'),
('riding'),
('ridip'),
('ridu'),
('rigai'),
('rihat'),
('rihlah'),
('riil'),
('rijal'),
('rijalulgaib'),
('rijang'),
('rikuh'),
('rileks'),
('rilis'),
('rim'),
('rima'),
('rimas'),
('rimata'),
('rimba'),
('rimbas'),
('rimbat'),
('rimbawan'),
('rimbun'),
('rime'),
('rimis'),
('rimpang'),
('rimpel'),
('rimpi'),
('rimpuh'),
('rimpung'),
('rinai'),
('rincis'),
('rincu'),
('rindang'),
('rinding'),
('rindu'),
('ring'),
('ringan'),
('ringgit'),
('ringih'),
('ringik'),
('ringin'),
('ringis'),
('ringkai'),
('ringkas'),
('ringkih'),
('ringkik'),
('ringking'),
('ringkuk'),
('ringkus'),
('ringsek'),
('ringsing'),
('rini'),
('rinitis'),
('rinjing'),
('rinoskop'),
('rintang'),
('rintas'),
('rintih'),
('rintik'),
('rintis'),
('rinyai'),
('riol'),
('ripit'),
('riptaloka'),
('ripuh'),
('ripuk'),
('ririt'),
('risa'),
('risak'),
('risalah'),
('risau'),
('riset'),
('risi'),
('risik'),
('risiko'),
('risit'),
('riskan'),
('rit'),
('ritel'),
('ritme'),
('ritmis'),
('ritual'),
('ritul'),
('ritus'),
('riuh'),
('riuk'),
('riung'),
('rival'),
('rivalitas'),
('riwan'),
('riwayat'),
('robek'),
('roboh'),
('robok'),
('robot'),
('robotika'),
('rocet'),
('roda'),
('rodan'),
('rodat'),
('rodensial'),
('rodentisida'),
('rodi'),
('rodium'),
('rodok'),
('rodolit'),
('rodong'),
('roga'),
('rogoh'),
('rogok'),
('rogol'),
('roh'),
('rohani'),
('rohaniah'),
('rohaniwan'),
('rohmat'),
('Rohulkudus'),
('roi'),
('rojeng'),
('rojol'),
('rok'),
('rokade'),
('roker'),
('roket'),
('roki'),
('rokok'),
('rol'),
('rolet'),
('rolpres'),
('roma'),
('roman'),
('romanistik'),
('romansa'),
('romantik'),
('romantika'),
('romantikus'),
('romantis'),
('romantisisme'),
('Romawi'),
('rombak'),
('rombeng'),
('rombik'),
('rombohedron'),
('romboid'),
('rombok'),
('rombong'),
('rombus'),
('romet'),
('romok'),
('romong'),
('rompak'),
('rompal'),
('rompang'),
('rompeng'),
('rompes'),
('rompi'),
('rompoh'),
('rompok'),
('rompong'),
('rompyok'),
('romsus'),
('romusa'),
('rona'),
('ronce'),
('roncet'),
('ronda'),
('ronde'),
('rondo'),
('rondok'),
('roneo'),
('rong'),
('rongak'),
('rongga'),
('ronggang'),
('ronggeng'),
('ronggok'),
('ronggong'),
('rongkoh'),
('rongkok'),
('rongkol'),
('rongkong'),
('rongos'),
('rongrong'),
('rongseng'),
('rongsok'),
('ronta'),
('rontek'),
('rontgen'),
('rontok'),
('ronyeh'),
('ronyok'),
('rorehe'),
('rorod'),
('ros'),
('rosario'),
('rosela'),
('roseng'),
('roseola'),
('roset'),
('rosin'),
('rosok'),
('rosot'),
('rotan'),
('rotasi'),
('rotator'),
('roti'),
('rotograf'),
('rotok'),
('rowot'),
('royak'),
('royal'),
('royalti'),
('royan'),
('royemen'),
('royer'),
('rua'),
('ruadat'),
('ruai'),
('ruak'),
('ruam'),
('ruang'),
('ruap'),
('ruas'),
('ruat'),
('ruaya'),
('rubah'),
('rubai'),
('rubaiat'),
('ruban'),
('rubanat'),
('rubel'),
('rubela'),
('rubeola'),
('rubiah'),
('rubidium'),
('rubik'),
('rubin'),
('rubing'),
('rubrik'),
('rubu'),
('rubung'),
('rucah'),
('rudah'),
('rudal'),
('rudapaksa'),
('rudi'),
('rudimen'),
('rudin'),
('rudu'),
('rudus'),
('rugbi'),
('rugi'),
('ruh'),
('ruhban'),
('ruhbanat'),
('ruhbaniat'),
('ruilslag'),
('ruing'),
('ruit'),
('rujah'),
('rujak'),
('ruji'),
('rujuk'),
('rukam'),
('rukhsah'),
('rukiah'),
('ruku'),
('rukuh'),
('rukuk'),
('rukun'),
('rukyat'),
('rukyatulhilal'),
('rumah'),
('rumahsakit'),
('rumahtangga'),
('rumba'),
('rumbah'),
('rumbai'),
('rumbia'),
('rumbing'),
('rumbu'),
('rumen'),
('rumenia'),
('Rumi'),
('rumin'),
('ruminansia'),
('rumit'),
('rumor'),
('rumpakan'),
('rumpang'),
('rumpi'),
('rumpil'),
('rumpon'),
('rumpun'),
('rumput'),
('rumrum'),
('rumuk'),
('rumung'),
('rumus'),
('runcing'),
('runcit'),
('runding'),
('runduk'),
('rundung'),
('rungau'),
('runggas'),
('runggu'),
('rungguh'),
('runggut'),
('rungkau'),
('rungkuh'),
('rungkun'),
('rungkup'),
('rungu'),
('rungus'),
('rungut'),
('runjam'),
('runjang'),
('runjau'),
('runjung'),
('runtai'),
('runtas'),
('runti'),
('runtih'),
('runtuh'),
('runtun'),
('runtut'),
('runut'),
('runyam'),
('runyut'),
('ruok'),
('rupa'),
('rupawan'),
('rupee'),
('rupiah'),
('rurut'),
('rusa'),
('rusak'),
('rusuh'),
('rusuk'),
('rutab'),
('rute'),
('rutenium'),
('ruterfordium'),
('rutin'),
('rutuk'),
('rutup'),
('Ruwah'),
('ruwat'),
('ruwet'),
('ruyak'),
('ruyap'),
('ruyung'),
('ruyup'),
('saadah'),
('saadin'),
('saanen'),
('saat'),
('saba'),
('sabah'),
('sabak'),
('Saban'),
('sabana'),
('sabang'),
('sabar'),
('sabasani'),
('sabat'),
('sabatikal'),
('sabda'),
('sabel'),
('saben'),
('sabet'),
('sabil'),
('sabilillah'),
('sabit'),
('sabitah'),
('sableng'),
('sablon'),
('sabo'),
('sabot'),
('sabotase'),
('sabsab'),
('Sabtu'),
('sabun'),
('sabung'),
('sabur'),
('sabut'),
('sad'),
('sadah'),
('sadai'),
('sadak'),
('sadang'),
('sadap'),
('sadar'),
('sadariah'),
('sadau'),
('sadel'),
('sadik'),
('sadin'),
('sading'),
('sadir'),
('sadis'),
('sadisme'),
('sadistis'),
('sadrah'),
('sadran'),
('sadu'),
('sadur'),
('saf'),
('safa'),
('safari'),
('safi'),
('safih'),
('safinah'),
('safinatunajah'),
('safir'),
('safron'),
('safsaf'),
('saga'),
('sagai'),
('sagang'),
('sagar'),
('Sagitarius'),
('sagon'),
('sagu'),
('saguer'),
('sagur'),
('sah'),
('sahabat'),
('saham'),
('sahan'),
('sahang'),
('sahap'),
('sahara'),
('saharah'),
('sahaya'),
('sahayanda'),
('sahdu'),
('sahi'),
('sahib'),
('sahibulbait'),
('sahibulhajat'),
('sahibulhikayat'),
('sahifah'),
('sahih'),
('sahir'),
('sahkan'),
('sahmura'),
('sahur'),
('sahut'),
('sai'),
('saif'),
('Sailan'),
('sailo'),
('saing'),
('sains'),
('saintis'),
('sair'),
('sais'),
('saja'),
('sajadah'),
('sajak'),
('sajang'),
('sajen'),
('saji'),
('sak'),
('sakal'),
('sakang'),
('sakap'),
('sakar'),
('sakarida'),
('sakarimeter'),
('sakarin'),
('sakarosa'),
('sakat'),
('sake'),
('sakelar'),
('sakelek'),
('sakhawat'),
('sakhi'),
('sakhrat'),
('sakhsi'),
('saki'),
('sakinah'),
('saking'),
('sakit'),
('saklek'),
('sakral'),
('sakramen'),
('sakramental'),
('sakramentalia'),
('sakratulmaut'),
('sakrilegi'),
('sakristi'),
('sakrokoksigeal'),
('sakrolumbal'),
('sakrum'),
('saksama'),
('saksang'),
('saksi'),
('saksofon'),
('sakti'),
('saku'),
('sakura'),
('salaf'),
('salaharti'),
('salahguna'),
('salai'),
('salak'),
('salam'),
('salang'),
('salar'),
('salaris'),
('salasal'),
('salat'),
('salatin'),
('saldo'),
('sale'),
('saleh'),
('salem'),
('salep'),
('sali'),
('salib'),
('salihah'),
('salim'),
('salin'),
('salina'),
('salindia'),
('salindra'),
('saling'),
('salinisasi'),
('salinitas'),
('salinometer'),
('salip'),
('salir'),
('salivasi'),
('salju'),
('salmon'),
('salmonela'),
('salon'),
('salpeter'),
('salping'),
('saltasi'),
('salto'),
('saluir'),
('saluk'),
('salung'),
('salur'),
('salut'),
('salvarsan'),
('salvo'),
('sama'),
('samaada'),
('samad'),
('samak'),
('saman'),
('samanera'),
('samaniah'),
('samapta'),
('samar'),
('samara'),
('samarata'),
('samarium'),
('samas'),
('samawi'),
('samba'),
('sambal'),
('sambalewa'),
('sambangan'),
('sambar'),
('sambat'),
('sambau'),
('samben'),
('sambet'),
('sambi'),
('sambil'),
('sambillalu'),
('sambiloto'),
('sambit'),
('sambuk'),
('sambung'),
('sambungtangan'),
('sambur'),
('sambut'),
('sami'),
('samidra'),
('samijaga'),
('samin'),
('samir'),
('samovar'),
('sampa'),
('sampah'),
('sampai'),
('sampak'),
('sampakan'),
('sampan'),
('sampang'),
('sampanye'),
('sampar'),
('samparan'),
('sampat'),
('sampean'),
('sampek'),
('sampel'),
('samper'),
('sampeyan'),
('sampil'),
('sampilik'),
('samping'),
('sampir'),
('samplok'),
('sampo'),
('sampu'),
('sampuk'),
('sampul'),
('sampur'),
('samsak'),
('samsam'),
('samseng'),
('samsir'),
('samsiti'),
('samsu'),
('samudra'),
('samuh'),
('samum'),
('samun'),
('samurai'),
('sana'),
('sanad'),
('sanak'),
('sanat'),
('sanatogen'),
('sanatorium'),
('sanawiah'),
('sanca'),
('sanda'),
('sandal'),
('sandang'),
('sandar'),
('sandel'),
('sandera'),
('sandi'),
('sanding'),
('sandiwara'),
('sando'),
('sandung'),
('sandungan'),
('sang'),
('sanga'),
('sangai'),
('sangan'),
('sangar'),
('sangat'),
('sangau'),
('sangga'),
('sanggah'),
('sanggam'),
('sanggama'),
('sanggamara'),
('sanggan'),
('sanggang'),
('sanggar'),
('sanggarunggi'),
('sanggat'),
('sanggep'),
('sanggerah'),
('sangging'),
('sanggit'),
('sanggrah'),
('sanggraloka'),
('sanggul'),
('sanggup'),
('sanggurdi'),
('sangha'),
('sangih'),
('sangir'),
('sangit'),
('sangka'),
('sangkak'),
('sangkakala'),
('sangkal'),
('sangkala'),
('sangkan'),
('sangkar'),
('sangkil'),
('sangku'),
('sangkur'),
('sangkut'),
('sangkutpaut'),
('sangli'),
('sangling'),
('sanglir'),
('sangon'),
('sangrai'),
('sangsam'),
('sangsang'),
('sangsi'),
('sangu'),
('sanguifikasi'),
('sangulun'),
('sangyang'),
('sani'),
('sanik'),
('sanitas'),
('sanitasi'),
('saniter'),
('sanjai'),
('sanjak'),
('sanjang'),
('sanjung'),
('sanksi'),
('sano'),
('sansai'),
('sanseviera'),
('Sanskerta'),
('santa'),
('santai'),
('santak'),
('santam'),
('santan'),
('santap'),
('santase'),
('santau'),
('santer'),
('santet'),
('santiaji'),
('santing'),
('santir'),
('santo'),
('santonin'),
('santri'),
('santriwati'),
('santun'),
('santung'),
('sanubari'),
('sap'),
('sapa'),
('sapai'),
('saparantu'),
('sapat'),
('sapau'),
('sapersi'),
('sapi'),
('sapih'),
('sapir'),
('sapit'),
('sapogenin'),
('saponin'),
('saprofit'),
('saptadarma'),
('saptamarga'),
('saptapesona'),
('sapu'),
('saput'),
('saputangan'),
('sar'),
('sara'),
('saraf'),
('sarak'),
('saran'),
('sarana'),
('sarang'),
('sarangan'),
('sarap'),
('sarasehan'),
('sarat'),
('sarau'),
('sarden'),
('sardencis'),
('sarean'),
('sareh'),
('sarekat'),
('saren'),
('sarengat'),
('sarhad'),
('sari'),
('saridele'),
('sarik'),
('sarikan'),
('saring'),
('saripati'),
('sarira'),
('sarirah'),
('sarit'),
('sarjana'),
('sarju'),
('sarkasme'),
('sarkastis'),
('sarkode'),
('sarkoderma'),
('sarkofagus'),
('sarkolema'),
('sarkologi'),
('sarkoma'),
('sarkoplasma'),
('saron'),
('sarsaparila'),
('Sartan'),
('saru'),
('saruk'),
('sarung'),
('sarut'),
('sarwa'),
('sasa'),
('sasak'),
('sasakala'),
('sasana'),
('sasando'),
('sasap'),
('sasar'),
('sasau'),
('sasi'),
('sasian'),
('sasis'),
('sasmita'),
('sastra'),
('sastrawan'),
('sastrawi'),
('sat'),
('satai'),
('satak'),
('satang'),
('satanologi'),
('satar'),
('sate'),
('satelit'),
('satih'),
('satin'),
('satinet'),
('satir'),
('satire'),
('satiris'),
('satori'),
('satpam'),
('satron'),
('satu'),
('satumeja'),
('satupadu'),
('Saturnus'),
('saturometer'),
('satwa'),
('satyagraha'),
('satyalencana'),
('satyawacana'),
('saudagar'),
('saudara'),
('saudari'),
('sauh'),
('saujana'),
('sauk'),
('saum'),
('sauna'),
('saung'),
('saus'),
('saut'),
('sauvinis'),
('sauvinisme'),
('sauvinistis'),
('sawa'),
('sawab'),
('sawah'),
('sawai'),
('sawala'),
('sawan'),
('sawang'),
('sawangan');
INSERT INTO `katadasar` (`kata`) VALUES
('sawar'),
('sawat'),
('sawer'),
('sawi'),
('sawit'),
('sawo'),
('sawut'),
('saya'),
('sayak'),
('sayang'),
('sayat'),
('sayembara'),
('sayet'),
('sayib'),
('sayid'),
('sayidani'),
('sayidi'),
('sayidina'),
('sayu'),
('sayung'),
('sayup'),
('sayur'),
('seba'),
('sebab'),
('sebahat'),
('sebai'),
('sebak'),
('sebal'),
('sebam'),
('sebar'),
('sebarau'),
('sebarluas'),
('sebasah'),
('sebat'),
('sebaur'),
('sebekah'),
('sebel'),
('sebeng'),
('seberang'),
('seberhana'),
('sebet'),
('sebit'),
('seblang'),
('sebrot'),
('sebu'),
('sebuk'),
('sebum'),
('sebun'),
('sebura'),
('seburas'),
('seburu'),
('seburus'),
('seburut'),
('sebut'),
('secang'),
('seceng'),
('secerek'),
('secina'),
('sedahan'),
('sedak'),
('sedam'),
('sedan'),
('sedang'),
('sedap'),
('sedat'),
('sedatif'),
('sedativa'),
('sedawai'),
('sedekah'),
('sedekap'),
('sedelinggam'),
('sedeng'),
('sederhana'),
('sederum'),
('sedia'),
('sediakala'),
('sedih'),
('sedikit'),
('sedimen'),
('sedimentasi'),
('sedimenter'),
('sedingin'),
('sedong'),
('sedot'),
('sedu'),
('seduayah'),
('seduh'),
('sefalopoda'),
('sefalotoraks'),
('seg'),
('sega'),
('segah'),
('segak'),
('segala'),
('segan'),
('seganda'),
('segani'),
('segar'),
('segara'),
('segata'),
('segeger'),
('segeh'),
('segel'),
('segenap'),
('segera'),
('segi'),
('segianya'),
('segitiga'),
('segmen'),
('segmental'),
('segmentasi'),
('segregasi'),
('seh'),
('sehat'),
('sehingga'),
('seilometer'),
('sein'),
('seismik'),
('seismograf'),
('seismogram'),
('seismolog'),
('seismologi'),
('seismometer'),
('sejahtera'),
('sejak'),
('sejarah'),
('sejarawan'),
('sejari'),
('sejat'),
('sejati'),
('sejingkat'),
('sejuk'),
('sek'),
('seka'),
('sekadar'),
('sekak'),
('sekakar'),
('sekakmat'),
('sekal'),
('sekala'),
('sekaligus'),
('sekalipun'),
('sekalor'),
('sekam'),
('sekan'),
('sekang'),
('sekap'),
('sekapar'),
('sekar'),
('sekarang'),
('sekarat'),
('sekat'),
('sekaten'),
('sekaut'),
('sekeber'),
('sekebun'),
('sekedeng'),
('sekeduduk'),
('sekedup'),
('sekelat'),
('sekelian'),
('sekema'),
('sekendal'),
('sekendi'),
('sekengkeng'),
('sekepat'),
('sekeram'),
('sekeri'),
('sekerindangan'),
('sekering'),
('sekesel'),
('sekh'),
('sekilwak'),
('sekip'),
('sekira'),
('sekiram'),
('seko'),
('sekoci'),
('sekoi'),
('sekolah'),
('sekon'),
('sekongkol'),
('sekop'),
('sekopong'),
('sekoteng'),
('sekrap'),
('sekresi'),
('sekreta'),
('sekretariat'),
('sekretaris'),
('sekretin'),
('sekring'),
('sekrip'),
('sekrup'),
('seks'),
('seksi'),
('seksmaniak'),
('seksolog'),
('seksologi'),
('seksologis'),
('sekstan'),
('sekstet'),
('seksual'),
('seksualitas'),
('sektarian'),
('sektarianisme'),
('sekte'),
('sektor'),
('sektoral'),
('sekuas'),
('sekul'),
('sekularis'),
('sekularisasi'),
('sekularisme'),
('sekularitas'),
('sekuler'),
('sekulir'),
('sekunar'),
('sekunder'),
('sekunyit'),
('sekuritas'),
('sekuriti'),
('sekutu'),
('sel'),
('sela'),
('selabar'),
('selaberak'),
('selada'),
('seladang'),
('seladon'),
('selai'),
('selain'),
('selaju'),
('selak'),
('selaka'),
('selakarang'),
('selalu'),
('selam'),
('selamat'),
('selamba'),
('selampai'),
('selampe'),
('selampek'),
('selampit'),
('Selan'),
('selancak'),
('selancang'),
('selancar'),
('selang'),
('selangat'),
('selangka'),
('selangkang'),
('selangkup'),
('selanting'),
('selap'),
('selapan'),
('selaput'),
('selar'),
('selara'),
('selarak'),
('selaras'),
('selarung'),
('Selasa'),
('selasar'),
('selasih'),
('selat'),
('Selatan'),
('selawah'),
('selawat'),
('selaya'),
('selayun'),
('selayur'),
('sele'),
('selebaran'),
('selebran'),
('selebrasi'),
('selebritas'),
('selebriti'),
('selebu'),
('seleder'),
('selederi'),
('seledri'),
('seleguri'),
('selekeh'),
('selekoh'),
('selekor'),
('seleksi'),
('selektif'),
('selektivitas'),
('seleler'),
('selembana'),
('selempada'),
('selempang'),
('selempuri'),
('selendang'),
('selender'),
('selendro'),
('selenggara'),
('selengkatan'),
('selenium'),
('selenografi'),
('selenologi'),
('selentik'),
('selenting'),
('seleo'),
('selepa'),
('selepang'),
('selepat'),
('selepe'),
('seleper'),
('selepetan'),
('selepi'),
('selera'),
('selerak'),
('selerang'),
('selesa'),
('selesai'),
('selesma'),
('seletuk'),
('seleweng'),
('selia'),
('seliap'),
('selibat'),
('selibu'),
('selibut'),
('selidik'),
('seligi'),
('seligit'),
('selimang'),
('selimpang'),
('selimpat'),
('selimut'),
('selinap'),
('selindung'),
('seling'),
('selingar'),
('selingkit'),
('selingkuh'),
('selingkup'),
('selip'),
('selipar'),
('selir'),
('selira'),
('selirak'),
('selirat'),
('seliri'),
('selisih'),
('selisik'),
('selisip'),
('selisir'),
('selit'),
('seliwer'),
('selo'),
('selofan'),
('selok'),
('seloka'),
('selokan'),
('seloki'),
('selom'),
('selomot'),
('selompret'),
('Selon'),
('selonding'),
('selongkar'),
('selongsong'),
('selonjor'),
('selonong'),
('selop'),
('seloroh'),
('selot'),
('seloyak'),
('seloyong'),
('selter'),
('seluang'),
('seluar'),
('selubung'),
('seludang'),
('seludu'),
('seluduk'),
('seludup'),
('selui'),
('seluk'),
('selukat'),
('selukung'),
('seluler'),
('seluloid'),
('selulosa'),
('selulup'),
('selulur'),
('selumar'),
('selumbar'),
('selumbari'),
('selumbat'),
('selumu'),
('selumur'),
('seluncur'),
('selundat'),
('selundup'),
('selungkang'),
('selungkup'),
('selup'),
('selupan'),
('selupat'),
('selurah'),
('seluru'),
('seluruh'),
('selusuh'),
('selusup'),
('selusur'),
('selut'),
('sema'),
('semadi'),
('semafor'),
('semah'),
('semai'),
('semaja'),
('semak'),
('semalu'),
('semambu'),
('semampai'),
('semampang'),
('semampat'),
('seman'),
('semanak'),
('semandan'),
('semandarasa'),
('semandarasah'),
('semandera'),
('semangat'),
('semanggi'),
('semangka'),
('semangkok'),
('semantan'),
('semantik'),
('semantis'),
('semantung'),
('semaput'),
('semara'),
('semarai'),
('semaram'),
('semarmendem'),
('semawang'),
('semawar'),
('semaya'),
('semayam'),
('semayi'),
('sembab'),
('sembabat'),
('sembada'),
('sembagi'),
('sembah'),
('sembahyang'),
('sembai'),
('sembak'),
('sembam'),
('sembap'),
('sembar'),
('sembarang'),
('sembari'),
('sembat'),
('sembayan'),
('sembelih'),
('sembelit'),
('sember'),
('semberap'),
('semberip'),
('sembesi'),
('sembeta'),
('sembiang'),
('sembilan'),
('sembilang'),
('sembilik'),
('sembilu'),
('sembir'),
('semboyan'),
('sembrani'),
('sembrono'),
('sembuang'),
('sembuh'),
('sembul'),
('sembung'),
('sembunyi'),
('sembur'),
('semburat'),
('semburit'),
('semecah'),
('semeleh'),
('sememeh'),
('semen'),
('semena'),
('semenanjung'),
('semenda'),
('semendarasa'),
('semenggah'),
('semenjak'),
('semenjana'),
('sementara'),
('sementasi'),
('sementelah'),
('sementung'),
('semerawang'),
('semerbak'),
('semerdanta'),
('semesta'),
('semester'),
('semi'),
('semidiurnal'),
('semifinal'),
('semifinalis'),
('semiidiom'),
('semikonduktor'),
('semilat'),
('seminai'),
('seminar'),
('seminari'),
('seminaris'),
('seminau'),
('semiologi'),
('semiotik'),
('semiotika'),
('semipermanen'),
('semir'),
('semitisme'),
('semivokal'),
('semok'),
('sempada'),
('sempadan'),
('sempak'),
('sempal'),
('sempalai'),
('sempang'),
('sempat'),
('sempelah'),
('sempena'),
('sempil'),
('sempit'),
('semplak'),
('sempoyong'),
('semprit'),
('semprong'),
('semprot'),
('sempul'),
('sempur'),
('sempuras'),
('sempurna'),
('semrawut'),
('semringah'),
('semu'),
('semua'),
('semunding'),
('semunian'),
('semur'),
('semut'),
('sen'),
('sena'),
('senak'),
('senam'),
('senamaki'),
('senandika'),
('senandung'),
('senang'),
('senangin'),
('senantan'),
('senantiasa'),
('senapan'),
('senapati'),
('senar'),
('senarai'),
('senario'),
('senat'),
('senator'),
('senawan'),
('senawar'),
('senawat'),
('senawi'),
('senda'),
('sendal'),
('sendalu'),
('sendam'),
('sendang'),
('sendar'),
('sendarat'),
('sendaren'),
('sendat'),
('sendawa'),
('sendayan'),
('sendayang'),
('sendel'),
('sendeng'),
('sender'),
('senderik'),
('senderung'),
('senderut'),
('sendi'),
('sending'),
('sendiri'),
('sendocong'),
('sendok'),
('sendon'),
('sendorong'),
('sendratari'),
('sendu'),
('senduduk'),
('senduk'),
('Senen'),
('senewen'),
('seng'),
('sengaja'),
('sengal'),
('sengam'),
('sengangar'),
('sengangkar'),
('sengap'),
('sengar'),
('sengarat'),
('sengaring'),
('sengat'),
('sengau'),
('sengelat'),
('senget'),
('senggak'),
('senggang'),
('senggat'),
('senggau'),
('senggayut'),
('senggeruk'),
('sengget'),
('senggol'),
('senggora'),
('senggugu'),
('senggugut'),
('sengguk'),
('senggulung'),
('senggut'),
('sengih'),
('sengingih'),
('sengir'),
('sengit'),
('sengkak'),
('sengkal'),
('sengkalan'),
('sengkang'),
('sengkar'),
('sengkarut'),
('sengkawang'),
('sengkayan'),
('sengked'),
('sengkek'),
('sengkela'),
('sengkelang'),
('sengkelat'),
('sengkeling'),
('sengkelit'),
('sengkenit'),
('sengker'),
('sengketa'),
('sengkil'),
('sengkilit'),
('sengkuang'),
('sengkuap'),
('sengon'),
('sengsai'),
('sengsam'),
('sengsara'),
('sengsem'),
('sengsurit'),
('senguk'),
('sengungut'),
('sengut'),
('seni'),
('senigai'),
('senil'),
('senilitas'),
('seniman'),
('Senin'),
('senior'),
('senioritas'),
('seniwan'),
('seniwati'),
('senja'),
('senjang'),
('senjata'),
('senjolong'),
('senjong'),
('senohong'),
('senonoh'),
('senoyong'),
('sensasi'),
('sensasional'),
('sensibel'),
('sensibilitas'),
('sensitif'),
('sensitivitas'),
('sensor'),
('sensoris'),
('sensual'),
('sensualisme'),
('sensualitas'),
('sensur'),
('sensus'),
('senta'),
('sentada'),
('sentadu'),
('sentagi'),
('sentak'),
('sentaka'),
('sentali'),
('sentana'),
('sentap'),
('senteng'),
('senter'),
('senterpor'),
('senti'),
('sentiare'),
('sentigram'),
('sentil'),
('sentiliter'),
('sentimen'),
('sentimental'),
('sentimentalitas'),
('sentimentil'),
('sentimeter'),
('senting'),
('sentiong'),
('sentol'),
('sentong'),
('sentosa'),
('sentra'),
('sentral'),
('sentralisasi'),
('sentralistis'),
('sentrifugal'),
('sentripetal'),
('sentrum'),
('sentuh'),
('sentuk'),
('sentul'),
('sentung'),
('senu'),
('senuh'),
('senuk'),
('senunggang'),
('senur'),
('senyampang'),
('senyap'),
('senyar'),
('senyum'),
('senyur'),
('seok'),
('sep'),
('sepada'),
('sepah'),
('sepai'),
('sepak'),
('sepakat'),
('sepakbola'),
('sepal'),
('sepam'),
('sepan'),
('sepanar'),
('sepandri'),
('sepang'),
('separasi'),
('separatis'),
('separatisme'),
('separbang'),
('sepasin'),
('sepat'),
('sepatbor'),
('sepatu'),
('sepeda'),
('sepedas'),
('sepegoh'),
('sepekuk'),
('sepel'),
('sepele'),
('sepeling'),
('sepen'),
('seperah'),
('seperantu'),
('sepersi'),
('seperti'),
('sepet'),
('sepetir'),
('sepi'),
('sepih'),
('sepiker'),
('sepir'),
('sepit'),
('seples'),
('sepoi'),
('seprai'),
('seprei'),
('sepsis'),
('September'),
('septima'),
('septum'),
('sepuh'),
('sepuit'),
('sepuk'),
('sepul'),
('sepulih'),
('sepur'),
('seput'),
('sera'),
('serabi'),
('serabut'),
('serabutan'),
('seraga'),
('serah'),
('serahi'),
('serahterima'),
('serai'),
('serak'),
('serakah'),
('seram'),
('serama'),
('serambi'),
('serampin'),
('serampu'),
('serampuk'),
('seran'),
('serana'),
('seranah'),
('serandang'),
('serandau'),
('Serandib'),
('serandung'),
('serang'),
('serangga'),
('seranggung'),
('serangkak'),
('serangsang'),
('Serani'),
('seranograf'),
('seranometer'),
('seranta'),
('serap'),
('serapah'),
('serapat'),
('serasah'),
('serasi'),
('serat'),
('seratah'),
('serati'),
('seratung'),
('serau'),
('seraumeter'),
('seraut'),
('serawak'),
('serawal'),
('seraya'),
('serba'),
('serbaada'),
('serbaakal'),
('serbabaru'),
('serbabisa'),
('serbadua'),
('serbaemas'),
('serbaguna'),
('serbaindah'),
('serbak'),
('serbakeemasan'),
('serbakurang'),
('serbamacam'),
('serban'),
('serbaneka'),
('serbaputih'),
('serbarumah'),
('serbasalah'),
('serbasama'),
('serbasusah'),
('serbat'),
('serbausaha'),
('serbet'),
('serbi'),
('serbu'),
('serbuk'),
('serdadu'),
('serdak'),
('serdam'),
('serdang'),
('serdawa'),
('serdi'),
('serdih'),
('serealia'),
('serealin'),
('sereat'),
('serebral'),
('serebrospinal'),
('serebrum'),
('seregang'),
('sereh'),
('seremban'),
('seremoni'),
('seremonial'),
('serempet'),
('serempu'),
('serendah'),
('serendeng'),
('sereng'),
('serengam'),
('serengeh'),
('serengit'),
('serenjak'),
('serenjang'),
('serenta'),
('serep'),
('seresin'),
('seret'),
('sergah'),
('sergam'),
('sergap'),
('sergut'),
('seri'),
('serial'),
('seriap'),
('seriat'),
('seriawan'),
('seribulan'),
('seribumi'),
('seridanta'),
('seriding'),
('serigala'),
('serik'),
('serikat'),
('serikaya'),
('serimala'),
('serimpet'),
('serimpi'),
('serimpung'),
('serindai'),
('serindit'),
('sering'),
('seringai'),
('seringing'),
('seriosa'),
('serit'),
('serium'),
('serius'),
('serkah'),
('serkai'),
('serkap'),
('serkup'),
('serlah'),
('serling'),
('sermangin'),
('sermet'),
('sernak'),
('sero'),
('serobeh'),
('serobok'),
('serobot'),
('serografi'),
('seroja'),
('serologi'),
('serombong'),
('serompok'),
('serondeng'),
('serondok'),
('serondol'),
('serondong'),
('serong'),
('seronok'),
('seroplastik'),
('seropot'),
('serositas'),
('serosoh'),
('serot'),
('seroyong'),
('serpentina'),
('serpih'),
('sersan'),
('serse'),
('sersi'),
('serta'),
('sertifikasi'),
('sertifikat'),
('sertu'),
('seru'),
('seruak'),
('seruda'),
('serudi'),
('seruduk'),
('serugat'),
('seruh'),
('serui'),
('seruit'),
('seruk'),
('serul'),
('seruling'),
('serum'),
('serumat'),
('serumen'),
('serumpu'),
('serun'),
('serunai'),
('serunda'),
('serundang'),
('serundeng'),
('serunjang'),
('seruntun'),
('serupih'),
('seruput'),
('seruru'),
('serut'),
('serutu'),
('seruyuk'),
('servis'),
('sesah'),
('sesai'),
('sesak'),
('sesal'),
('sesam'),
('sesamoid'),
('sesanti'),
('sesap'),
('sesar'),
('sesat'),
('sesenap'),
('seser'),
('sesi'),
('sesil'),
('sesira'),
('sesium'),
('sesoca'),
('sespan'),
('sestina'),
('set'),
('seta'),
('setabelan'),
('setagen'),
('setai'),
('setakona'),
('setal'),
('setambun'),
('setan'),
('setana'),
('setang'),
('setangan'),
('setanggi'),
('setaria'),
('setat'),
('setawar'),
('seteger'),
('seteheng'),
('setek'),
('seteker'),
('setel'),
('setela'),
('seteleng'),
('setem'),
('setempel'),
('seten'),
('setenggar'),
('seter'),
('seteranah'),
('seteru'),
('setewel'),
('seti'),
('setia'),
('setiabu'),
('setiakawan'),
('setiar'),
('setiawan'),
('setiga'),
('setik'),
('setin'),
('setinggi'),
('setip'),
('setir'),
('setirman'),
('setiwel'),
('setoka'),
('setokin'),
('setolop'),
('setom'),
('seton'),
('setop'),
('setoples'),
('setor'),
('setori'),
('setoter'),
('setra'),
('setrap'),
('setrat'),
('setren'),
('setreng'),
('setrik'),
('setrika'),
('setrip'),
('setruk'),
('setrum'),
('setrup'),
('setti'),
('setu'),
('setuil'),
('setum'),
('setung'),
('setup'),
('seturi'),
('seturu'),
('seudati'),
('sewa'),
('sewah'),
('sewaka'),
('sewal'),
('sewar'),
('sewat'),
('sewot'),
('sewu'),
('sfenoidal'),
('sferoid'),
('sferometer'),
('sfigmograf'),
('sfigmomanometer'),
('sfingofili'),
('sfingter'),
('sfinks'),
('sia'),
('siaga'),
('siah'),
('siak'),
('siakap'),
('siakon'),
('sial'),
('sialang'),
('sialit'),
('siam'),
('siamang'),
('sian'),
('sianamida'),
('sianang'),
('siang'),
('sianggit'),
('sianida'),
('sianometer'),
('sianometri'),
('sianosis'),
('siantan'),
('siap'),
('siapa'),
('siapsedia'),
('siapsiaga'),
('siapuh'),
('siar'),
('siarah'),
('siasat'),
('siat'),
('siau'),
('sibak'),
('sibar'),
('sibernetika'),
('sibilan'),
('sibir'),
('sibuk'),
('sibur'),
('sibusuk'),
('sice'),
('sicerek'),
('sida'),
('sidai'),
('sidamukti'),
('sidang'),
('sidat'),
('siderit'),
('sidi'),
('sidik'),
('siding'),
('sidomukti'),
('sidratulmuntaha'),
('siduga'),
('siduk'),
('sif'),
('sifat'),
('sifatullah'),
('sifer'),
('sifilis'),
('sifilobia'),
('sifon'),
('sigai'),
('sigak'),
('sigando'),
('sigap'),
('sigar'),
('sigaret'),
('sigasir'),
('sigenting'),
('siger'),
('sigi'),
('sigilografi'),
('sigma'),
('signifikan'),
('signifikansi'),
('signifikasi'),
('sigot'),
('sigung'),
('sih'),
('sihir'),
('sijil'),
('sika'),
('sikah'),
('sikai'),
('sikak'),
('sikap'),
('sikari'),
('sikas'),
('sikat'),
('sikedempung'),
('sikeras'),
('sikik'),
('sikikih'),
('sikin'),
('sikit'),
('siklis'),
('sikloid'),
('siklon'),
('sikloparafin'),
('siklotron'),
('siklus'),
('siksa'),
('siku'),
('sikudidi'),
('sikudomba'),
('sikut'),
('sil'),
('sila'),
('silabel'),
('silabis'),
('silabus'),
('silah'),
('silalatu'),
('silam'),
('silampukau'),
('silang'),
('silap'),
('silara'),
('silase'),
('silat'),
('silaturahmi'),
('silau'),
('silengah'),
('silet'),
('silih'),
('silik'),
('silika'),
('silikat'),
('silikon'),
('silikona'),
('silikosis'),
('silinder'),
('silindris'),
('silindroid'),
('silir'),
('silium'),
('silo'),
('silogisme'),
('silok'),
('silologi'),
('silometer'),
('siloptik'),
('silsilah'),
('silt'),
('silu'),
('siluet'),
('siluk'),
('siluman'),
('silungkang'),
('silvika'),
('silvikultur'),
('silvisida'),
('simak'),
('simalakama'),
('simaung'),
('simbah'),
('simbai'),
('simbang'),
('simbar'),
('simbat'),
('simbion'),
('simbiosis'),
('simbiotis'),
('simbok'),
('simbol'),
('simbolis'),
('simbolisme'),
('simbur'),
('simetri'),
('simetris'),
('simfisis'),
('simfoni'),
('simile'),
('simpai'),
('simpak'),
('simpan'),
('simpang'),
('simpangsiur'),
('simpanse'),
('simpati'),
('simpatik'),
('simpatisan'),
('simpel'),
('simpetal'),
('simping'),
('simpir'),
('simpleks'),
('simplifikasi'),
('simplistis'),
('simposium'),
('simpuh'),
('simpuk'),
('simpul'),
('simpur'),
('simtom'),
('simtomatis'),
('simtomatologi'),
('simulasi'),
('simulator'),
('simulfiks'),
('simultan'),
('simuntu'),
('sin'),
('sinagoge'),
('sinambung'),
('sinanaga'),
('Sinansari'),
('sinar'),
('sinatan'),
('sinau'),
('sinawar'),
('sindap'),
('sinden'),
('sinder'),
('sindeton'),
('sindikalisme'),
('sindikasi'),
('sindikat'),
('sindir'),
('sindrom'),
('sindur'),
('sineas'),
('sinekdoke'),
('sinektika'),
('sinema'),
('sinemapleks'),
('sinemaskop'),
('sinematik'),
('sinematograf'),
('sinematografi'),
('sinematografis'),
('sinemikrografik'),
('sineol'),
('sinepleks'),
('sinergi'),
('sinergis'),
('sinergisme'),
('sineskop'),
('sinestesia'),
('sinetron'),
('sing'),
('singa'),
('singahak'),
('singelar'),
('singga'),
('singgah'),
('singgan'),
('singgang'),
('singgasana'),
('singgel'),
('singgir'),
('singgit'),
('singgul'),
('singgung'),
('singit'),
('singkak'),
('singkang'),
('singkap'),
('singkat'),
('singkeh'),
('singkek'),
('singkil'),
('singkir'),
('singkong'),
('singkur'),
('singlet'),
('singsat'),
('singse'),
('singset'),
('singsing'),
('singularis'),
('singulum'),
('singunen'),
('sini'),
('sinis'),
('sinisme'),
('sinjang'),
('sinklin'),
('sinkonina'),
('sinkope'),
('sinkretis'),
('sinkretisasi'),
('sinkretisme'),
('sinkron'),
('sinkronis'),
('sinkronisasi'),
('sinkronisme'),
('sinode'),
('sinolog'),
('sinologi'),
('sinom'),
('sinoman'),
('sinonim'),
('sinonimi'),
('sinopsis'),
('sinoptis'),
('sinovia'),
('sinovitis'),
('sinrili'),
('sinse'),
('sintagma'),
('sintagmatis'),
('sintaksis'),
('sintal'),
('sintar'),
('sintas'),
('sinter'),
('Sinterklas'),
('sintese'),
('sintesis'),
('sintetik'),
('sintetis'),
('sintir'),
('sintonik'),
('sintren'),
('sintua'),
('sintuk'),
('sintulang'),
('sintung'),
('sinu'),
('sinuhun'),
('sinus'),
('sinusal'),
('sinusitis'),
('sinusoid'),
('sinyal'),
('sinyalemen'),
('sinyalir'),
('sinyo'),
('Sinyokolas'),
('sio'),
('sioca'),
('siong'),
('siongka'),
('sip'),
('sipahi'),
('sipangkalan'),
('sipat'),
('sipatung'),
('sipedas'),
('sipi'),
('sipil'),
('sipir'),
('sipit'),
('sipongang'),
('sipu'),
('sipulut'),
('siput'),
('sir'),
('sira'),
('sirah'),
('siram'),
('sirap'),
('sirat'),
('siratalmustakim'),
('siraut'),
('sirene'),
('sirep'),
('siri'),
('siriasis'),
('sirib'),
('sirih'),
('sirik'),
('siring'),
('siringitis'),
('sirip'),
('sirkam'),
('sirke'),
('sirkol'),
('sirkuit'),
('sirkulasi'),
('sirkuler'),
('sirkumfiks'),
('sirkumfleks'),
('sirkus'),
('sirlak'),
('sirna'),
('sirokumulus'),
('sirop'),
('sirostratus'),
('sirsak'),
('siru'),
('sirus'),
('sis'),
('sisa'),
('sisal'),
('sisalak'),
('sisi'),
('sisih'),
('sisik'),
('sisip'),
('sisir'),
('sistaltik'),
('sistem'),
('sistematik'),
('sistematika'),
('sistematis'),
('sistematisasi'),
('sistemis'),
('sistemisasi'),
('sisterna'),
('sistitis'),
('sistole'),
('sistolik'),
('sisurut'),
('siswa'),
('siswi'),
('sit'),
('sita'),
('sitak'),
('sitat'),
('siter'),
('siti'),
('sitinggil'),
('sitir'),
('sitolisis'),
('sitologi'),
('sitoplasma'),
('sitrat'),
('sitrin'),
('sitrun'),
('situ'),
('situasi'),
('situasional'),
('situn'),
('situs'),
('siuh'),
('siuk'),
('siul'),
('siuman'),
('siung'),
('siur'),
('siut'),
('sivilisasi'),
('siwalan'),
('siwer'),
('sizigi'),
('skafa'),
('skala'),
('skalar'),
('skalop'),
('skandal'),
('skandium'),
('skarifikasi'),
('skatola'),
('skatologi'),
('skedul'),
('skelet'),
('skema'),
('skematis'),
('skenario'),
('skene'),
('skeptis'),
('skeptisisme'),
('sketsa'),
('ski'),
('skiameter'),
('skiatika'),
('skilot'),
('skip'),
('skiping'),
('skisma'),
('skizofrenia'),
('skizoid'),
('sklerenkima'),
('sklerosis'),
('skleroterapi'),
('skolastik'),
('skolastikus'),
('skolastisi'),
('skolastisisme'),
('skombroid'),
('skop'),
('skopometer'),
('skor'),
('skorbut'),
('Skorpio'),
('skors'),
('skrin'),
('skrip'),
('skripsi'),
('skrobikulus'),
('skrotum'),
('skuadron'),
('skuas'),
('skuat'),
('skuter'),
('slagorde'),
('slah'),
('slang'),
('slebor'),
('slendro'),
('sling'),
('slip'),
('slof'),
('slogan'),
('smes'),
('smokel'),
('snob'),
('snobisme'),
('soak'),
('soal'),
('soang'),
('soarma'),
('soba'),
('soban'),
('sobat'),
('sobek'),
('sobok'),
('soda'),
('sodet'),
('sodium'),
('sodok'),
('sodomasosisme'),
('sodomi'),
('sodomia'),
('sodor'),
('soe'),
('sofa'),
('sofis'),
('sofisme'),
('sofistri'),
('sofitel'),
('soga'),
('sogan'),
('sogang'),
('sogo'),
('sogok'),
('sohar'),
('sohib'),
('sohor'),
('sohun'),
('soja'),
('sok'),
('soka'),
('sokah'),
('soker'),
('soket'),
('sokom'),
('sokong'),
('sol'),
('solah'),
('solak'),
('solang'),
('solanina'),
('solar'),
('solarimeter'),
('solder'),
('solek'),
('solenoide'),
('solfatara'),
('solid'),
('solidaritas'),
('solider'),
('soliditas'),
('solilokui'),
('solinometer'),
('solipsisme'),
('solis'),
('soliter'),
('solo'),
('solois'),
('solok'),
('solokan'),
('solot'),
('solum'),
('solusi'),
('solvabilitas'),
('solven'),
('som'),
('soma'),
('somah'),
('somasi'),
('somatis'),
('somatomegali'),
('sombok'),
('sombol'),
('sombong'),
('sombrero'),
('someng'),
('somnambulis'),
('somnambulisme'),
('sompek'),
('sompeng'),
('somplak'),
('somplok'),
('sompoh'),
('sompok'),
('sompong'),
('sompret'),
('sonar'),
('sonata'),
('sonatina'),
('sondai'),
('sondanco'),
('sondang'),
('sondase'),
('sondek'),
('sonder'),
('sondok'),
('sondong'),
('soneta'),
('songar'),
('songel'),
('songgeng'),
('songket'),
('songkok'),
('songkro'),
('songong'),
('sonik'),
('sono'),
('sonogram'),
('sonokeling'),
('sonor'),
('sonoran'),
('sontak'),
('sontek'),
('sontok'),
('sontoloyo'),
('sop'),
('sopak'),
('sopan'),
('sopansantun'),
('sopek'),
('sopi'),
('sopir'),
('soporifik'),
('sopran'),
('sorak'),
('sorang'),
('sorbet'),
('sore'),
('sorek'),
('soren'),
('sorgum'),
('sori'),
('sorog'),
('sorok'),
('sorong'),
('sorot'),
('sortir'),
('sosi'),
('sosial'),
('sosialis'),
('sosialisasi'),
('sosialisme'),
('sosialistis'),
('sosiawan'),
('sosiobiolog'),
('sosiodemokrasi'),
('sosiodrama'),
('sosiokultural'),
('sosiolek'),
('sosiolinguistik'),
('sosiolog'),
('sosiologi'),
('sosiologis'),
('sosiometri'),
('sosionasional'),
('sosiopat'),
('sosis'),
('sositet'),
('sosoh'),
('sosok'),
('sosor'),
('soto'),
('sotoh'),
('sotong'),
('soun'),
('sowan'),
('soyak'),
('spageti'),
('spalasi'),
('span'),
('spanduk'),
('spaning'),
('sparing'),
('spasi'),
('spasial'),
('spasmodis'),
('spasmus'),
('spastik'),
('spatbor'),
('spatula'),
('spedometer'),
('spektakel'),
('spektakuler'),
('spektator'),
('spektograf'),
('spektogram'),
('spektrograf'),
('spektrogram'),
('spektrokimia'),
('spektrometer'),
('spektroskop'),
('spektrum'),
('spekuk'),
('spekulan'),
('spekulasi'),
('spekulatif'),
('spekulator'),
('speleologi'),
('spelter'),
('sperma'),
('spermaseti'),
('spermatid'),
('spermatofora'),
('spermatogenesis'),
('spermatosit'),
('spermatozoa'),
('spermatozoid'),
('spesial'),
('spesialis'),
('spesialisasi'),
('spesialistis'),
('spesies'),
('spesifik'),
('spesifikasi'),
('spesimen'),
('spidol'),
('spidometer'),
('spikul'),
('spil'),
('spinabifida'),
('spion'),
('spionase'),
('spiral'),
('spiralisasi'),
('spirilum'),
('spirit'),
('spiritis'),
('spiritisme'),
('spiritual'),
('spiritualisasi'),
('spiritualisme'),
('spiritus'),
('spirometer'),
('spons'),
('sponsor'),
('spontan'),
('spontanitas'),
('spora'),
('sporadis'),
('sporangium'),
('sporofil'),
('sport'),
('sportif'),
('sportivitas'),
('spring'),
('sprint'),
('sprinter'),
('sputnik'),
('sputum'),
('sreg'),
('sregep'),
('srempet'),
('sri'),
('srigading'),
('srigunggu'),
('srigunting'),
('Srikandi'),
('srikaya'),
('srimanganti'),
('sripah'),
('sripanggung'),
('sriti'),
('stabil'),
('stabilisasi'),
('stabilisator'),
('stabilitas'),
('stadion'),
('stadium'),
('staf'),
('stafilitis'),
('stagnan'),
('stagnasi'),
('stalagmit'),
('stalagmometri'),
('stalaktit'),
('stalinisme'),
('stalon'),
('stamba'),
('stambon'),
('stambuk'),
('stamen'),
('stamina'),
('stan'),
('standar'),
('standardisasi'),
('stanplat'),
('stanum'),
('stanza'),
('stapler'),
('staples'),
('start'),
('starter'),
('stasi'),
('stasioner'),
('stasis'),
('stasiun'),
('statis'),
('statistik'),
('statistika'),
('statistis'),
('stator'),
('status'),
('statuta'),
('statuter'),
('stearat'),
('stearin'),
('steatit'),
('steatosis'),
('stegodon'),
('steik'),
('stek'),
('steker'),
('stela'),
('stema'),
('stemma'),
('stempel'),
('sten'),
('stengun'),
('steno'),
('stenografer'),
('stenografi'),
('stenogram'),
('stensil'),
('step'),
('stepa'),
('stepler'),
('steradian'),
('stereo'),
('stereofoni'),
('stereofonik'),
('stereognosis'),
('stereograf'),
('stereografi'),
('stereoisomerisme'),
('stereokimia'),
('stereometri'),
('stereoskop'),
('stereotip'),
('stereotipikal'),
('steril'),
('sterilisasi'),
('sterilitas'),
('steroid'),
('steroidal'),
('sterol'),
('stetoskop'),
('stevador'),
('stibium'),
('stigma'),
('stigmata'),
('stik'),
('stiker'),
('stilbestrol'),
('stilir'),
('stilistika'),
('stilograf'),
('stimulan'),
('stimulasi'),
('stimulatif'),
('stimulator'),
('stimulus'),
('stipendium'),
('stipulasi'),
('stirena'),
('stoikiometri'),
('stok'),
('stokastik'),
('stoker'),
('stol'),
('stoliditas'),
('stolon'),
('stomata'),
('stomatitis'),
('stomatogastrik'),
('stomatoskop'),
('stoper'),
('stopkeran'),
('stopkontak'),
('stoples'),
('stori'),
('strabotomi'),
('strata'),
('strategem'),
('strategi'),
('strategis'),
('stratifikasi'),
('stratigrafi'),
('strato'),
('stratokumulus'),
('stratopause'),
('stratosfer'),
('stratum'),
('stratus'),
('streng'),
('streptokokus'),
('streptomisin'),
('stres'),
('striker'),
('strimin'),
('strip'),
('striptis'),
('stroberi'),
('strobila'),
('stroboskop'),
('stroke'),
('stromking'),
('strontium'),
('struktur'),
('struktural'),
('strukturalisasi'),
('strukturalisme'),
('struma'),
('studen'),
('studi'),
('studio'),
('stuko'),
('stupa'),
('sua'),
('suah'),
('suai'),
('suak'),
('suaka'),
('suam'),
('suami'),
('suaminda'),
('suang'),
('suangi'),
('suap'),
('suar'),
('suara'),
('suarang'),
('suarawati'),
('suargaloka'),
('suari'),
('suasa'),
('suasana'),
('suat'),
('suatu'),
('subak'),
('subal'),
('subam'),
('suban'),
('subang'),
('subbab'),
('subbagian'),
('subdirektorat'),
('subentri'),
('suberin'),
('subetnik'),
('subfilum'),
('subgeneralisasi'),
('subgenus'),
('subhana'),
('subirigasi'),
('subjek'),
('subjektif'),
('subjektivisme'),
('subkategorisasi'),
('subkelas'),
('subkontraktor'),
('subkultur'),
('sublema'),
('subletal'),
('sublim'),
('sublimasi'),
('sublimat'),
('submarine'),
('submukosa'),
('subordinasi'),
('subordinat'),
('suborganisasi'),
('subsider'),
('subsidi'),
('subskrip'),
('subsonik'),
('substandar'),
('substansi'),
('substansial'),
('substantif'),
('substitusi'),
('substitutif'),
('substrat'),
('subtil'),
('subtonik'),
('subtropik'),
('subuco'),
('subuh'),
('subunit'),
('subur'),
('subversi'),
('subversif'),
('subyek'),
('subyektif'),
('subyektivisme'),
('suceng'),
('suci'),
('sucihama'),
('sucikuman'),
('suda'),
('sudah'),
('sudet'),
('sudi'),
('sudip'),
('sudoriferus'),
('Sudra'),
('sudu'),
('suduayah'),
('suduk'),
('sudung'),
('sudut'),
('suf'),
('sufah'),
('sufal'),
('sufi'),
('sufiks'),
('sufisme'),
('sufrah'),
('sugar'),
('sugesti'),
('sugi'),
('sugih'),
('suguh'),
('sugul'),
('sugun'),
('suh'),
('suhad'),
('suhian'),
('suhu'),
('suhuf'),
('suhun'),
('suiseki'),
('suit'),
('sujana'),
('sujen'),
('suji'),
('sujud'),
('suka'),
('sukacita'),
('sukade'),
('sukamandi'),
('sukan'),
('sukar'),
('sukarela'),
('sukarelawan'),
('sukaria'),
('sukat'),
('suke'),
('suket'),
('suki'),
('suklapaksa'),
('sukma'),
('sukrosa'),
('sukses'),
('suksesi'),
('suksesif'),
('suku'),
('sukuisme'),
('sukun'),
('sula'),
('sulah'),
('sulalah'),
('sulam'),
('sulang'),
('sulap'),
('sulbi'),
('sulfanasi'),
('sulfanilamida'),
('sulfat'),
('sulfhidril'),
('sulfolipid'),
('sulfonamida'),
('sulfur'),
('sulfurasi'),
('suli'),
('sulih'),
('suling'),
('sulit'),
('sultan'),
('sultanat'),
('sultani'),
('suluh'),
('suluk'),
('sulung'),
('sulur'),
('sulut'),
('sum'),
('sumah'),
('sumarah'),
('sumasi'),
('sumba'),
('sumbang'),
('sumbangsih'),
('sumbar'),
('sumbat'),
('sumbel'),
('sumber'),
('sumbi'),
('sumbing'),
('sumbu'),
('sumbuk'),
('sumbul'),
('sumbung'),
('sumbur'),
('sumbut'),
('sumeh'),
('sumengit'),
('sumilir'),
('sumir'),
('sumirat'),
('sumo'),
('sumpah'),
('sumpal'),
('sumpek'),
('sumping'),
('sumpit'),
('sumsum'),
('sumur'),
('sumurung'),
('sun'),
('sunah'),
('sunam'),
('sunan'),
('sunat'),
('sunatrasul'),
('sunatullah'),
('Sunbulat'),
('sundai'),
('sundak'),
('sundal'),
('sundang'),
('sundari'),
('sundep'),
('sunduk'),
('sundul'),
('sundus'),
('sundusin'),
('sundut'),
('sungai'),
('sungga'),
('sunggi'),
('sungging'),
('sunggit'),
('sungguh'),
('sungguhpun'),
('sungil'),
('sungkah'),
('sungkai'),
('sungkal'),
('sungkan'),
('sungkap'),
('sungkawa'),
('sungkem'),
('sungkit'),
('sungkuk'),
('sungkum'),
('sungkup'),
('sungkur'),
('sungkuran'),
('sungsang'),
('sungu'),
('sungut'),
('suni'),
('sunjam'),
('sunti'),
('suntiabu'),
('suntih'),
('suntik'),
('sunting'),
('suntuk'),
('sunu'),
('sunukung'),
('sunyata'),
('sunyi'),
('sup'),
('supa'),
('supaya'),
('supel'),
('super'),
('superblok'),
('supercepat'),
('superfisial'),
('superfosfat'),
('superheterodin'),
('superinfeksi'),
('superintenden'),
('superior'),
('superioritas'),
('superjet'),
('superkomputer'),
('superkonduktivitas'),
('superkonduktor'),
('superlatif'),
('superlativisme'),
('superlunar'),
('supermarket'),
('supernatural'),
('supernova'),
('superskrip'),
('superskripsi'),
('supersonik'),
('superstar'),
('superstruktur'),
('supervisi'),
('supervisor'),
('suplai'),
('suplemen'),
('suplementasi'),
('suplesi'),
('supletoar'),
('suporter'),
('suportif'),
('supraalami'),
('suprafiks'),
('supramolekuler'),
('supranasional'),
('suprarene'),
('suprarenoma'),
('suprasasti'),
('suprasegmental'),
('supremasi'),
('supresif'),
('supresor'),
('Sura'),
('surah'),
('surahi'),
('surai'),
('suralaya'),
('suraloka'),
('suram'),
('surat'),
('surati'),
('suratkabar'),
('surau'),
('suraya'),
('surealis'),
('surealisme'),
('suren'),
('surfaktan'),
('surga'),
('surgaloka'),
('surgawi'),
('suri'),
('surian'),
('surih'),
('surili'),
('surjan'),
('surogat'),
('surplus'),
('suruh'),
('suruk'),
('surup'),
('surut'),
('survei'),
('surya'),
('suryakanta'),
('suryani'),
('sus'),
('susah'),
('susahpayah'),
('susastra'),
('suseptibilitas'),
('susila'),
('susilat'),
('suspender'),
('suspensi'),
('suster'),
('susu'),
('susuh'),
('susuk'),
('susul'),
('susun'),
('susung'),
('susup'),
('susur'),
('susut'),
('sut'),
('sutan'),
('suten'),
('sutil'),
('sutra'),
('sutradara'),
('sutura'),
('suuladab'),
('suun'),
('suuzan'),
('suvenir'),
('suwarnabumi'),
('Suwarnadwipa'),
('suwir'),
('suwita'),
('swabakar'),
('swabela'),
('swadana'),
('swadarma'),
('swadaya'),
('swadesi'),
('swadidik'),
('swadisiplin'),
('swagriya'),
('swahara'),
('swaharga'),
('swaimbas'),
('swak'),
('swakaji'),
('swakarsa'),
('swakarya'),
('swakelola'),
('swakendali'),
('swakontradiksi'),
('swalayan'),
('swanama'),
('swanggi'),
('swapraja'),
('swarabakti'),
('swarawati'),
('swasembada'),
('swasensor'),
('swasraya'),
('swasta'),
('swastanisasi'),
('swastika'),
('swatabur'),
('swatantra'),
('swausaha'),
('sweter'),
('swike'),
('swimpak'),
('swipoa'),
('syabah'),
('syabas'),
('syafaat'),
('syafakat'),
('Syafii'),
('syah'),
('syahadat'),
('syahadatain'),
('syahbandar'),
('syahda'),
('syahdan'),
('syahdu'),
('syahid'),
('syahriah'),
('syahsiah'),
('syahwat'),
('syair'),
('syairi'),
('syajar'),
('syajarah'),
('syak'),
('Syaka'),
('Syakban'),
('syakhsi'),
('syakir'),
('syal'),
('syala'),
('Syam'),
('syamali'),
('syaman'),
('syamanisme'),
('syamsi'),
('syamsiah'),
('syamsir'),
('syamsu'),
('syantung'),
('syar'),
('syarab'),
('syarah'),
('syarak'),
('syarat'),
('syarbat'),
('syarekat'),
('syariat'),
('syarif'),
('syarifah'),
('syarik'),
('syarikat'),
('syatar'),
('syaulam'),
('Syawal'),
('syeir'),
('syekh'),
('syeti'),
('syiar'),
('syikak'),
('syin'),
('syirik'),
('Syiwa'),
('Syiwaratri'),
('syogun'),
('syok'),
('syubhat'),
('syuhada'),
('syukur'),
('syumuliah'),
('syur'),
('syura'),
('syuriah'),
('syuruk'),
('taajul'),
('taala'),
('taaruf'),
('taasub'),
('taat'),
('taatasas'),
('taazur'),
('tabak'),
('tabal'),
('taban'),
('tabarak'),
('tabaruk'),
('tabayun'),
('tabe'),
('tabel'),
('tabela'),
('tabelaris'),
('tabernakel'),
('tabia'),
('tabiat'),
('tabib'),
('tabii'),
('tabiin'),
('tabik'),
('tabir'),
('tablet'),
('tablig'),
('tablo'),
('tabloid'),
('tabo'),
('tabok'),
('tabrak'),
('tabu'),
('tabuh'),
('tabularasa'),
('tabulasi'),
('tabulator'),
('tabulatur'),
('tabun'),
('tabung'),
('tabur'),
('tabut'),
('tabzir'),
('taci'),
('tadabur'),
('tadah'),
('tadaruk'),
('tadarus'),
('tadbir'),
('tadi'),
('tadir'),
('tadung'),
('tadwin'),
('taekwondo'),
('taeniasis'),
('taf'),
('tafadal'),
('tafahus'),
('tafakur'),
('tafeta'),
('tafsir'),
('tagak'),
('tagal'),
('tagan'),
('tagar'),
('tageh'),
('tagih'),
('tago'),
('tagut'),
('tah'),
('tahajud'),
('tahak'),
('tahalul'),
('tahan'),
('tahana'),
('tahang'),
('tahap'),
('tahar'),
('taharah'),
('tahbis'),
('tahi'),
('tahiat'),
('tahil'),
('tahir'),
('tahkik'),
('tahkim'),
('tahlil'),
('tahmid'),
('tahniah'),
('tahnik'),
('tahsil'),
('tahu'),
('tahun'),
('taib'),
('taifun'),
('taiga'),
('taiko'),
('taipan'),
('tais'),
('taiso'),
('taja'),
('tajak'),
('tajali'),
('tajam'),
('tajarud'),
('tajau'),
('tajdid'),
('tajen'),
('taji'),
('tajin'),
('tajnis'),
('tajribah'),
('tajuk'),
('tajung'),
('tajur'),
('tajusalatin'),
('tajwid'),
('tak'),
('takabur'),
('takaful'),
('takah'),
('takak'),
('takal'),
('takar'),
('takarir'),
('takarub'),
('takat'),
('takbir'),
('takbiratulihram'),
('takdir'),
('takdis'),
('takeh'),
('takeyari'),
('takhayul'),
('takhlik'),
('takhsis'),
('takhta'),
('taki'),
('takigrafi'),
('takik'),
('takimeter'),
('takir'),
('takisme'),
('takjil'),
('takjub'),
('taklid'),
('taklif'),
('taklik'),
('taklikat'),
('taklim'),
('taklimat'),
('takluk'),
('takma'),
('takmurni'),
('takoah'),
('takol'),
('takometer'),
('takraw'),
('takrif'),
('takrim'),
('takrir'),
('taksa'),
('taksasi'),
('taksem'),
('taksi'),
('taksidermi'),
('taksimeter'),
('taksin'),
('taksir'),
('taksologi'),
('takson'),
('taksonomi'),
('taktik'),
('taktil'),
('taktis'),
('takuh'),
('takuk'),
('takung'),
('takur'),
('takut'),
('takwa'),
('takwil'),
('takwim'),
('takwin'),
('takyin'),
('takziah'),
('takzim'),
('takzir'),
('tal'),
('tala'),
('talabiah'),
('talah'),
('talak'),
('talam'),
('talang'),
('talar'),
('talas'),
('talasemia'),
('talasofit'),
('talbiah'),
('talempong'),
('talen'),
('talenan'),
('talenta'),
('tali'),
('talib'),
('talibun'),
('talium'),
('talk'),
('talkin'),
('talon'),
('talu'),
('talun'),
('talupuh'),
('talut'),
('tam'),
('tamadun'),
('tamak'),
('tamam'),
('taman'),
('tamar'),
('tamarinda'),
('tamasya'),
('tamat'),
('tamatulkalam'),
('tambah'),
('tambak'),
('tambakan'),
('tambakbukit'),
('tambal'),
('tamban'),
('tambang'),
('tambar'),
('tambat'),
('tambera'),
('tambi'),
('tambo'),
('tamborin'),
('tambuh'),
('tambul'),
('tambun'),
('tambung'),
('tambur'),
('tambus'),
('tameng'),
('tamimah'),
('tampah'),
('tampak'),
('tampal'),
('tampan'),
('tampang'),
('tampar'),
('tampas'),
('tampel'),
('tampi'),
('tampik'),
('tampil'),
('tampin'),
('tamping'),
('tampon'),
('tamponade'),
('tampuk'),
('tampung'),
('tampus'),
('tamsil'),
('tamtam'),
('tamtama'),
('tamu'),
('tamuk'),
('tamyiz'),
('tan'),
('tanah'),
('tanai'),
('tanak'),
('tanam'),
('tanang'),
('tanau'),
('tanazul'),
('tanbiat'),
('tanbihat'),
('tancang'),
('tancap'),
('tanda'),
('tandak'),
('tandan'),
('tandang'),
('tandas'),
('tandem'),
('tandik'),
('tandikat'),
('tandil'),
('tanding'),
('tandon'),
('tandu'),
('tanduk'),
('tandun'),
('tandur'),
('tandus'),
('tanfiziah'),
('tang'),
('tangap'),
('tangar'),
('tangas'),
('tangeh'),
('tangen'),
('tangga'),
('tanggah'),
('tanggal'),
('tanggam'),
('tanggang'),
('tanggap'),
('tanggar'),
('tanggetong'),
('tangguh'),
('tangguk'),
('tanggul'),
('tanggulang'),
('tanggung'),
('tanggungjawab'),
('tangis'),
('tangkah'),
('tangkai'),
('tangkaian'),
('tangkal'),
('tangkap'),
('tangkar'),
('tangkas'),
('tangki'),
('tangkil'),
('tangkis'),
('tangkue'),
('tangkuk'),
('tangkul'),
('tangkup'),
('tangkuptelentang'),
('tangkur'),
('tanglung'),
('tango'),
('tangsa'),
('tangsel'),
('tangsi'),
('tani'),
('tania'),
('tanin'),
('tanjak'),
('tanji'),
('tanjidor'),
('tanju'),
('tanjul'),
('tanjung'),
('tanjur'),
('tank'),
('tanker'),
('tanpa'),
('tansi'),
('tantang'),
('tante'),
('tanti'),
('tantiem'),
('tantrisme'),
('tanur'),
('tanwin'),
('tanwir'),
('tanwujud'),
('tanya'),
('tanzih'),
('tanzil'),
('taocang'),
('taoci'),
('taoco'),
('taoge'),
('taoisme'),
('taoke'),
('taosi'),
('tap'),
('tapa'),
('tapai'),
('tapak'),
('tapakburung'),
('tapakdara'),
('tapakgajah'),
('tapakkuda'),
('tapakliman'),
('tapaktilas'),
('tapal'),
('tapang'),
('tapestri'),
('tapi'),
('tapih'),
('tapin'),
('tapioka'),
('tapir'),
('tapis'),
('taplak'),
('taprofit'),
('taptibau'),
('taptu'),
('tapui'),
('tapuk'),
('tapung'),
('tapus'),
('tara'),
('taraf'),
('tarah'),
('tarak'),
('taraksasin'),
('taram'),
('tarang'),
('tarantisme'),
('tarantula'),
('tarap'),
('taraqi'),
('tarasul'),
('tarawangsa'),
('Tarawih'),
('tarbiah'),
('tarbil'),
('tarbus'),
('tarcis'),
('tarekat'),
('target'),
('tarhim'),
('tari'),
('tarif'),
('tarik'),
('tarikh'),
('taring'),
('taris'),
('tarjih'),
('tarkas'),
('tarling'),
('tarmak'),
('tarpaulin'),
('tarsus'),
('tartar'),
('tartil'),
('tartir'),
('tartrat'),
('taruh'),
('taruk'),
('tarum'),
('tarung'),
('tarup'),
('tarzan'),
('tas'),
('tasa'),
('tasai'),
('tasak'),
('tasalsul'),
('tasamuh'),
('tasaruf'),
('tasawuf'),
('tasbeh'),
('tasbih'),
('tasdik'),
('tasel'),
('tashih'),
('tasik'),
('taslim'),
('tasmik'),
('tasrif'),
('tasrih'),
('taswir'),
('tasyahud'),
('tasyakur'),
('tasyaum'),
('tasyayuh'),
('tasybih'),
('tasydid'),
('tasyhid'),
('tasyrih'),
('tasyrik'),
('tata'),
('tatabahasa'),
('tataganing'),
('tataguna'),
('tatah'),
('tatai'),
('tatak'),
('tatal'),
('tatalaksana'),
('tatami'),
('tatanan'),
('tatanegara'),
('tatang'),
('tataniaga'),
('tatap'),
('tatapraja'),
('tatar'),
('tatausaha'),
('tatih'),
('tating'),
('tatkala'),
('tato'),
('tau'),
('taucang'),
('taufah'),
('taufik'),
('tauhid'),
('tauhidiah'),
('tauke'),
('taul'),
('tauliah'),
('taun'),
('taung'),
('taur'),
('Taurat'),
('Tauret'),
('Taurus'),
('taut'),
('tautofoni'),
('tautologi'),
('tautomerisme'),
('tautonimi'),
('tawa'),
('tawadu'),
('tawaduk'),
('tawaf'),
('tawajuh'),
('tawak'),
('tawakal'),
('tawan'),
('tawang'),
('tawarik'),
('tawaruk'),
('tawas'),
('tawasul'),
('tawes'),
('tawon'),
('tawur'),
('tayamum'),
('tayang'),
('tayib'),
('tayibah'),
('tayub'),
('tayum'),
('tazkirah'),
('tean'),
('teater'),
('teatris'),
('tebah'),
('tebak'),
('teban'),
('tebang'),
('tebar'),
('tebas'),
('tebat'),
('tebeng'),
('teberau'),
('tebing'),
('tebok'),
('tebon'),
('tebu'),
('tebuhar'),
('tebuk'),
('tebung'),
('tebus'),
('tedak'),
('tedas'),
('tedeng'),
('tedong'),
('teduh'),
('tedung'),
('tega'),
('tegah'),
('tegak'),
('tegal'),
('tegang'),
('tegap'),
('tegar'),
('tegari'),
('tegarun'),
('tegas'),
('tegel'),
('tegil'),
('tegmen'),
('teguh'),
('teguk'),
('tegun'),
('tegur'),
('teh'),
('teisme'),
('teja'),
('teji'),
('tekaan'),
('tekad'),
('tekah'),
('tekak'),
('tekalak'),
('tekam'),
('tekan'),
('tekang'),
('tekap'),
('tekar'),
('tekat'),
('tekateki'),
('tekek'),
('tekel'),
('teken'),
('teker'),
('teki'),
('tekidanto'),
('tekik'),
('tekis'),
('teklek'),
('teklok'),
('teknifon'),
('teknik'),
('teknikus'),
('teknis'),
('teknisi'),
('teknokrasi'),
('teknokrat'),
('teknokratik'),
('teknokratisme'),
('teknologi'),
('teknologiwan'),
('teknonim'),
('teknonimi'),
('teko'),
('tekoan'),
('tekoh'),
('tekokak'),
('tekong'),
('tekor'),
('tekoran'),
('tekpi'),
('teks'),
('tekstil'),
('tekstur'),
('tekstural'),
('tekte'),
('tektek'),
('tektit'),
('tektogenesa'),
('tektonik'),
('tektonis'),
('tektum'),
('tekuk'),
('tekukur'),
('tekun'),
('tekung'),
('tekur'),
('tel'),
('tela'),
('telaah'),
('telabang'),
('telabat'),
('telacak'),
('teladan'),
('teladas'),
('telaga'),
('telah'),
('telajak'),
('telak'),
('telakup'),
('telampung'),
('telan'),
('telancang'),
('telang'),
('telangkai'),
('telangkup'),
('telanjang'),
('telanjur'),
('telantar'),
('telap'),
('telapak'),
('telas'),
('telat'),
('telatah'),
('telatap'),
('telaten'),
('telau'),
('tele'),
('telearsika'),
('teledek'),
('teledor'),
('teledrama'),
('telefon'),
('telefoni'),
('telefoto'),
('telegenik'),
('telegraf'),
('telegrafi'),
('telegrafis'),
('telegram'),
('telegrap'),
('telekan'),
('telekap'),
('telekinesis'),
('telekomedi'),
('telekomunikasi'),
('teleks'),
('teleku'),
('telekung'),
('telelensa'),
('telemeter'),
('telemetri'),
('telempap'),
('telempong'),
('teleng'),
('telenovela'),
('telentang'),
('teleologi'),
('teleost'),
('telepati'),
('telepok'),
('telepon'),
('teleprinter'),
('telepromter'),
('telepuk'),
('teler'),
('telerang'),
('teles'),
('teleskop'),
('telestesia'),
('televisi'),
('telgram'),
('telik'),
('telikung'),
('telimpuh'),
('telinak'),
('telinga'),
('telingkah'),
('telingkung'),
('teliti'),
('telmotofit'),
('telop'),
('telor'),
('telotak'),
('telpon'),
('teluh'),
('teluk'),
('teluki'),
('telungkup'),
('telunjuk'),
('telur'),
('telurit'),
('telus'),
('telusuk'),
('telusur'),
('telut'),
('telutuh'),
('telutur'),
('telutut'),
('tem'),
('tema'),
('temaah'),
('temabur'),
('temak'),
('temalang'),
('temali'),
('teman'),
('temangau'),
('temangga'),
('temanten'),
('temara'),
('temaram'),
('temas'),
('tematik'),
('tematisasi'),
('temayun'),
('tembadau'),
('tembaga'),
('tembak'),
('tembakang'),
('tembakau'),
('tembakul'),
('tembam'),
('tembang'),
('tembarau'),
('tembatar'),
('tembatu'),
('tembek'),
('tembekar'),
('tembel'),
('tembelang'),
('tembelian'),
('tembeliung'),
('tembelok'),
('tembera'),
('temberam'),
('temberang'),
('temberas'),
('temberek'),
('tembereng'),
('temberih'),
('temberos'),
('tembesu'),
('tembiang'),
('tembikai'),
('tembikar'),
('tembilang'),
('tembilar'),
('tembis'),
('tembok'),
('tembolok'),
('tembong'),
('tembosa'),
('tembra'),
('tembu'),
('tembuk'),
('tembuku'),
('tembung'),
('tembuni'),
('tembus'),
('temegun'),
('temeh'),
('temenung'),
('temesar'),
('temetu'),
('temiang'),
('temilang'),
('temin'),
('temoleh'),
('tempa'),
('tempah'),
('tempala'),
('tempan'),
('tempang'),
('tempap'),
('tempat'),
('tempaus'),
('tempawak'),
('tempawan'),
('tempayak'),
('tempayan'),
('tempayung'),
('tempe'),
('tempek'),
('tempel'),
('tempelak'),
('tempeleng'),
('temperamen'),
('temperamental'),
('temperas'),
('temperatur'),
('temperau'),
('tempiar'),
('tempias'),
('tempik'),
('tempilai'),
('tempinah'),
('tempinis'),
('templek'),
('templok'),
('tempo'),
('tempoh'),
('tempolong'),
('temponek'),
('tempong'),
('temporal'),
('temporer'),
('tempoyak'),
('tempoyan'),
('tempua'),
('tempuh'),
('tempui'),
('tempuling'),
('tempunai'),
('tempunik'),
('tempur'),
('tempurung'),
('tempus'),
('tempuyung'),
('temu'),
('temucut'),
('temuduga'),
('temukut'),
('temungkul'),
('temuras'),
('temurat'),
('tenaga'),
('tenagakerja'),
('tenaganuklir'),
('tenahak'),
('tenak'),
('tenam'),
('tenang'),
('tenar'),
('tenat'),
('tenda'),
('tendang'),
('tendas'),
('tendensi'),
('tendensius'),
('tender'),
('tendinitis'),
('tendo'),
('tendon'),
('tener'),
('teng'),
('tengadah'),
('tengah'),
('tengak'),
('tengalan'),
('tengar'),
('tengara'),
('tengas'),
('tenggadai'),
('tenggak'),
('tenggala'),
('tenggalung'),
('tenggan'),
('tenggang'),
('tenggara'),
('tenggarang'),
('tenggat'),
('tenggayun'),
('tenggayung'),
('tenggehem'),
('tenggek'),
('tenggelam'),
('tengger'),
('tenggiling'),
('tenggiri'),
('tenggok'),
('tenggorok'),
('tengguli'),
('tengik'),
('tengil'),
('tengkalak'),
('tengkalang'),
('tengkaluk'),
('tengkam'),
('tengkang'),
('tengkar'),
('tengkarah'),
('tengkarap'),
('tengkaras'),
('tengkawang'),
('tengkek'),
('tengkel'),
('tengkelek'),
('tengker'),
('tengkerong'),
('tengkes'),
('tengking'),
('tengkoh'),
('tengkolok'),
('tengkorak'),
('tengku'),
('tengkujuh'),
('tengkuk'),
('tengkulak'),
('tengkuluk'),
('tengkurap'),
('tengkuyung'),
('tengok'),
('tengteng'),
('tengu'),
('tenis'),
('tenjet'),
('tenok'),
('tenong'),
('tenor'),
('tensi'),
('tentakel'),
('tentamen'),
('tentang'),
('tentara'),
('tentatif'),
('tentawan'),
('tenteng'),
('tenteram'),
('tentir'),
('tentu'),
('tenuk'),
('tenun'),
('tenung'),
('teodolit'),
('teokrasi'),
('teokratis'),
('teolog'),
('teologi'),
('teologis'),
('teoretikus'),
('teoretis'),
('teori'),
('teorisasi'),
('teosofi'),
('teosofis'),
('tepa'),
('tepak'),
('tepam'),
('tepas'),
('tepasalira'),
('tepat'),
('tepatguna'),
('tepeh'),
('tepek'),
('tepekong'),
('teperam'),
('tepet'),
('tepi'),
('tepik'),
('tepis'),
('teplok'),
('tepo'),
('tepok'),
('tepos'),
('teptibau'),
('tepu'),
('tepuk'),
('tepung'),
('tepungtawar'),
('tepurang'),
('tepus'),
('ter'),
('tera'),
('teracak'),
('terada'),
('teraju'),
('terak'),
('terakota'),
('terakup'),
('teral'),
('terali'),
('teraling'),
('teramisin'),
('terampil'),
('teran'),
('teranas'),
('terang'),
('terangjelas'),
('terap'),
('terapang'),
('terapeutik'),
('terapi'),
('terarium'),
('teras'),
('terasi'),
('teraso'),
('terasul'),
('teratai'),
('teratak'),
('teratap'),
('teratologi'),
('teratu'),
('terau'),
('terawang'),
('teraweh'),
('terban'),
('terbang'),
('terbis'),
('terbit'),
('terbium'),
('terbul'),
('terbut'),
('terein'),
('terem'),
('terenang'),
('terendak'),
('terenen'),
('terenyuh'),
('teres'),
('teret'),
('teretet'),
('teri'),
('teriak'),
('teriba'),
('terigu'),
('terik'),
('terika'),
('terikit'),
('terima'),
('terimakasih'),
('terin'),
('terindil'),
('tering'),
('teripang'),
('terista'),
('teritih'),
('teritik'),
('teritip'),
('teritis'),
('teritorial'),
('teritorium'),
('teriujung'),
('terjal'),
('terjang'),
('terjemah'),
('terjun'),
('terka'),
('terkam'),
('terkap'),
('terkul'),
('terkup'),
('terlak'),
('terlut'),
('term'),
('termaestesia'),
('termal'),
('termin'),
('terminal'),
('terminasi'),
('terminografi'),
('terminologi'),
('termion'),
('termionika'),
('termistor'),
('termodinamika'),
('termodinamis'),
('termoelektris'),
('termoelektrisitas'),
('termofili'),
('termofilik'),
('termofosforesens'),
('termograf'),
('termogram'),
('termohigrograf'),
('termokimia'),
('termoklin'),
('termolabil'),
('termolisis'),
('termolistrik'),
('termoluminesens'),
('termometer'),
('termonuklir'),
('termoplastik'),
('termos'),
('termosfer'),
('termostat'),
('terna'),
('ternak'),
('terobos'),
('terok'),
('teroka'),
('terombol'),
('teromol'),
('terompah'),
('terompet'),
('terondol'),
('terong'),
('terongko'),
('teropong'),
('teror'),
('teroris'),
('terorisme'),
('terowongan'),
('terpa'),
('terpal'),
('terpana'),
('terpedo'),
('terpentin'),
('tersier'),
('tertib'),
('terubuk'),
('terubus'),
('terucuk'),
('terucukan'),
('teruk'),
('terum'),
('terumba'),
('terumbu'),
('terumbuk'),
('teruna'),
('terung'),
('terungku'),
('teruntum'),
('terup'),
('terus'),
('terusi'),
('terusterang'),
('terwelu'),
('terzina'),
('tes'),
('tesaurus'),
('tesis'),
('tesmak'),
('testa'),
('testamen'),
('tester'),
('testes'),
('testikel'),
('testimonium'),
('testing'),
('testis'),
('testosteron'),
('teta'),
('tetak'),
('tetal'),
('tetampan'),
('tetangga'),
('tetanus'),
('tetap'),
('tetapi'),
('tetar'),
('tetas'),
('teteguk'),
('teteh'),
('tetek'),
('tetelan'),
('tetelo'),
('teter'),
('teterapan'),
('tetes'),
('tetibar'),
('tetikus'),
('tetoron'),
('tetra'),
('tetrahidrokanabinol'),
('tetrahidron'),
('tetraklorida'),
('tetraploid'),
('tetris'),
('tewas'),
('teyan'),
('tezi'),
('tiada'),
('tiaga'),
('tiam'),
('tian'),
('tiang'),
('tiangpancang'),
('tiangui'),
('tiap'),
('tiara'),
('tiarap'),
('tib'),
('tiba'),
('tiban'),
('tidak'),
('tidur'),
('tifa'),
('tifus'),
('tiga'),
('tigari'),
('tigas'),
('tihul'),
('Tijaniah'),
('tik'),
('tika'),
('tikai'),
('tikam'),
('tikar'),
('tikas'),
('tike'),
('tiket'),
('tikim'),
('tikpi'),
('tikung'),
('tikus'),
('tilam'),
('tilan'),
('tilang'),
('tilap'),
('tilas'),
('tilawah'),
('tilde'),
('tilik'),
('tim'),
('timah'),
('timang'),
('timarah'),
('timba'),
('timbal'),
('timbang'),
('timbau'),
('timbel'),
('timbil'),
('timbo'),
('timbre'),
('timbrung'),
('timbuk'),
('timbul'),
('timbun'),
('timburu'),
('timbus'),
('timi'),
('timol'),
('timpa'),
('timpal'),
('timpang'),
('timpani'),
('timpanitis'),
('timpanum'),
('timpas'),
('timpuh'),
('timpuk'),
('timpus'),
('timun'),
('timur'),
('timus'),
('tin'),
('tindak'),
('tindaklanjut'),
('tindan'),
('tindas'),
('tindawan'),
('tindih'),
('tindik'),
('tiner'),
('ting'),
('tinggal'),
('tinggam'),
('tinggi'),
('tinggung'),
('tingi'),
('tingkah'),
('tingkal'),
('tingkalak'),
('tingkap'),
('tingkar'),
('tingkarang'),
('tingkarung'),
('tingkas'),
('tingkat'),
('tingkeb'),
('tingkis'),
('tingkrang'),
('tingkuh'),
('tingting'),
('tingtong'),
('tingtur'),
('tinja'),
('tinjak'),
('tinjau'),
('tinju'),
('tinta'),
('tinting'),
('tintir'),
('tinulat'),
('tip'),
('tipar'),
('tipe'),
('tipi'),
('tipikal'),
('tipis'),
('tipograf'),
('tipografi'),
('tipologi'),
('tipologis'),
('tipu'),
('tir'),
('tirah'),
('tirai'),
('tirakat'),
('tiram'),
('tiran'),
('tirani'),
('tiras'),
('tiraton'),
('tirau'),
('tiri'),
('tiris'),
('tirkah'),
('tiroid'),
('tiroiditis'),
('tiroksin'),
('tirta'),
('tiru'),
('tirus'),
('tis'),
('tisik'),
('tisotropi'),
('tisu'),
('titah'),
('titanium'),
('titar'),
('titel'),
('titer'),
('titi'),
('titik'),
('titikberat'),
('titilasi'),
('titimangsa'),
('titinada'),
('titip'),
('titir'),
('titis'),
('titisara'),
('titit'),
('titrasi'),
('titrimetri'),
('tituler'),
('tiung'),
('tiup'),
('tiwah'),
('tiwikrama'),
('tiwul'),
('tmesis'),
('toapekong'),
('toas'),
('tobak'),
('tobang'),
('tobat'),
('toboh'),
('tobong'),
('tobralko'),
('todak'),
('todong'),
('toga'),
('togan'),
('toge'),
('togel'),
('togok'),
('toh'),
('tohok'),
('tohor'),
('toilet'),
('tok'),
('tokak'),
('tokcer'),
('toke'),
('tokek'),
('toko'),
('tokoh'),
('tokok'),
('tokong'),
('toksemia'),
('toksikogenik'),
('toksikolog'),
('toksikologi'),
('toksin'),
('toktok'),
('tol'),
('tolak'),
('tolan'),
('tolap'),
('toleh'),
('toleran'),
('toleransi'),
('tolok'),
('tolol'),
('tolong'),
('toluena'),
('tom'),
('toman'),
('tomang'),
('tomat'),
('tombak'),
('tomboi'),
('tombok'),
('tombol'),
('tombola'),
('tombong'),
('tombru'),
('tomong'),
('tompel'),
('ton'),
('tona'),
('tonase'),
('tonem'),
('tonetika'),
('tong'),
('tonggak'),
('tonggara'),
('tonggek'),
('tonggeret'),
('tonggok'),
('tonggos'),
('tongkah'),
('tongkang'),
('tongkat'),
('tongkeng'),
('tongkol'),
('tongkor'),
('tongkrong'),
('tongol'),
('tongong'),
('tongpes'),
('tongsan'),
('tongseng'),
('tongsit'),
('tongtong'),
('tonik'),
('tonikum'),
('tonil'),
('tonisitas'),
('tonit'),
('tonjok'),
('tonjol'),
('tonometer'),
('tonsil'),
('tonton'),
('tonus'),
('top'),
('topan'),
('topang'),
('topas'),
('topdal'),
('topek'),
('topeng'),
('topes'),
('tophit'),
('topi'),
('topiari'),
('topik'),
('topikalisasi'),
('topikalitas'),
('topo'),
('topografi'),
('topografis'),
('topong'),
('toponimi'),
('torak'),
('toraks'),
('torani'),
('toreh'),
('torek'),
('tores'),
('torida'),
('torium'),
('tornado'),
('torne'),
('toro'),
('torpedo'),
('torpedor'),
('torsi'),
('torso'),
('tortor'),
('torus'),
('tos'),
('tosanaji'),
('toserba'),
('total'),
('totalisator'),
('totalitas'),
('totaliter'),
('totaliterisme'),
('totau'),
('totem'),
('totemisme'),
('totok'),
('totol'),
('towel'),
('toya'),
('toyor'),
('tra'),
('trabekula'),
('tradisi'),
('tradisional'),
('tradisionalisme'),
('trafo'),
('tragedi'),
('tragikomedi'),
('tragis'),
('tragus'),
('trailer'),
('trakeid'),
('trakom'),
('traksi'),
('traktasi'),
('traktat'),
('traktir'),
('traktor'),
('traktus'),
('trama'),
('trampolin'),
('trans'),
('transaksi'),
('transduksi'),
('transek'),
('transeksual'),
('transenden'),
('transendental'),
('transfer'),
('transfigurasi'),
('transformasi'),
('transformasionalis'),
('transformatif'),
('transformator'),
('transfusi'),
('transgenik'),
('transisi'),
('transistor'),
('transit'),
('transitif'),
('transkrip'),
('transkripsi'),
('translasi'),
('transliterasi'),
('translokasi'),
('translusens'),
('transmigran'),
('transmigrasi'),
('transmigrasilokal'),
('transmisi'),
('transmiter'),
('transmogrifikasi'),
('transmutasi'),
('transnasional'),
('transonik'),
('transparan'),
('transparansi'),
('transpirasi'),
('transplantasi'),
('transpor'),
('transportasi'),
('transposisi'),
('transversal'),
('transvetisme'),
('trap'),
('trapesium'),
('trapezoid'),
('trauler'),
('trauma'),
('traumatis'),
('travesti'),
('trayek'),
('trek'),
('trekbal'),
('trem'),
('trema'),
('trematoda'),
('trembesi'),
('tremer'),
('tremor'),
('tren'),
('trendi'),
('trengginas'),
('trenyuh'),
('tres'),
('tresna'),
('triaspolitika'),
('triatlon'),
('tribokelistrikan'),
('tribologi'),
('tribrata'),
('tribunal'),
('tribune'),
('tributa'),
('trica'),
('tridarma'),
('tridentat'),
('trienial'),
('trifoliat'),
('triftong'),
('trigatra'),
('trigemius'),
('trigliserida'),
('trigonometri'),
('trigraf'),
('trihidrik'),
('trik'),
('triko'),
('trikotomi'),
('trikuspid'),
('tril'),
('trilateral'),
('trilingga'),
('trilipat'),
('triliun'),
('trilogi'),
('trilomba'),
('trim'),
('trimatra'),
('trimurti'),
('trinil'),
('trinitas'),
('trinitrotoluena'),
('trio'),
('triode'),
('trip'),
('tripartit'),
('tripleks'),
('triplet'),
('triplik'),
('tripod'),
('triprasetia'),
('trips'),
('tripsin'),
('tripsinogen'),
('triptofan'),
('triptotos'),
('trisep'),
('trisula'),
('tritunggal'),
('triturasi'),
('triumvirat'),
('trivalen'),
('trivialitas'),
('triwangsa'),
('triwindu'),
('triwulan'),
('trofi'),
('trofoblas'),
('troi'),
('troika'),
('trokanter'),
('trokea'),
('troli'),
('trombin'),
('trombon'),
('trombosis'),
('trombosit'),
('trombus'),
('tromol'),
('trompet'),
('trompong'),
('tropik'),
('tropika'),
('tropis'),
('tropisme'),
('tropopause'),
('troposfer'),
('tropus'),
('tros'),
('trotoar'),
('trubadur'),
('truf'),
('truk'),
('truntum'),
('trusa'),
('tsar'),
('tsunami'),
('tsuru'),
('tua'),
('tuah'),
('tuai'),
('tuak'),
('tual'),
('tuala'),
('tualang'),
('tuam'),
('tuan'),
('tuang'),
('tuangku'),
('tuanku'),
('tuanrumah'),
('tuap'),
('tuar'),
('tuarang'),
('tuas'),
('tuba'),
('Tubagus'),
('tuban'),
('tube'),
('tubektomi'),
('tuberkulosis'),
('tubi'),
('tubin'),
('tubir'),
('tubruk'),
('tubuh'),
('tuding'),
('tuduh'),
('tudung'),
('tufa'),
('tufah'),
('tugal'),
('tugar'),
('tugas'),
('tugaskarya'),
('tugi'),
('tugu'),
('tugur'),
('Tuhan'),
('tuhfah'),
('tuhfahtulajnas'),
('tuhfat'),
('tuhmah'),
('tuhu'),
('tui'),
('tuidi'),
('tuil'),
('tuit'),
('tujah'),
('tuji'),
('tuju'),
('tujuh'),
('tujuhbulan'),
('tujuhhari'),
('tujul'),
('tuk'),
('tukai'),
('tukak'),
('tukal'),
('tukam'),
('tukang'),
('tukar'),
('tukas'),
('tukik'),
('tukil'),
('tukmis'),
('tuksedo'),
('tuku'),
('tukuk'),
('tukul'),
('tukun'),
('tukung'),
('tukup'),
('Tula'),
('tulah'),
('tulak'),
('tulang'),
('tular'),
('tulat'),
('tule'),
('tulen'),
('tuli'),
('tulis'),
('tulium'),
('tulu'),
('tulup'),
('tulus'),
('tum'),
('tuma'),
('tuman'),
('tumang'),
('tumbakan'),
('tumbal'),
('tumbang'),
('tumbas'),
('tumben'),
('tumbu'),
('tumbuh'),
('tumbuk'),
('tumbung'),
('tumenggung'),
('tumika'),
('tumis'),
('tumit'),
('tumor'),
('tumpah'),
('tumpak'),
('tumpal'),
('tumpang'),
('tumpangsari'),
('tumpas'),
('tumpat'),
('tumpeng'),
('tumper'),
('tumpil'),
('tumplak'),
('tumpu'),
('tumpuk'),
('tumpul'),
('tumpur'),
('tumtam'),
('tumu'),
('tumungkul'),
('tumus'),
('tun'),
('tuna'),
('tunaaksara'),
('tunabusana'),
('tunadaksa'),
('tunaganda'),
('tunagizi'),
('tunagrahita'),
('tunai'),
('tunak'),
('tunakarya'),
('tunalaras'),
('tunam'),
('tunan'),
('tunanetra'),
('tunang'),
('tunapolitik'),
('tunarungu'),
('tunas'),
('tunasosial'),
('tunasusila'),
('tunatenaga'),
('tunawicara'),
('tunawisma'),
('tunda'),
('tundang'),
('tundra'),
('tunduk'),
('tundun'),
('tundung'),
('tung'),
('tungau'),
('tunggak'),
('tunggal'),
('tungganai'),
('tunggang'),
('tungganglanggang'),
('tunggik'),
('tungging'),
('tunggu'),
('tunggul'),
('tungkahan'),
('tungkai'),
('tungkak'),
('tungkap'),
('tungku'),
('tungkul'),
('tungkup'),
('tungkus'),
('tungro'),
('tungsten'),
('tunik'),
('tunjal'),
('tunjam'),
('tunjang'),
('tunjuk'),
('tunjung'),
('tuntas'),
('tuntun'),
('tuntung'),
('tuntut'),
('tunu'),
('tupai'),
('tur'),
('tura'),
('turang'),
('turangga'),
('turap'),
('turas'),
('turba'),
('turbiditas'),
('turbin'),
('turbogenerator'),
('turbojet'),
('turbulen'),
('turbulensi'),
('turfat'),
('turgor'),
('turi'),
('turiang'),
('turinisasi'),
('turis'),
('turisme'),
('turistik'),
('turkuois'),
('turmalin'),
('turnamen'),
('turne'),
('turnoi'),
('turun'),
('turus'),
('turut'),
('tus'),
('tusam'),
('tusir'),
('tuslah'),
('tustel'),
('tusuk'),
('tuter'),
('tutor'),
('tutorial'),
('tuts'),
('tutu'),
('tutuh'),
('tutuk'),
('tutul'),
('tutung'),
('tutup'),
('tutur'),
('tutut'),
('tuwuhan'),
('tuwung'),
('tuyuk'),
('tuyul'),
('uai'),
('uak'),
('uan'),
('uanda'),
('uang'),
('uap'),
('uar'),
('uba'),
('ubah'),
('ubahbentuk'),
('ubahsuai'),
('uban'),
('ubang'),
('ubar'),
('ubat'),
('ubek'),
('ubel'),
('uber'),
('ubet'),
('ubi'),
('ubikuitas'),
('ubin'),
('ubit'),
('ubub'),
('ubudiah'),
('ubung'),
('ucap'),
('ucek'),
('ucis'),
('ucok'),
('ucu'),
('uda'),
('udak'),
('udam'),
('udang'),
('udani'),
('udap'),
('udar'),
('udara'),
('ude'),
('udek'),
('udel'),
('udeng'),
('udet'),
('udi'),
('udik'),
('udim'),
('udu'),
('uduh'),
('uduk'),
('udut'),
('uek'),
('ufti'),
('ufuk'),
('ugahari'),
('ugem'),
('uger'),
('ugut'),
('uhu'),
('uih'),
('uik'),
('uis'),
('uit'),
('ujana'),
('ujang'),
('ujar'),
('uji'),
('uju'),
('ujub'),
('ujuk'),
('ujul'),
('ujung'),
('ukas'),
('ukhrawi'),
('ukhuwah'),
('ukik'),
('ukir'),
('uktab'),
('ukulele'),
('ukup'),
('ukur'),
('ulah'),
('ulak'),
('ulam'),
('ulama'),
('ulan'),
('ulang'),
('ulangkali'),
('ulangtahun'),
('ular'),
('ulas'),
('ulat'),
('ulayat'),
('ulek'),
('ulem'),
('ulen'),
('ules'),
('ulet'),
('uli'),
('ulik'),
('ulin'),
('uling'),
('ulir'),
('ulit'),
('ulna'),
('ulos'),
('ultima'),
('ultimatum'),
('ultimo'),
('ultimogenitur'),
('ultrafilter'),
('ultramarin'),
('ultramikroskopiks'),
('ultramodern'),
('ultrasonik'),
('ultrasonika'),
('ultrasonografi'),
('ultraungu'),
('ultraviolet'),
('ulu'),
('uluksalam'),
('ulun'),
('ulung'),
('ulup'),
('ulur'),
('uma'),
('uman'),
('umara'),
('umat'),
('umbai'),
('umbalan'),
('umban'),
('umbang'),
('umbar'),
('umbi');
INSERT INTO `katadasar` (`kata`) VALUES
('umbilikus'),
('umbin'),
('umbisi'),
('umbo'),
('umbra'),
('umbu'),
('umbuk'),
('umbul'),
('umbut'),
('umi'),
('umlaut'),
('umpak'),
('umpama'),
('umpan'),
('umpat'),
('umpet'),
('umpil'),
('umpuk'),
('umput'),
('umrah'),
('umu'),
('umuk'),
('umum'),
('umun'),
('umur'),
('unam'),
('uncang'),
('uncit'),
('uncu'),
('uncue'),
('unda'),
('undagi'),
('undak'),
('undan'),
('undang'),
('undi'),
('unduh'),
('undur'),
('ungam'),
('ungar'),
('unggah'),
('unggal'),
('unggas'),
('unggis'),
('unggit'),
('unggul'),
('unggun'),
('unggut'),
('ungka'),
('ungkah'),
('ungkai'),
('ungkak'),
('ungkal'),
('ungkap'),
('ungkat'),
('ungkau'),
('ungkil'),
('ungkit'),
('ungkul'),
('ungkur'),
('ungsi'),
('ungti'),
('ungu'),
('unguis'),
('ungutirus'),
('uni'),
('uniat'),
('unifikasi'),
('uniform'),
('uniformitas'),
('unik'),
('unilateral'),
('unilineal'),
('unilinear'),
('union'),
('uniseks'),
('uniseluler'),
('unit'),
('unitaris'),
('unitarisme'),
('univalen'),
('universal'),
('universalia'),
('universalisme'),
('universalitas'),
('universiade'),
('universitas'),
('universiter'),
('universitet'),
('universum'),
('unjuk'),
('unjukrasa'),
('unjun'),
('unjung'),
('unjur'),
('unjut'),
('unsur'),
('unsuri'),
('unta'),
('untai'),
('untal'),
('unti'),
('until'),
('unting'),
('untir'),
('untuk'),
('untun'),
('untung'),
('untut'),
('unun'),
('unyai'),
('upa'),
('upaboga'),
('upacara'),
('upaduta'),
('upah'),
('upajiwa'),
('upak'),
('upakara'),
('upakarti'),
('upam'),
('upan'),
('upanishad'),
('upar'),
('upas'),
('upau'),
('upawasa'),
('upaya'),
('upet'),
('upeti'),
('upih'),
('upik'),
('upil'),
('upsilon'),
('uraemia'),
('urah'),
('urai'),
('urak'),
('urakus'),
('urang'),
('uranisme'),
('uranium'),
('uranologi'),
('Uranus'),
('urap'),
('uras'),
('urat'),
('urban'),
('urbanisasi'),
('urbanisme'),
('Urdu'),
('urea'),
('uremia'),
('ureter'),
('uretra'),
('uretritis'),
('urgen'),
('urgensi'),
('uri'),
('urian'),
('uribang'),
('urik'),
('urinalisis'),
('urine'),
('uring'),
('urinoar'),
('urinometer'),
('urip'),
('uris'),
('urita'),
('uritan'),
('urna'),
('urolog'),
('urologi'),
('uroskopi'),
('uruk'),
('urun'),
('urung'),
('urup'),
('urus'),
('urut'),
('usada'),
('usah'),
('usaha'),
('usahawan'),
('usai'),
('usak'),
('usali'),
('usam'),
('usang'),
('usap'),
('usar'),
('usat'),
('usia'),
('usik'),
('usil'),
('usir'),
('uskup'),
('usrek'),
('ustaz'),
('ustazah'),
('usuk'),
('usul'),
('usuluddin'),
('usung'),
('usur'),
('usurpatol'),
('usus'),
('usut'),
('uswah'),
('utama'),
('utara'),
('Utarid'),
('utas'),
('uterus'),
('utih'),
('utik'),
('utilitas'),
('utopia'),
('utopis'),
('utopisme'),
('utrikel'),
('utrolokal'),
('utuh'),
('utus'),
('uvula'),
('uvular'),
('uwungan'),
('uwur'),
('uyuh'),
('uzlah'),
('uzur'),
('vagina'),
('vak'),
('vakansi'),
('vakasi'),
('vakatur'),
('vakbon'),
('vaksin'),
('vaksinasi'),
('vakum'),
('vakuol'),
('vakuola'),
('valas'),
('valensi'),
('Valentine'),
('valeria'),
('valid'),
('validitas'),
('valis'),
('valium'),
('valorisasi'),
('valuta'),
('vampir'),
('vanadium'),
('vandal'),
('vandalisme'),
('vandalistis'),
('vandel'),
('vanili'),
('varia'),
('variabel'),
('variabilitas'),
('varian'),
('variansi'),
('variasi'),
('variatif'),
('varietas'),
('variola'),
('varises'),
('vas'),
('vasal'),
('vasektomi'),
('vaselin'),
('vaskular'),
('vaskularisasi'),
('vaskulum'),
('vasodilasi'),
('vasodilator'),
('vasomotor'),
('Vatikan'),
('vaucer'),
('veem'),
('vegetarian'),
('vegetarir'),
('vegetaris'),
('vegetarisme'),
('vegetasi'),
('vektor'),
('velamentum'),
('velar'),
('velarisasi'),
('velodrom'),
('velositas'),
('velum'),
('vena'),
('venal'),
('venalitas'),
('vendeta'),
('vendor'),
('ventilasi'),
('ventilator'),
('ventrikel'),
('ventrikulus'),
('Venus'),
('verba'),
('verbal'),
('verbalisan'),
('verbalisasi'),
('verbalisme'),
('verbalistis'),
('verbatim'),
('verbena'),
('verdigris'),
('verifikasi'),
('verifikatur'),
('veritisme'),
('verkoper'),
('vermiliun'),
('vermiseli'),
('vermisida'),
('vernis'),
('veronal'),
('verset'),
('versi'),
('verso'),
('verstek'),
('versus'),
('vertebra'),
('vertebrata'),
('vertikal'),
('verzet'),
('vespa'),
('veste'),
('vestibul'),
('vestibula'),
('vestibulum'),
('vet'),
('veter'),
('veteran'),
('veterinarian'),
('veteriner'),
('vetiver'),
('veto'),
('vetsin'),
('via'),
('viabel'),
('viabilitas'),
('viaduk'),
('vibran'),
('vibrasi'),
('vibrator'),
('vibrio'),
('vide'),
('video'),
('videofon'),
('videoklip'),
('videoteks'),
('vigia'),
('vigili'),
('vignet'),
('vikariat'),
('vikaris'),
('vila'),
('vinil'),
('vinyet'),
('viol'),
('viola'),
('violces'),
('violet'),
('violin'),
('violinis'),
('violis'),
('virga'),
('virginia'),
('Virgo'),
('virilis'),
('virilisme'),
('virilitas'),
('virilokal'),
('virologi'),
('virtual'),
('virtuoso'),
('virulen'),
('virulensi'),
('virus'),
('visera'),
('visi'),
('visibel'),
('visibilitas'),
('visioner'),
('visitasi'),
('visitator'),
('visiun'),
('viskometer'),
('viskose'),
('viskositas'),
('vista'),
('visual'),
('visualisasi'),
('visum'),
('visus'),
('vitakultur'),
('vital'),
('vitalitas'),
('vitamin'),
('vitelin'),
('vitiligo'),
('vitreositas'),
('vitrifikasi'),
('vitriol'),
('vivarium'),
('vivifikasi'),
('vivipar'),
('vla'),
('vlek'),
('voal'),
('vodka'),
('vokabuler'),
('vokal'),
('vokalia'),
('vokalis'),
('vokasional'),
('vokatif'),
('vokoid'),
('volatil'),
('volatilitas'),
('voli'),
('volt'),
('voltameter'),
('voltase'),
('volume'),
('volumeter'),
('volumetri'),
('volunter'),
('vonis'),
('vopo'),
('vorteks'),
('votum'),
('vrah'),
('vrahoto'),
('vulgar'),
('vulgata'),
('vulkan'),
('vulkanis'),
('vulkanisasi'),
('vulkanolog'),
('vulkanologi'),
('vulkavit'),
('vulpen'),
('vulva'),
('vulvektomi'),
('vuring'),
('waad'),
('waadat'),
('wabah'),
('wabakdu'),
('wabarakatuh'),
('wacana'),
('wadah'),
('wadak'),
('wadal'),
('wadam'),
('wadat'),
('wadi'),
('waduh'),
('waduk'),
('wadung'),
('wafa'),
('wafak'),
('wafat'),
('Wage'),
('wagon'),
('wagu'),
('wah'),
('wahah'),
('wahai'),
('waham'),
('wahana'),
('wahdah'),
('wahdaniah'),
('wahdiah'),
('wahib'),
('wahid'),
('wahyu'),
('wai'),
('waid'),
('waima'),
('Waisak'),
('waisya'),
('waitankung'),
('wajah'),
('wajan'),
('wajar'),
('wajib'),
('wajik'),
('wak'),
('wakaf'),
('wakil'),
('waktu'),
('wakun'),
('walabi'),
('walad'),
('walafiat'),
('walah'),
('walak'),
('walakhir'),
('walakin'),
('walang'),
('walangkopo'),
('walango'),
('walau'),
('walaupun'),
('waledan'),
('waleh'),
('walet'),
('walhasil'),
('wali'),
('walikukun'),
('walimah'),
('walimana'),
('waliullah'),
('wallahi'),
('wallahualam'),
('wals'),
('waluh'),
('waluku'),
('wambrau'),
('wan'),
('wana'),
('wanara'),
('wanawisata'),
('wanda'),
('wang'),
('wangi'),
('wangkang'),
('wangsa'),
('wangsit'),
('wanita'),
('wanodya'),
('wantah'),
('wantek'),
('wantilan'),
('wara'),
('warak'),
('warakawuri'),
('waralaba'),
('warangan'),
('waranggana'),
('warangka'),
('waras'),
('warasah'),
('wardi'),
('warga'),
('warganegara'),
('wari'),
('waria'),
('warid'),
('waringin'),
('waris'),
('warita'),
('warkat'),
('warna'),
('warok'),
('warsa'),
('warta'),
('wartawan'),
('wartawati'),
('waru'),
('waruga'),
('waruna'),
('warung'),
('wasahlan'),
('wasak'),
('wasal'),
('wasalam'),
('wasangka'),
('wasiat'),
('wasilah'),
('wasit'),
('wasitah'),
('waskita'),
('waslap'),
('waspada'),
('wastafel'),
('waswas'),
('watak'),
('watan'),
('watang'),
('watas'),
('watase'),
('watermantel'),
('watermark'),
('waterpas'),
('waterpruf'),
('watt'),
('wau'),
('wawa'),
('wawancara'),
('wawanmuka'),
('wawanrembuk'),
('wawas'),
('wawasdiri'),
('Wawu'),
('wayang'),
('wayuh'),
('wazari'),
('wazir'),
('Weda'),
('wedam'),
('wedana'),
('wedang'),
('wedani'),
('wedar'),
('wede'),
('wedel'),
('weduk'),
('weh'),
('weharima'),
('wejang'),
('wekel'),
('weker'),
('welahar'),
('welas'),
('weling'),
('welirang'),
('welit'),
('welter'),
('welut'),
('wenang'),
('wenter'),
('werak'),
('were'),
('werek'),
('wereng'),
('werit'),
('werst'),
('wese'),
('wesel'),
('weselbor'),
('wesiaji'),
('wesket'),
('westernis'),
('westernisasi'),
('wet'),
('weton'),
('wewarah'),
('wewe'),
('wibawa'),
('wicara'),
('Widiwasa'),
('widoro'),
('widuri'),
('widyaiswara'),
('widyawisata'),
('wig'),
('wigata'),
('wihara'),
('wijaya'),
('wijayakusuma'),
('wijayamala'),
('wijayamulia'),
('wijdaniah'),
('wijen'),
('wiji'),
('wijik'),
('wikalat'),
('wiku'),
('wiladah'),
('wilangon'),
('wilayah'),
('wilis'),
('wilwatikta'),
('wimana'),
('winaya'),
('windu'),
('wing'),
('wingit'),
('winglet'),
('wira'),
('wirabank'),
('wiracarita'),
('wiraga'),
('wirakarya'),
('wirang'),
('wiraniaga'),
('wirasuara'),
('wiraswasta'),
('wirawan'),
('wirid'),
('wiru'),
('wisal'),
('wisata'),
('wisatawan'),
('wisaya'),
('wisesa'),
('wisik'),
('wiski'),
('wisma'),
('Wisnu'),
('wisuda'),
('wisudawan'),
('wisudawati'),
('witir'),
('wiwaha'),
('wiweka'),
('wiyaga'),
('wiyata'),
('wizurai'),
('wol'),
('wolanda'),
('wolfram'),
('wombat'),
('won'),
('wong'),
('wortel'),
('wosi'),
('wrang'),
('wreda'),
('wredatama'),
('wregu'),
('Wrisaba'),
('wudani'),
('wudu'),
('wuduk'),
('wujud'),
('wuker'),
('wukerar'),
('wukuf'),
('wulan'),
('wulang'),
('wulucumbu'),
('wulung'),
('wungon'),
('wungu'),
('wuwungan'),
('xantat'),
('xantena'),
('xantofil'),
('xenia'),
('xenofili'),
('xenofobia'),
('xenoglosia'),
('xenograf'),
('xenokrasi'),
('xenolit'),
('xenomania'),
('xenon'),
('xerofil'),
('xerofit'),
('xeroftalmia'),
('xerografi'),
('xerosis'),
('xifoid'),
('xilem'),
('xilena'),
('xilofon'),
('xilograf'),
('xilografi'),
('xiloid'),
('xiloidina'),
('xilol'),
('xilologi'),
('xilonit'),
('xilosa'),
('ya'),
('yad'),
('yahud'),
('Yahudi'),
('Yahudiah'),
('Yahwe'),
('yais'),
('yaitu'),
('yakin'),
('yakis'),
('yakitori'),
('YakjujwaMakjuj'),
('yakni'),
('yaksa'),
('yakun'),
('yakut'),
('yamtuan'),
('yang'),
('yantra'),
('yard'),
('yasan'),
('yasmin'),
('yasti'),
('yatim'),
('yaum'),
('yaumudin'),
('yaumulakhir'),
('yaumuljamak'),
('yaumuljaza'),
('yaumulkiamah'),
('yaumulmahsyar'),
('yayasan'),
('yayu'),
('Yehova'),
('yel'),
('yen'),
('yeyunum'),
('yodium'),
('yoga'),
('yoghurt'),
('yogi'),
('yogia'),
('yohimbina'),
('yojana'),
('yokal'),
('yolk'),
('yos'),
('yosong'),
('yoyo'),
('yubileum'),
('yuda'),
('yudikatif'),
('yudisial'),
('yudisium'),
('yuk'),
('yunda'),
('yunta'),
('yupaprasasti'),
('Yupiter'),
('yura'),
('yuridis'),
('yuris'),
('yurisdiksi'),
('yurisprudensi'),
('yustisi'),
('yute'),
('yuvenil'),
('yuwana'),
('yuwaraja'),
('yuyitsu'),
('yuyu'),
('zabah'),
('Zabaniah'),
('zabarjad'),
('zabib'),
('Zabur'),
('zadah'),
('zahid'),
('zai'),
('zaim'),
('zair'),
('zaitun'),
('zakar'),
('zakat'),
('zakelek'),
('zakiah'),
('zakum'),
('zal'),
('zalim'),
('zalir'),
('zaman'),
('zamin'),
('zamindar'),
('zamrud'),
('zamzam'),
('zan'),
('Zanggi'),
('zantara'),
('zarafah'),
('zarah'),
('zaratit'),
('zat'),
('zatua'),
('zawal'),
('zawiat'),
('zebra'),
('zebu'),
('zelot'),
('Zen'),
('zendeling'),
('zending'),
('zeni'),
('zenit'),
('zeolit'),
('zeoponik'),
('zero'),
('zet'),
('zeta'),
('ziadah'),
('ziarah'),
('zib'),
('zigomorf'),
('zigot'),
('zikir'),
('zilullah'),
('zimase'),
('zimi'),
('zimogen'),
('zimolisis'),
('zimosis'),
('zimotik'),
('zimurgi'),
('zina'),
('zindik'),
('zink'),
('zinkografi'),
('Zion'),
('Zionis'),
('zionisme'),
('zirafah'),
('zirah'),
('zirbad'),
('zirkonia'),
('zirkonium'),
('zirkoniumoksida'),
('zirnikh'),
('ziter'),
('zodiak'),
('zoetrop'),
('Zohal'),
('Zohrah'),
('zona'),
('zonasi'),
('zonder'),
('zoofit'),
('zoofobia'),
('zoogani'),
('zoogeografi'),
('zoologi'),
('zoonosis'),
('zoosemiotika'),
('zuama'),
('zuhud'),
('zuhur'),
('zulfikar'),
('Zulhijah'),
('Zulkaidah'),
('zulmat'),
('zurafah'),
('zuriah'),
('zus');

-- --------------------------------------------------------

--
-- Table structure for table `kategori`
--

CREATE TABLE IF NOT EXISTS `kategori` (
  `id_kategori` int(11) NOT NULL,
  `kategori` varchar(50) DEFAULT NULL
) ENGINE=InnoDB AUTO_INCREMENT=6 DEFAULT CHARSET=latin1;

--
-- Dumping data for table `kategori`
--

INSERT INTO `kategori` (`id_kategori`, `kategori`) VALUES
(1, 'kategori1'),
(2, 'kategori2'),
(5, 'kategori3');

-- --------------------------------------------------------

--
-- Table structure for table `kategori_makalah`
--

CREATE TABLE IF NOT EXISTS `kategori_makalah` (
  `id_makalah` int(11) DEFAULT NULL,
  `id_kategori` int(11) DEFAULT NULL
) ENGINE=InnoDB DEFAULT CHARSET=latin1;

--
-- Dumping data for table `kategori_makalah`
--

INSERT INTO `kategori_makalah` (`id_makalah`, `id_kategori`) VALUES
(7, 1),
(7, 2),
(8, 1),
(8, 2),
(9, 2),
(10, 1),
(11, 2),
(12, 1),
(13, 1),
(14, 1),
(15, 2),
(16, 2),
(17, 2),
(18, 1),
(19, 5),
(20, 5),
(21, 1),
(23, 1),
(24, 1),
(25, 2),
(26, 2),
(27, 2),
(28, 1),
(29, 1),
(31, 1),
(32, 2),
(33, 2),
(1, 2),
(2, 1);

-- --------------------------------------------------------

--
-- Table structure for table `komentar_makalah`
--

CREATE TABLE IF NOT EXISTS `komentar_makalah` (
  `id_komentar` int(11) NOT NULL,
  `komentar` text,
  `id_makalah` int(11) DEFAULT NULL,
  `id_user` int(11) DEFAULT NULL,
  `waktu` datetime DEFAULT NULL,
  `readby` text
) ENGINE=InnoDB AUTO_INCREMENT=34 DEFAULT CHARSET=latin1;

--
-- Dumping data for table `komentar_makalah`
--

INSERT INTO `komentar_makalah` (`id_komentar`, `komentar`, `id_makalah`, `id_user`, `waktu`, `readby`) VALUES
(1, 'Halo', 7, 4, '2016-05-10 00:12:07', '(4),(3),(5),(6)'),
(2, 'Halo makalah anda sepertinya harus ada yang diperbaiki', 7, 4, '2016-05-12 00:12:22', '(4),(3),(5),(6)'),
(3, 'dibagian mananya', 7, 3, '2016-05-13 00:12:31', '(3),(4),(5),(6)'),
(4, 'dibagian abstrak', 7, 4, '2016-05-15 00:12:38', '(4),(5),(3),(6)'),
(5, 'Tolong diperbaiki juga permasalahannya', 7, 5, '2016-05-16 00:36:55', '(5),(3),(4),(6)'),
(6, 'Oke2 siap gan', 7, 3, '2016-05-16 00:36:55', '(3),(4),(6),(5)'),
(7, 'halo, gimana status makalah saya?', 11, 3, '2016-05-16 00:36:55', '(3),(4),(5)'),
(8, 'Oke gan siap!!!', 7, 3, '2016-05-15 19:49:48', '(3),(4),(6),(5)'),
(9, 'gimana apanya bro?', 11, 3, '2016-05-22 19:05:59', '(3),(4),(5)'),
(10, 'gimana apanya bro?', 11, 4, '2016-05-22 19:07:01', '(4),(3),(5)'),
(11, 'selamat ya yovi, makalahnya diterima', 11, 4, '2016-05-24 00:54:23', '(4),(3),(5)'),
(12, 'yoi sama2 bro...', 11, 3, '2016-05-24 00:55:36', '(3),(4),(5)'),
(13, 'halo', 13, 6, '2016-05-25 08:42:26', '(6),(3)'),
(14, 'ya, knapa gan dengan makalahnya?', 13, 3, '2016-05-26 04:46:10', '(3),(6)'),
(15, 'makasih sudah menerima makalah saya...', 13, 6, '2016-05-26 09:07:07', '(6),(3)'),
(16, 'sama-sama... :)', 13, 3, '2016-05-27 03:18:17', '(3),(6)'),
(17, 'wah saya gak diajak diskusi nih... :(', 11, 4, '2016-05-27 03:29:39', '(4),(3),(5)'),
(18, 'bagus', 8, 3, '2016-06-01 11:24:30', '(3)'),
(19, 'Lanjutkan ', 18, 17, '2016-06-01 11:39:58', '(17),(16),(3)'),
(20, 'baik pak', 18, 16, '2016-06-01 11:41:14', '(16),(17),(3)'),
(21, 'selamat gan udah lolos makalahnya', 24, 3, '2016-06-01 17:44:43', '(3)'),
(22, 'selamat gan udah lolos makalahnya', 24, 3, '2016-06-01 17:52:23', '(3)'),
(23, 'Kurang oke', 27, 3, '2016-06-03 05:46:58', '(3)'),
(24, 'judulnya direvisi ya', 28, 3, '2016-06-03 05:51:07', '(3),(18),(19),(26)'),
(25, 'bagus, lanjutkan lagi', 28, 19, '2016-06-03 06:22:53', '(19),(18),(3),(26)'),
(26, 'iya pak', 28, 18, '2016-06-03 06:23:50', '(18),(19),(3),(26)'),
(27, 'cek', 28, 18, '2016-06-03 06:24:43', '(18),(19),(3),(26)'),
(28, 'perbaiki judul', 24, 3, '2016-06-08 04:28:44', '(3)'),
(29, 'ok', 28, 26, '2016-07-17 17:47:26', '(26),(3)'),
(30, 'bagus', 28, 3, '2016-07-17 21:47:10', '(3)'),
(31, 'Lanjutkan...', 1, 3, '2016-10-25 01:57:54', '(3)'),
(32, 'Lanjutkan...........', 2, 3, '2016-10-25 02:24:06', '(3),(30)'),
(33, 'OK Pak....', 2, 30, '2016-10-25 02:24:25', '(30),(3)');

-- --------------------------------------------------------

--
-- Table structure for table `makalah`
--

CREATE TABLE IF NOT EXISTS `makalah` (
  `id_makalah` int(11) NOT NULL,
  `id_user` int(11) DEFAULT NULL,
  `id_status` int(11) DEFAULT NULL,
  `judul` text,
  `abstrak` text,
  `permasalahan` text,
  `tujuan` text,
  `tinjauan_pustaka` text,
  `kesimpulan_sementara` text,
  `daftar_pustaka` text,
  `created_at` datetime DEFAULT NULL,
  `updated_at` datetime DEFAULT NULL
) ENGINE=InnoDB AUTO_INCREMENT=3 DEFAULT CHARSET=latin1;

--
-- Dumping data for table `makalah`
--

INSERT INTO `makalah` (`id_makalah`, `id_user`, `id_status`, `judul`, `abstrak`, `permasalahan`, `tujuan`, `tinjauan_pustaka`, `kesimpulan_sementara`, `daftar_pustaka`, `created_at`, `updated_at`) VALUES
(1, 3, 2, 'qwertyu', 'qwertyu', 'qwertyu', 'qwertyu', 'qwertyu', 'qwertyu', 'qwertyu', '2016-08-05 20:21:11', '2016-08-05 20:21:47'),
(2, 30, 2, 'hahe', 'gagaaa', 'agfwgagb', 'egadv', 'aege', 'bsdnbd', 'egedg', '2016-10-25 02:19:07', '2016-10-25 02:22:14');

-- --------------------------------------------------------

--
-- Table structure for table `mata_kuliah`
--

CREATE TABLE IF NOT EXISTS `mata_kuliah` (
  `id_makul` int(20) NOT NULL,
  `kode_makul` varchar(30) NOT NULL,
  `mata_kuliah` varchar(30) NOT NULL,
  `sks` int(20) NOT NULL,
  `status` tinyint(1) NOT NULL DEFAULT '1'
) ENGINE=InnoDB AUTO_INCREMENT=9 DEFAULT CHARSET=latin1;

--
-- Dumping data for table `mata_kuliah`
--

INSERT INTO `mata_kuliah` (`id_makul`, `kode_makul`, `mata_kuliah`, `sks`, `status`) VALUES
(3, 'PM001', 'P.Mikrokontroler', 3, 1),
(4, 'U30001', 'Praktek Listrik', 3, 1),
(5, 'U30002', 'P.Daya Listrik', 3, 1),
(6, 'U00004', 'Praktek Jaringan', 3, 1),
(7, 'U00005', 'Praktek Kompoter', 3, 1),
(8, '91728937', 'Zulham', 4, 1);

-- --------------------------------------------------------

--
-- Table structure for table `modul_pembelajaran`
--

CREATE TABLE IF NOT EXISTS `modul_pembelajaran` (
  `id_modul` int(20) NOT NULL,
  `no_id` varchar(30) NOT NULL,
  `nama_modul` varchar(30) NOT NULL,
  `modul` varchar(20) NOT NULL,
  `id_makul` varchar(10) NOT NULL
) ENGINE=InnoDB AUTO_INCREMENT=28 DEFAULT CHARSET=latin1;

--
-- Dumping data for table `modul_pembelajaran`
--

INSERT INTO `modul_pembelajaran` (`id_modul`, `no_id`, `nama_modul`, `modul`, `id_makul`) VALUES
(18, '5302412081', 'asd', 'laravel no 1.docx', '1'),
(19, '5302412081', 'asd', 'laravel no 1.docx', '1'),
(20, '197411232005011001', 'elektronika', 'laravel no 1.docx', '7'),
(21, '198210192014041001', 'tuggafdak', 'kerangka.png', '4'),
(22, '197411232005011001', 'yuiop', 'Pendataan Keluarga S', '1'),
(23, '198210192014041001', 'modul jobsheet', 'Rundown Acara Nonton', '3'),
(24, '197603112000122001', 'Pembelajaran', 'ketentuan Sponsor.do', '4'),
(27, '197405191999032001', 'Zulham Azwar Achmad', 'Draft Final.docx', '3');

-- --------------------------------------------------------

--
-- Table structure for table `password_resets`
--

CREATE TABLE IF NOT EXISTS `password_resets` (
  `email` varchar(50) DEFAULT NULL,
  `token` varchar(500) DEFAULT NULL,
  `created_at` datetime DEFAULT NULL
) ENGINE=InnoDB DEFAULT CHARSET=latin1;

-- --------------------------------------------------------

--
-- Table structure for table `pengaturan`
--

CREATE TABLE IF NOT EXISTS `pengaturan` (
  `id` int(11) NOT NULL,
  `persen` double DEFAULT NULL,
  `form` text,
  `kgram` int(11) NOT NULL
) ENGINE=InnoDB AUTO_INCREMENT=2 DEFAULT CHARSET=latin1;

--
-- Dumping data for table `pengaturan`
--

INSERT INTO `pengaturan` (`id`, `persen`, `form`, `kgram`) VALUES
(1, 37, 'judul', 4);

-- --------------------------------------------------------

--
-- Table structure for table `role`
--

CREATE TABLE IF NOT EXISTS `role` (
  `id_role` int(11) DEFAULT NULL,
  `deskripsi` varchar(25) DEFAULT NULL
) ENGINE=InnoDB DEFAULT CHARSET=latin1;

--
-- Dumping data for table `role`
--

INSERT INTO `role` (`id_role`, `deskripsi`) VALUES
(1, 'admin'),
(2, 'editor'),
(3, 'penulis');

-- --------------------------------------------------------

--
-- Table structure for table `status_makalah`
--

CREATE TABLE IF NOT EXISTS `status_makalah` (
  `id_status` int(11) NOT NULL,
  `status` varchar(25) DEFAULT NULL
) ENGINE=InnoDB DEFAULT CHARSET=latin1;

--
-- Dumping data for table `status_makalah`
--

INSERT INTO `status_makalah` (`id_status`, `status`) VALUES
(0, 'plagiat'),
(1, 'lolos'),
(2, 'diterima'),
(3, 'revisi'),
(4, 'ditolak');

-- --------------------------------------------------------

--
-- Table structure for table `stoplist`
--

CREATE TABLE IF NOT EXISTS `stoplist` (
  `kata` varchar(40) NOT NULL
) ENGINE=MyISAM DEFAULT CHARSET=utf8;

--
-- Dumping data for table `stoplist`
--

INSERT INTO `stoplist` (`kata`) VALUES
('ada'),
('adalah'),
('adanya'),
('adapun'),
('agak'),
('agaknya'),
('agan'),
('agar'),
('ah'),
('akan'),
('akankah'),
('akhir'),
('akhiri'),
('akhirnya'),
('aku'),
('akulah'),
('amat'),
('amatlah'),
('anda'),
('andalah'),
('antar'),
('antara'),
('antaranya'),
('apa'),
('apaan'),
('apabila'),
('apakah'),
('apalagi'),
('apatah'),
('artinya'),
('asal'),
('asalkan'),
('atas'),
('atau'),
('ataukah'),
('ataupun'),
('awal'),
('awalnya'),
('bagai'),
('bagaikan'),
('bagaimana'),
('bagaimanakah'),
('bagaimanapun'),
('bagi'),
('bagian'),
('bahkan'),
('bahwa'),
('bahwasanya'),
('baik'),
('bakal'),
('bakalan'),
('balik'),
('banyak'),
('bapak'),
('baru'),
('bawah'),
('beberapa'),
('begini'),
('beginian'),
('beginikah'),
('beginilah'),
('begitu'),
('begitukah'),
('begitulah'),
('begitupun'),
('bekerja'),
('belakang'),
('belakangan'),
('belum'),
('belumlah'),
('benar'),
('benarkah'),
('benarlah'),
('berada'),
('berakhir'),
('berakhirlah'),
('berakhirnya'),
('berapa'),
('berapakah'),
('berapalah'),
('berapapun'),
('berarti'),
('berawal'),
('berbagai'),
('berdatangan'),
('beri'),
('berikan'),
('berikut'),
('berikutnya'),
('berjumlah'),
('berkali-kali'),
('berkata'),
('berkehendak'),
('berkeinginan'),
('berkenaan'),
('berlainan'),
('berlalu'),
('berlangsung'),
('berlebihan'),
('bermacam'),
('bermacam-macam'),
('bermaksud'),
('bermula'),
('beroh'),
('bersama'),
('bersama-sama'),
('bersiap'),
('bersiap-siap'),
('bertanya'),
('bertanya-tanya'),
('berturut'),
('berturut-turut'),
('bertutur'),
('berujar'),
('berupa'),
('besar'),
('betul'),
('betulkah'),
('biasa'),
('biasanya'),
('bila'),
('bilakah'),
('bisa'),
('bisakah'),
('boleh'),
('bolehkah'),
('bolehlah'),
('bro'),
('buat'),
('bukan'),
('bukankah'),
('bukanlah'),
('bukannya'),
('bulan'),
('bung'),
('cara'),
('caranya'),
('cie'),
('cieee'),
('cukup'),
('cukupkah'),
('cukuplah'),
('cuma'),
('dahulu'),
('dalam'),
('dan'),
('dapat'),
('dari'),
('daripada'),
('datang'),
('dekat'),
('demi'),
('demikian'),
('demikianlah'),
('dengan'),
('depan'),
('di'),
('dia'),
('diakhiri'),
('diakhirinya'),
('dialah'),
('diantara'),
('diantaranya'),
('diberi'),
('diberikan'),
('diberikannya'),
('dibuat'),
('dibuatnya'),
('didapat'),
('didatangkan'),
('digunakan'),
('diibaratkan'),
('diibaratkannya'),
('diingat'),
('diingatkan'),
('diinginkan'),
('dijawab'),
('dijelaskan'),
('dijelaskannya'),
('dikarenakan'),
('dikatakan'),
('dikatakannya'),
('dikerjakan'),
('diketahui'),
('diketahuinya'),
('dikira'),
('dilakukan'),
('dilalui'),
('dilihat'),
('dimaksud'),
('dimaksudkan'),
('dimaksudkannya'),
('dimaksudnya'),
('diminta'),
('dimintai'),
('dimisalkan'),
('dimulai'),
('dimulailah'),
('dimulainya'),
('dimungkinkan'),
('dini'),
('dipastikan'),
('diperbuat'),
('diperbuatnya'),
('dipergunakan'),
('diperkirakan'),
('diperlihatkan'),
('diperlukan'),
('diperlukannya'),
('dipersoalkan'),
('dipertanyakan'),
('dipunyai'),
('diri'),
('dirinya'),
('disampaikan'),
('disebut'),
('disebutkan'),
('disebutkannya'),
('disini'),
('disinilah'),
('ditambahkan'),
('ditandaskan'),
('ditanya'),
('ditanyai'),
('ditanyakan'),
('ditegaskan'),
('ditujukan'),
('ditunjuk'),
('ditunjuki'),
('ditunjukkan'),
('ditunjukkannya'),
('ditunjuknya'),
('dituturkan'),
('dituturkannya'),
('diucapkan'),
('diucapkannya'),
('diungkapkan'),
('dkk'),
('dll'),
('dong'),
('dsb'),
('dst'),
('dua'),
('dulu'),
('eeee'),
('ehheh'),
('empat'),
('enggak'),
('enggaknya'),
('entah'),
('entahlah'),
('gan'),
('guna'),
('gunakan'),
('Haa'),
('haha'),
('hahah'),
('Hahahaha'),
('hal'),
('hampir'),
('hanya'),
('hanyalah'),
('hari'),
('harus'),
('haruslah'),
('harusnya'),
('hawhahwha'),
('he'),
('hehe'),
('heheh'),
('hendak'),
('hendaklah'),
('hendaknya'),
('hingga'),
('ia'),
('ialah'),
('ibarat'),
('ibaratkan'),
('ibaratnya'),
('ibu'),
('ikut'),
('ingat'),
('ingat-ingat'),
('ingin'),
('inginkah'),
('inginkan'),
('ini'),
('inikah'),
('inilah'),
('itu'),
('itukah'),
('itulah'),
('jadi'),
('jadilah'),
('jadinya'),
('jangan'),
('jangankan'),
('janganlah'),
('jauh'),
('jawab'),
('jawaban'),
('jawabnya'),
('jelas'),
('jelaskan'),
('jelaslah'),
('jelasnya'),
('jika'),
('jikalau'),
('juga'),
('jumlah'),
('jumlahnya'),
('justru'),
('kala'),
('kalau'),
('kalaulah'),
('kalaupun'),
('kalian'),
('kami'),
('kamilah'),
('kamu'),
('kamulah'),
('kan'),
('kapan'),
('kapankah'),
('kapanpun'),
('karena'),
('karenanya'),
('kasus'),
('kata'),
('katakan'),
('katakanlah'),
('katanya'),
('ke'),
('keadaan'),
('kebetulan'),
('kecil'),
('kedua'),
('keduanya'),
('keinginan'),
('kelamaan'),
('kelihatan'),
('kelihatannya'),
('kelima'),
('keluar'),
('kembali'),
('kemudian'),
('kemungkinan'),
('kemungkinannya'),
('kenapa'),
('kepada'),
('kepadanya'),
('kesampaian'),
('keseluruhan'),
('keseluruhannya'),
('keterlaluan'),
('ketika'),
('khususnya'),
('kini'),
('kinilah'),
('kira'),
('kira-kira'),
('kiranya'),
('kita'),
('kitalah'),
('km'),
('kok'),
('kurang'),
('lagi'),
('lagian'),
('lah'),
('lain'),
('lainnya'),
('lalu'),
('lama'),
('lamanya'),
('lanjut'),
('lanjutnya'),
('lebih'),
('lewat'),
('lho'),
('lima'),
('loh'),
('luar'),
('m'),
('macam'),
('maka'),
('makanya'),
('makin'),
('malah'),
('malahan'),
('mampu'),
('mampukah'),
('mana'),
('manakala'),
('manalagi'),
('masa'),
('masalah'),
('masalahnya'),
('masbro'),
('masih'),
('masihkah'),
('masing'),
('masing-masing'),
('mau'),
('maupun'),
('melainkan'),
('melakukan'),
('melalui'),
('melihat'),
('melihatnya'),
('memang'),
('memastikan'),
('memberi'),
('memberikan'),
('membuat'),
('memerlukan'),
('memihak'),
('meminta'),
('memintakan'),
('memisalkan'),
('memperbuat'),
('mempergunakan'),
('memperkirakan'),
('memperlihatkan'),
('mempersiapkan'),
('mempersoalkan'),
('mempertanyakan'),
('mempunyai'),
('memulai'),
('memungkinkan'),
('menaiki'),
('menambahkan'),
('menandaskan'),
('menanti'),
('menanti-nanti'),
('menantikan'),
('menanya'),
('menanyai'),
('menanyakan'),
('mendapat'),
('mendapatkan'),
('mendatang'),
('mendatangi'),
('mendatangkan'),
('menegaskan'),
('mengakhiri'),
('mengapa'),
('mengatakan'),
('mengatakannya'),
('mengenai'),
('mengerjakan'),
('mengetahui'),
('menggunakan'),
('menghendaki'),
('mengibaratkan'),
('mengibaratkannya'),
('mengingat'),
('mengingatkan'),
('menginginkan'),
('mengira'),
('mengucapkan'),
('mengucapkannya'),
('mengungkapkan'),
('menjadi'),
('menjawab'),
('menjelaskan'),
('menuju'),
('menunjuk'),
('menunjuki'),
('menunjukkan'),
('menunjuknya'),
('menurut'),
('menuturkan'),
('menyampaikan'),
('menyangkut'),
('menyatakan'),
('menyebutkan'),
('menyeluruh'),
('menyiapkan'),
('merasa'),
('mereka'),
('merekalah'),
('merupakan'),
('meski'),
('meskipun'),
('meyakini'),
('meyakinkan'),
('minta'),
('mirip'),
('misal'),
('misalkan'),
('misalnya'),
('mula'),
('mulai'),
('mulailah'),
('mulanya'),
('mungkin'),
('mungkinkah'),
('nah'),
('naik'),
('namun'),
('nan'),
('nanti'),
('nantinya'),
('nyaris'),
('nyatanya'),
('ok'),
('oleh'),
('olehnya'),
('pada'),
('padahal'),
('padanya'),
('pak'),
('paling'),
('panjang'),
('pantas'),
('para'),
('pasti'),
('pastilah'),
('penting'),
('pentingnya'),
('per'),
('percuma'),
('perlu'),
('perlukah'),
('perlunya'),
('pernah'),
('persoalan'),
('pertama'),
('pertama-tama'),
('pertanyaan'),
('pertanyakan'),
('pihak'),
('pihaknya'),
('pukul'),
('pula'),
('pun'),
('punya'),
('rasa'),
('rasanya'),
('rata'),
('rupanya'),
('s'),
('saat'),
('saatnya'),
('saja'),
('sajalah'),
('saling'),
('sama'),
('sama-sama'),
('sambil'),
('sampai'),
('sampai-sampai'),
('sampaikan'),
('sana'),
('sang'),
('sangat'),
('sangatlah'),
('satu'),
('saw'),
('saya'),
('sayalah'),
('se'),
('sebab'),
('sebabnya'),
('sebagai'),
('sebagaimana'),
('sebagainya'),
('sebagian'),
('sebaik'),
('sebaik-baiknya'),
('sebaiknya'),
('sebaliknya'),
('sebanyak'),
('sebegini'),
('sebegitu'),
('sebelum'),
('sebelumnya'),
('sebenarnya'),
('seberapa'),
('sebesar'),
('sebetulnya'),
('sebisanya'),
('sebuah'),
('sebut'),
('sebutlah'),
('sebutnya'),
('secara'),
('secukupnya'),
('sedang'),
('sedangkan'),
('sedemikian'),
('sedikit'),
('sedikitnya'),
('seenaknya'),
('segala'),
('segalanya'),
('segera'),
('seharusnya'),
('sehingga'),
('seingat'),
('sejak'),
('sejauh'),
('sejenak'),
('sejumlah'),
('sekadar'),
('sekadarnya'),
('sekali'),
('sekali-kali'),
('sekalian'),
('sekaligus'),
('sekalipun'),
('sekarang'),
('sekecil'),
('seketika'),
('sekiranya'),
('sekitar'),
('sekitarnya'),
('sekurang-kurangnya'),
('sekurangnya'),
('sela'),
('selain'),
('selaku'),
('selalu'),
('selama'),
('selama-lamanya'),
('selamanya'),
('selanjutnya'),
('seluruh'),
('seluruhnya'),
('semacam'),
('semakin'),
('semampu'),
('semampunya'),
('semasa'),
('semasih'),
('semata'),
('semata-mata'),
('semaunya'),
('sementara'),
('semisal'),
('semisalnya'),
('sempat'),
('semua'),
('semuanya'),
('semula'),
('sendiri'),
('sendirian'),
('sendirinya'),
('seolah'),
('seolah-olah'),
('seorang'),
('sepanjang'),
('sepantasnya'),
('sepantasnyalah'),
('seperlunya'),
('seperti'),
('sepertinya'),
('sepihak'),
('sering'),
('seringnya'),
('serta'),
('serupa'),
('sesaat'),
('sesama'),
('sesampai'),
('sesegera'),
('sesekali'),
('seseorang'),
('sesuatu'),
('sesuatunya'),
('sesudah'),
('sesudahnya'),
('setelah'),
('setempat'),
('setengah'),
('seterusnya'),
('setiap'),
('setiba'),
('setibanya'),
('setidak-tidaknya'),
('setidaknya'),
('setinggi'),
('seusai'),
('sewaktu'),
('si'),
('siap'),
('siapa'),
('siapakah'),
('siapapun'),
('sih'),
('sihh'),
('sini'),
('sinilah'),
('sip'),
('sipp'),
('sis'),
('sista'),
('soal'),
('soalnya'),
('suatu'),
('sudah'),
('sudahkah'),
('sudahlah'),
('supaya'),
('swt'),
('tadi'),
('tadinya'),
('tahu'),
('tahun'),
('tak'),
('tambah'),
('tambahnya'),
('tampak'),
('tampaknya'),
('tandas'),
('tandasnya'),
('tanpa'),
('tanya'),
('tanyakan'),
('tanyanya'),
('tapi'),
('tegas'),
('tegasnya'),
('teknik digital teori dan aplikasi'),
('telah'),
('tempat'),
('tengah'),
('tentang'),
('tentu'),
('tentulah'),
('tentunya'),
('tepat'),
('terakhir'),
('terasa'),
('terbanyak'),
('terdahulu'),
('terdapat'),
('terdiri'),
('terhadap'),
('terhadapnya'),
('teringat'),
('teringat-ingat'),
('terjadi'),
('terjadilah'),
('terjadinya'),
('terkira'),
('terlalu'),
('terlebih'),
('terlihat'),
('termasuk'),
('ternyata'),
('tersampaikan'),
('tersebut'),
('tersebutlah'),
('tertentu'),
('tertuju'),
('terus'),
('terutama'),
('tetap'),
('tetapi'),
('tiap'),
('tiba'),
('tiba-tiba'),
('tidak'),
('tidakkah'),
('tidaklah'),
('tiga'),
('tinggi'),
('toh'),
('tuh'),
('tunjuk'),
('turut'),
('tutur'),
('tuturnya'),
('ucap'),
('ucapnya'),
('ujar'),
('ujarnya'),
('umum'),
('umumnya'),
('ungkap'),
('ungkapnya'),
('untuk'),
('usah'),
('usai'),
('uwauw'),
('waduh'),
('wah'),
('wahai'),
('waktu'),
('waktunya'),
('walau'),
('walaupun'),
('waw'),
('wew'),
('whahwhahwa'),
('whoaaa'),
('wib'),
('wihh'),
('wong'),
('wow'),
('wuih'),
('yach'),
('yah'),
('yaitu'),
('yakin'),
('yakni'),
('yang'),
('yap'),
('yei'),
('yoi'),
('yok'),
('yuk');

-- --------------------------------------------------------

--
-- Table structure for table `timeline`
--

CREATE TABLE IF NOT EXISTS `timeline` (
  `id` int(11) NOT NULL,
  `id_user` int(11) DEFAULT NULL,
  `aksi` text,
  `href` text,
  `created_at` datetime DEFAULT NULL,
  `updated_at` datetime DEFAULT NULL
) ENGINE=InnoDB AUTO_INCREMENT=196 DEFAULT CHARSET=latin1;

--
-- Dumping data for table `timeline`
--

INSERT INTO `timeline` (`id`, `id_user`, `aksi`, `href`, `created_at`, `updated_at`) VALUES
(2, 3, 'Perubahan pengaturan plagiarisme', NULL, '2016-05-26 07:23:08', '2016-05-26 07:23:08'),
(3, 3, 'Melakukan perubahan pengaturan plagiarisme', NULL, '2016-05-26 09:00:31', '2016-05-26 09:00:31'),
(4, 3, 'Melakukan penambahan makalah baru, namun terdeteksi plagiat!', NULL, '2016-05-26 09:02:09', '2016-05-26 09:02:09'),
(5, 3, 'Melakukan penambahan penulis baru', 'penulis/15', '2016-05-26 09:05:13', '2016-05-26 09:05:13'),
(6, 6, 'Mengomentari makalah', 'makalah/13', '2016-05-26 09:07:07', '2016-05-26 09:07:07'),
(7, 3, 'Melakukan perubahan pengaturan plagiarisme', 'setting', '2016-05-26 19:26:45', '2016-05-26 19:26:45'),
(8, 3, 'Melakukan perubahan pengaturan plagiarisme', 'setting', '2016-05-26 19:34:49', '2016-05-26 19:34:49'),
(9, 3, 'Melakukan perubahan pengaturan plagiarisme', 'setting', '2016-05-27 02:35:53', '2016-05-27 02:35:53'),
(10, 3, 'Melakukan perubahan data penulis', 'penulis/14', '2016-05-27 02:38:27', '2016-05-27 02:38:27'),
(11, 3, 'Mengomentari makalah', 'makalah/13', '2016-05-27 03:18:17', '2016-05-27 03:18:17'),
(12, 4, 'Mengomentari makalah', 'makalah/11', '2016-05-27 03:29:39', '2016-05-27 03:29:39'),
(13, 3, 'Melakukan perubahan profil pribadi', 'profile', '2016-05-27 11:06:40', '2016-05-27 11:06:40'),
(14, 3, 'Melakukan perubahan profil pribadi', 'profile', '2016-05-31 07:16:34', '2016-05-31 07:16:34'),
(15, 3, 'Melakukan perubahan pengaturan plagiarisme', 'setting', '2016-05-31 07:18:18', '2016-05-31 07:18:18'),
(16, 3, 'Melakukan penambahan penulis baru', 'penulis/16', '2016-05-31 07:19:43', '2016-05-31 07:19:43'),
(17, 16, 'Melakukan penambahan makalah baru dan Lolos plagiat!', 'makalah/18', '2016-05-31 07:28:13', '2016-05-31 07:28:13'),
(18, 16, 'Melakukan penambahan makalah baru dan Lolos plagiat!', 'makalah/19', '2016-05-31 07:29:17', '2016-05-31 07:29:17'),
(19, 16, 'Melakukan penambahan makalah baru, namun terdeteksi plagiat!', 'makalah/20', '2016-05-31 07:30:29', '2016-05-31 07:30:29'),
(20, 3, 'Melakukan perubahan makalah', 'makalah/20', '2016-05-31 12:11:27', '2016-05-31 12:11:27'),
(21, 3, 'Melakukan perubahan makalah', 'makalah/20', '2016-05-31 12:45:35', '2016-05-31 12:45:35'),
(22, 3, 'Melakukan perubahan makalah', 'makalah/20', '2016-05-31 13:35:20', '2016-05-31 13:35:20'),
(23, 3, 'Melakukan perubahan makalah', 'makalah/20', '2016-05-31 13:46:04', '2016-05-31 13:46:04'),
(24, 3, 'Melakukan perubahan makalah', 'makalah/20', '2016-05-31 20:14:15', '2016-05-31 20:14:15'),
(25, 3, 'Melakukan penambahan makalah baru, namun terdeteksi plagiat!', 'makalah/21', '2016-05-31 22:27:49', '2016-05-31 22:27:49'),
(26, 3, 'Melakukan perubahan makalah', 'makalah/21', '2016-05-31 22:28:31', '2016-05-31 22:28:31'),
(27, 3, 'Melakukan perubahan makalah', 'makalah/21', '2016-05-31 22:29:12', '2016-05-31 22:29:12'),
(28, 3, 'Melakukan perubahan makalah', 'makalah/21', '2016-05-31 22:29:55', '2016-05-31 22:29:55'),
(29, 3, 'Melakukan perubahan makalah', 'makalah/21', '2016-05-31 22:30:25', '2016-05-31 22:30:25'),
(30, 3, 'Melakukan ploting editor pada makalah', 'makalah/21', '2016-05-31 22:32:15', '2016-05-31 22:32:15'),
(31, 3, 'Melakukan penambahan editor baru', 'editor/17', '2016-05-31 22:33:51', '2016-05-31 22:33:51'),
(32, 3, 'Melakukan perubahan makalah', 'makalah/19', '2016-05-31 22:37:44', '2016-05-31 22:37:44'),
(33, 3, 'Melakukan perubahan makalah', 'makalah/18', '2016-05-31 22:38:24', '2016-05-31 22:38:24'),
(34, 3, 'Melakukan perubahan makalah', 'makalah/18', '2016-05-31 22:38:41', '2016-05-31 22:38:41'),
(35, 3, 'Melakukan perubahan makalah', 'makalah/18', '2016-05-31 22:39:04', '2016-05-31 22:39:04'),
(36, 3, 'Melakukan perubahan makalah', 'makalah/18', '2016-05-31 22:39:17', '2016-05-31 22:39:17'),
(37, 3, 'Melakukan perubahan makalah', 'makalah/18', '2016-05-31 22:39:48', '2016-05-31 22:39:48'),
(38, 3, 'Melakukan ploting editor pada makalah', 'makalah/21', '2016-05-31 23:56:28', '2016-05-31 23:56:28'),
(39, 3, 'Melakukan perubahan makalah', 'makalah/8', '2016-05-31 23:57:28', '2016-05-31 23:57:28'),
(40, 3, 'Melakukan perubahan makalah', 'makalah/8', '2016-06-01 00:00:17', '2016-06-01 00:00:17'),
(41, 3, 'Melakukan perubahan makalah', 'makalah/8', '2016-06-01 00:10:46', '2016-06-01 00:10:46'),
(42, 3, 'Melakukan perubahan makalah', 'makalah/8', '2016-06-01 00:11:16', '2016-06-01 00:11:16'),
(43, 3, 'Melakukan ploting editor pada makalah', 'makalah/8', '2016-06-01 00:11:42', '2016-06-01 00:11:42'),
(44, 3, 'Melakukan perubahan pengaturan plagiarisme', 'setting', '2016-06-01 00:37:48', '2016-06-01 00:37:48'),
(45, 3, 'Mengomentari makalah', 'makalah/8', '2016-06-01 11:24:30', '2016-06-01 11:24:30'),
(46, 3, 'Melakukan penambahan makalah baru, namun terdeteksi plagiat!', 'makalah/22', '2016-06-01 11:27:01', '2016-06-01 11:27:01'),
(47, 3, 'Melakukan perubahan makalah', 'makalah/22', '2016-06-01 11:27:50', '2016-06-01 11:27:50'),
(48, 3, 'Melakukan perubahan makalah', 'makalah/22', '2016-06-01 11:28:37', '2016-06-01 11:28:37'),
(49, 3, 'Melakukan perubahan makalah', 'makalah/22', '2016-06-01 11:29:17', '2016-06-01 11:29:17'),
(50, 3, 'Melakukan perubahan makalah', 'makalah/22', '2016-06-01 11:29:27', '2016-06-01 11:29:27'),
(51, 16, 'Melakukan perubahan makalah', 'makalah/18', '2016-06-01 11:35:17', '2016-06-01 11:35:17'),
(52, 3, 'Melakukan ploting editor pada makalah', 'makalah/18', '2016-06-01 11:38:36', '2016-06-01 11:38:36'),
(53, 17, 'Mengomentari makalah', 'makalah/18', '2016-06-01 11:39:58', '2016-06-01 11:39:58'),
(54, 16, 'Mengomentari makalah', 'makalah/18', '2016-06-01 11:41:15', '2016-06-01 11:41:15'),
(55, 3, 'Melakukan perubahan makalah', 'makalah/22', '2016-06-01 16:40:18', '2016-06-01 16:40:18'),
(56, 3, 'Melakukan perubahan makalah', 'makalah/22', '2016-06-01 16:42:33', '2016-06-01 16:42:33'),
(57, 3, 'Melakukan perubahan makalah', 'makalah/22', '2016-06-01 16:52:11', '2016-06-01 16:52:11'),
(58, 3, 'Melakukan perubahan makalah', 'makalah/10', '2016-06-01 16:54:27', '2016-06-01 16:54:27'),
(59, 3, 'Melakukan perubahan makalah', 'makalah/10', '2016-06-01 16:55:50', '2016-06-01 16:55:50'),
(60, 3, 'Melakukan perubahan makalah', 'makalah/10', '2016-06-01 16:56:38', '2016-06-01 16:56:38'),
(61, 3, 'Melakukan perubahan makalah', 'makalah/10', '2016-06-01 16:57:13', '2016-06-01 16:57:13'),
(62, 3, 'Melakukan perubahan makalah', 'makalah/10', '2016-06-01 16:58:04', '2016-06-01 16:58:04'),
(63, 3, 'Melakukan perubahan makalah', 'makalah/10', '2016-06-01 16:59:51', '2016-06-01 16:59:51'),
(64, 3, 'Melakukan perubahan makalah', 'makalah/10', '2016-06-01 17:00:14', '2016-06-01 17:00:14'),
(65, 3, 'Melakukan perubahan makalah', 'makalah/10', '2016-06-01 17:00:44', '2016-06-01 17:00:44'),
(66, 3, 'Melakukan ploting editor pada makalah', 'makalah/22', '2016-06-01 17:01:26', '2016-06-01 17:01:26'),
(67, 3, 'Melakukan penambahan makalah baru, namun terdeteksi plagiat!', 'makalah/23', '2016-06-01 17:03:14', '2016-06-01 17:03:14'),
(68, 3, 'Melakukan perubahan makalah', 'makalah/23', '2016-06-01 17:03:59', '2016-06-01 17:03:59'),
(69, 3, 'Melakukan perubahan makalah', 'makalah/23', '2016-06-01 17:04:50', '2016-06-01 17:04:50'),
(70, 3, 'Melakukan perubahan makalah', 'makalah/23', '2016-06-01 17:08:10', '2016-06-01 17:08:10'),
(71, 3, 'Melakukan perubahan makalah', 'makalah/23', '2016-06-01 17:08:20', '2016-06-01 17:08:20'),
(72, 3, 'Melakukan perubahan makalah', 'makalah/23', '2016-06-01 17:08:34', '2016-06-01 17:08:34'),
(73, 3, 'Melakukan penambahan makalah baru dan Lolos plagiat!', 'makalah/24', '2016-06-01 17:42:56', '2016-06-01 17:42:56'),
(74, 3, 'Mengomentari makalah', 'makalah/24', '2016-06-01 17:44:43', '2016-06-01 17:44:43'),
(75, 3, 'Mengomentari makalah', 'makalah/24', '2016-06-01 17:52:23', '2016-06-01 17:52:23'),
(76, 16, 'Melakukan penambahan makalah baru, namun terdeteksi plagiat!', 'makalah/25', '2016-06-01 18:51:34', '2016-06-01 18:51:34'),
(77, 16, 'Melakukan penambahan makalah baru, namun terdeteksi plagiat!', 'makalah/26', '2016-06-01 18:51:55', '2016-06-01 18:51:55'),
(78, 16, 'Melakukan penambahan makalah baru dan Lolos plagiat!', 'makalah/27', '2016-06-01 18:52:17', '2016-06-01 18:52:17'),
(79, 17, 'Melakukan perubahan pengaturan plagiarisme', 'setting', '2016-06-01 18:57:14', '2016-06-01 18:57:14'),
(80, 3, 'Melakukan penambahan penulis baru', 'penulis/18', '2016-06-03 05:44:40', '2016-06-03 05:44:40'),
(81, 3, 'Melakukan perubahan makalah', 'makalah/27', '2016-06-03 05:46:39', '2016-06-03 05:46:39'),
(82, 3, 'Mengomentari makalah', 'makalah/27', '2016-06-03 05:46:58', '2016-06-03 05:46:58'),
(83, 18, 'Melakukan penambahan makalah baru dan Lolos plagiat!', 'makalah/28', '2016-06-03 05:48:02', '2016-06-03 05:48:02'),
(84, 18, 'Melakukan perubahan makalah', 'makalah/28', '2016-06-03 05:48:56', '2016-06-03 05:48:56'),
(85, 18, 'Melakukan perubahan makalah', 'makalah/28', '2016-06-03 05:50:22', '2016-06-03 05:50:22'),
(86, 3, 'Melakukan perubahan makalah', 'makalah/28', '2016-06-03 05:50:53', '2016-06-03 05:50:53'),
(87, 3, 'Mengomentari makalah', 'makalah/28', '2016-06-03 05:51:07', '2016-06-03 05:51:07'),
(88, 18, 'Melakukan perubahan makalah', 'makalah/28', '2016-06-03 05:56:34', '2016-06-03 05:56:34'),
(89, 18, 'Melakukan perubahan makalah', 'makalah/28', '2016-06-03 05:59:28', '2016-06-03 05:59:28'),
(90, 18, 'Melakukan perubahan makalah', 'makalah/28', '2016-06-03 05:59:51', '2016-06-03 05:59:51'),
(91, 18, 'Melakukan perubahan makalah', 'makalah/28', '2016-06-03 06:00:44', '2016-06-03 06:00:44'),
(92, 18, 'Melakukan perubahan makalah', 'makalah/28', '2016-06-03 06:01:24', '2016-06-03 06:01:24'),
(93, 3, 'Melakukan perubahan pengaturan plagiarisme', 'setting', '2016-06-03 06:01:39', '2016-06-03 06:01:39'),
(94, 18, 'Melakukan perubahan makalah', 'makalah/28', '2016-06-03 06:01:53', '2016-06-03 06:01:53'),
(95, 18, 'Melakukan perubahan makalah', 'makalah/28', '2016-06-03 06:02:26', '2016-06-03 06:02:26'),
(96, 18, 'Melakukan perubahan makalah', 'makalah/28', '2016-06-03 06:02:41', '2016-06-03 06:02:41'),
(97, 3, 'Melakukan penambahan editor baru', 'editor/19', '2016-06-03 06:17:06', '2016-06-03 06:17:06'),
(98, 18, 'Melakukan perubahan makalah', 'makalah/28', '2016-06-03 06:17:52', '2016-06-03 06:17:52'),
(99, 3, 'Melakukan perubahan pengaturan plagiarisme', 'setting', '2016-06-03 06:18:39', '2016-06-03 06:18:39'),
(100, 18, 'Melakukan perubahan makalah', 'makalah/28', '2016-06-03 06:18:54', '2016-06-03 06:18:54'),
(101, 3, 'Melakukan ploting editor pada makalah', 'makalah/28', '2016-06-03 06:20:25', '2016-06-03 06:20:25'),
(102, 19, 'Mengomentari makalah', 'makalah/28', '2016-06-03 06:22:53', '2016-06-03 06:22:53'),
(103, 18, 'Mengomentari makalah', 'makalah/28', '2016-06-03 06:23:50', '2016-06-03 06:23:50'),
(104, 18, 'Mengomentari makalah', 'makalah/28', '2016-06-03 06:24:43', '2016-06-03 06:24:43'),
(105, 3, 'Melakukan penambahan penulis baru', 'penulis/20', '2016-06-03 20:07:20', '2016-06-03 20:07:20'),
(106, 3, 'Melakukan penambahan editor baru', 'editor/21', '2016-06-05 15:48:18', '2016-06-05 15:48:18'),
(107, 3, 'Melakukan perubahan data editor', 'editor/21', '2016-06-05 15:50:08', '2016-06-05 15:50:08'),
(108, 3, 'Melakukan perubahan data editor', 'editor/21', '2016-06-05 15:58:06', '2016-06-05 15:58:06'),
(109, 3, 'Melakukan perubahan data editor', 'editor/21', '2016-06-05 16:03:17', '2016-06-05 16:03:17'),
(110, 3, 'Melakukan perubahan data editor', 'editor/21', '2016-06-05 16:06:16', '2016-06-05 16:06:16'),
(111, 3, 'Melakukan penambahan penulis baru', 'penulis/22', '2016-06-05 16:06:57', '2016-06-05 16:06:57'),
(112, 3, 'Melakukan perubahan data penulis', 'penulis/22', '2016-06-05 16:08:46', '2016-06-05 16:08:46'),
(113, 3, 'Melakukan perubahan data penulis', 'penulis/22', '2016-06-05 16:11:27', '2016-06-05 16:11:27'),
(114, 3, 'Melakukan penambahan makalah baru, namun terdeteksi plagiat!', 'makalah/29', '2016-06-05 16:37:25', '2016-06-05 16:37:25'),
(115, 3, 'Melakukan perubahan data editor', 'editor/19', '2016-06-05 22:17:49', '2016-06-05 22:17:49'),
(116, 3, 'Melakukan perubahan data editor', 'editor/21', '2016-06-05 22:18:12', '2016-06-05 22:18:12'),
(117, 3, 'Melakukan perubahan data penulis', 'penulis/14', '2016-06-05 22:19:49', '2016-06-05 22:19:49'),
(118, 3, 'Melakukan perubahan data penulis', 'penulis/15', '2016-06-05 22:20:30', '2016-06-05 22:20:30'),
(119, 3, 'Melakukan perubahan data penulis', 'penulis/20', '2016-06-05 22:22:33', '2016-06-05 22:22:33'),
(120, 3, 'Melakukan perubahan data penulis', 'penulis/22', '2016-06-05 22:22:34', '2016-06-05 22:22:34'),
(121, 3, 'Melakukan perubahan data penulis', 'penulis/18', '2016-06-05 22:24:58', '2016-06-05 22:24:58'),
(122, 3, 'Melakukan perubahan data penulis', 'penulis/18', '2016-06-05 22:25:01', '2016-06-05 22:25:01'),
(123, 3, 'Melakukan penambahan makalah baru dan Lolos plagiat!', 'makalah/30', '2016-06-08 04:24:48', '2016-06-08 04:24:48'),
(124, 3, 'Melakukan perubahan pengaturan plagiarisme', 'setting', '2016-06-08 04:25:09', '2016-06-08 04:25:09'),
(125, 3, 'Menghapus makalah', '', '2016-06-08 04:25:21', '2016-06-08 04:25:21'),
(126, 3, 'Melakukan penambahan makalah baru, namun terdeteksi plagiat!', 'makalah/31', '2016-06-08 04:25:38', '2016-06-08 04:25:38'),
(127, 3, 'Melakukan perubahan makalah', 'makalah/24', '2016-06-08 04:28:30', '2016-06-08 04:28:30'),
(128, 3, 'Mengomentari makalah', 'makalah/24', '2016-06-08 04:28:44', '2016-06-08 04:28:44'),
(129, 23, 'Melakukan registrasi sebagai Penulis', 'penulis/23', '2016-07-10 14:50:26', '2016-07-10 14:50:26'),
(130, 23, 'Melakukan perubahan profil pribadi', 'profile', '2016-07-10 14:51:34', '2016-07-10 14:51:34'),
(131, 24, 'Melakukan registrasi sebagai Penulis', 'penulis/24', '2016-07-10 15:03:34', '2016-07-10 15:03:34'),
(132, 25, 'melakukan registrasi sebagai Mahasiswa', 'mahasiswa/25', '2016-07-10 15:19:32', '2016-07-10 15:19:32'),
(133, 3, 'Melakukan ploting dosen pada makalah', 'makalah/22', '2016-07-14 21:38:57', '2016-07-14 21:38:57'),
(134, 3, 'Menghapus makalah', '', '2016-07-14 21:57:33', '2016-07-14 21:57:33'),
(135, 3, 'Melakukan penambahan makalah baru dan Lolos plagiat!', 'makalah/32', '2016-07-14 22:02:32', '2016-07-14 22:02:32'),
(136, 3, 'Melakukan penambahan makalah baru, namun terdeteksi plagiat!', 'makalah/33', '2016-07-14 22:03:04', '2016-07-14 22:03:04'),
(137, 3, 'Melakukan penambahan makalah baru dan Lolos plagiat!', 'makalah/34', '2016-07-14 22:04:00', '2016-07-14 22:04:00'),
(138, 3, 'Melakukan penambahan makalah baru, namun terdeteksi plagiat!', 'makalah/35', '2016-07-14 22:04:13', '2016-07-14 22:04:13'),
(139, 3, 'Melakukan perubahan makalah', 'makalah/35', '2016-07-14 22:06:01', '2016-07-14 22:06:01'),
(140, 3, 'Melakukan perubahan pengaturan plagiarisme', 'setting', '2016-07-14 22:06:16', '2016-07-14 22:06:16'),
(141, 3, 'Melakukan perubahan makalah', 'makalah/35', '2016-07-14 22:06:31', '2016-07-14 22:06:31'),
(142, 3, 'Melakukan perubahan makalah', 'makalah/35', '2016-07-14 22:08:01', '2016-07-14 22:08:01'),
(143, 3, 'Melakukan penambahan dosen baru', 'dosen/26', '2016-07-17 17:44:48', '2016-07-17 17:44:48'),
(144, 3, 'Melakukan ploting dosen pada makalah', 'makalah/28', '2016-07-17 17:46:30', '2016-07-17 17:46:30'),
(145, 26, 'Mengomentari makalah', 'makalah/28', '2016-07-17 17:47:26', '2016-07-17 17:47:26'),
(146, 3, 'Mengomentari proposal', 'makalah/28', '2016-07-17 21:47:10', '2016-07-17 21:47:10'),
(147, 3, 'Melakukan perubahan profil pribadi', 'profile', '2016-07-24 11:25:01', '2016-07-24 11:25:01'),
(148, 3, 'Melakukan perubahan profil pribadi', 'profile', '2016-07-24 11:25:10', '2016-07-24 11:25:10'),
(149, 3, 'Menghapus proposal', '', '2016-07-24 11:31:17', '2016-07-24 11:31:17'),
(150, 3, 'Menghapus proposal', '', '2016-07-24 11:31:23', '2016-07-24 11:31:23'),
(151, 3, 'Menghapus proposal', '', '2016-07-24 11:37:44', '2016-07-24 11:37:44'),
(152, 3, 'Menghapus data dosen', '', '2016-07-24 11:38:09', '2016-07-24 11:38:09'),
(153, 3, 'Melakukan perubahan profil pribadi', 'profile', '2016-07-24 13:44:26', '2016-07-24 13:44:26'),
(154, 3, 'Melakukan perubahan profil pribadi', 'profile', '2016-07-24 13:44:42', '2016-07-24 13:44:42'),
(155, 3, 'Melakukan penambahan mahasiswa baru', 'mahasiswa/27', '2016-07-24 13:45:48', '2016-07-24 13:45:48'),
(156, 3, 'Melakukan perubahan profil pribadi', 'profile', '2016-08-05 15:45:36', '2016-08-05 15:45:36'),
(157, 3, 'Melakukan penambahan makalah baru dan Lolos plagiat!', 'makalah/1', '2016-08-05 20:21:11', '2016-08-05 20:21:11'),
(158, 3, 'Melakukan ploting dosen pada proposal', 'makalah/1', '2016-08-05 20:21:48', '2016-08-05 20:21:48'),
(159, 3, 'Menghapus data mahasiswa', '', '2016-09-19 04:58:01', '2016-09-19 04:58:01'),
(160, 3, 'Melakukan penambahan dosen baru', 'dosen/28', '2016-09-20 20:18:46', '2016-09-20 20:18:46'),
(161, 3, 'Melakukan penambahan dosen baru', 'dosen/29', '2016-10-15 19:35:45', '2016-10-15 19:35:45'),
(162, 3, 'Melakukan penambahan mahasiswa baru', 'mahasiswa/30', '2016-10-15 19:39:55', '2016-10-15 19:39:55'),
(163, 3, 'Mengomentari proposal', 'makalah/1', '2016-10-25 01:57:54', '2016-10-25 01:57:54'),
(164, 3, 'Melakukan perubahan data dosen', 'dosen/28', '2016-10-25 02:13:12', '2016-10-25 02:13:12'),
(165, 3, 'Menghapus data dosen', '', '2016-10-25 02:13:30', '2016-10-25 02:13:30'),
(166, 30, 'Melakukan penambahan makalah baru dan Lolos plagiat!', 'makalah/2', '2016-10-25 02:19:07', '2016-10-25 02:19:07'),
(167, 3, 'Melakukan ploting dosen pada proposal', 'makalah/2', '2016-10-25 02:22:15', '2016-10-25 02:22:15'),
(168, 3, 'Mengomentari proposal', 'makalah/2', '2016-10-25 02:24:07', '2016-10-25 02:24:07'),
(169, 30, 'Mengomentari proposal', 'makalah/2', '2016-10-25 02:24:25', '2016-10-25 02:24:25'),
(170, 3, 'Menghapus data dosen', '', '2016-10-26 01:45:04', '2016-10-26 01:45:04'),
(171, 3, 'Melakukan penambahan dosen baru', 'dosen/31', '2016-10-26 01:47:28', '2016-10-26 01:47:28'),
(172, 3, 'Melakukan perubahan data dosen', 'dosen/31', '2016-10-26 01:48:34', '2016-10-26 01:48:34'),
(173, 3, 'Melakukan penambahan dosen baru', 'dosen/32', '2016-10-26 01:49:22', '2016-10-26 01:49:22'),
(174, 3, 'Melakukan penambahan dosen baru', 'dosen/33', '2016-10-26 01:49:57', '2016-10-26 01:49:57'),
(175, 3, 'Melakukan penambahan dosen baru', 'dosen/34', '2016-10-26 01:50:57', '2016-10-26 01:50:57'),
(176, 3, 'Melakukan penambahan dosen baru', 'dosen/35', '2016-10-26 01:51:29', '2016-10-26 01:51:29'),
(177, 3, 'Melakukan penambahan dosen baru', 'dosen/36', '2016-10-26 01:52:04', '2016-10-26 01:52:04'),
(178, 3, 'Melakukan penambahan dosen baru', 'dosen/37', '2016-10-26 01:52:28', '2016-10-26 01:52:28'),
(179, 3, 'Melakukan penambahan dosen baru', 'dosen/38', '2016-10-26 01:52:53', '2016-10-26 01:52:53'),
(180, 3, 'Melakukan penambahan dosen baru', 'dosen/39', '2016-10-26 01:53:19', '2016-10-26 01:53:19'),
(181, 3, 'Melakukan penambahan dosen baru', 'dosen/40', '2016-10-26 01:53:49', '2016-10-26 01:53:49'),
(182, 3, 'Melakukan penambahan dosen baru', 'dosen/41', '2016-10-26 01:54:15', '2016-10-26 01:54:15'),
(183, 3, 'Melakukan penambahan dosen baru', 'dosen/42', '2016-10-26 01:54:56', '2016-10-26 01:54:56'),
(184, 3, 'Menghapus data dosen', '', '2016-10-26 01:59:23', '2016-10-26 01:59:23'),
(185, 3, 'Menghapus data dosen', '', '2016-10-26 01:59:30', '2016-10-26 01:59:30'),
(186, 3, 'Menghapus data dosen', '', '2016-10-26 01:59:39', '2016-10-26 01:59:39'),
(187, 3, 'Menghapus data dosen', '', '2016-10-26 01:59:43', '2016-10-26 01:59:43'),
(188, 3, 'Menghapus data dosen', '', '2016-10-26 01:59:48', '2016-10-26 01:59:48'),
(189, 3, 'Menghapus data dosen', '', '2016-10-26 01:59:59', '2016-10-26 01:59:59'),
(190, 43, 'melakukan registrasi sebagai Mahasiswa', 'mahasiswa/43', '2017-04-26 17:35:07', '2017-04-26 17:35:07'),
(191, 44, 'melakukan registrasi sebagai Mahasiswa', 'mahasiswa/44', '2017-05-18 19:12:27', '2017-05-18 19:12:27'),
(192, 45, 'melakukan registrasi sebagai Editor', 'editor/45', '2017-05-18 19:16:31', '2017-05-18 19:16:31'),
(193, 3, 'Menghapus data mahasiswa', '', '2017-05-18 20:06:24', '2017-05-18 20:06:24'),
(194, 3, 'Menghapus data mahasiswa', '', '2017-05-18 20:07:11', '2017-05-18 20:07:11'),
(195, 3, 'Melakukan penambahan kategori baru', 'makul/8', '2017-05-18 20:21:23', '2017-05-18 20:21:23');

-- --------------------------------------------------------

--
-- Table structure for table `tugas`
--

CREATE TABLE IF NOT EXISTS `tugas` (
  `id_tugas` int(20) NOT NULL,
  `id_user` int(20) NOT NULL,
  `no_id` varchar(20) NOT NULL,
  `nama_tugas` varchar(30) NOT NULL,
  `id_makul` varchar(10) NOT NULL,
  `tugas` varchar(30) NOT NULL,
  `create_at` datetime NOT NULL
) ENGINE=InnoDB AUTO_INCREMENT=15 DEFAULT CHARSET=latin1;

--
-- Dumping data for table `tugas`
--

INSERT INTO `tugas` (`id_tugas`, `id_user`, `no_id`, `nama_tugas`, `id_makul`, `tugas`, `create_at`) VALUES
(1, 0, '5302412072', 'laporan Mikrokontroler', 'PM001', 'laporan.pdf', '0000-00-00 00:00:00'),
(2, 0, '5302412054', 'laporan listrik', 'PL001', 'laporan.doc', '0000-00-00 00:00:00'),
(3, 0, '', '', '', 'dist/modul/khaidar.doc', '0000-00-00 00:00:00'),
(4, 0, '', '', '', 'dist/modul/OUTLINE.docx', '0000-00-00 00:00:00'),
(5, 0, '', 'Mikro', '', 'dist/modul/laravel no 1.docx', '0000-00-00 00:00:00'),
(6, 3, '', 'huah', '', 'dist/modul/laravel no 1.docx', '0000-00-00 00:00:00'),
(7, 0, '195605081984031004', 'tugas', '4', 'Rundown Acara Nonton Bareng.do', '0000-00-00 00:00:00'),
(8, 0, '195605081984031004', 'tugas', '4', 'Rundown Acara Nonton Bareng.do', '0000-00-00 00:00:00'),
(9, 32, '198210192014041001', 'tugas Mikro', '3', 'Rundown Acara Nonton Bareng.do', '0000-00-00 00:00:00'),
(10, 32, '198208242014041001', 'tugas elektonika', '3', 'Pendataan Keluarga Sejahtera.d', '0000-00-00 00:00:00'),
(11, 32, '197411232005011001', 'tugas listrik', '4', 'JOBDESC HARI H.docx', '2016-10-14 00:00:00'),
(12, 3, '--Pilih Dosen--', 'lk', '--Pilih Ma', 'Panitia Pembangunan.docx', '2016-10-27 00:00:00'),
(13, 3, '197103161999032002', 'Zulham Hehe', '5', 'Draft Final.docx', '2017-05-18 00:00:00'),
(14, 3, '197310172000032001', 'asd', '3', 'Draft Final.docx', '2017-05-18 00:00:00');

-- --------------------------------------------------------

--
-- Table structure for table `users`
--

CREATE TABLE IF NOT EXISTS `users` (
  `id_user` int(11) NOT NULL,
  `no_id` varchar(50) DEFAULT NULL,
  `id_role` int(11) DEFAULT NULL,
  `no_telp` varchar(20) DEFAULT NULL,
  `name` varchar(50) DEFAULT NULL,
  `email` varchar(50) DEFAULT NULL,
  `password` varchar(500) DEFAULT NULL,
  `updated_at` datetime DEFAULT NULL,
  `created_at` datetime DEFAULT NULL,
  `remember_token` varchar(500) DEFAULT NULL,
  `image` text,
  `status` int(11) DEFAULT NULL
) ENGINE=InnoDB AUTO_INCREMENT=46 DEFAULT CHARSET=latin1;

--
-- Dumping data for table `users`
--

INSERT INTO `users` (`id_user`, `no_id`, `id_role`, `no_telp`, `name`, `email`, `password`, `updated_at`, `created_at`, `remember_token`, `image`, `status`) VALUES
(3, '111111', 1, '', 'M Wahyudi', 'a@a.com', '$2y$10$tawcpz0CME5PDlHsFMiarupFzFcUTbSE6hwiue5.zaAqqVQZ890fi', '2017-05-18 19:33:44', '2016-04-21 07:56:01', 'VfUNLZsqyCW9Ijtic9MuWqhy4jbChEXOup9Ca4GR91EnbI1VynR6QBBpzdP8', 'dist/img/3.jpg', 1),
(6, '111114', 3, NULL, 'penulis1', 'penulis1@gmail.com', '$2y$10$tawcpz0CME5PDlHsFMiarupFzFcUTbSE6hwiue5.zaAqqVQZ890fi', '2016-06-03 21:12:37', '2016-04-21 07:56:01', '4rXDfTnb6pBotVMmNj35GU3ZDoQa6l0VXZlmzksVr04pdKUcbtA1M09yvpAH', 'dist/img/avatar4.png', 1),
(13, '111117', 3, NULL, 'penulis2', 'penulis2@gmail.com', '$2y$10$N0I2Fh1aZx2g222C6m/e4eP6UUvxcqSldj/AYUdMaPKKw2ctwulRO', '2016-05-19 08:40:50', '2016-05-19 08:40:19', NULL, 'dist/img/noprofile.gif', 1),
(14, '111120', 3, '', 'penulis4', 'penulis4@gmail.com', '$2y$10$uxchlZ..bS54ZmloLW5iV.GYpH5hPKr/myCpvFgvtf66xXyFzssHy', '2016-06-05 22:19:49', '2016-05-22 19:39:42', 'uPaqxWb4rmtaSA4xFij4RgWFaj5rKvM1sFZCvrfkTAa1GrTTmjoBiAZGcX0x', 'dist/img/noprofile.gif', 1),
(15, '111121', 3, '', 'penulis5', 'penulis5@gmail.com', '$2y$10$Nw4Fc6J9wefklGxBjslBpe72cTAZaLcx4BdkTbnUPNkUMKWmPBP.6', '2016-06-05 22:20:30', '2016-05-26 09:05:13', NULL, 'dist/img/noprofile.gif', 1),
(16, NULL, 1, NULL, 'penulis6', 'penulis6@a.com', '$2y$10$hY0gz1FN3nW0.NvWwh.IK.6ybqeIVCOHc9o5ayIuZ6WNNeo6QeKzG', '2016-06-03 05:44:10', '2016-05-31 07:19:43', 'Ck62vm0EyhqjRHX7k5ncUbCPKXJYEXyYmnjgl6KZUDmr60IJs84Q9PA6pLuv', 'dist/img/noprofile.gif', 1),
(17, NULL, 1, NULL, 'editor6', 'editor6@editor6.com', '$2y$10$B7MGMwgl4QtMx8JT7L0mju6W77hf.ksOvbippHpYnRpYmt1ZkT3jm', '2016-06-01 18:54:12', '2016-05-31 22:33:51', 'YLmbvMGutZRIiBwF56IoTFFycZBeT6d6yxCOthy02poKv3a7m6fTudqZUxYL', 'dist/img/noprofile.gif', 1),
(18, '111122', 3, '', 'penulis7', 'penulis7@penulis7.com', '$2y$10$g62ePt1HObUqKNJwbOrrCenr/8Mq8c326/4JkrL1S/728EeVeB152', '2016-06-05 22:24:58', '2016-06-03 05:44:40', NULL, 'dist/img/noprofile.gif', 1),
(22, '111124', 3, '1234', 'penulisbaru', 'penulisbaru@gmail.com', '$2y$10$FWjJW.yEvjwiTdoY9nwhJ.zimPYP9MrCScqiOwOCwHvh/NMPeKQka', '2016-06-05 22:22:34', '2016-06-05 16:06:57', '8PT2OIIZW8LJv13tMwKmXylADPCQcawaWAPgSYZsrk9CEJsli96B83PuOxMU', 'dist/img/noprofile.gif', 1),
(23, '000000', 3, '', 'coba mahasiswa', 'va@a.com', '$2y$10$pHi4cGlLbEDjImAjlyu9pOr8eGj5N8yeXzRM/Dyt4RTcJi4bdmtMa', '2016-07-10 15:02:23', '2016-07-10 14:50:26', '6lO00Ah1ckVyQhAUmMKteZAzRP2yNF0gbGSB00gKeOpiyxnmcpC8ladlhM2W', 'dist/img/23.jpg', 0),
(24, '999999', 3, NULL, 'Ardian Rizqi', 'volvoxgroups@gmail.com', '$2y$10$npatOebDF4/h6dKYVmSPOuCvPqLkMoPvxanpq.fm9jxE8mD5BIFpS', '2016-07-10 15:18:52', '2016-07-10 15:03:34', 'RnYyAm8vxpKdSfQhbpENiXtLRgjjXeIOjqQbp3owU4HBRuP8WLm54cYHMcix', 'dist/img/noprofile.gif', 0),
(25, '1111110', 3, NULL, 'q', 'v@a.com', '$2y$10$nNuM1D8b80CJAxT2zsJEAuvgE.J8gXzTLivNyP4GIs8FiQaUSFmxq', '2016-07-10 15:19:32', '2016-07-10 15:19:32', NULL, 'dist/img/noprofile.gif', 0),
(27, '5302412077', 3, NULL, 'M Wahyudi', 'yudi.unnes@gmail.com', '$2y$10$hPvF3YcCIt4s7I6z/mEAPOoxngQWDXeXpZP1boEKF3iNVCTvHarka', '2016-07-24 14:11:23', '2016-07-24 13:45:48', '8846o0DhZ7D0kUXXUTonbg45yDF7cvrVA4h485k5XHqH63TiSZ1YPaQC7JCf', 'dist/img/noprofile.gif', 1),
(30, '121212', 3, NULL, 'Hilal', 'y@y.com', '$2y$10$wIbntUN3tHIFY.WiNhYAlOy.0KhlMtbCp2F6fPaMsKppVmrsofCUW', '2016-10-15 19:40:53', '2016-10-15 19:39:55', 's1bnBaGBonM4zlTOasFbX95blY2vzm4ClywbUyJh2Y3ACZwdl5aHa55sU7Q4', 'dist/img/noprofile.gif', 1),
(31, '197405191999032001', 2, '0857 7993 5282', 'Dr. Wara Dyah Pita Rengga, S.T.,M.T.', 'wdpitar@mail.unnes.ac.id', '$2y$10$opFkUme7QYPi4JAwCUCT3ecO0R4Xy3KaX2M2spzakWLYWyH4EtvXi', '2016-10-28 05:12:08', '2016-10-26 01:47:27', 'MpLMlFbvtZ7OJXYT2exM4FyFvAF0LAL2lvQKU3oQFxCzkE8AyzSv1i8maLAT', 'dist/img/noprofile.gif', 1),
(32, '197103161999032002', 2, NULL, 'Dr. Dewi Selvia Fardhyanti, S.T.,M.T.', 'dewiselvia@mail.unnes.ac.id', '$2y$10$qNimWvn394ew9eOPO6UO3./JTePyfVkSTkWQXpZU1mrGaDucpP6Kq', '2016-10-28 05:21:47', '2016-10-26 01:49:22', 'tUU67965Nz4oYPfAnmJBxWaCnAoj9UIq2etbgExQMoqMUzJnNxUXNwdfYUBN', 'dist/img/noprofile.gif', 1),
(33, '197310172000032001', 2, NULL, 'Dr. Widi Astuti, S.T.,M.T.', 'wiwied.unnes@gmail.com', '$2y$10$4UD.7/6YQM5p10d4CCyZOuOK7BC4EKJMXWX.UYaACuZTpz5jwpgGu', '2016-10-26 01:49:57', '2016-10-26 01:49:57', NULL, 'dist/img/noprofile.gif', 1),
(34, '197603112000122001', 2, NULL, 'Dr. Ratna Dewi Kusumaningtyas, S.T., M.T. ', 'dewinino@gmail.com', '$2y$10$.c7EdxkrrQ0/7K8bzir2OO6wuMv2oOU4F0yEKop3fLtT/E2LydlKK', '2016-10-26 01:50:57', '2016-10-26 01:50:57', NULL, 'dist/img/noprofile.gif', 1),
(35, '197211062006042001', 2, NULL, 'Dr. Megawati, S.T., M.T. ', 'ega.ati@gmail.com', '$2y$10$sWhlXAXmR2LU32lHaQslB.U2ht6vk2py7E4mICIDeMvldUYP43vdK', '2016-10-26 01:51:29', '2016-10-26 01:51:29', NULL, 'dist/img/noprofile.gif', 1),
(36, '198601172012122003', 2, NULL, 'Catur Rini Widyastuti, S.T., M.Sc.', 'c.rini.widyastuti@gmail.com', '$2y$10$cJ71lVFTUNWgnZpBUYi1KOCjBqyZWuHud9egHyy6qNcJ6WvECTbay', '2016-10-26 01:52:03', '2016-10-26 01:52:03', NULL, 'dist/img/noprofile.gif', 1),
(37, '198811222014041001', 2, NULL, 'Bayu Triwibowo, S.T., M.T.', 'bayu.k46@gmail.com', '$2y$10$0MnVwV5AoJJBV/7JPg4QuOSa/gpq0hRg.yxsLPVqCjXe.q23gHVXu', '2016-10-26 01:52:28', '2016-10-26 01:52:28', NULL, 'dist/img/noprofile.gif', 1),
(38, '198711192014042002', 2, NULL, 'Radenrara Dewi Artanti Putri, S.T., M.T.', 'dewi.artanti@yahoo.com', '$2y$10$dApsJsZmIcHfveeaf2pgM.QXUJWkvLUaMmF5nT2mLKX/5qUhi3x4W', '2016-10-26 01:52:53', '2016-10-26 01:52:53', NULL, 'dist/img/noprofile.gif', 1),
(39, '198711112015041003  ', 2, NULL, 'Dhoni Hartanto, S.T., M.T., M.Sc.', 'dhoni.hartanto@gmail.com', '$2y$10$2umbfmlO3qoBDwHkI0mBz.gpiwpHcMnYVesDpgQ5o7xCQvf61xs9G', '2016-10-26 01:53:19', '2016-10-26 01:53:19', NULL, 'dist/img/noprofile.gif', 1),
(40, '199001272015042001 ', 2, NULL, 'Ria Wulansarie, S.T., M.T.', 'ria.cheui@gmail.com', '$2y$10$lRbkmmr683pILVApD/5Use0CM9pq3sYDZmPA7kzZR69j4CsUQqD5G', '2016-10-26 01:53:49', '2016-10-26 01:53:49', NULL, 'dist/img/noprofile.gif', 1),
(41, '198612232015081184', 2, NULL, 'Haniif Prasetiawan, S.T., M.Eng.', 'haniifprasetiawan@yahoo.com', '$2y$10$KOsC6ms/owr/XhGfEBgKC.w3Qla6BH/wSrIZOdFxhAzVteXROUHc6', '2016-10-26 01:54:15', '2016-10-26 01:54:15', NULL, 'dist/img/noprofile.gif', 1),
(42, '12345678', 2, NULL, 'Achmad Chafidz Mas Sahid, S.T., M.Sc.', '12@gmail.com', '$2y$10$1y3OCdWhUXwk1ws6pygtbOvqrJOfLrGGroN5/m8c34J5PWA.DQKY.', '2016-10-26 01:54:56', '2016-10-26 01:54:56', NULL, 'dist/img/noprofile.gif', 1),
(43, '0123456789', 3, NULL, 'hakim', 'hakimakhmad@yahoo.co.id', '$2y$10$d9.XhDeErWfDl8vdOIboyujkFCwOIZsa/zIJo1yPCgY4MO5eGAO6O', '2017-04-26 17:35:07', '2017-04-26 17:35:07', NULL, 'dist/img/noprofile.gif', 0),
(44, '5302414040', 3, NULL, 'Zulham', 'zulham724@gmail.com', '$2y$10$XNA..bIGo7kdlg.Si9SMeOFPpi1vSPG2.Ujq3c/mhMnflyTUpGZjG', '2017-05-18 19:14:31', '2017-05-18 19:12:27', 'HxXR3J6a5QZgGOMbxHqFyjvmvaTQIFpT5t0Patt80D0DKRKOYujxosazqRzA', 'dist/img/noprofile.gif', 0),
(45, '123123123', 2, NULL, 'admin', 'admin@gmail.com', '$2y$10$9RyUWglpSN8n69xW8IW.0.5dp5zSB6V9DdqBhN/oalBsvojazSOFy', '2017-05-18 19:16:49', '2017-05-18 19:16:31', 'gTdKr4Ls3iIIM8eoCQtmvgvUsShhr8idxV079WuuOR5QpdN9I50JlpFFDZ2f', 'dist/img/noprofile.gif', 0);

--
-- Indexes for dumped tables
--

--
-- Indexes for table `history_plagiat`
--
ALTER TABLE `history_plagiat`
  ADD PRIMARY KEY (`id_plagiat`);

--
-- Indexes for table `jenis_dosen`
--
ALTER TABLE `jenis_dosen`
  ADD PRIMARY KEY (`id_jenis_dosen`);

--
-- Indexes for table `katadasar`
--
ALTER TABLE `katadasar`
  ADD PRIMARY KEY (`kata`);

--
-- Indexes for table `kategori`
--
ALTER TABLE `kategori`
  ADD PRIMARY KEY (`id_kategori`);

--
-- Indexes for table `komentar_makalah`
--
ALTER TABLE `komentar_makalah`
  ADD PRIMARY KEY (`id_komentar`);

--
-- Indexes for table `makalah`
--
ALTER TABLE `makalah`
  ADD PRIMARY KEY (`id_makalah`);

--
-- Indexes for table `mata_kuliah`
--
ALTER TABLE `mata_kuliah`
  ADD PRIMARY KEY (`id_makul`);

--
-- Indexes for table `modul_pembelajaran`
--
ALTER TABLE `modul_pembelajaran`
  ADD PRIMARY KEY (`id_modul`);

--
-- Indexes for table `pengaturan`
--
ALTER TABLE `pengaturan`
  ADD PRIMARY KEY (`id`);

--
-- Indexes for table `status_makalah`
--
ALTER TABLE `status_makalah`
  ADD PRIMARY KEY (`id_status`);

--
-- Indexes for table `stoplist`
--
ALTER TABLE `stoplist`
  ADD PRIMARY KEY (`kata`);

--
-- Indexes for table `timeline`
--
ALTER TABLE `timeline`
  ADD PRIMARY KEY (`id`);

--
-- Indexes for table `tugas`
--
ALTER TABLE `tugas`
  ADD PRIMARY KEY (`id_tugas`);

--
-- Indexes for table `users`
--
ALTER TABLE `users`
  ADD PRIMARY KEY (`id_user`);

--
-- AUTO_INCREMENT for dumped tables
--

--
-- AUTO_INCREMENT for table `history_plagiat`
--
ALTER TABLE `history_plagiat`
  MODIFY `id_plagiat` int(11) NOT NULL AUTO_INCREMENT,AUTO_INCREMENT=96;
--
-- AUTO_INCREMENT for table `jenis_dosen`
--
ALTER TABLE `jenis_dosen`
  MODIFY `id_jenis_dosen` int(11) NOT NULL AUTO_INCREMENT,AUTO_INCREMENT=3;
--
-- AUTO_INCREMENT for table `kategori`
--
ALTER TABLE `kategori`
  MODIFY `id_kategori` int(11) NOT NULL AUTO_INCREMENT,AUTO_INCREMENT=6;
--
-- AUTO_INCREMENT for table `komentar_makalah`
--
ALTER TABLE `komentar_makalah`
  MODIFY `id_komentar` int(11) NOT NULL AUTO_INCREMENT,AUTO_INCREMENT=34;
--
-- AUTO_INCREMENT for table `makalah`
--
ALTER TABLE `makalah`
  MODIFY `id_makalah` int(11) NOT NULL AUTO_INCREMENT,AUTO_INCREMENT=3;
--
-- AUTO_INCREMENT for table `mata_kuliah`
--
ALTER TABLE `mata_kuliah`
  MODIFY `id_makul` int(20) NOT NULL AUTO_INCREMENT,AUTO_INCREMENT=9;
--
-- AUTO_INCREMENT for table `modul_pembelajaran`
--
ALTER TABLE `modul_pembelajaran`
  MODIFY `id_modul` int(20) NOT NULL AUTO_INCREMENT,AUTO_INCREMENT=28;
--
-- AUTO_INCREMENT for table `pengaturan`
--
ALTER TABLE `pengaturan`
  MODIFY `id` int(11) NOT NULL AUTO_INCREMENT,AUTO_INCREMENT=2;
--
-- AUTO_INCREMENT for table `timeline`
--
ALTER TABLE `timeline`
  MODIFY `id` int(11) NOT NULL AUTO_INCREMENT,AUTO_INCREMENT=196;
--
-- AUTO_INCREMENT for table `tugas`
--
ALTER TABLE `tugas`
  MODIFY `id_tugas` int(20) NOT NULL AUTO_INCREMENT,AUTO_INCREMENT=15;
--
-- AUTO_INCREMENT for table `users`
--
ALTER TABLE `users`
  MODIFY `id_user` int(11) NOT NULL AUTO_INCREMENT,AUTO_INCREMENT=46;
/*!40101 SET CHARACTER_SET_CLIENT=@OLD_CHARACTER_SET_CLIENT */;
/*!40101 SET CHARACTER_SET_RESULTS=@OLD_CHARACTER_SET_RESULTS */;
/*!40101 SET COLLATION_CONNECTION=@OLD_COLLATION_CONNECTION */;
